padyam_id	meter	meter_class	satakam	split	input	input_valid	reference	violated	violated_raw	edit.pos	edit.old	edit.new	edit.direction	edit.line	edit.akshara	edit.word	edit.attested	violation.paada	violation.gana	violation.akshara	violation.observed	violation.aksharas	id	edit	violation
pdy-seesamu-0005	seesamu	upajaathi	""	test	శ్రీకాకూళము భక్తలోక చింతామణి- శ్రీకాకుళము సుకృతాకరంబు\nశ్రీకాకుళము ధరాలోక వైకుంఠంబు- శ్రీకాకుళము మర్త్యసేవితంబు\nశ్రీకాకుళము వేదసిద్ధాంత మహిమంబు- శ్రీకాకుళము హతవ్యాకులంబు\nశ్రీకాకుళము మహాక్షేత్రావతంసంబు- శ్రీకాకుళము సర్వసిద్ధికరము	false	శ్రీకాకుళము భక్తలోక చింతామణి- శ్రీకాకుళము సుకృతాకరంబు\nశ్రీకాకుళము ధరాలోక వైకుంఠంబు- శ్రీకాకుళము మర్త్యసేవితంబు\nశ్రీకాకుళము వేదసిద్ధాంత మహిమంబు- శ్రీకాకుళము హతవ్యాకులంబు\nశ్రీకాకుళము మహాక్షేత్రావతంసంబు- శ్రీకాకుళము సర్వసిద్ధికరము	["card","seq"]	["card","corr","seq"]	7	ు	ూ	lengthen	0	2	శ్రీకాకూళము	false	0	0	0	UUU|	["శ్రీ","కా","కూ","ళ"]	pdy-r-00000		
pdy-seesamu-0008	seesamu	upajaathi	""	test	వరమిచ్చినట్టి శంకరుని కెగ్గు దలంచు- భస్మాసురుని పేరుఁ బాపినావు\nతనయిల్లుఁ గాచు నుగ్రుని బోరుటకూఁ బిల్చు- బాణుచేతులు తెగఁ బఱికినావు\nతొలుమిన్కు లజుని మ్రుచ్చిలి గొన్న సోమకుఁ- జంపి విద్యలు ధాత కంపినావు\nబలిమి దైత్యులు సుధాకలశము న్గొన వారి- వంచించి సురలకుఁ బంచినావు	false	వరమిచ్చినట్టి శంకరుని కెగ్గు దలంచు- భస్మాసురుని పేరుఁ బాపినావు\nతనయిల్లుఁ గాచు నుగ్రుని బోరుటకుఁ బిల్చు- బాణుచేతులు తెగఁ బఱికినావు\nతొలుమిన్కు లజుని మ్రుచ్చిలి గొన్న సోమకుఁ- జంపి విద్యలు ధాత కంపినావు\nబలిమి దైత్యులు సుధాకలశము న్గొన వారి- వంచించి సురలకుఁ బంచినావు	["seq"]	["seq"]	93	ు	ూ	lengthen	1	12	బోరుటకూఁ	false	2	3	37	|UU|	["ట","కూ","బి","ల్చు"]	pdy-r-00001		
pdy-seesamu-0018	seesamu	upajaathi	""	train	అబ్బుకో గలవొ కాయక్లేశ మొనరించుఁ- దేవాసురు లటుండ దివ్యరమను\nదోచుకోఁ గలవొ చే సాచీ లోకము లాచి- బలిమహాదాత వైభవము లెల్ల\nరాఁ దీయఁగలవొ సత్రాజిత్తుఁ డీకున్న- మణిశమంతక మొక మమతఁ గొల్పి\nనాటించఁ గలవొ సన్న కసన్ననె వనంబు- పెట్టు మ్రాన్పెకలించి పెరటిలోనఁ	false	అబ్బుకో గలవొ కాయక్లేశ మొనరించుఁ- దేవాసురు లటుండ దివ్యరమను\nదోచుకోఁ గలవొ చే సాచి లోకము లాచి- బలిమహాదాత వైభవము లెల్ల\nరాఁ దీయఁగలవొ సత్రాజిత్తుఁ డీకున్న- మణిశమంతక మొక మమతఁ గొల్పి\nనాటించఁ గలవొ సన్న కసన్ననె వనంబు- పెట్టు మ్రాన్పెకలించి పెరటిలోనఁ	["seq"]	["corr","seq"]	77	ి	ీ	lengthen	1	8	సాచీ	false	2	2	33	UUU|	["సా","చీ","లో","క"]	pdy-r-00002		
pdy-seesamu-0025	seesamu	upajaathi	""	dev	వ్రేపల్లెలో గొల్లవెలఁదులు గొట్ట రా- దొడిదొడి యిల్లిల్లుఁ దూఱలేదొ\nరాసకేళికయందు రమణులా యెందఱో- చుట్టి పట్టినఁ బాఱఁ జూడలేదొ\nపదియాఱు వెల గోపకుమారికలు తేరి- పాఱఁ జూచిన మతి బ్రమయలేదొ\nప్రణయవాదంబున భార్య లా యెనమండ్రు- గసరివేసినఁ గూర్మిఁ గొసరలేదొ	false	వ్రేపల్లెలో గొల్లవెలఁదులు గొట్ట రా- దొడిదొడి యిల్లిల్లుఁ దూఱలేదొ\nరాసకేళికయందు రమణులా యెందఱో- చుట్టి పట్టినఁ బాఱఁ జూడలేదొ\nపదియాఱు వేల గోపకుమారికలు తేరి- పాఱఁ జూచిన మతి బ్రమయలేదొ\nప్రణయవాదంబున భార్య లా యెనమండ్రు- గసరివేసినఁ గూర్మిఁ గొసరలేదొ	["seq"]	["corr","seq"]	130	ే	ె	shorten	2	4	వెల	true	4	2	57	|U||	["కు","మా","రి","క"]	pdy-r-00003		
pdy-seesamu-0031	seesamu	upajaathi	""	test	దూడలలోఁ బెరదుడ మేయఁగఁజూచి- యట్టె పట్టుక చావఁగొట్టవలెనె\nపొడవ రా వేగ నాబోఁతుకొమ్ములు పట్టి- విడువక దానిపే రుడుపవలెనె\nముక్కుతోఁ జెనకిన కొక్కెరాయనిఁ బట్టి- వెర వొప్పఁగా మెడ విఱువవలెనె\nతన్నుఁ బో తని మృగాధమ మంచు నెంచక- తొడరి గార్ధభమును ద్రుంపవలెనె	false	దూడలలోఁ బెరదూడ మేయఁగఁజూచి- యట్టె పట్టుక చావఁగొట్టవలెనె\nపొడవ రా వేగ నాబోఁతుకొమ్ములు పట్టి- విడువక దానిపే రుడుపవలెనె\nముక్కుతోఁ జెనకిన కొక్కెరాయనిఁ బట్టి- వెర వొప్పఁగా మెడ విఱువవలెనె\nతన్నుఁ బో తని మృగాధమ మంచు నెంచక- తొడరి గార్ధభమును ద్రుంపవలెనె	["seq"]	["corr","seq"]	12	ూ	ు	shorten	0	6	బెరదుడ	false	0	3	10	|U|U	["గ","జూ","చి","య"]	pdy-r-00004		
pdy-seesamu-0035	seesamu	upajaathi	""	train	రాజు లెవ్వరుఁ బఙ్క్తిభోజన మిడకున్న- దాసునింట భుజించి తనియలేదొ?\nబంధువు లెవ్వరు గంధ మీ కుండిన- మువ్వంకలది పూయ మురియలేదొ?\nదొర లెవ్వరును బూలసరము లీకుండినఁ- దెలిసి మాలికుఁ డీగ నలరలేదొ?\nప్రభువు లెవ్వరు వస్త్రబహుమాన మీ కున్నఁ- దెచ్చి యిచ్చిన చాకీ మెచ్చలేదొ?	false	రాజు లెవ్వరుఁ బఙ్క్తిభోజన మిడకున్న- దాసునింట భుజించి తనియలేదొ?\nబంధువు లెవ్వరు గంధ మీ కుండిన- మువ్వంకలది పూయ మురియలేదొ?\nదొర లెవ్వరును బూలసరము లీకుండినఁ- దెలిసి మాలికుఁ డీగ నలరలేదొ?\nప్రభువు లెవ్వరు వస్త్రబహుమాన మీ కున్నఁ- దెచ్చి యిచ్చిన చాకి మెచ్చలేదొ?	["seq"]	["seq"]	238	ి	ీ	lengthen	3	21	చాకీ	false	7	1	96	||UU	["చ్చి","న","చా","కీ"]	pdy-r-00005		
pdy-seesamu-0038	seesamu	upajaathi	""	train	బొచ్చెచేఁపకు నైన మచ్చరం బున్నది- తాఁబేటి కైన సత్త్వంబు గలదు\nడీకొన్న నడవిపందికిఁ గల్గు రోసంబు- తెరనోటినరుఁడైనఁ దెగువ సేయుఁ\nబొట్టీవానికి నైన దిట్టతనం బుండు- బాపని కైన దర్పంబు గలదు\nచుంచురాజున కైన శూరత్వ మున్నది- ముసలికి నైనఁ జేపుష్టి గలదు	false	బొచ్చెచేఁపకు నైన మచ్చరం బున్నది- తాఁబేటి కైన సత్త్వంబు గలదు\nడీకొన్న నడవిపందికిఁ గల్గు రోసంబు- తెరనోటినరుఁడైనఁ దెగువ సేయుఁ\nబొట్టివానికి నైన దిట్టతనం బుండు- బాపని కైన దర్పంబు గలదు\nచుంచురాజున కైన శూరత్వ మున్నది- ముసలికి నైనఁ జేపుష్టి గలదు	["seq"]	["corr","seq"]	127	ి	ీ	lengthen	2	1	బొట్టీవానికి	false	4	0	51	UUU|	["బొ","ట్టీ","వా","ని"]	pdy-r-00006		
pdy-seesamu-0043	seesamu	upajaathi	""	train	పక్షంబు గల దండ్రు పాండుపుత్రులయందు- పాండవుల్‌ పడినట్టి పాటులేమి!\nపూర్వజన్మమునందుఁ బూజించె గజ మండ్రు- గజరాజు పొందిన గాసి యేమీ!\nయల కుచేలునకు బాల్యస్నేహితుఁడ వండ్రు- నెఱిఁ గుచేలుఁడు పడ్డనెవ్వ లేమి!\nప్రహ్లాదుఁ డాజన్మభక్తియుక్తుం డండ్రు- ప్రహ్లాదుఁ డొందిన బాధ లేమి!	false	పక్షంబు గల దండ్రు పాండుపుత్రులయందు- పాండవుల్‌ పడినట్టి పాటులేమి!\nపూర్వజన్మమునందుఁ బూజించె గజ మండ్రు- గజరాజు పొందిన గాసి యేమి!\nయల కుచేలునకు బాల్యస్నేహితుఁడ వండ్రు- నెఱిఁ గుచేలుఁడు పడ్డనెవ్వ లేమి!\nప్రహ్లాదుఁ డాజన్మభక్తియుక్తుం డండ్రు- ప్రహ్లాదుఁ డొందిన బాధ లేమి!	["seq"]	["corr","seq"]	123	ి	ీ	lengthen	1	24	యేమీ	true	3	3	48	UU|	["యే","మీ","య"]	pdy-r-00007		
pdy-seesamu-0049	seesamu	upajaathi	""	dev	నమ్ముదు రేరీతి నారదు నాత్మజు- మానిని జేసిన మాయవానిఁ?\nదలఁతు రేరీతి నల్‌దలలదయము నోలి- బొడ్డుదమ్మినిఁ గన్న పురుషమణిని?\nభూషింతు రేరీతి పుష్పబాణవిరోధి- విషయభ్రమితుఁ జేయు వేసగానీ?\nభాషింతు రేరీతి బ్రహ్మాదిమశకప- ర్యంతంబు గలిగిన వింతవాని?	false	నమ్ముదు రేరీతి నారదు నాత్మజు- మానిని జేసిన మాయవానిఁ?\nదలఁతు రేరీతి నల్‌దలలదయము నోలి- బొడ్డుదమ్మినిఁ గన్న పురుషమణిని?\nభూషింతు రేరీతి పుష్పబాణవిరోధి- విషయభ్రమితుఁ జేయు వేసగాని?\nభాషింతు రేరీతి బ్రహ్మాదిమశకప- ర్యంతంబు గలిగిన వింతవాని?	["seq"]	["corr","seq"]	171	ి	ీ	lengthen	2	24	వేసగానీ	false	5	3	73	UUU	["గా","నీ","భా"]	pdy-r-00008		
pdy-seesamu-0061	seesamu	upajaathi	""	train	ఉక్కునఁ బసిఁడికన్‌ రక్కసుఁ డొకఁడు ప- ల్దిక్కు లోరిచి బొల్లిపక్కి మావు\nనెక్కు రౌ తెక్కడఁ జిక్కెడు నంచు నీ- యిక్కువ లరయంగఁ గిక్కురించి\nనక్కితి విలక్రిందఁ జొక్కపుఁ బంది వై- కొక్కరింపుచు నాతఁ డక్కడికినీ\nమొక్కరింపఁగఁ జొరఁ బొక్కతే కట వాని- డొక్కగఱుక్కునఁ జెక్కిపట్టి	false	ఉక్కునఁ బసిఁడికన్‌ రక్కసుఁ డొకఁడు ప- ల్దిక్కు లోరిచి బొల్లిపక్కి మావు\nనెక్కు రౌ తెక్కడఁ జిక్కెడు నంచు నీ- యిక్కువ లరయంగఁ గిక్కురించి\nనక్కితి విలక్రిందఁ జొక్కపుఁ బంది వై- కొక్కరింపుచు నాతఁ డక్కడికిని\nమొక్కరింపఁగఁ జొరఁ బొక్కతే కట వాని- డొక్కగఱుక్కునఁ జెక్కిపట్టి	["seq"]	["seq"]	197	ి	ీ	lengthen	2	24	డక్కడికినీ	false	5	3	70	||U	["డి","కి","నీ"]	pdy-r-00009		
pdy-seesamu-0066	seesamu	upajaathi	""	train	ధర్మవిఘాత మిద్ధర నీ వొనర్చిన- మూఁడులోకంబులు మ్రోసె నపుడె\nజనకునికూఁతు నిచ్చను బెండ్లి యాడంగ- నరనాథకోటులు నవ్వి రపుడె\nపుణ్యజనంబులఁ బోరి బాధింపంగ- సుర లద్భుతము నొంది చూచి రపుడె\nసంతతాశ్రిత విభీషణు రాజుఁ జేయంగ- నల రవీంద్రులు సాక్షి నిలిచి రపుడె	true	ధర్మవిఘాత మిద్ధర నీ వొనర్చిన- మూఁడులోకంబులు మ్రోసె నపుడె\nజనకునికూఁతు నిచ్చను బెండ్లి యాడంగ- నరనాథకోటులు నవ్వి రపుడె\nపుణ్యజనంబులఁ బోరి బాధింపంగ- సుర లద్భుతము నొంది చూచి రపుడె\nసంతతాశ్రిత విభీషణు రాజుఁ జేయంగ- నల రవీంద్రులు సాక్షి నిలిచి రపుడె	[]	[]														pdy-r-00010		
pdy-seesamu-0070	seesamu	upajaathi	""	test	కులగురుద్వేషి నొజ్జలుగ పెన్కొని కాచి- నిష్ఠురమంత్రము ల్నేర్చినావు\nపూర్వదేవతలు కాపుర మున్నపురియందు- వంచించి యగ్గిఁ బెట్టించినావు\nతాతలతరమునఁ ద్రవ్వించినపయోధీ- పేరుగాఁ గొంత పూడ్పించినావు\nమోస మౌ టెఱుఁగక మోహించి వచ్చిన- యెలనాగముక్కుఁ గోయించినావు	false	కులగురుద్వేషి నొజ్జలుగ పెన్కొని కాచి- నిష్ఠురమంత్రము ల్నేర్చినావు\nపూర్వదేవతలు కాపుర మున్నపురియందు- వంచించి యగ్గిఁ బెట్టించినావు\nతాతలతరమునఁ ద్రవ్వించినపయోధి- పేరుగాఁ గొంత పూడ్పించినావు\nమోస మౌ టెఱుఁగక మోహించి వచ్చిన- యెలనాగముక్కుఁ గోయించినావు	["seq"]	["seq"]	154	ి	ీ	lengthen	2	13	ద్రవ్వించినపయోధీ	false	4	3	60	||UU	["న","ప","యో","ధీ"]	pdy-r-00011		
pdy-seesamu-0103	seesamu	upajaathi	""	train	పూర్వకవీంద్రులు పుణ్యఫలం బేమి- సాక్షాత్కరించి యస్మత్పరంబు\nగా గద్యపద్యముల్‌ గల్పించు మనిన వే- వర మొసంగితి వండ్రు వాంఛఁ జేసి\nనేర్చి నట్లూగఁ గూర్చి నేఁటి కవిత్వంబు- నీకంకితముఁ జేసి నెనరు దోఁపఁ\nజేదోయి యొగ్గిన శ్రీపాదరజ మింత- నామీఁదఁ బాఱ నీ వేమి సామి	false	పూర్వకవీంద్రులు పుణ్యఫలం బేమి- సాక్షాత్కరించి యస్మత్పరంబు\nగా గద్యపద్యముల్‌ గల్పించు మనిన వే- వర మొసంగితి వండ్రు వాంఛఁ జేసి\nనేర్చి నట్లుగఁ గూర్చి నేఁటి కవిత్వంబు- నీకంకితముఁ జేసి నెనరు దోఁపఁ\nజేదోయి యొగ్గిన శ్రీపాదరజ మింత- నామీఁదఁ బాఱ నీ వేమి సామి	["seq"]	["corr","seq"]	134	ు	ూ	lengthen	2	3	నట్లూగఁ	false	4	2	53	|U||	["ర్చి","నే","టి","క"]	pdy-r-00012		
pdy-seesamu-0104	seesamu	upajaathi	""	train	కావ్యదోషము లెఱుంగని మత్కవిత్వంబు- విద్వన్నుతంబుఁ గావించినావు\nబహిరంత రింద్రియ పరిశుద్ధి లేని నా- తలఁపులోపల వచ్చి నిలచినావు\nపుణ్యకర్మ మొకింత పూని సేయని నన్నూఁ- బెద్దలచేత మెప్పించినావు\nపురుషప్రయత్నంబు గురు తెఱుంగని నన్ను- భుక్తి గల్గఁగ జేసి ప్రోచినావు	false	కావ్యదోషము లెఱుంగని మత్కవిత్వంబు- విద్వన్నుతంబుఁ గావించినావు\nబహిరంత రింద్రియ పరిశుద్ధి లేని నా- తలఁపులోపల వచ్చి నిలచినావు\nపుణ్యకర్మ మొకింత పూని సేయని నన్నుఁ- బెద్దలచేత మెప్పించినావు\nపురుషప్రయత్నంబు గురు తెఱుంగని నన్ను- భుక్తి గల్గఁగ జేసి ప్రోచినావు	["seq"]	["seq"]	154	ు	ూ	lengthen	2	13	నన్నూఁ	false	4	3	61	||UU	["య","ని","న","న్నూ"]	pdy-r-00013		
pdy-saardulamu-0004	saardulamu	vruttamu	""	test	వింతల్‍గాఁ గడు మీకు సత్కృతూలు గావింతున్ దుషారాద్రిజా-\nకాంతాక్రాంతజటాంతరాళవిలుఠద్గంగాతరంగచ్ఛటో-\nత్క్రాంతాత్యంత ఝళంఝళన్నినద రంగద్ధాటి మీఱంగ సా-\nమంతా! సంతతశాంతిమంత! జయరామా! భక్తమందారమా!	false	వింతల్‍గాఁ గడు మీకు సత్కృతులు గావింతున్ దుషారాద్రిజా-\nకాంతాక్రాంతజటాంతరాళవిలుఠద్గంగాతరంగచ్ఛటో-\nత్క్రాంతాత్యంత ఝళంఝళన్నినద రంగద్ధాటి మీఱంగ సా-\nమంతా! సంతతశాంతిమంత! జయరామా! భక్తమందారమా!	["seq"]	["seq"]	26	ు	ూ	lengthen	0	9	సత్కృతూలు	false	0	3	9	U|U	["తూ","లు","గా"]	pdy-r-00014		
pdy-mattebhamu-0026	mattebhamu	vruttamu	""	train	మొదలంజేసిన పుణ్యపాపములు సన్మోదాతిఖేదంబులై\nయదన న్వచ్చి భుజింపఁ బాలుపడు నాహా! యెవ్వరి న్వేఁడిన\nన్వదలంజాల వవెన్నీచందములఁ దా వారింపఁ జింతించిన\nన్ మదనారాతికినైనఁ దథ్యమిది రామా! భక్తమందారమా!	false	మొదలంజేసిన పుణ్యపాపములు సన్మోదాతిఖేదంబులై\nయదన న్వచ్చి భుజింపఁ బాలుపడు నాహా! యెవ్వరి న్వేఁడిన\nన్వదలంజాల వవెన్నిచందములఁ దా వారింపఁ జింతించిన\nన్ మదనారాతికినైనఁ దథ్యమిది రామా! భక్తమందారమా!	["seq"]	["seq"]	109	ి	ీ	lengthen	2	7	వవెన్నీచందములఁ	false	2	2	46	UUU	["వె","న్నీ","చం"]	pdy-r-00015		
pdy-mattebhamu-0033	mattebhamu	vruttamu	""	train	వృషలీభర్తయు దేవలుండు నటుఁడున్ వేదాభిశస్తుండూ మా-\nహిషికుం డగ్నిద కుండగోళకులునున్ హింసాపరస్వాంతుడు\nన్ విషదుండుం గొఱగాఁడు పంక్తి కెపుడుర్విన్ భక్తసంఘాతక-\nల్మషమత్తద్విరదౌఘ పంచముఖరామా! భక్తమందారమా!	false	వృషలీభర్తయు దేవలుండు నటుఁడున్ వేదాభిశస్తుండు మా-\nహిషికుం డగ్నిద కుండగోళకులునున్ హింసాపరస్వాంతుడు\nన్ విషదుండుం గొఱగాఁడు పంక్తి కెపుడుర్విన్ భక్తసంఘాతక-\nల్మషమత్తద్విరదౌఘ పంచముఖరామా! భక్తమందారమా!	["seq"]	["seq"]	43	ు	ూ	lengthen	0	18	వేదాభిశస్తుండూ	false	0	6	18	UU	["డూ","మా"]	pdy-r-00016		
pdy-saardulamu-0019	saardulamu	vruttamu	""	train	దీనత్వంబునఁ గూడులేక చేడి యెంతే భైక్ష్యముల్ గొంచు ల-\nజ్జానామంబులు లేకయుంబు బలురాజన్యుండు చేపట్టి దా\nనానావస్తువులిచ్చి వైభవమిడన్ న్యాయజ్ఞుఁడై వాఁడిల\nన్ మానం జాలునె తొంటినీచగతి రామా! భక్తమందారమా!	false	దీనత్వంబునఁ గూడులేక చెడి యెంతే భైక్ష్యముల్ గొంచు ల-\nజ్జానామంబులు లేకయుంబు బలురాజన్యుండు చేపట్టి దా\nనానావస్తువులిచ్చి వైభవమిడన్ న్యాయజ్ఞుఁడై వాఁడిల\nన్ మానం జాలునె తొంటినీచగతి రామా! భక్తమందారమా!	["seq"]	["seq"]	21	ె	ే	lengthen	0	9	చేడి	false	0	3	9	U|U	["చే","డి","యెం"]	pdy-r-00017		
pdy-saardulamu-0021	saardulamu	vruttamu	""	train	పద్యంబేల పిసిండి? కీప్సితము దీర్పన్ లేని జేజేకు నై-\nవేద్యంబేల? పదార్థచోరూనకు నుర్విన్ వేదవేదాంతస-\nద్విద్యాభ్యాసకబుద్ధియేల? మది భావింపంగ నెల్లప్పుడు\nన్ మద్యం బానెడువానికేల సుధ? రామా! భక్తమందారమా!	false	పద్యంబేల పిసిండి? కీప్సితము దీర్పన్ లేని జేజేకు నై-\nవేద్యంబేల? పదార్థచోరునకు నుర్విన్ వేదవేదాంతస-\nద్విద్యాభ్యాసకబుద్ధియేల? మది భావింపంగ నెల్లప్పుడు\nన్ మద్యం బానెడువానికేల సుధ? రామా! భక్తమందారమా!	["seq"]	["seq"]	72	ు	ూ	lengthen	1	8	పదార్థచోరూనకు	false	1	2	25	|UU	["ర్థ","చో","రూ"]	pdy-r-00018		
pdy-mattebhamu-0057	mattebhamu	vruttamu	""	train	అతికష్టం బొనరించి భూమిజనుఁ డత్యాసక్తి విత్తంబు వి-\nస్తృతభంగిం గడియింపఁగా నెఱిఁగి ధాత్రీకాంతు లుద్దండప-\nద్ధతి వానిం గొనిపోయి కొట్టి మిగులం దండించి యా సొమ్ము స-\nమ్మతిఁ గైకొండ్రు మఱెంత నిర్దయూలొ రామా! భక్తమందారమా!	false	అతికష్టం బొనరించి భూమిజనుఁ డత్యాసక్తి విత్తంబు వి-\nస్తృతభంగిం గడియింపఁగా నెఱిఁగి ధాత్రీకాంతు లుద్దండప-\nద్ధతి వానిం గొనిపోయి కొట్టి మిగులం దండించి యా సొమ్ము స-\nమ్మతిఁ గైకొండ్రు మఱెంత నిర్దయులొ రామా! భక్తమందారమా!	["seq"]	["seq"]	188	ు	ూ	lengthen	3	10	నిర్దయూలొ	false	3	3	69	|U|	["ర్ద","యూ","లొ"]	pdy-r-00019		
pdy-mattebhamu-0108	mattebhamu	vruttamu	""	train	తలపోయన్ దిలజాలకాంతరమహాతైలంబు చందానఁ బు-\nసలలో దారము పోల్కి నాత్మమయతన్ సర్వాంతరస్థాయివై\nవిలసల్లీలల నిండియుండుకొను నిన్వీక్షంపఁగా నేర్చువా-\nరలె ధన్యుల్ గద ముజ్జగంబులను భర్గా! పార్వతీవల్లభా!	false	తలపోయన్ దిలజాలకాంతరమహాతైలంబు చందానఁ బూ-\nసలలో దారము పోల్కి నాత్మమయతన్ సర్వాంతరస్థాయివై\nవిలసల్లీలల నిండియుండుకొను నిన్వీక్షంపఁగా నేర్చువా-\nరలె ధన్యుల్ గద ముజ్జగంబులను భర్గా! పార్వతీవల్లభా!	["seq"]	["seq"]	37	ూ	ు	shorten	0	19	బు	true	0	6	18	||	["న","బు"]	pdy-r-00020		
pdy-mattebhamu-0114	mattebhamu	vruttamu	""	test	హరి దైవంబు విరించి సర్వభువనాధ్యక్షుండు బృందారకే-\nశ్వరుఁడాఢ్యుండు హుతాశనుండు పతి భాస్వంతుండు వేల్పండ్రు లో\nనరయ న్నేరరూగా ‘శివాత్పరతరం నాస్తీ’తివాక్యార్థ మే-\nకరణిం గోవిదులైరొ కాని మఱి! భర్గా! పార్వతీవల్లభా!	false	హరి దైవంబు విరించి సర్వభువనాధ్యక్షుండు బృందారకే-\nశ్వరుఁడాఢ్యుండు హుతాశనుండు పతి భాస్వంతుండు వేల్పండ్రు లో\nనరయ న్నేరరుగా ‘శివాత్పరతరం నాస్తీ’తివాక్యార్థ మే-\nకరణిం గోవిదులైరొ కాని మఱి! భర్గా! పార్వతీవల్లభా!	["seq"]	["seq"]	116	ు	ూ	lengthen	2	5	న్నేరరూగా	false	2	1	43	U|U	["న్నే","ర","రూ"]	pdy-r-00021		
pdy-mattebhamu-0135	mattebhamu	vruttamu	""	dev	తులువ ల్పెట్ట భుజింపలేక ధనమెంతో నెమ్మదిం గూర్చి మూ-\nలల దట్టంబుగఁ బాఁతుకొన్న నృపతు ల్వాలెంబు నిర్మొహులై\nపలుచందంబులఁ గట్టి కొట్టి మిగుల న్బాధించి రోధించుచుం\nగల సొమ్మెల్ల హరించుచుండ్రు గద! భర్గా! పార్వతీవల్లభా!	false	తులువ ల్పెట్ట భుజింపలేక ధనమెంతో నెమ్మదిం గూర్చి మూ-\nలల దట్టంబుగఁ బాఁతుకొన్న నృపతు ల్వాలెంబు నిర్మోహులై\nపలుచందంబులఁ గట్టి కొట్టి మిగుల న్బాధించి రోధించుచుం\nగల సొమ్మెల్ల హరించుచుండ్రు గద! భర్గా! పార్వతీవల్లభా!	["seq"]	["seq"]	97	ో	ొ	shorten	1	17	నిర్మొహులై	false	1	5	35	|U|	["బు","ని","ర్మొ"]	pdy-r-00022		
pdy-saardulamu-0057	saardulamu	vruttamu	""	dev	పో! పొ! బాఁపఁడ! దోసె డూదలిడినం బోలేక పేరాసల-\nన్వాపోఁ జాగితివేమి! నీ సదువు తిర్నామంబులో! సుద్దులో\nభూపాళంబులొ లంకసత్తెలొ బలా బొల్ల్యావుపోట్లాటలో\nకా! పాటింపనటండ్రు బాలిశులు భర్గా! పార్వతీవల్లభా!	false	పో! పో! బాఁపఁడ! దోసె డూదలిడినం బోలేక పేరాసల-\nన్వాపోఁ జాగితివేమి! నీ సదువు తిర్నామంబులో! సుద్దులో\nభూపాళంబులొ లంకసత్తెలొ బలా బొల్ల్యావుపోట్లాటలో\nకా! పాటింపనటండ్రు బాలిశులు భర్గా! పార్వతీవల్లభా!	["seq"]	["seq"]	5	ో	ొ	shorten	0	1	పొ	true	0	0	0	U|U	["పో","పొ","బా"]	pdy-r-00023		
pdy-champakamaala-0006	champakamaala	vruttamu	""	test	అవనివిభుండు నేరుపరియై చరియించినఁ గొల్చువార లె\nట్లవగుణు లైననేమి? పనులన్నియుఁ జేకుఱు వారిచేతనే;\nప్రవీమలనీతిశాలి యగు రాముని కార్యము మర్కటంబులే\nతవిలి యొనర్పవే జలధి దాఁటి సురారులఁ ద్రుంచి భాస్కరా!	false	అవనివిభుండు నేరుపరియై చరియించినఁ గొల్చువార లె\nట్లవగుణు లైననేమి? పనులన్నియుఁ జేకుఱు వారిచేతనే;\nప్రవిమలనీతిశాలి యగు రాముని కార్యము మర్కటంబులే\nతవిలి యొనర్పవే జలధి దాఁటి సురారులఁ ద్రుంచి భాస్కరా!	["seq"]	["seq"]	98	ి	ీ	lengthen	2	1	ప్రవీమలనీతిశాలి	false	2	0	42	|U|	["ప్ర","వీ","మ"]	pdy-r-00024		
pdy-vutpalamaala-0017	vutpalamaala	vruttamu	""	dev	కట్టడ దప్పి తాము చెడు కార్యముఁ జేయుచు నుండిరేని దోఁ\nబుట్టిన వారినైన విడిపోవుట కార్యము; దౌర్మదాంధ్యముం\nదొట్టిన రావణాసురునితో నెడఁబాసి విభీషణాఖ్యుఁ డా\nపట్టున రాముఁ జేరి చిరపట్టము గట్టుకొనండె భాస్కరా!	true	కట్టడ దప్పి తాము చెడు కార్యముఁ జేయుచు నుండిరేని దోఁ\nబుట్టిన వారినైన విడిపోవుట కార్యము; దౌర్మదాంధ్యముం\nదొట్టిన రావణాసురునితో నెడఁబాసి విభీషణాఖ్యుఁ డా\nపట్టున రాముఁ జేరి చిరపట్టము గట్టుకొనండె భాస్కరా!	[]	[]														pdy-r-00025		
pdy-vutpalamaala-0019	vutpalamaala	vruttamu	""	test	కట్టడ లేని కాలమున గాదు శుభం బొరులెంతవారు చె\nపట్టిననైన మర్త్యునకు భాగ్యము రాదనుటెల్లఁ గల్లకా\nదెట్టని పల్కినన్‌; దశరథేశ వసిష్ఠులు రామమూర్తికి\nన్‌ బట్టము కట్టఁ గోరి రది పాయక చేకుఱెనోటు భాస్కరా!	false	కట్టడ లేని కాలమున గాదు శుభం బొరులెంతవారు చే\nపట్టిననైన మర్త్యునకు భాగ్యము రాదనుటెల్లఁ గల్లకా\nదెట్టని పల్కినన్‌; దశరథేశ వసిష్ఠులు రామమూర్తికి\nన్‌ బట్టము కట్టఁ గోరి రది పాయక చేకుఱెనోటు భాస్కరా!	["seq"]	["seq"]	42	ే	ె	shorten	0	19	చె	true	0	6	18	||	["రు","చె"]	pdy-r-00026		
pdy-vutpalamaala-0020	vutpalamaala	vruttamu	""	train	కానగ చేరఁ బోలఁ డతికర్ముఁడు నమ్మిక లెన్ని చెసినం\nదానది నమ్మి వానికడ డాయఁగ బోయిన హాని వచ్చు న\nచ్చో నది యెట్లనం; గొఱఁకు చూపుచు నొడ్డిన బోను మేలుగా\nబోనని కానకాసపడి పోవుచుఁ గూలదెఁ గొక్కు భాస్కరా!	false	కానగ చేరఁ బోలఁ డతికర్ముఁడు నమ్మిక లెన్ని చేసినం\nదానది నమ్మి వానికడ డాయఁగ బోయిన హాని వచ్చు న\nచ్చో నది యెట్లనం; గొఱఁకు చూపుచు నొడ్డిన బోను మేలుగా\nబోనని కానకాసపడి పోవుచుఁ గూలదెఁ గొక్కు భాస్కరా!	["seq"]	["seq"]	42	ే	ె	shorten	0	17	చెసినం	false	0	5	15	U||	["లె","న్ని","చె"]	pdy-r-00027		
pdy-vutpalamaala-0025	vutpalamaala	vruttamu	""	test	గిట్టుట కేడఁ గట్టడ లిఖించిన నచ్చటఁ గానీ యెండుచోఁ\nబుట్టదు చావు; జానువుల పున్కల నూడిచి కాశిఁ జావఁగా\nల్గట్టిన శూద్రకున్‌ భ్రమలఁ గప్పుచుఁ దద్విధి గుఱ్ఱమౌచు నా\nపట్టునఁ గొంచు మఱ్ఱికడఁ బ్రాణము దీసెగదయ్య! భాస్కరా!	false	గిట్టుట కేడఁ గట్టడ లిఖించిన నచ్చటఁ గాని యెండుచోఁ\nబుట్టదు చావు; జానువుల పున్కల నూడిచి కాశిఁ జావఁగా\nల్గట్టిన శూద్రకున్‌ భ్రమలఁ గప్పుచుఁ దద్విధి గుఱ్ఱమౌచు నా\nపట్టునఁ గొంచు మఱ్ఱికడఁ బ్రాణము దీసెగదయ్య! భాస్కరా!	["seq"]	["seq"]	38	ి	ీ	lengthen	0	16	గానీ	true	0	5	15	UUU	["గా","నీ","యెం"]	pdy-r-00028		
pdy-champakamaala-0014	champakamaala	vruttamu	""	dev	ఘనుఁడొకవేళ గీడ్పడిన గ్రమ్మఱ నాతని లేమిఁ బాపఁగా\nగనుగొన నొక్క సత్ప్రభువుఁగాక నరాధము లోపరెందరుం;\nబెనుఁ జెఱువెండినట్టి తఱిఁ బెల్లున మేఘుఁడు గాక నీటితోఁ\nదనూపఁ దుషారముల్‌ శతశతంబులు చాలునటయ్య భాస్కరా!	false	ఘనుఁడొకవేళ గీడ్పడిన గ్రమ్మఱ నాతని లేమిఁ బాపఁగా\nగనుగొన నొక్క సత్ప్రభువుఁగాక నరాధము లోపరెందరుం;\nబెనుఁ జెఱువెండినట్టి తఱిఁ బెల్లున మేఘుఁడు గాక నీటితోఁ\nదనుపఁ దుషారముల్‌ శతశతంబులు చాలునటయ్య భాస్కరా!	["seq"]	["seq"]	150	ు	ూ	lengthen	3	1	దనూపఁ	false	3	0	63	|U|	["ద","నూ","ప"]	pdy-r-00029		
pdy-champakamaala-0015	champakamaala	vruttamu	""	train	చదువది యెంత గల్గిన రసజ్ఞత యించుక చాలకున్న నా\nచదువు నిరర్థకంబు, గుణ సంయుతులెవ్వరు మెచ్చ రెచ్చటం;\nబదనుగ మంచికూర నలపాకము చేసిననైన నందు నిం\nపొదవెడు నుప్పూ లేక రుచి పుట్టఁగ నేర్చు నటయ్య భాస్కరా!	false	చదువది యెంత గల్గిన రసజ్ఞత యించుక చాలకున్న నా\nచదువు నిరర్థకంబు, గుణ సంయుతులెవ్వరు మెచ్చ రెచ్చటం;\nబదనుగ మంచికూర నలపాకము చేసిననైన నందు నిం\nపొదవెడు నుప్పు లేక రుచి పుట్టఁగ నేర్చు నటయ్య భాస్కరా!	["seq"]	["seq"]	149	ు	ూ	lengthen	3	5	నుప్పూ	false	3	1	66	|UU	["డు","ను","ప్పూ"]	pdy-r-00030		
pdy-vutpalamaala-0030	vutpalamaala	vruttamu	""	train	చేసిన దుష్టచేష్ట నదీ చెప్పక నేర్పునఁ గప్పిపుచ్చి తా\nమూసిన యంతటన్‌ బయలు ముట్టక యుండ దదెట్లు; రాగిపైఁ\nబూసిన బంగరుం జెదరిపోవఁ గడంగిన నాఁడు నాటికి\nన్‌ దాసిన రాగి గానఁబడ దా జనులెల్ల రెఱుంగ భాస్కరా!	false	చేసిన దుష్టచేష్ట నది చెప్పక నేర్పునఁ గప్పిపుచ్చి తా\nమూసిన యంతటన్‌ బయలు ముట్టక యుండ దదెట్లు; రాగిపైఁ\nబూసిన బంగరుం జెదరిపోవఁ గడంగిన నాఁడు నాటికి\nన్‌ దాసిన రాగి గానఁబడ దా జనులెల్ల రెఱుంగ భాస్కరా!	["seq"]	["seq"]	19	ి	ీ	lengthen	0	8	నదీ	true	0	2	6	||U	["ష్ట","న","దీ"]	pdy-r-00031		
pdy-champakamaala-0019	champakamaala	vruttamu	""	dev	తనకు నదృష్టరేఖ విశదంబుగఁ గల్గిన గాని లేనిచో\nజనునకు నెయ్యెడన్‌ బరుల సంపదవల్ల ఫలంబు లేదుగా;\nకనుగవ లెస్సఁగా దెలివి గల్గిన వారికి గాక గ్రుడ్డికి\nన్‌ కనఁబడు నెట్లు వెన్నెలలుఁ గాయగ నందొక రూపూ భాస్కరా!	false	తనకు నదృష్టరేఖ విశదంబుగఁ గల్గిన గాని లేనిచో\nజనునకు నెయ్యెడన్‌ బరుల సంపదవల్ల ఫలంబు లేదుగా;\nకనుగవ లెస్సఁగా దెలివి గల్గిన వారికి గాక గ్రుడ్డికి\nన్‌ కనఁబడు నెట్లు వెన్నెలలుఁ గాయగ నందొక రూపు భాస్కరా!	["seq"]	["seq"]	184	ు	ూ	lengthen	3	17	రూపూ	false	3	5	78	|UU	["క","రూ","పూ"]	pdy-r-00032		
pdy-vutpalamaala-0032	vutpalamaala	vruttamu	""	train	తాలిమితోఁడ గూరిమిఁ గృతఘ్నునకెయ్యెడ నుత్తమోత్తము\nల్‌ మేలొనరించినన్‌ గుణము మిక్కిలి కీడగుఁ, బాముపిల్లకు\nన్‌ బాలిడి పెంచిన న్విషము పాయఁగ నేర్చునె దాని కోఱలం\nజాలఁగ నంతకంత కొక చాయను, హెచ్చును గాక భాస్కరా!	true	తాలిమితోఁడ గూరిమిఁ గృతఘ్నునకెయ్యెడ నుత్తమోత్తము\nల్‌ మేలొనరించినన్‌ గుణము మిక్కిలి కీడగుఁ, బాముపిల్లకు\nన్‌ బాలిడి పెంచిన న్విషము పాయఁగ నేర్చునె దాని కోఱలం\nజాలఁగ నంతకంత కొక చాయను, హెచ్చును గాక భాస్కరా!	[]	[]														pdy-r-00033		
pdy-vutpalamaala-0043	vutpalamaala	vruttamu	""	train	ప్రల్లదనంబుచే నేఱుక పాటొక యింతయులేక యెచ్చట\nన్‌ బల్లిదుఁడైన సత్ప్రభు నబద్ధములాడినఁ గ్రుంగిపోదు; రె\nట్లల్ల సభాస్థలిం గుమతులై శిశుపాలుఁడు దంతవక్త్రుఁడుం\nగల్లలు గృష్ణునుం బలికి కాదె హతంబగుటెల్ల భాస్కరా!	false	ప్రల్లదనంబుచే నెఱుక పాటొక యింతయులేక యెచ్చట\nన్‌ బల్లిదుఁడైన సత్ప్రభు నబద్ధములాడినఁ గ్రుంగిపోదు; రె\nట్లల్ల సభాస్థలిం గుమతులై శిశుపాలుఁడు దంతవక్త్రుఁడుం\nగల్లలు గృష్ణునుం బలికి కాదె హతంబగుటెల్ల భాస్కరా!	["seq"]	["seq"]	15	ె	ే	lengthen	0	6	నేఱుక	true	0	2	6	U||	["నే","ఱు","క"]	pdy-r-00034		
pdy-vutpalamaala-0045	vutpalamaala	vruttamu	""	train	బంధుర సద్గుణాఖ్యుఁ డొక పట్టున లంపట నొందియైన దు\nస్సంధిఁ దలంపఁ డన్యులకుఁ జాల హితం బొనరించుఁ గాక, శ్రీ\nగంధపుఁ జెక్క రాగిలిచుఁ గాదె శరీరుల కుత్సవార్థమై\nగంధములాత్మఁ బుట్టఁ దఱుఁగంబడి యుండుటలెల్ల భాస్కరా!	true	బంధుర సద్గుణాఖ్యుఁ డొక పట్టున లంపట నొందియైన దు\nస్సంధిఁ దలంపఁ డన్యులకుఁ జాల హితం బొనరించుఁ గాక, శ్రీ\nగంధపుఁ జెక్క రాగిలిచుఁ గాదె శరీరుల కుత్సవార్థమై\nగంధములాత్మఁ బుట్టఁ దఱుఁగంబడి యుండుటలెల్ల భాస్కరా!	[]	[]														pdy-r-00035		
pdy-champakamaala-0030	champakamaala	vruttamu	""	train	భుజబల శౌర్యవంతులగు పుత్త్రుల గాంచిన వారి కెయ్యెడ\nన్‌ నిజహృదయేప్సితార్థములు నిక్కము చేకుఱుఁ గుంతిదేవికి\nన్‌ విజయబలాఢ్యుఁ డర్జునుఁడు వీరపరాక్రమ మొప్ప దేవతా\nగజమును దెచ్చి తల్లి వ్రతకార్యము దీర్పఁడె తొల్లి భాస్కరా!	true	భుజబల శౌర్యవంతులగు పుత్త్రుల గాంచిన వారి కెయ్యెడ\nన్‌ నిజహృదయేప్సితార్థములు నిక్కము చేకుఱుఁ గుంతిదేవికి\nన్‌ విజయబలాఢ్యుఁ డర్జునుఁడు వీరపరాక్రమ మొప్ప దేవతా\nగజమును దెచ్చి తల్లి వ్రతకార్యము దీర్పఁడె తొల్లి భాస్కరా!	[]	[]														pdy-r-00036		
pdy-vutpalamaala-0047	vutpalamaala	vruttamu	""	train	భూనుతులైన దేవతలు పూర్వము కొందఱు వావివర్తన\nల్‌ మాని చరింపరో యనుచు మానవులట్ల చరింపఁబోల; దం\nభోనిధులన్నియుం దనదు పుక్కిటఁ బట్టె నగస్త్యుఁడంచు నా\nపూనిక కెవ్వఁడోపు నదీ పూర్వమహత్త్వము సుమ్ము భాస్కరా!	false	భూనుతులైన దేవతలు పూర్వము కొందఱు వావివర్తన\nల్‌ మాని చరింపరో యనుచు మానవులట్ల చరింపఁబోల; దం\nభోనిధులన్నియుం దనదు పుక్కిటఁ బట్టె నగస్త్యుఁడంచు నా\nపూనిక కెవ్వఁడోపు నది పూర్వమహత్త్వము సుమ్ము భాస్కరా!	["seq"]	["seq"]	160	ి	ీ	lengthen	3	8	నదీ	true	3	2	66	||U	["పు","న","దీ"]	pdy-r-00037		
pdy-vutpalamaala-0048	vutpalamaala	vruttamu	""	train	భూపతి కాత్మబుద్ధి మది బుట్టనిచోఁట బ్రధానులెంత ప్ర\nజ్ఞాపరిపూర్ణులైనఁ గొనసాగదు కార్యము; కార్యదక్షులై\nయోపిన ద్రోణ భీష్మ కృప యోధులనేకులు గూడి కౌరవ\nక్ష్మాపతికార్యమేమయినఁ జాలిరె చేయఁగ నాడు భాస్కరా!	true	భూపతి కాత్మబుద్ధి మది బుట్టనిచోఁట బ్రధానులెంత ప్ర\nజ్ఞాపరిపూర్ణులైనఁ గొనసాగదు కార్యము; కార్యదక్షులై\nయోపిన ద్రోణ భీష్మ కృప యోధులనేకులు గూడి కౌరవ\nక్ష్మాపతికార్యమేమయినఁ జాలిరె చేయఁగ నాడు భాస్కరా!	[]	[]														pdy-r-00038		
pdy-champakamaala-0031	champakamaala	vruttamu	""	train	మదిఁ దనూ నాసపడ్డయెడ మంచిగుణోన్నతుఁడెట్టి హీనుని\nన్‌ వదలఁడు మేలుపట్టున నవశ్యము మున్నుగ నాదరించుఁగా;\nత్రిదశ విమానమధ్యమునఁ దెచ్చి కృపామతి సారమేయము\nన్‌ మొదల నిడండె ధర్మజుఁడు మూఁగి సురావళి చూడ భాస్కరా!	false	మదిఁ దను నాసపడ్డయెడ మంచిగుణోన్నతుఁడెట్టి హీనుని\nన్‌ వదలఁడు మేలుపట్టున నవశ్యము మున్నుగ నాదరించుఁగా;\nత్రిదశ విమానమధ్యమునఁ దెచ్చి కృపామతి సారమేయము\nన్‌ మొదల నిడండె ధర్మజుఁడు మూఁగి సురావళి చూడ భాస్కరా!	["seq"]	["seq"]	7	ు	ూ	lengthen	0	3	దనూ	true	0	1	3	UU|	["నూ","నా","స"]	pdy-r-00039		
pdy-champakamaala-0032	champakamaala	vruttamu	""	train	మునుపొనరించు పాతక మమోఘము జీవూలకెల్లఁ బూని యా\nవెనుకటి జన్మమం దనుభవింపక తీఱదు; రాఘవుండు వా\nలిని బడనేసి తా మగుడ లీల యదూద్భవుఁడై కిరాతుచే\nవినిశిత బాణపాతమున వీడ్కొనఁడే తన మేను భాస్కరా!	false	మునుపొనరించు పాతక మమోఘము జీవులకెల్లఁ బూని యా\nవెనుకటి జన్మమం దనుభవింపక తీఱదు; రాఘవుండు వా\nలిని బడనేసి తా మగుడ లీల యదూద్భవుఁడై కిరాతుచే\nవినిశిత బాణపాతమున వీడ్కొనఁడే తన మేను భాస్కరా!	["seq"]	["seq"]	28	ు	ూ	lengthen	0	14	జీవూలకెల్లఁ	false	0	4	12	|UU	["ము","జీ","వూ"]	pdy-r-00040		
pdy-vutpalamaala-0056	vutpalamaala	vruttamu	""	dev	లోకములోన దుర్జనుల లోఁతు నెఱుంగక చేరరాదు సు\nశ్లోకుఁడు చేరినం గవయఁజూతురు చేయుదు రెక్కసక్కెము\nల్‌ కోకీలఁ గన్నచోట గుమికూడి యసహ్యపుఁ గూతలార్చుచుం\nగాకులు తన్నవే తఱిమి కాయము తల్లడమంద భాస్కరా!	false	లోకములోన దుర్జనుల లోఁతు నెఱుంగక చేరరాదు సు\nశ్లోకుఁడు చేరినం గవయఁజూతురు చేయుదు రెక్కసక్కెము\nల్‌ కోకిలఁ గన్నచోట గుమికూడి యసహ్యపుఁ గూతలార్చుచుం\nగాకులు తన్నవే తఱిమి కాయము తల్లడమంద భాస్కరా!	["seq"]	["seq"]	98	ి	ీ	lengthen	2	1	కోకీలఁ	false	2	0	40	UU|	["ల్కో","కీ","ల"]	pdy-r-00041		
pdy-vutpalamaala-0057	vutpalamaala	vruttamu	""	train	లోను దృఢంబుగాని పెనులోభిని నమ్మి యసాధ్యకార్యము\nల్‌ కానక పూనునే నతఁడు గ్రక్కునఁ గూలును; నోటిపుట్టిపై\nమానవుఁ డెక్కిపోవ నొకమాటు బుటుక్కున ముంపకుండునే\nతానొకలోఁతునం గెడసి దానిఁ దరింపఁగ లేక భాస్కరా!	true	లోను దృఢంబుగాని పెనులోభిని నమ్మి యసాధ్యకార్యము\nల్‌ కానక పూనునే నతఁడు గ్రక్కునఁ గూలును; నోటిపుట్టిపై\nమానవుఁ డెక్కిపోవ నొకమాటు బుటుక్కున ముంపకుండునే\nతానొకలోఁతునం గెడసి దానిఁ దరింపఁగ లేక భాస్కరా!	[]	[]														pdy-r-00042		
pdy-champakamaala-0042	champakamaala	vruttamu	""	train	స్ఫురతర కీర్తిమంతులగు పుత్త్రుల గాంచినఁగాక మూఢము\nష్కరులఁ గనంగఁ దేజములు గల్గవుగా; మణికీలితాంగుళా\nభరణము లంగుళంబుల శుభస్థితిఁ బెట్టినఁగాక గాజు టుం\nగరములు పెట్టినందున వికాసము గల్గునటయ్య? భాస్కరా!	true	స్ఫురతర కీర్తిమంతులగు పుత్త్రుల గాంచినఁగాక మూఢము\nష్కరులఁ గనంగఁ దేజములు గల్గవుగా; మణికీలితాంగుళా\nభరణము లంగుళంబుల శుభస్థితిఁ బెట్టినఁగాక గాజు టుం\nగరములు పెట్టినందున వికాసము గల్గునటయ్య? భాస్కరా!	[]	[]														pdy-r-00043		
pdy-champakamaala-0048	champakamaala	vruttamu	""	train	మరలని భక్తితోడ మును మల్హణబిల్హణముఖ్యసత్కవీ-\nశ్వరులు కవిత్వవైఖరిని సారెకు నిన్ బ్రణూతించి ధన్యులై\nబరగిరటంచు నేను నినుఁ బద్యముఖంబుగ సంస్మరించెద\nన్ చిరవిభవా! భవా! విజితచిత్తభవా! యభవా! మహాభవా!	false	మరలని భక్తితోడ మును మల్హణబిల్హణముఖ్యసత్కవీ-\nశ్వరులు కవిత్వవైఖరిని సారెకు నిన్ బ్రణుతించి ధన్యులై\nబరగిరటంచు నేను నినుఁ బద్యముఖంబుగ సంస్మరించెద\nన్ చిరవిభవా! భవా! విజితచిత్తభవా! యభవా! మహాభవా!	["seq"]	["seq"]	82	ు	ూ	lengthen	1	15	బ్రణూతించి	false	1	5	36	UU|	["ణూ","తిం","చి"]	pdy-r-00044		
pdy-champakamaala-0052	champakamaala	vruttamu	""	dev	గురుతరలీలఁ బీఠపురి కుక్కుటలింగమహాప్రభుండవై\nబరగెడు నిన్ను నేనిపుడు భక్తి దలర్పఁగ నాశ్రయింతు నీ\nవరకరుణానిరీక్షణము వాలెము నాపయి నిల్పి ప్రోవవే\nచిరవిభవా! భవా! విజితచిత్తభవా! యభవా! మహాభవా!	true	గురుతరలీలఁ బీఠపురి కుక్కుటలింగమహాప్రభుండవై\nబరగెడు నిన్ను నేనిపుడు భక్తి దలర్పఁగ నాశ్రయింతు నీ\nవరకరుణానిరీక్షణము వాలెము నాపయి నిల్పి ప్రోవవే\nచిరవిభవా! భవా! విజితచిత్తభవా! యభవా! మహాభవా!	[]	[]														pdy-r-00045		
pdy-champakamaala-0058	champakamaala	vruttamu	""	train	శరధిశయాంబకాయ రవిచంద్రకృపీటభవాంబకాయ గో-\nపరివృఢకేతనాయ సితపర్వతకూటనికేతనాయ సు-\nస్థిరకరుణామతే భగవతే శివ తే నమ యంచు మొక్కెద\nన్ చిరవిభవా! భవా! విజితచిత్తభవా! యభవా! మహాభవా!	true	శరధిశయాంబకాయ రవిచంద్రకృపీటభవాంబకాయ గో-\nపరివృఢకేతనాయ సితపర్వతకూటనికేతనాయ సు-\nస్థిరకరుణామతే భగవతే శివ తే నమ యంచు మొక్కెద\nన్ చిరవిభవా! భవా! విజితచిత్తభవా! యభవా! మహాభవా!	[]	[]														pdy-r-00046		
pdy-champakamaala-0060	champakamaala	vruttamu	""	train	శిరములు వేయిగల్గు నహిశేఖరుఁడైన చతుర్ముఖంబుల\nన్ బరగు విధాతయైన సులభంబుగ నొక్కిసుమంతయైన నీ\nచరితము లెన్నఁజాలరట శక్తులమే మముబోంట్ల మెన్నఁగాఁ\nజిరవిభవా! భవా! విజీతచిత్తభవా! యభవా! మహాభవా!	false	శిరములు వేయిగల్గు నహిశేఖరుఁడైన చతుర్ముఖంబుల\nన్ బరగు విధాతయైన సులభంబుగ నొక్కిసుమంతయైన నీ\nచరితము లెన్నఁజాలరట శక్తులమే మముబోంట్ల మెన్నఁగాఁ\nజిరవిభవా! భవా! విజితచిత్తభవా! యభవా! మహాభవా!	["seq"]	["seq"]	154	ి	ీ	lengthen	3	8	విజీతచిత్తభవా	false	3	2	69	U|U	["వా","వి","జీ"]	pdy-r-00047		
pdy-champakamaala-0063	champakamaala	vruttamu	""	train	ధరణి రథంబుగా శృతివితానము వాజులుగా రమామనో-\nహరుఁడు శరంబుగా మరుదహార్యము సింగిణిగా బిలేశయే-\nశ్వరుఁడు గుణంబుగా నలువ సారథిగాఁ దిగప్రోళ్లఁ గూల్చితౌ\nచిరవీభవా! భవా! విజితచిత్తభవా! యభవా! మహాభవా!	false	ధరణి రథంబుగా శృతివితానము వాజులుగా రమామనో-\nహరుఁడు శరంబుగా మరుదహార్యము సింగిణిగా బిలేశయే-\nశ్వరుఁడు గుణంబుగా నలువ సారథిగాఁ దిగప్రోళ్లఁ గూల్చితౌ\nచిరవిభవా! భవా! విజితచిత్తభవా! యభవా! మహాభవా!	["seq"]	["seq"]	145	ి	ీ	lengthen	3	2	చిరవీభవా	false	3	0	63	||U	["చి","ర","వీ"]	pdy-r-00048		
pdy-champakamaala-0069	champakamaala	vruttamu	""	dev	శరధిశయానుఁడైన హరి సారసబంధుకూలంబునందు దా-\nశరథి యనం జనించి బహుసంఖ్యలు మీఱిన లింగమూర్తుల\nన్ సరవిఁ బ్రతిష్ఠఁ జేసెనఁట శక్యమె నీ యధికత్వమెన్నఁగాఁ\nజిరవిభవా! భవా! విజితచిత్తభవా! యభవా! మహాభవా!	false	శరధిశయానుఁడైన హరి సారసబంధుకులంబునందు దా-\nశరథి యనం జనించి బహుసంఖ్యలు మీఱిన లింగమూర్తుల\nన్ సరవిఁ బ్రతిష్ఠఁ జేసెనఁట శక్యమె నీ యధికత్వమెన్నఁగాఁ\nజిరవిభవా! భవా! విజితచిత్తభవా! యభవా! మహాభవా!	["seq"]	["seq"]	27	ు	ూ	lengthen	0	15	సారసబంధుకూలంబునందు	false	0	5	15	UU|	["కూ","లం","బు"]	pdy-r-00049		
pdy-champakamaala-0081	champakamaala	vruttamu	""	dev	మెరమేర లేక నీవు మును మేదరిసెట్టియు బోయలెంకయు\nన్ బెరసుకులంపు చాకలియు బెట్టిన యోగిర మారగించితౌ\nసరిసరి నిన్ను నర్చనలు సల్పెడుచో నియమంబులేలయా\nచిరవిభవా! భవా! విజితచిత్తభవా! యభవా! మహాభవా!	false	మెరమెర లేక నీవు మును మేదరిసెట్టియు బోయలెంకయు\nన్ బెరసుకులంపు చాకలియు బెట్టిన యోగిర మారగించితౌ\nసరిసరి నిన్ను నర్చనలు సల్పెడుచో నియమంబులేలయా\nచిరవిభవా! భవా! విజితచిత్తభవా! యభవా! మహాభవా!	["seq"]	["seq"]	4	ె	ే	lengthen	0	2	మెరమేర	false	0	0	0	||U	["మె","ర","మే"]	pdy-r-00050		
pdy-champakamaala-0097	champakamaala	vruttamu	""	train	గరుడముఁ గన్న పన్నగనికాయములట్ల మృగేంద్రుఁ గన్న కుం-\nజరములకైవడిన్ దురితసంఘములెల్లఁ దొలంగి పారుచో\nనరుఁడొకచో ననాస్థనయీనం భవదాహ్వయ ముచ్చరించిన\nన్ చిరవిభవా! భవా! విజితచిత్తభవా! యభవా! మహాభవా!	false	గరుడముఁ గన్న పన్నగనికాయములట్ల మృగేంద్రుఁ గన్న కుం-\nజరములకైవడిన్ దురితసంఘములెల్లఁ దొలంగి పారుచో\nనరుఁడొకచో ననాస్థనయినం భవదాహ్వయ ముచ్చరించిన\nన్ చిరవిభవా! భవా! విజితచిత్తభవా! యభవా! మహాభవా!	["seq"]	["seq"]	113	ి	ీ	lengthen	2	9	ననాస్థనయీనం	false	2	3	51	UU|	["యీ","నం","భ"]	pdy-r-00051		
pdy-champakamaala-0098	champakamaala	vruttamu	""	dev	ధరణిసురు న్వధించీన మదంబున గోనిధనంబొనర్చినం\nగురుసతిఁ గూడినన్ మధువుఁ గ్రోలిన హేమము మ్రుచ్చలించిన\nన్ దొరకొను పాతకంబు లొకతూరి శివా యనినన్ దొలంగుఁబో\nచిరవిభవా! భవా! విజితచిత్తభవా! యభవా! మహాభవా!	false	ధరణిసురు న్వధించిన మదంబున గోనిధనంబొనర్చినం\nగురుసతిఁ గూడినన్ మధువుఁ గ్రోలిన హేమము మ్రుచ్చలించిన\nన్ దొరకొను పాతకంబు లొకతూరి శివా యనినన్ దొలంగుఁబో\nచిరవిభవా! భవా! విజితచిత్తభవా! యభవా! మహాభవా!	["seq"]	["seq"]	16	ి	ీ	lengthen	0	7	న్వధించీన	false	0	2	6	UU|	["ధిం","చీ","న"]	pdy-r-00052		
pdy-champakamaala-0102	champakamaala	vruttamu	""	train	వెరవిరవార నేపగిది వేఁడినఁ గానియు నియ్యలేని ము-\nష్కరనరనాయకాధముల సావడులం బడి ప్రేలువారికి\nన్ నిరతకృపార్ద్రదృష్టిమెయి నీవీడ కన్యుఁ డొసంగఁజాలునే\nచిరవిభవా! భవా! విజితచిత్తభవా! యభవా! మహాభవా!	false	వెరవిరవార నేపగిది వేఁడినఁ గానియు నియ్యలేని ము-\nష్కరనరనాయకాధముల సావడులం బడి ప్రేలువారికి\nన్ నిరతకృపార్ద్రదృష్టిమెయి నీవిడ కన్యుఁ డొసంగఁజాలునే\nచిరవిభవా! భవా! విజితచిత్తభవా! యభవా! మహాభవా!	["seq"]	["seq"]	118	ి	ీ	lengthen	2	11	నీవీడ	false	2	3	51	|UU	["యి","నీ","వీ"]	pdy-r-00053		
pdy-champakamaala-0105	champakamaala	vruttamu	""	train	హరువులు దీర్ప నీవు హృదయంబున నెప్పుడు గల్గియుండఁగా\nవెరవరి యందు నందులకు వేరడులై చనుచుంద్రు పామరు\nల్ నేరయఁగ వెన్న చేతినిడి నేతికి ద్రిమ్మరు కైవడిం గటా!\nచిరవిభవా! భవా! విజితచిత్తభవా! యభవా! మహాభవా!	false	హరువులు దీర్ప నీవు హృదయంబున నెప్పుడు గల్గియుండఁగా\nవెరవరి యందు నందులకు వేరడులై చనుచుంద్రు పామరు\nల్ నెరయఁగ వెన్న చేతినిడి నేతికి ద్రిమ్మరు కైవడిం గటా!\nచిరవిభవా! భవా! విజితచిత్తభవా! యభవా! మహాభవా!	["seq"]	["seq"]	99	ె	ే	lengthen	2	0	నేరయఁగ	false	2	0	42	U||	["ల్నే","ర","య"]	pdy-r-00054		
pdy-champakamaala-0108	champakamaala	vruttamu	""	dev	బురుదను హాళితో నురెడిపుర్వు మెలంగుచునుండి యెప్పుడు-\nన్బురుద యొకింతయైనఁ దనుఁ బొందకయుండ మెలంగునట్లు నే-\nర్పరి గృహమేధియయ్యు భవబంధమునంటక నిన్నుఁ జెందుఁబో\nచిరవిభవా! భవా! వీజితచిత్తభవా! యభవా! మహాభవా!	false	బురుదను హాళితో నురెడిపుర్వు మెలంగుచునుండి యెప్పుడు-\nన్బురుద యొకింతయైనఁ దనుఁ బొందకయుండ మెలంగునట్లు నే-\nర్పరి గృహమేధియయ్యు భవబంధమునంటక నిన్నుఁ జెందుఁబో\nచిరవిభవా! భవా! విజితచిత్తభవా! యభవా! మహాభవా!	["seq"]	["seq"]	166	ి	ీ	lengthen	3	7	వీజితచిత్తభవా	false	3	2	69	UU|	["వా","వీ","జి"]	pdy-r-00055		
pdy-champakamaala-0115	champakamaala	vruttamu	""	train	కరతలతాళవృంతములుఁ గ్రమ్మఁగ నెవ్వఁడు తావకాలయా-\nజిరమున నాఁడు నాతఁడు వసించు విరాజితరాజతావనీ-\nధరశిఖరాగ్రరత్నసముదంచితకాంచనసౌధవీధుల\nన్ చిరవీభవా! భవా! విజితచిత్తభవా! యభవా! మహాభవా!	false	కరతలతాళవృంతములుఁ గ్రమ్మఁగ నెవ్వఁడు తావకాలయా-\nజిరమున నాఁడు నాతఁడు వసించు విరాజితరాజతావనీ-\nధరశిఖరాగ్రరత్నసముదంచితకాంచనసౌధవీధుల\nన్ చిరవిభవా! భవా! విజితచిత్తభవా! యభవా! మహాభవా!	["seq"]	["seq"]	132	ి	ీ	lengthen	3	2	చిరవీభవా	false	3	0	63	||U	["న్చి","ర","వీ"]	pdy-r-00056		
pdy-champakamaala-0119	champakamaala	vruttamu	""	train	తొరలెడు భక్తిఁ గప్పురపు ధూపము నీకు జనుం డొసంగుచో\nగొరగొర వానిమేనఁ గల ఘోరతరాఘపిశాచసంఘము\nల్ బరువడి కూయి వెట్టుచును బారి చనుంగద తత్క్షణంబున\nన్ చిరవిభవా! భవా! విజితచిత్తభవా! యభవా! మహాభవా!	true	తొరలెడు భక్తిఁ గప్పురపు ధూపము నీకు జనుం డొసంగుచో\nగొరగొర వానిమేనఁ గల ఘోరతరాఘపిశాచసంఘము\nల్ బరువడి కూయి వెట్టుచును బారి చనుంగద తత్క్షణంబున\nన్ చిరవిభవా! భవా! విజితచిత్తభవా! యభవా! మహాభవా!	[]	[]														pdy-r-00057		
pdy-champakamaala-0123	champakamaala	vruttamu	""	test	గురుఁడవు బాంధవుండవు సఖుండవు తల్లివి దండ్రి వన్న వీ-\nశ్వరుఁడవు దాత వాప్తుఁడవు సర్వము నీవె యటంచు నమ్మితి-\nన్వరదుఁడవై కృపారసము వావిరి నాపయిఁ జిల్కి బ్రోవవె\nచిరవిభవా! భవా! విజితచిత్తభవా! యభవా! మహాభవా!	false	గురుఁడవు బాంధవుండవు సఖుండవు తల్లివి దండ్రి వన్న వీ-\nశ్వరుఁడవు దాత వాప్తుఁడవు సర్వము నీవె యటంచు నమ్మితి-\nన్వరదుఁడవై కృపారసము వావిరి నాపయిఁ జిల్కి బ్రోవవే\nచిరవిభవా! భవా! విజితచిత్తభవా! యభవా! మహాభవా!	["seq"]	["seq"]	151	ే	ె	shorten	2	20	బ్రోవవె	true	2	6	60	U||	["బ్రో","వ","వె"]	pdy-r-00058		
pdy-champakamaala-0124	champakamaala	vruttamu	""	test	కెరలెడు ఘోరపాపతతికి న్మదిఁ గంపిలి యేయుపాయము\nన్ దొరకక యొక్క పెన్వెరవు దోచిన నుబ్బూచు నిబ్బరంబుగా\nహరహర యంచుఁ బల్కితి నహా! దురితంబులు వీడి పారెఁబో\nచిరవిభవా! భవా! విజితచిత్తభవా! యభవా! మహాభవా!	false	కెరలెడు ఘోరపాపతతికి న్మదిఁ గంపిలి యేయుపాయము\nన్ దొరకక యొక్క పెన్వెరవు దోచిన నుబ్బుచు నిబ్బరంబుగా\nహరహర యంచుఁ బల్కితి నహా! దురితంబులు వీడి పారెఁబో\nచిరవిభవా! భవా! విజితచిత్తభవా! యభవా! మహాభవా!	["seq"]	["seq"]	80	ు	ూ	lengthen	1	14	నుబ్బూచు	false	1	4	33	|UU	["న","ను","బ్బూ"]	pdy-r-00059		
pdy-champakamaala-0126	champakamaala	vruttamu	""	dev	గిరిశ నమోస్తు యోగిజనగేయ నమోస్తు మహోగ్రదోషసం-\nహరణ నమోస్తు భోగికులహార నమోస్తు సమస్తదేవతా-\nచరణ నమోస్తు తె యనుచు సారెకుఁ గోరి నమస్కరించెద\nన్ చిరవిభవా! భవా! విజితచిత్తభవా! యభవా! మహాభవా!	false	గిరిశ నమోస్తు యోగిజనగేయ నమోస్తు మహోగ్రదోషసం-\nహరణ నమోస్తు భోగికులహార నమోస్తు సమస్తదేవతా-\nచరణ నమోస్తు తే యనుచు సారెకుఁ గోరి నమస్కరించెద\nన్ చిరవిభవా! భవా! విజితచిత్తభవా! యభవా! మహాభవా!	["seq"]	["seq"]	101	ే	ె	shorten	2	6	తె	true	2	2	48	|||	["తె","య","ను"]	pdy-r-00060		
pdy-champakamaala-0127	champakamaala	vruttamu	""	train	వరద పరాకు భక్తజనవంద్య పరాకు సమస్తపాపసం-\nహరణ పరాకు భక్తనివహావహదక్ష పరాకు యోగీహృ-\nశ్చరణ పరాకు సేయకిఁక సయ్యన నా మనవాలకించవే\nచిరవిభవా! భవా! విజితచిత్తభవా! యభవా! మహాభవా!	false	వరద పరాకు భక్తజనవంద్య పరాకు సమస్తపాపసం-\nహరణ పరాకు భక్తనివహావహదక్ష పరాకు యోగిహృ-\nశ్చరణ పరాకు సేయకిఁక సయ్యన నా మనవాలకించవే\nచిరవిభవా! భవా! విజితచిత్తభవా! యభవా! మహాభవా!	["seq"]	["seq"]	75	ి	ీ	lengthen	1	19	యోగీహృ	false	1	6	39	UUU	["యో","గీ","హృ"]	pdy-r-00061		
pdy-champakamaala-0130	champakamaala	vruttamu	""	dev	మురువుగ నక్షమాలయును మోదికఁ బూనితి భూతి దాల్చితి\nన్ స్మరణగ నైదువర్ణముల మంత్రము వేమరు నుచ్చరించితి\nన్ దూరితపిశాచముల్ దొరగి దూరముగా జనకుండుటెట్లిక\nన్ చిరవిభవా! భవా! విజితచిత్తభవా! యభవా! మహాభవా!	false	మురువుగ నక్షమాలయును మోదికఁ బూనితి భూతి దాల్చితి\nన్ స్మరణగ నైదువర్ణముల మంత్రము వేమరు నుచ్చరించితి\nన్ దురితపిశాచముల్ దొరగి దూరముగా జనకుండుటెట్లిక\nన్ చిరవిభవా! భవా! విజితచిత్తభవా! యభవా! మహాభవా!	["seq"]	["seq"]	101	ు	ూ	lengthen	2	0	దూరితపిశాచముల్	false	2	0	42	U||	["న్దూ","రి","త"]	pdy-r-00062		
pdy-champakamaala-0131	champakamaala	vruttamu	""	train	గురువరభక్తి మీఱ మిముఁ గొల్చినవాఁడనటంచుఁ దద్దయుం\nగరువముతోడ నేను కృతకర్మము లెవ్వియుఁ జేయనైతి దు-\nర్భరదురితాత్ముఁడంచును దిరస్కృతిఁ జేయక నన్నుఁ బ్రోవవె\nచిరవిభవా! భవా! విజితచిత్తభవా! యభవా! మహాభవా!	false	గురువరభక్తి మీఱ మిముఁ గొల్చినవాఁడనటంచుఁ దద్దయుం\nగరువముతోడ నేను కృతకర్మము లెవ్వియుఁ జేయనైతి దు-\nర్భరదురితాత్ముఁడంచును దిరస్కృతిఁ జేయక నన్నుఁ బ్రోవవే\nచిరవిభవా! భవా! విజితచిత్తభవా! యభవా! మహాభవా!	["seq"]	["seq"]	146	ే	ె	shorten	2	20	బ్రోవవె	true	2	6	60	U||	["బ్రో","వ","వె"]	pdy-r-00063		
pdy-champakamaala-0135	champakamaala	vruttamu	""	train	కరిముఖ నందిభృంగిరిటికాశిసముద్భవ కాలభైరవా-\nద్యురు బలవన్మహాప్రమథయోధవరేణ్యులు గొల్వ ధారుణీ-\nధరసుతఁ గుడి నాకిపుడు తావక మోహనమూర్తిఁ జూపవే\nచిరవిభవా! భవా! విజితచిత్తభవా! యభవా! మహాభవా!	false	కరిముఖ నందిభృంగిరిటికాశిసముద్భవ కాలభైరవా-\nద్యురు బలవన్మహాప్రమథయోధవరేణ్యులు గొల్వ ధారుణీ-\nధరసుతఁ గూడి నాకిపుడు తావక మోహనమూర్తిఁ జూపవే\nచిరవిభవా! భవా! విజితచిత్తభవా! యభవా! మహాభవా!	["seq"]	["seq"]	97	ూ	ు	shorten	2	4	గుడి	true	2	1	45	|||	["త","గు","డి"]	pdy-r-00064		
pdy-champakamaala-0143	champakamaala	vruttamu	""	test	గురుతరమైన కావ్యరస గుంభనకబ్బురమంది ముష్కరు\nల్‌ సరసులమాడ్కి సంతసిల జాలుదురోటు శశాంకచంద్రికాం\nకురముల కిందుకాంతమణికోటి స్రవించినభంగి వింధ్యభూ\nధరమున జాఱునే శీలలు దాశరథీ! కరుణాపయోనిధీ!	false	గురుతరమైన కావ్యరస గుంభనకబ్బురమంది ముష్కరు\nల్‌ సరసులమాడ్కి సంతసిల జాలుదురోటు శశాంకచంద్రికాం\nకురముల కిందుకాంతమణికోటి స్రవించినభంగి వింధ్యభూ\nధరమున జాఱునే శిలలు దాశరథీ! కరుణాపయోనిధీ!	["seq"]	["seq"]	152	ి	ీ	lengthen	3	7	శీలలు	false	3	2	69	UU|	["నే","శీ","ల"]	pdy-r-00065		
pdy-vutpalamaala-0075	vutpalamaala	vruttamu	""	train	దారుణపాతకాబ్ధికి సదాబడబాగ్ని భవాకులార్తి వి\nస్తార దవానలార్చికీ సుధారసవృష్టి దురంతదుర్మతా\nచార భయంకరాటవికిఁ జండకఠోరకుఠారధార నీ\nతారకనామ మెన్నుకొన దాశరథీ! కరుణాపయోనిధీ!	false	దారుణపాతకాబ్ధికి సదాబడబాగ్ని భవాకులార్తి వి\nస్తార దవానలార్చికి సుధారసవృష్టి దురంతదుర్మతా\nచార భయంకరాటవికిఁ జండకఠోరకుఠారధార నీ\nతారకనామ మెన్నుకొన దాశరథీ! కరుణాపయోనిధీ!	["seq"]	["seq"]	61	ి	ీ	lengthen	1	7	దవానలార్చికీ	false	1	2	26	|U|	["ర్చి","కీ","సు"]	pdy-r-00066		
pdy-champakamaala-0146	champakamaala	vruttamu	""	dev	"పరమదయానిధే పతిత పావననామ హరే"యటంచు సు\nస్థిరమతులై సదా భజన సేయు మహాత్ముల పాదధూళి నా\nశీరమున దాల్తు మీరటకు జేరకుఁడంచు యముండు కింకరో\nత్కరముల కాన బెట్టునఁట దాశరథీ! కరుణాపయోనిధీ!	false	"పరమదయానిధే పతిత పావననామ హరే"యటంచు సు\nస్థిరమతులై సదా భజన సేయు మహాత్ముల పాదధూళి నా\nశిరమున దాల్తు మీరటకు జేరకుఁడంచు యముండు కింకరో\nత్కరముల కాన బెట్టునఁట దాశరథీ! కరుణాపయోనిధీ!	["seq"]	["seq"]	83	ి	ీ	lengthen	2	0	శీరమున	false	2	0	42	U||	["శీ","ర","ము"]	pdy-r-00067		
pdy-vutpalamaala-0084	vutpalamaala	vruttamu	""	test	"రామహరే కకుత్స్థకుల రామహరే రఘురామరామ శ్రీ\nరామహరే" యటంచు మది రంజిల భేకగళంబులీల ని\nనామము సంస్మరించిన జనంబు భవంబెడబాసి తత్పరం\nధామనివాసులౌదుఁరట దాశరథీ! కరుణాపయోనిధీ!	false	"రామహరే కకుత్స్థకుల రామహరే రఘురామరామ శ్రీ\nరామహరే" యటంచు మది రంజిల భేకగళంబులీల నీ\nనామము సంస్మరించిన జనంబు భవంబెడబాసి తత్పరం\nధామనివాసులౌదుఁరట దాశరథీ! కరుణాపయోనిధీ!	["seq"]	["seq"]	79	ీ	ి	shorten	1	19	ని	true	1	6	38	||	["ల","ని"]	pdy-r-00068		
pdy-vutpalamaala-0090	vutpalamaala	vruttamu	""	train	జుఱ్ఱెద మీకథామృతము జుఱ్ఱెద మీపదకంజతోయము\nన్‌ జుఱ్ఱెద రామనామమున జొబ్బిలుచున్న సుధారసంబు నె\nజుఱ్ఱెద జుఱ్ఱజుఱ్ఱఁగ రుచుల్‌ గనువారిపదంబుఁ గూర్పవే\nతఱ్ఱులతోడి పొత్తిడక దాశరథీ! కరుణాపయోనిధీ!	false	జుఱ్ఱెద మీకథామృతము జుఱ్ఱెద మీపదకంజతోయము\nన్‌ జుఱ్ఱెద రామనామమున జొబ్బిలుచున్న సుధారసంబు నే\nజుఱ్ఱెద జుఱ్ఱజుఱ్ఱఁగ రుచుల్‌ గనువారిపదంబుఁ గూర్పవే\nతఱ్ఱులతోడి పొత్తిడక దాశరథీ! కరుణాపయోనిధీ!	["seq"]	["seq"]	87	ే	ె	shorten	1	19	నె	true	1	6	38	||	["బు","నె"]	pdy-r-00069		
pdy-vutpalamaala-0096	vutpalamaala	vruttamu	""	train	పాపము లొందువేళ రణపన్నగభూత భయజ్వరాదులం\nదాపద నొందువేళ భరతాగ్రజ మిమ్ము భజించువారికిం\nబ్రాపుగ నీవుఁ దమ్ముఁడిరు ప్రక్కియలంజని తద్విపత్తిసం\nతాపముమాన్పి కాతువఁట దాశరథీ! కరుణాపయోనిధి!	false	పాపము లొందువేళ రణపన్నగభూత భయజ్వరాదులం\nదాపద నొందువేళ భరతాగ్రజ మిమ్ము భజించువారికిం\nబ్రాపుగ నీవుఁ దమ్ముఁడిరు ప్రక్కియలంజని తద్విపత్తిసం\nతాపముమాన్పి కాతువఁట దాశరథీ! కరుణాపయోనిధీ!	["seq"]	["seq"]	173	ీ	ి	shorten	3	19	కరుణాపయోనిధి	false	3	6	78	||	["ని","ధి"]	pdy-r-00070		
pdy-champakamaala-0157	champakamaala	vruttamu	""	train	పరుల ధనంబుఁజూచి పర భామల జూచి హరింపగోరు మ\nద్గురుతరమానసంబనెడు దొంగనుబట్టి నిరూఢదాస్య వి\nస్ఫురితవివేక పాశములఁ జుట్టి భవచ్చరణంబనే మరు\nత్తరువునఁ గట్టీవేయఁగదె దాశరథీ! కరుణాపయోనిధీ!	false	పరుల ధనంబుఁజూచి పర భామల జూచి హరింపగోరు మ\nద్గురుతరమానసంబనెడు దొంగనుబట్టి నిరూఢదాస్య వి\nస్ఫురితవివేక పాశములఁ జుట్టి భవచ్చరణంబనే మరు\nత్తరువునఁ గట్టివేయఁగదె దాశరథీ! కరుణాపయోనిధీ!	["seq"]	["seq"]	144	ి	ీ	lengthen	3	5	గట్టీవేయఁగదె	false	3	1	66	|UU	["న","గ","ట్టీ"]	pdy-r-00071		
pdy-champakamaala-0162	champakamaala	vruttamu	""	train	చరణము సోఁకినట్టి శిల జవ్వనిరూపగు టొక్కవింత సు\nస్థిరముగ నీటిపై గిరులు దేలిన దొక్కటి వింతగాని మీ\nస్మరణఁ దనర్చుమానవులు సద్గతిఁజెందిన దెంతవింత యి\nధరను ధరాత్మజారమణ దాశరథీ! కరుణాపయోనిధీ!	false	చరణము సోఁకినట్టి శిల జవ్వనిరూపగు టొక్కవింత సు\nస్థిరముగ నీటిపై గిరులు దేలిన దొక్కటి వింతగాని మీ\nస్మరణఁ దనర్చుమానవులు సద్గతిఁజెందిన దెంతవింత యీ\nధరను ధరాత్మజారమణ దాశరథీ! కరుణాపయోనిధీ!	["seq"]	["seq"]	140	ీ	ి	shorten	2	20	యి	true	2	6	60	U||	["విం","త","యి"]	pdy-r-00072		
pdy-champakamaala-0163	champakamaala	vruttamu	""	train	కరమనురక్తి మందరము గవ్వముగా నహీరాజు ద్రాడుగా\nదొరకొని దేవదానవులు దుగ్ధపయోధి మథించుచున్నచో\nధరణిచలింప లోకములు తల్లడమందఁగఁ గూర్మమై ధరా\nధరము ధరించితీవె కద దాశరథీ! కరుణాపయోనిధీ!	false	కరమనురక్తి మందరము గవ్వముగా నహిరాజు ద్రాడుగా\nదొరకొని దేవదానవులు దుగ్ధపయోధి మథించుచున్నచో\nధరణిచలింప లోకములు తల్లడమందఁగఁ గూర్మమై ధరా\nధరము ధరించితీవె కద దాశరథీ! కరుణాపయోనిధీ!	["seq"]	["seq"]	29	ి	ీ	lengthen	0	15	నహీరాజు	false	0	5	15	UU|	["హీ","రా","జు"]	pdy-r-00073		
pdy-vutpalamaala-0113	vutpalamaala	vruttamu	""	train	ధారుణీ జాపజుట్టిన విధంబునగైకొని హేమనేత్రుఁడ\nవ్వారిధిలోన డాఁగినను వానివధించి వరాహమూర్తివై\nధారుణిఁ దొంటి కైవడిని దక్షిణశృంగమునన్‌ ధరించి వి\nస్తార మొనర్చితీవెకద దాశరథీ! కరుణాపయోనిధీ!	false	ధారుణి జాపజుట్టిన విధంబునగైకొని హేమనేత్రుఁడ\nవ్వారిధిలోన డాఁగినను వానివధించి వరాహమూర్తివై\nధారుణిఁ దొంటి కైవడిని దక్షిణశృంగమునన్‌ ధరించి వి\nస్తార మొనర్చితీవెకద దాశరథీ! కరుణాపయోనిధీ!	["seq"]	["seq"]	5	ి	ీ	lengthen	0	2	ధారుణీ	true	0	0	0	U|U	["ధా","రు","ణీ"]	pdy-r-00074		
pdy-champakamaala-0170	champakamaala	vruttamu	""	test	మనమున నూహపోహణలు మర్వకమున్నె కఫాదిరోగము\nల్‌ దనువుననంటి మేనిబిగీ దప్పకమున్నె నరుండు మోక్ష సా\nధన మొనరింపఁగావలయుఁ దత్త్వవిచారము మానియుండుట\nల్తనువునకున్‌ విరోధమిది దాశరథీ! కరుణాపయోనిధీ!	false	మనమున నూహపోహణలు మర్వకమున్నె కఫాదిరోగము\nల్‌ దనువుననంటి మేనిబిగి దప్పకమున్నె నరుండు మోక్ష సా\nధన మొనరింపఁగావలయుఁ దత్త్వవిచారము మానియుండుట\nల్తనువునకున్‌ విరోధమిది దాశరథీ! కరుణాపయోనిధీ!	["seq"]	["seq"]	61	ి	ీ	lengthen	1	9	మేనిబిగీ	false	1	3	30	UU|	["గీ","ద","ప్ప"]	pdy-r-00075		
pdy-champakamaala-0172	champakamaala	vruttamu	""	train	దురితలతానుసారి భయదుఃఖకదంబము రామనామ భి\nకరతర హేతిచేఁదెగి వకావకలై చనకుండ నేర్చు నే\nదరికొని మండుచుండు శిఖదార్కొనినన్‌ శలభాదికీటకో\nత్కరము విలీనమై చనదె దాశరథీ! కరుణాపయోనిధీ!	false	దురితలతానుసారి భయదుఃఖకదంబము రామనామ భీ\nకరతర హేతిచేఁదెగి వకావకలై చనకుండ నేర్చు నే\nదరికొని మండుచుండు శిఖదార్కొనినన్‌ శలభాదికీటకో\nత్కరము విలీనమై చనదె దాశరథీ! కరుణాపయోనిధీ!	["seq"]	["seq"]	36	ీ	ి	shorten	0	20	భి	true	0	6	18	U||	["నా","మ","భి"]	pdy-r-00076		
pdy-champakamaala-0174	champakamaala	vruttamu	""	train	వనకరిచిక్కె మైనసకు వాచవికిం జెడిపోయె మీనూ తా\nవినికికిఁ జిక్కెఁ జిల్వ గనువేఁదుఱు జెందెను లేళ్ళు తావిలో\nమనికినశించె దేఁటి తరమా యిరుమూఁటిని గెల్వనైదుసా\nధనములనీవె కావదగు దాశరథీ! కరుణాపయోనిధీ!	false	వనకరిచిక్కె మైనసకు వాచవికిం జెడిపోయె మీను తా\nవినికికిఁ జిక్కెఁ జిల్వ గనువేఁదుఱు జెందెను లేళ్ళు తావిలో\nమనికినశించె దేఁటి తరమా యిరుమూఁటిని గెల్వనైదుసా\nధనములనీవె కావదగు దాశరథీ! కరుణాపయోనిధీ!	["seq"]	["seq"]	40	ు	ూ	lengthen	0	19	మీనూ	false	0	6	18	UUU	["మీ","నూ","తా"]	pdy-r-00077		
pdy-vutpalamaala-0118	vutpalamaala	vruttamu	""	dev	నీ సతి పెక్కుగల్ములిడ నేర్పరి లోక మకల్మషంబుగా\nనీ సుత సేయు పావనము నిర్మితి కార్యధురీణదక్షుఁడై\nనీ సుతుఁడిచ్చు నాయువులు నిన్ను భజించినఁ గల్గకుండునే\nదాసుల కీప్సితార్థములు దాశరథీ! కరుణాపయోనిధీ!	true	నీ సతి పెక్కుగల్ములిడ నేర్పరి లోక మకల్మషంబుగా\nనీ సుత సేయు పావనము నిర్మితి కార్యధురీణదక్షుఁడై\nనీ సుతుఁడిచ్చు నాయువులు నిన్ను భజించినఁ గల్గకుండునే\nదాసుల కీప్సితార్థములు దాశరథీ! కరుణాపయోనిధీ!	[]	[]														pdy-r-00078		
pdy-champakamaala-0177	champakamaala	vruttamu	""	dev	సిరిగలనాఁడు మైమఱచి చిక్కిననాఁడు దలంచీ పుణ్యము\nల్‌ పొరిఁబొరి సేయనైతినని పొక్కినఁగల్గునె గాలిచిచ్చుపైఁ\nగెరలినవేళఁ దప్పికొని కీడ్పడువేళ జలంబుగోరి త\nత్తరమునఁ ద్రవ్వినంగలదె దాశరథీ! కరుణాపయోనిధీ!	false	సిరిగలనాఁడు మైమఱచి చిక్కిననాఁడు దలంచి పుణ్యము\nల్‌ పొరిఁబొరి సేయనైతినని పొక్కినఁగల్గునె గాలిచిచ్చుపైఁ\nగెరలినవేళఁ దప్పికొని కీడ్పడువేళ జలంబుగోరి త\nత్తరమునఁ ద్రవ్వినంగలదె దాశరథీ! కరుణాపయోనిధీ!	["seq"]	["seq"]	36	ి	ీ	lengthen	0	17	దలంచీ	false	0	5	15	|UU	["ద","లం","చీ"]	pdy-r-00079		
pdy-mattebhamu-0145	mattebhamu	vruttamu	""	dev	సుకరంబై సూరసేవ్యమై సులభమై సువ్యక్తమై యుక్తమై\nప్రకటంబై పరమార్థమై ప్రమదమై ప్రద్యోతమై పథ్యమై\nయకలంకామృతమై యమోఘతరమై యానందమై యందమై\nసకలంబున్‌ భరియించు మీమహిమ కృష్ణా దేవకీనందనా.	false	సుకరంబై సురసేవ్యమై సులభమై సువ్యక్తమై యుక్తమై\nప్రకటంబై పరమార్థమై ప్రమదమై ప్రద్యోతమై పథ్యమై\nయకలంకామృతమై యమోఘతరమై యానందమై యందమై\nసకలంబున్‌ భరియించు మీమహిమ కృష్ణా దేవకీనందనా.	["seq"]	["seq"]	9	ు	ూ	lengthen	0	4	సూరసేవ్యమై	false	0	1	3	UU|	["బై","సూ","ర"]	pdy-r-00080		
pdy-saardulamu-0068	saardulamu	vruttamu	""	test	చన్నే నిన్నును బాలుఁగాఁ దలఁచి యిచ్చం బూతనాకాంత దాఁ\nజన్నుల్నిండఁగఁ జేఁదుఁ బూసికొని యా చన్బాలు నీకిచ్చినం\nజన్నుంబాలకు లోనుగాక యసురన్‌ సాధించి యాయింతికి\nన్‌ సన్నన్‌ ముక్తి యొసంగితీవు భళి కృష్ణా దేవకీనందనా.	true	చన్నే నిన్నును బాలుఁగాఁ దలఁచి యిచ్చం బూతనాకాంత దాఁ\nజన్నుల్నిండఁగఁ జేఁదుఁ బూసికొని యా చన్బాలు నీకిచ్చినం\nజన్నుంబాలకు లోనుగాక యసురన్‌ సాధించి యాయింతికి\nన్‌ సన్నన్‌ ముక్తి యొసంగితీవు భళి కృష్ణా దేవకీనందనా.	[]	[]														pdy-r-00081		
pdy-mattebhamu-0146	mattebhamu	vruttamu	""	train	విలసిల్లన్‌ పదియాఱువేలసతులన్‌ వీక్షించి వారిండ్ల లో\nపల వర్తించుచునుండి వీటఁ గల గోపస్త్రీలనెల్లన్‌ గడుం\nబలిమిన్‌ బట్టి రమించినాఁడవు భళీ ప్రాజ్ఞుండ వీవౌదు భూ\nస్థలి నీవేకద కొంటెదేవరవు కృష్ణా దేవకీనందనా.	true	విలసిల్లన్‌ పదియాఱువేలసతులన్‌ వీక్షించి వారిండ్ల లో\nపల వర్తించుచునుండి వీటఁ గల గోపస్త్రీలనెల్లన్‌ గడుం\nబలిమిన్‌ బట్టి రమించినాఁడవు భళీ ప్రాజ్ఞుండ వీవౌదు భూ\nస్థలి నీవేకద కొంటెదేవరవు కృష్ణా దేవకీనందనా.	[]	[]														pdy-r-00082		
pdy-mattebhamu-0153	mattebhamu	vruttamu	""	dev	నినునెవ్వాఁడు దలంచు నీమహిమ వర్ణింపంగ నెవ్వాఁడు నే\nర్పునఁబూనున్‌ నీనుగొల్చునట్టిఘనుఁ డాపుణ్యాత్ములోకైకమా\nన్యునిఁగా ధన్యునిఁగా వివేకనిధిఁగా నుద్యద్గుణాంభోధిఁగా\nననిశంబుం గొనియాడఁ గోరుదురు కృష్ణా దేవకీనందనా.	false	నినునెవ్వాఁడు దలంచు నీమహిమ వర్ణింపంగ నెవ్వాఁడు నే\nర్పునఁబూనున్‌ నినుగొల్చునట్టిఘనుఁ డాపుణ్యాత్ములోకైకమా\nన్యునిఁగా ధన్యునిఁగా వివేకనిధిఁగా నుద్యద్గుణాంభోధిఁగా\nననిశంబుం గొనియాడఁ గోరుదురు కృష్ణా దేవకీనందనా.	["seq"]	["seq"]	65	ి	ీ	lengthen	1	4	నీనుగొల్చునట్టిఘనుఁ	false	1	1	23	UU|	["ను","న్నీ","ను"]	pdy-r-00083		
pdy-mattebhamu-0158	mattebhamu	vruttamu	""	train	చతూరంభోధిపరీత భూవలయరాజానేకకోటీర రం\nజితమాణిక్యవిరాజమానపద రాజీవుండు ధర్మాత్మజుం\nడతికారుణ్యముచేత మత్స్యపతికొ ల్వాసింపఁడే నీదు శా\nశ్వత కారుణ్యము గల్గునంతకును కృష్ణా దేవకీనందనా.	false	చతురంభోధిపరీత భూవలయరాజానేకకోటీర రం\nజితమాణిక్యవిరాజమానపద రాజీవుండు ధర్మాత్మజుం\nడతికారుణ్యముచేత మత్స్యపతికొ ల్వాసింపఁడే నీదు శా\nశ్వత కారుణ్యము గల్గునంతకును కృష్ణా దేవకీనందనా.	["seq"]	["seq"]	2	ు	ూ	lengthen	0	1	చతూరంభోధిపరీత	false	0	0	0	|UU	["చ","తూ","రం"]	pdy-r-00084		
pdy-mattebhamu-0170	mattebhamu	vruttamu	""	train	క్రతువుల్‌ నూఱోనరించి యింద్రపదవిన్గర్వించియింద్రాణికై\nధృతిఁదూలన్‌ మరుఁడేచఁగా నహుషుఁడద్దేవేంద్రుభోగానుసం\nగతిగాఁ గోరినకుంభసంభవుఁడు గిన్కన్‌ దిట్టినన్‌ జెందఁడే\nసతతంబున్‌ పెనుబాముచందమును కృష్ణా దేవకీనందనా.	false	క్రతువుల్‌ నూఱొనరించి యింద్రపదవిన్గర్వించియింద్రాణికై\nధృతిఁదూలన్‌ మరుఁడేచఁగా నహుషుఁడద్దేవేంద్రుభోగానుసం\nగతిగాఁ గోరినకుంభసంభవుఁడు గిన్కన్‌ దిట్టినన్‌ జెందఁడే\nసతతంబున్‌ పెనుబాముచందమును కృష్ణా దేవకీనందనా.	["seq"]	["seq"]	14	ొ	ో	lengthen	0	4	నూఱోనరించి	false	0	1	3	UU|	["ల్నూ","ఱో","న"]	pdy-r-00085		
pdy-kandamu-0003	kandamu	jaathi	""	train	నీవె తల్లివి తండ్రివి\nనీవే నా తోడు నీడ నీవే సఖుడౌ\nనీవే గురుడవు దైవము\nనీవే నా పతియు గతియు నిజముగఁ గృష్ణా.	false	నీవే తల్లివి తండ్రివి\nనీవే నా తోడు నీడ నీవే సఖుడౌ\nనీవే గురుడవు దైవము\nనీవే నా పతియు గతియు నిజముగఁ గృష్ణా.	["seq"]	["corr","seq"]	3	ే	ె	shorten	0	1	నీవె	true	0	0	0	U|U|	["నీ","వె","త","ల్లి"]	pdy-r-00086		
pdy-kandamu-0004	kandamu	jaathi	""	dev	నారాయణ పరమేశ్వర\nధారాధర నీలదేహ దానవవైరీ\nక్షీరాబ్ధిశయన యదుకుల\nవీరా ననుగావు కరుణ వెలయగఁ గృష్ణా.	true	నారాయణ పరమేశ్వర\nధారాధర నీలదేహ దానవవైరీ\nక్షీరాబ్ధిశయన యదుకుల\nవీరా ననుగావు కరుణ వెలయగఁ గృష్ణా.	[]	[]														pdy-r-00087		
pdy-kandamu-0010	kandamu	jaathi	""	train	ఓ కారుణ్యపయోనిధి\nనా కాధారంబ వగుచు నయముగఁ బ్రోవ\nన్‌ నాకేల యితర చింతలు\nనాకాధిపవినుత లొక నాయక కృష్ణా.	false	ఓ కారుణ్యపయోనిధి\nనా కాధారంబ వగుచు నయముగఁ బ్రోవ\nన్‌ నాకేల యితర చింతలు\nనాకాధిపవినుత లోక నాయక కృష్ణా.	["seq"]	["corr","seq"]	83	ో	ొ	shorten	3	7	లొక	true	3	2	37	|||U	["త","లొ","క","నా"]	pdy-r-00088		
pdy-kandamu-0015	kandamu	jaathi	""	test	అందెలు గజ్జెలు మ్రోయఁగఁ\nజిందులు ద్రొక్కుచూను వేడ్క చెలువారంగా\nనందుని సతి యాగోపిక\nముందఱ నాడుదువు మిగుల మురియుచుఁ గృష్ణా.	false	అందెలు గజ్జెలు మ్రోయఁగఁ\nజిందులు ద్రొక్కుచును వేడ్క చెలువారంగా\nనందుని సతి యాగోపిక\nముందఱ నాడుదువు మిగుల మురియుచుఁ గృష్ణా.	["seq"]	["corr","seq"]	41	ు	ూ	lengthen	1	5	ద్రొక్కుచూను	false	1	1	12	U|U|	["ద్రొ","క్కు","చూ","ను"]	pdy-r-00089		
pdy-kandamu-0016	kandamu	jaathi	""	train	హరిచందనంబు మేనునఁ\nగరమొప్పెడు హస్తములను గంకణ రవము\nల్‌ ఉరమున రత్నము మెఱయఁగఁ\nబరఁగీతివౌ నీవు బాల ప్రాయము కృష్ణా.	false	హరిచందనంబు మేనునఁ\nగరమొప్పెడు హస్తములను గంకణ రవము\nల్‌ ఉరమున రత్నము మెఱయఁగఁ\nబరఁగితివౌ నీవు బాల ప్రాయము కృష్ణా.	["seq"]	["corr","seq"]	78	ి	ీ	lengthen	3	2	బరఁగీతివౌ	false	3	1	39	|UU|	["తి","వౌ","నీ","వు"]	pdy-r-00090		
pdy-kandamu-0017	kandamu	jaathi	""	train	పాణితలంబున వెన్నయు\nవేణీమూలంబునందు వెలయఁగఁ బింఛం\nబాణీముత్యము ముక్కున\nనాణెముగాఁదాల్చు లోక నాథుఁడ కృష్ణా.	true	పాణితలంబున వెన్నయు\nవేణీమూలంబునందు వెలయఁగఁ బింఛం\nబాణీముత్యము ముక్కున\nనాణెముగాఁదాల్చు లోక నాథుఁడ కృష్ణా.	[]	[]														pdy-r-00091		
pdy-kandamu-0018	kandamu	jaathi	""	train	మడుగుకుఁ జని కాళీయుని\nపడగలపై భరతశాస్త్ర పద్ధతి వెలయ\nన్‌ గడూవేడుకతో నాడెడు\nనడుగులు నా మదిని దలఁతు నచ్యుత కృష్ణా.	false	మడుగుకుఁ జని కాళీయుని\nపడగలపై భరతశాస్త్ర పద్ధతి వెలయ\nన్‌ గడువేడుకతో నాడెడు\nనడుగులు నా మదిని దలఁతు నచ్యుత కృష్ణా.	["seq"]	["corr","seq"]	58	ు	ూ	lengthen	2	1	గడూవేడుకతో	false	2	0	26	|UU|	["న్గ","డూ","వే","డు"]	pdy-r-00092		
pdy-kandamu-0020	kandamu	jaathi	""	train	వారిజ నేత్రలు యమునా\nవారిని జలకంబులాడ వచ్చిన నీ వా\nచిరలు మ్రుచ్చిలి యిచ్చితి\nనేరుపురా యదియు నీకు నీతియె కృష్ణా.	false	వారిజ నేత్రలు యమునా\nవారిని జలకంబులాడ వచ్చిన నీ వా\nచీరలు మ్రుచ్చిలి యిచ్చితి\nనేరుపురా యదియు నీకు నీతియె కృష్ణా.	["seq"]	["corr","seq"]	51	ీ	ి	shorten	2	0	చిరలు	false	2	0	23	|||U	["చి","ర","లు","మ్రు"]	pdy-r-00093		
pdy-kandamu-0022	kandamu	jaathi	""	dev	అండజవాహన విను బ్ర\nహ్మాండంబుల బంతులట్ల యాడెడు ని వా\nకొండల నెత్తితి వందురు\nకొండిక పనిగాక దొడ్డ కొండా కృష్ణా.	false	అండజవాహన విను బ్ర\nహ్మాండంబుల బంతులట్ల యాడెడు నీ వా\nకొండల నెత్తితి వందురు\nకొండిక పనిగాక దొడ్డ కొండా కృష్ణా.	["seq"]	["corr","seq"]	46	ీ	ి	shorten	1	11	ని	true	1	4	20	|UU	["ని","వా","కొం"]	pdy-r-00094		
pdy-kandamu-0025	kandamu	jaathi	""	test	అంగన పనుపున దోవతి\nకొంగున నటుకులను మూడుచుకొని వచ్చిన యా\nసంగతి విని దయనొసఁగితి\nరంగుగ సంపదలు లోక రక్షక కృష్ణా.	false	అంగన పనుపున దోవతి\nకొంగున నటుకులను ముడుచుకొని వచ్చిన యా\nసంగతి విని దయనొసఁగితి\nరంగుగ సంపదలు లోక రక్షక కృష్ణా.	["seq"]	["corr","seq"]	35	ు	ూ	lengthen	1	8	మూడుచుకొని	false	1	3	20	|||U	["చు","కొ","ని","వ"]	pdy-r-00095		
pdy-kandamu-0031	kandamu	jaathi	""	train	దివిజేంద్రసుతునిఁ జంపియు\nరవిసుతు రక్షించినావు రఘురాముఁడవై\nదివిజేంద్రసుతునిఁ గాచియు\nరవిసుతుఁ బరిమార్చితౌర రణమునఁ గృష్ణా.	true	దివిజేంద్రసుతునిఁ జంపియు\nరవిసుతు రక్షించినావు రఘురాముఁడవై\nదివిజేంద్రసుతునిఁ గాచియు\nరవిసుతుఁ బరిమార్చితౌర రణమునఁ గృష్ణా.	[]	[]														pdy-r-00096		
pdy-kandamu-0037	kandamu	jaathi	""	train	అగణితవైభవ కేశవ\nనగధర వనమాలి యాది నారాయణ యొ\nభగవంతుఁడ శ్రీమంతుఁడ\nజగదీశ్వర శరణు శరణు శరణము కృష్ణా.	false	అగణితవైభవ కేశవ\nనగధర వనమాలి యాది నారాయణ యో\nభగవంతుఁడ శ్రీమంతుఁడ\nజగదీశ్వర శరణు శరణు శరణము కృష్ణా.	["seq"]	["seq"]	40	ో	ొ	shorten	1	14	యొ	true	1	4	22	|||	["య","ణ","యొ"]	pdy-r-00097		
pdy-kandamu-0044	kandamu	jaathi	""	train	దశకంఠునిఁ బరిమార్చియు\nగుశలముతో సీతఁదెచ్చీ కొనియు నయోధ్య\nన్‌ విశదముగఁ గీర్తి నేలిన\nదశరథరామావతార ధన్యుఁడ కృష్ణా.	false	దశకంఠునిఁ బరిమార్చియు\nగుశలముతో సీతఁదెచ్చి కొనియు నయోధ్య\nన్‌ విశదముగఁ గీర్తి నేలిన\nదశరథరామావతార ధన్యుఁడ కృష్ణా.	["seq"]	["corr","seq"]	40	ి	ీ	lengthen	1	8	సీతఁదెచ్చీ	false	1	2	16	|UU|	["త","దె","చ్చీ","కొ"]	pdy-r-00098		
pdy-kandamu-0048	kandamu	jaathi	""	train	వనజాక్ష భక్తవత్సల\nఘనులగు త్రైమూర్తులందుఁ గరూణానిధివై\nకన నీ సద్గుణజాలము\nసనకాది మునీంద్రు లెన్నఁ జాలరు కృష్ణా.	false	వనజాక్ష భక్తవత్సల\nఘనులగు త్రైమూర్తులందుఁ గరుణానిధివై\nకన నీ సద్గుణజాలము\nసనకాది మునీంద్రు లెన్నఁ జాలరు కృష్ణా.	["seq"]	["corr","seq"]	43	ు	ూ	lengthen	1	10	గరూణానిధివై	false	1	3	18	|UU|	["గ","రూ","ణా","ని"]	pdy-r-00099		
pdy-kandamu-0052	kandamu	jaathi	""	dev	పంచేంద్రియమార్గంబులఁ\nగొంచెపు బుద్ధిని జరించి కొన్ని దినంబు\nల్‌ ఇంచుక సజ్జన సంగతి\nనెంచగ మిమ్మెఱిఁగినాఁడ నిప్పుడె కృష్ణా.	true	పంచేంద్రియమార్గంబులఁ\nగొంచెపు బుద్ధిని జరించి కొన్ని దినంబు\nల్‌ ఇంచుక సజ్జన సంగతి\nనెంచగ మిమ్మెఱిఁగినాఁడ నిప్పుడె కృష్ణా.	[]	[]														pdy-r-00100		
pdy-kandamu-0055	kandamu	jaathi	""	train	దిక్కెవ్వరు ప్రహ్లాదుకూ\nదిక్కెవ్వరు పాండుసుతుల దీనుల కెపుడు\nన్‌ దిక్కెవ్వ రయ్యహల్యకు\nదిక్కెవ్వరు నీవె నాకు దిక్కువు కృష్ణా.	false	దిక్కెవ్వరు ప్రహ్లాదుకు\nదిక్కెవ్వరు పాండుసుతుల దీనుల కెపుడు\nన్‌ దిక్కెవ్వ రయ్యహల్యకు\nదిక్కెవ్వరు నీవె నాకు దిక్కువు కృష్ణా.	["seq"]	["corr","seq"]	22	ు	ూ	lengthen	0	7	ప్రహ్లాదుకూ	false	0	2	5	U|UU	["హ్లా","దు","కూ","ది"]	pdy-r-00101		
pdy-kandamu-0056	kandamu	jaathi	""	train	హరి నీవె దిక్కు నాకును\nసిరితో నేతెంచి మకరీ శిక్షించి దయ\nన్‌ బరమేష్ఠి సురలు పొగడఁగ\nకరిఁ గాచిన రీతి నన్నుఁ గావుము కృష్ణా.	false	హరి నీవె దిక్కు నాకును\nసిరితో నేతెంచి మకరి శిక్షించి దయ\nన్‌ బరమేష్ఠి సురలు పొగడఁగ\nకరిఁ గాచిన రీతి నన్నుఁ గావుము కృష్ణా.	["seq"]	["seq"]	41	ి	ీ	lengthen	1	8	మకరీ	false	1	2	14	|||U	["చి","మ","క","రీ"]	pdy-r-00102		
pdy-kandamu-0057	kandamu	jaathi	""	test	పురుషోత్తమ లక్ష్మీపతి\nసరసిజగర్భాది మౌనీసన్నుతచరితా\nమురభంజన సురరంజన\nవరదుఁడ వగు నాకు భక్త వత్సల కృష్ణా.	false	పురుషోత్తమ లక్ష్మీపతి\nసరసిజగర్భాది మౌనిసన్నుతచరితా\nమురభంజన సురరంజన\nవరదుఁడ వగు నాకు భక్త వత్సల కృష్ణా.	["seq"]	["corr","seq"]	38	ి	ీ	lengthen	1	8	మౌనీసన్నుతచరితా	false	1	2	15	|UUU	["ది","మౌ","నీ","స"]	pdy-r-00103		
pdy-kandamu-0062	kandamu	jaathi	""	train	గజరాజవరద కేశవ\nత్రిజగత్కల్యాణమూర్తి దేవ మురారి\nభుజగేంద్రశయన మాధవ\nవిజయాప్తుఁడ నన్నుఁగావు వేగమె కృష్ణా.	false	గజరాజవరద కేశవ\nత్రిజగత్కల్యాణమూర్తి దేవ మురారీ\nభుజగేంద్రశయన మాధవ\nవిజయాప్తుఁడ నన్నుఁగావు వేగమె కృష్ణా.	["seq"]	["corr","seq"]	44	ీ	ి	shorten	1	12	మురారి	true	1	4	21	U||	["రా","రి","భు"]	pdy-r-00104		
pdy-kandamu-0063	kandamu	jaathi	""	test	గోపాల కృష్ణ మురహర\nపాపాలను బాఱఁదోలు ప్రభుఁడవు నీవె\nగోపాలమూర్తి దయతో\nనాపాలిటఁగలిగి ప్రోవు నమ్మితిఁ గృష్ణా.	false	గోపాల కృష్ణ మురహర\nపాపాలను బాఱఁదోలు ప్రభుఁడవు నీవే\nగోపాలమూర్తి దయతో\nనాపాలిటఁగలిగి ప్రోవు నమ్మితిఁ గృష్ణా.	["seq"]	["corr","seq"]	48	ే	ె	shorten	1	13	నీవె	true	1	4	21	U|U	["నీ","వె","గో"]	pdy-r-00105		
pdy-kandamu-0066	kandamu	jaathi	""	train	బలమెవ్వఁడు కరిఁ బ్రోవను\nబలమెవ్వఁడు పాండుసుతుల భార్యను గావ\nన్‌ బలమెవ్వఁడు రవిసుతునకూ\nబలమెవ్వఁడు నాకు నీవ బలమౌఁ గృష్ణా.	false	బలమెవ్వఁడు కరిఁ బ్రోవను\nబలమెవ్వఁడు పాండుసుతుల భార్యను గావ\nన్‌ బలమెవ్వఁడు రవిసుతునకు\nబలమెవ్వఁడు నాకు నీవ బలమౌఁ గృష్ణా.	["seq"]	["seq"]	82	ు	ూ	lengthen	2	10	రవిసుతునకూ	false	2	2	32	|||U	["సు","తు","న","కూ"]	pdy-r-00106		
pdy-kandamu-0069	kandamu	jaathi	""	train	హరీ సర్వంబునఁ గలఁ డని\nగరిమను దైత్యుండు పలుకఁ గంబములోన\nన్‌ ఇరవొంది వెడలిచీల్చవె\nశరణనఁ బ్రహ్లాదుడిండు సాక్షియె కృష్ణా.	false	హరి సర్వంబునఁ గలఁ డని\nగరిమను దైత్యుండు పలుకఁ గంబములోన\nన్‌ ఇరవొంది వెడలిచీల్చవె\nశరణనఁ బ్రహ్లాదుడిండు సాక్షియె కృష్ణా.	["seq"]	["corr","seq"]	2	ి	ీ	lengthen	0	1	హరీ	true	0	0	0	|UUU	["హ","రీ","స","ర్వం"]	pdy-r-00107		
pdy-kandamu-0075	kandamu	jaathi	""	train	ఏతండ్రి కనకకశ్యపు\nఘాతకుఁడై యతనిసుతుని గరుణను గాచె\nన్‌ ప్రీతి సురకోటి పొగడఁగ\nనా తండ్రి నిన్ను నేను నమ్మితి గృష్ణా.	false	ఏతండ్రి కనకకశ్యపు\nఘాతకుఁడై యతనిసుతుని గరుణను గాచె\nన్‌ ప్రీతి సురకోటి పొగడఁగ\nనా తండ్రీ నిన్ను నేను నమ్మితి గృష్ణా.	["seq"]	["corr","seq"]	84	ీ	ి	shorten	3	2	తండ్రి	true	3	1	37	|U|U	["డ్రి","ని","న్ను","నే"]	pdy-r-00108		
pdy-kandamu-0078	kandamu	jaathi	""	train	గ్రహభయదోషము లొందవు\nబహుపీడలు చేర వెఱచూఁ బాయును నఘము\nల్‌ ఇహపర ఫలదాయక విను\nతహతహలెక్కడివి నిన్నుఁదలఁచినఁ గృష్ణా.	false	గ్రహభయదోషము లొందవు\nబహుపీడలు చేర వెఱచుఁ బాయును నఘము\nల్‌ ఇహపర ఫలదాయక విను\nతహతహలెక్కడివి నిన్నుఁదలఁచినఁ గృష్ణా.	["seq"]	["seq"]	36	ు	ూ	lengthen	1	9	వెఱచూఁ	false	1	2	16	|||U	["ర","వె","ఱ","చూ"]	pdy-r-00109		
pdy-kandamu-0080	kandamu	jaathi	""	train	ఆ దండకావనంబున\nకోదండముఁదాల్చినట్టి కోమలమూర్తీ\nనాదండ గావ రమ్మి\nవేదండము కాచినట్టి వేల్పువు కృష్ణా.	false	ఆ దండకావనంబున\nకోదండముఁదాల్చినట్టి కోమలమూర్తీ\nనాదండ గావ రమ్మీ\nవేదండము కాచినట్టి వేల్పువు కృష్ణా.	["seq"]	["corr","seq"]	59	ీ	ి	shorten	2	6	రమ్మి	true	2	2	26	U|UU	["ర","మ్మి","వే","దం"]	pdy-r-00110		
pdy-kandamu-0081	kandamu	jaathi	""	dev	చూపుము నీరూపంబును\nబాపపు దుష్కృతము లెల్లఁ బంకజనాభా\nపాపుము నాకును దయతో\nశ్రీపతి నిను నమ్మినాఁడ సిద్ధము కృష్ణా.	true	చూపుము నీరూపంబును\nబాపపు దుష్కృతము లెల్లఁ బంకజనాభా\nపాపుము నాకును దయతో\nశ్రీపతి నిను నమ్మినాఁడ సిద్ధము కృష్ణా.	[]	[]														pdy-r-00111		
pdy-kandamu-0082	kandamu	jaathi	""	train	ని నామము భవహరణము\nనీ నామము సర్వసౌఖ్య నివహకరంబు\nన్‌ నీ నామ మమృత పూర్ణము\nనీ నామము నేఁదలంతు నిత్యము కృష్ణా.	false	నీ నామము భవహరణము\nనీ నామము సర్వసౌఖ్య నివహకరంబు\nన్‌ నీ నామ మమృత పూర్ణము\nనీ నామము నేఁదలంతు నిత్యము కృష్ణా.	["seq"]	["corr","seq"]	1	ీ	ి	shorten	0	0	ని	true	0	0	0	|U||	["ని","నా","మ","ము"]	pdy-r-00112		
pdy-kandamu-0088	kandamu	jaathi	""	train	వావిరి ని భక్తులకు\nన్‌ గావరమున నెగ్గు సేయు గర్వాంధులకు\nన్‌ దేవ వధించుట వింటిని\nనీవల్లను భాగ్యమయ్యె నిజముగఁ గృష్ణా.	false	వావిరి నీ భక్తులకు\nన్‌ గావరమున నెగ్గు సేయు గర్వాంధులకు\nన్‌ దేవ వధించుట వింటిని\nనీవల్లను భాగ్యమయ్యె నిజముగఁ గృష్ణా.	["seq"]	["corr","seq"]	8	ీ	ి	shorten	0	3	ని	true	0	2	6	|UU|	["ల","కు","న్గా","వ"]	pdy-r-00113		
pdy-kandamu-0090	kandamu	jaathi	""	train	కంటికి ఱెప్ప విధంబున\nబంటుగదా యనుచు నన్నుఁ బాయక యెపుడు\nన్‌ జంటయు నీ వుండుట నే\nకంటక మగు పాపమూలను గడచితిఁ గృష్ణా.	false	కంటికి ఱెప్ప విధంబున\nబంటుగదా యనుచు నన్నుఁ బాయక యెపుడు\nన్‌ జంటయు నీ వుండుట నే\nకంటక మగు పాపములను గడచితిఁ గృష్ణా.	["seq"]	["corr","seq"]	90	ు	ూ	lengthen	3	7	పాపమూలను	false	3	4	45	|UU	["తి","గృ","ష్ణా"]	pdy-r-00114		
pdy-kandamu-0091	kandamu	jaathi	""	train	యమునకు నిఁక నె వెఱువను\nకమలాక్ష జగన్నివాస కామితఫలదా\nవిమలమగు నీదు నామము\nనమఁరఁగఁ దలఁచెదను వేగ ననిశము కృష్ణా.	false	యమునకు నిఁక నే వెఱువను\nకమలాక్ష జగన్నివాస కామితఫలదా\nవిమలమగు నీదు నామము\nనమఁరఁగఁ దలఁచెదను వేగ ననిశము కృష్ణా.	["seq"]	["corr","seq"]	13	ే	ె	shorten	0	6	నె	true	1	1	15	|U|U	["జ","గ","న్ని","వా"]	pdy-r-00115		
pdy-kandamu-0102	kandamu	jaathi	""	test	అనూదినము కృష్ణశతకము\nవినినఁ బఠించినను ముక్తి వేడుక గలుగు\nన్‌ ధనధాన్యము గోగణములు\nతనయులు నభివృద్ధిఁ బొందు దద్దయుఁ గృష్ణా.	false	అనుదినము కృష్ణశతకము\nవినినఁ బఠించినను ముక్తి వేడుక గలుగు\nన్‌ ధనధాన్యము గోగణములు\nతనయులు నభివృద్ధిఁ బొందు దద్దయుఁ గృష్ణా.	["seq"]	["seq"]	2	ు	ూ	lengthen	0	1	అనూదినము	false	0	0	0	|U||	["అ","నూ","ది","న"]	pdy-r-00116		
pdy-seesamu-0111	seesamu	upajaathi	""	train	దండ ముద్దండదోర్దండకోదండవి- ఖండిత చండవేదండ, నీకు!\nజొహారు హారామరాహారనీహార- గోహర గోహీరదేహ, నీకు!\nనతి శతక్రతుముఖాదితిసుతాతతకృత- స్తుతికృతామితహిత కుతుక, నీకు!\nజేజే పరాజితోగ్రాజివిరాజిత- వ్యాజనిరీజసమాజ, నీకు!	false	దండ ముద్దండదోర్దండకోదండవి- ఖండిత చండవేదండ, నీకు!\nజోహారు హారామరాహారనీహార- గోహర గోహీరదేహ, నీకు!\nనతి శతక్రతుముఖాదితిసుతాతతకృత- స్తుతికృతామితహిత కుతుక, నీకు!\nజేజే పరాజితోగ్రాజివిరాజిత- వ్యాజనిరీజసమాజ, నీకు!	["seq"]	["corr","seq"]	50	ో	ొ	shorten	1	0	జొహారు	true	2	0	22	|U|U	["జొ","హా","రు","హా"]	pdy-r-00117		
pdy-teytageethi-0113	teytageethi	upajaathi	""	train	నీకు నతులు సమర్పించీ నిష్ఠతోడఁ\nగొల్చువారలె శమనుని గెల్చువారు,\nభూనుతవిలాస, పీఠికాపురనివాస,\nకుముదహితకోటిసంకాశ, కుక్కుటేశ!	false	నీకు నతులు సమర్పించి నిష్ఠతోడఁ\nగొల్చువారలె శమనుని గెల్చువారు,\nభూనుతవిలాస, పీఠికాపురనివాస,\nకుముదహితకోటిసంకాశ, కుక్కుటేశ!	["seq"]	["corr","seq"]	19	ి	ీ	lengthen	0	8	సమర్పించీ	false	0	2	6	UUUU	["మ","ర్పిం","చీ","ని"]	pdy-r-00118		
pdy-teytageethi-0114	teytageethi	upajaathi	""	train	నహరహంబును నిను భక్తి నాత్మఁ దలఁచు\nపుణ్యమతులకుఁ గడు సులభుఁడవు నీవు,\nభూనుతవిలాస, పీఠికాపురనివాస,\nకుముదహితకోటిసంకాశ, కుక్కుటేశ!	true	నహరహంబును నిను భక్తి నాత్మఁ దలఁచు\nపుణ్యమతులకుఁ గడు సులభుఁడవు నీవు,\nభూనుతవిలాస, పీఠికాపురనివాస,\nకుముదహితకోటిసంకాశ, కుక్కుటేశ!	[]	[]														pdy-r-00119		
pdy-teytageethi-0115	teytageethi	upajaathi	""	train	గూర్చి బారులు దీర్చి చిట్టార్చి పేర్చి\nయోర్చి పురదానవులఁ దెగటార్చితీవు,\nభూనుతవిలాస, పీఠికాపురనివాస,\nకుముదహితకోటిసంకాశ, కుక్కుటేశ!	true	గూర్చి బారులు దీర్చి చిట్టార్చి పేర్చి\nయోర్చి పురదానవులఁ దెగటార్చితీవు,\nభూనుతవిలాస, పీఠికాపురనివాస,\nకుముదహితకోటిసంకాశ, కుక్కుటేశ!	[]	[]														pdy-r-00120		
pdy-seesamu-0117	seesamu	upajaathi	""	test	పలుకుఁగ్రొన్ననఁబోఁడి కులుకు వీణియ మీట వేయుఁగన్నులవేల్పు వేణువూదఁ\nగలుములతొగకంటి చెలఁగి గానము సేయ నలువ కైతాళ మింపలర వ్రెయ\nమధుదైత్యమథనుండు మద్దెల వాయింప సకలపారిషదు లెచ్చరికసేయ\nనందిభృంగీశు లందంద సందడి దీర్ప మొనసి దేవతలెల్ల మ్రొక్కి కొలువ	false	పలుకుఁగ్రొన్ననఁబోఁడి కులుకు వీణియ మీట వేయుఁగన్నులవేల్పు వేణువూదఁ\nగలుములతొగకంటి చెలఁగి గానము సేయ నలువ కైతాళ మింపలర వ్రేయ\nమధుదైత్యమథనుండు మద్దెల వాయింప సకలపారిషదు లెచ్చరికసేయ\nనందిభృంగీశు లందంద సందడి దీర్ప మొనసి దేవతలెల్ల మ్రొక్కి కొలువ	["seq"]	["corr","seq"]	117	ే	ె	shorten	1	26	వ్రెయ	false	4	0	56	|U||	["ధు","దై","త్య","మ"]	pdy-r-00121		
pdy-teytageethi-0119	teytageethi	upajaathi	""	train	గాఁగ నణిమాది భూతులు గల్గు నీకుఁ\nబునూకలెత్తంగ నేరీతిఁ బొసఁగెనయ్య,\nభూనుతవిలాస, పీఠికాపురనివాస,\nకుముదహితకోటిసంకాశ, కుక్కుటేశ!	false	గాఁగ నణిమాది భూతులు గల్గు నీకుఁ\nబునుకలెత్తంగ నేరీతిఁ బొసఁగెనయ్య,\nభూనుతవిలాస, పీఠికాపురనివాస,\nకుముదహితకోటిసంకాశ, కుక్కుటేశ!	["seq"]	["seq"]	35	ు	ూ	lengthen	1	1	బునూకలెత్తంగ	false	1	0	13	|U|	["బు","నూ","క"]	pdy-r-00122		
pdy-teytageethi-0126	teytageethi	upajaathi	""	train	ధరణిఁ బరమనికృష్టుని దండనున్న\nధనము వృథయగు నేరికిఁ బనికిరాక,\nభూనుతవిలాస, పీఠికాపురనివాస,\nకుముదహితకోటిసంకాశ, కుక్కుటేశ!	true	ధరణిఁ బరమనికృష్టుని దండనున్న\nధనము వృథయగు నేరికిఁ బనికిరాక,\nభూనుతవిలాస, పీఠికాపురనివాస,\nకుముదహితకోటిసంకాశ, కుక్కుటేశ!	[]	[]														pdy-r-00123		
pdy-seesamu-0127	seesamu	upajaathi	""	train	వేదశాస్త్రపురాణవిద్య లక్కఱగావు పరిహాసవిద్యలు పనికివచ్చు\nగద్యపద్యవిచిత్రకవీతలు కొఱగావు గొల్లసుద్దుల కతల్ పెల్లుమీఱు\nదేవతాభాషల తీరు లేమియుఁ గావు పారసీకోక్తులు ప్రణుతి కెక్కు\nశైవవైష్ణవమతాచారంబు లొప్పవు పాషండమతములు బాళి నలరు	false	వేదశాస్త్రపురాణవిద్య లక్కఱగావు పరిహాసవిద్యలు పనికివచ్చు\nగద్యపద్యవిచిత్రకవితలు కొఱగావు గొల్లసుద్దుల కతల్ పెల్లుమీఱు\nదేవతాభాషల తీరు లేమియుఁ గావు పారసీకోక్తులు ప్రణుతి కెక్కు\nశైవవైష్ణవమతాచారంబు లొప్పవు పాషండమతములు బాళి నలరు	["seq"]	["seq"]	73	ి	ీ	lengthen	1	8	గద్యపద్యవిచిత్రకవీతలు	false	2	2	33	|U||	["క","వీ","త","లు"]	pdy-r-00124		
pdy-teytageethi-0128	teytageethi	upajaathi	""	train	భూతలంబునఁ గలిదోషహెతుకమునఁ\nబ్రబలురై రింకనేమి చెప్పంగవలయు\nభూనుతవిలాస, పీఠికాపురనివాస,\nకుముదహితకోటిసంకాశ, కుక్కుటేశ!	false	భూతలంబునఁ గలిదోషహేతుకమునఁ\nబ్రబలురై రింకనేమి చెప్పంగవలయు\nభూనుతవిలాస, పీఠికాపురనివాస,\nకుముదహితకోటిసంకాశ, కుక్కుటేశ!	["seq"]	["corr","seq"]	17	ే	ె	shorten	0	9	గలిదోషహెతుకమునఁ	false	1	0	15	||U	["బ","లు","రై"]	pdy-r-00125		
pdy-seesamu-0129	seesamu	upajaathi	""	train	బొగ్గులఁ దైలంబు బుట్టింపగా వచ్చు ధట్టించి జలరాశి దాటవచ్చు\nజెలరేఁగి ఘనదవానలము మ్రింగఁగ వచ్చు భుజగులఁ బేర్లుగాఁ బూనవచ్చు\nబెబ్బులి నఱచేతఁ బెనఁగి పట్టఁగ వచ్చు దివిరి ఱాతిని నార దీయవచ్చు\nగొదమసింగమును నక్కునఁ జేర్పఁగా వచ్చు గాలి పోగిడి మూట గట్టవచ్చు	true	బొగ్గులఁ దైలంబు బుట్టింపగా వచ్చు ధట్టించి జలరాశి దాటవచ్చు\nజెలరేఁగి ఘనదవానలము మ్రింగఁగ వచ్చు భుజగులఁ బేర్లుగాఁ బూనవచ్చు\nబెబ్బులి నఱచేతఁ బెనఁగి పట్టఁగ వచ్చు దివిరి ఱాతిని నార దీయవచ్చు\nగొదమసింగమును నక్కునఁ జేర్పఁగా వచ్చు గాలి పోగిడి మూట గట్టవచ్చు	[]	[]														pdy-r-00126		
pdy-seesamu-0130	seesamu	upajaathi	""	train	సల్లగా మాలదాసర సటారయగారి తిర్నామములు సాన తేప వింటి\nగొల్లమారన బోయ దెల్లఁగా సతికితే బొల్లేవు పోట్లాటలెల్ల యింటి\nజయన యెంకటబొట్లు సబ్బండుసారాలు పూరాండములు సెప్పఁ గోరి యింటి\nసరవయ్య బయలీదు జమిలికతొఁ బాడు నంకమ్మపాట లెన్నైన యింటి	false	సల్లగా మాలదాసర సటారయగారి తిర్నామములు సాన తేప వింటి\nగొల్లమారన బోయ దెల్లఁగా సతికితే బొల్లేవు పోట్లాటలెల్ల యింటి\nజయన యెంకటబొట్లు సబ్బండుసారాలు పూరాండములు సెప్పఁ గోరి యింటి\nసరవయ్య బయలీదు జమిలికతోఁ బాడు నంకమ్మపాట లెన్నైన యింటి	["seq"]	["corr","seq"]	190	ో	ొ	shorten	3	12	జమిలికతొఁ	false	6	3	86	|U|U	["తొ","బా","డు","నం"]	pdy-r-00127		
pdy-teytageethi-0130	teytageethi	upajaathi	""	test	గాని సీ యెద్దుమాంసుల కయితకంబు\nలందమనిపించు కాయల యందమండ్రు,\nభూనూతవిలాస, పీఠికాపురనివాస,\nకుముదహితకోటిసంకాశ, కుక్కుటేశ!	false	గాని సీ యెద్దుమాంసుల కయితకంబు\nలందమనిపించు కాయల యందమండ్రు,\nభూనుతవిలాస, పీఠికాపురనివాస,\nకుముదహితకోటిసంకాశ, కుక్కుటేశ!	["seq"]	["corr","seq"]	61	ు	ూ	lengthen	2	1	భూనూతవిలాస	false	2	0	26	UU|	["భూ","నూ","త"]	pdy-r-00128		
pdy-teytageethi-0133	teytageethi	upajaathi	""	train	పట్టిబుజములు గాలసబట్టెననెడు\nచెనటుల తెఱంగు లేమని చెప్పనేర్తు\nభూనుతవిలాస, పీఠికాపురనివాస,\nకుముదహితకోటిసంకాశ, కుక్కుటెశ!	false	పట్టిబుజములు గాలసబట్టెననెడు\nచెనటుల తెఱంగు లేమని చెప్పనేర్తు\nభూనుతవిలాస, పీఠికాపురనివాస,\nకుముదహితకోటిసంకాశ, కుక్కుటేశ!	["seq"]	["seq"]	114	ే	ె	shorten	3	12	కుక్కుటెశ	false	3	4	54	||	["టె","శ"]	pdy-r-00129		
pdy-seesamu-0136	seesamu	upajaathi	""	train	పాతపొత్తపుకట్ట సేత పట్టుకవచ్చి దోసిబాపఁడనంట దోసిలొట్టి\nజలము సంద్రుఁడటంట సనీ సాలదనుకొంట సెడుగు వాసారులు సెప్పుకుంట\nతిండికిఁ దెమ్మంట దేయిరింపుచు తూపె- తూపెకు సేతులు సాపు గాని\nమఱఁదలెన్నఁడు పెదమనిసైనదంటేను తప్పక మూత్రంబె సెప్పలేఁడు	false	పాతపొత్తపుకట్ట సేత పట్టుకవచ్చి దోసిబాపఁడనంట దోసిలొట్టి\nజలము సంద్రుఁడటంట సని సాలదనుకొంట సెడుగు వాసారులు సెప్పుకుంట\nతిండికిఁ దెమ్మంట దేయిరింపుచు తూపె- తూపెకు సేతులు సాపు గాని\nమఱఁదలెన్నఁడు పెదమనిసైనదంటేను తప్పక మూత్రంబె సెప్పలేఁడు	["seq"]	["seq"]	74	ి	ీ	lengthen	1	9	సనీ	false	2	2	33	|UU|	["స","నీ","సా","ల"]	pdy-r-00130		
pdy-seesamu-0137	seesamu	upajaathi	""	train	కరణాలటంటను కైలకట్టల యిప్పి పాతికలంటను పరిగలంట\nకాన్లంట గీన్లంట కలయి లేనియి కొన్ని సెల్లులు బాకీలు సెప్పుకొంట\nబిరబిర గంటాలు గిరగిర దిప్పుతా నాకులన్నియు నెడ గోఁకుకుంట\nయెగరాసి దిగరాసి సగమేసి యేగదొబ్బి కొంపలు పడదోసి సంపుతారు	false	కరణాలటంటను కైలకట్టల యిప్పి పాతికలంటను పరిగలంట\nకాన్లంట గీన్లంట కలయి లేనియి కొన్ని సెల్లులు బాకీలు సెప్పుకొంట\nబిరబిర గంటాలు గిరగిర దిప్పుతా నాకులన్నియు నెడ గోఁకుకుంట\nయెగరాసి దిగరాసి సగమేసి యెగదొబ్బి కొంపలు పడదోసి సంపుతారు	["seq"]	["corr","seq"]	188	ె	ే	lengthen	3	12	యేగదొబ్బి	false	7	0	89	|U||	["బ్బి","కొం","ప","లు"]	pdy-r-00131		
pdy-seesamu-0138	seesamu	upajaathi	""	train	యెద్దుమందను గూర్చి యెగసాయమిడితేను తుది నది యధికారి దోసుకొనియె\nదాపుదప్పులకంట దర్మకర్చులకంట కాసువీసము లాగె కరణపయ్య\nసల్లమ్మి పవకమ్మి సిల్లర దాసితే కోమటి నాబంటూకొడుకు దొబ్బె\nకళ్ళము కంకులు గాలిఁ బట్టగఁ బోతె బట్టుబాపనవోళ్ళు బతగనీయ-	false	యెద్దుమందను గూర్చి యెగసాయమిడితేను తుది నది యధికారి దోసుకొనియె\nదాపుదప్పులకంట దర్మకర్చులకంట కాసువీసము లాగె కరణపయ్య\nసల్లమ్మి పవకమ్మి సిల్లర దాసితే కోమటి నాబంటుకొడుకు దొబ్బె\nకళ్ళము కంకులు గాలిఁ బట్టగఁ బోతె బట్టుబాపనవోళ్ళు బతగనీయ-	["seq"]	["corr","seq"]	155	ు	ూ	lengthen	2	18	నాబంటూకొడుకు	false	5	1	70	UUU|	["నా","బం","టూ","కొ"]	pdy-r-00132		
pdy-teytageethi-0141	teytageethi	upajaathi	""	test	తస్కరుని చందమునఁ బదార్థములు మ్రుచ్చి-\nలించుచుఁ జరించు కుకవుల నెంచనెల?\nభూనుతవిలాస, పీఠికాపురనివాస,\nకుముదహితకోటిసంకాశ, కుక్కుటేశ!	false	తస్కరుని చందమునఁ బదార్థములు మ్రుచ్చి-\nలించుచుఁ జరించు కుకవుల నెంచనేల?\nభూనుతవిలాస, పీఠికాపురనివాస,\nకుముదహితకోటిసంకాశ, కుక్కుటేశ!	["seq"]	["corr","seq"]	66	ే	ె	shorten	1	12	నెంచనెల	false	1	4	27	||U	["నె","ల","భూ"]	pdy-r-00133		
pdy-seesamu-0142	seesamu	upajaathi	""	test	దేశాటనంబును దేవతోపాస్తియుఁ బండితస్నేహంబు బహుపురాణ-\nశోధకత్వము పరిశుద్ధతయును మహా- ప్రతిభయుఁ గల్పనాపాటవంబు\nఛందోముఖాశేషశాస్త్రవేదిత్వంబు సంగీతసాహిత్యసౌష్ఠవంబు\nనిఖిలకలానైపుణియూ నహంకారరా- హిత్యంబు జనహితకృత్యములును	false	దేశాటనంబును దేవతోపాస్తియుఁ బండితస్నేహంబు బహుపురాణ-\nశోధకత్వము పరిశుద్ధతయును మహా- ప్రతిభయుఁ గల్పనాపాటవంబు\nఛందోముఖాశేషశాస్త్రవేదిత్వంబు సంగీతసాహిత్యసౌష్ఠవంబు\nనిఖిలకలానైపుణియు నహంకారరా- హిత్యంబు జనహితకృత్యములును	["seq"]	["seq"]	170	ు	ూ	lengthen	3	8	నిఖిలకలానైపుణియూ	false	6	2	77	|U|U	["ణి","యూ","న","హం"]	pdy-r-00134		
pdy-teytageethi-0142	teytageethi	upajaathi	""	train	గలిగి కవిరాజ రాజశేఖరులు మెచ్చు\nకబ్బములూ గూర్చువాఁడె పో కవి యనంగ,\nభూనుతవిలాస, పీఠికాపురనివాస,\nకుముదహితకోటిసంకాశ, కుక్కుటేశ!	false	గలిగి కవిరాజ రాజశేఖరులు మెచ్చు\nకబ్బములు గూర్చువాఁడె పో కవి యనంగ,\nభూనుతవిలాస, పీఠికాపురనివాస,\nకుముదహితకోటిసంకాశ, కుక్కుటేశ!	["seq"]	["seq"]	38	ు	ూ	lengthen	1	3	కబ్బములూ	false	1	1	17	|UU|	["ము","లూ","గూ","ర్చు"]	pdy-r-00135		
pdy-teytageethi-0143	teytageethi	upajaathi	""	train	యనఁగ నెన్నిక గన్న లేయన్నుమిన్న\nదొరకి ఘను నిన్ను నుతిగొన్న పురుషుఁ డహహ,\nభూనుతవిలాస, పీఠికాపురనివాస,\nకుముదహితకోటిసంకాశ, కుక్కుటేశ!	true	యనఁగ నెన్నిక గన్న లేయన్నుమిన్న\nదొరకి ఘను నిన్ను నుతిగొన్న పురుషుఁ డహహ,\nభూనుతవిలాస, పీఠికాపురనివాస,\nకుముదహితకోటిసంకాశ, కుక్కుటేశ!	[]	[]														pdy-r-00136		
pdy-teytageethi-0144	teytageethi	upajaathi	""	train	మెలఁగుచుండెడి యిల్లాలు కలుగవలయు\nమహితభాగ్యాన్వితుండైన మానవునకు,\nభూనుతవిలాస, పీఠికాపురనివాస,\nకుమూదహితకోటిసంకాశ, కుక్కుటేశ!	false	మెలఁగుచుండెడి యిల్లాలు కలుగవలయు\nమహితభాగ్యాన్వితుండైన మానవునకు,\nభూనుతవిలాస, పీఠికాపురనివాస,\nకుముదహితకోటిసంకాశ, కుక్కుటేశ!	["seq"]	["seq"]	94	ు	ూ	lengthen	3	1	కుమూదహితకోటిసంకాశ	false	3	0	43	|U|	["కు","మూ","ద"]	pdy-r-00137		
pdy-teytageethi-0145	teytageethi	upajaathi	""	train	తవిలి పదుగురుబిడ్డల తల్లియైన\nవీడువవలెనండ్రు పెద్ద లిప్పుడమియందు,\nభూనుతవిలాస, పీఠికాపురనివాస,\nకుముదహితకోటిసంకాశ, కుక్కుటేశ!	false	తవిలి పదుగురుబిడ్డల తల్లియైన\nవిడువవలెనండ్రు పెద్ద లిప్పుడమియందు,\nభూనుతవిలాస, పీఠికాపురనివాస,\nకుముదహితకోటిసంకాశ, కుక్కుటేశ!	["seq"]	["corr","seq"]	30	ి	ీ	lengthen	1	0	వీడువవలెనండ్రు	false	1	2	20	|U|U	["డ్రు","పె","ద్ద","లి"]	pdy-r-00138		
pdy-teytageethi-0146	teytageethi	upajaathi	""	train	నెన్నఁబడు బేరజపురండ నేలుచుండు\nపురుషుని యభాగ్య మేమని పొగడవచ్చు\nభూనుతవిలాస, పీఠికాపురనివాస,\nకుముదహితకోటిసంకాశ, కుక్కుటేశ!	true	నెన్నఁబడు బేరజపురండ నేలుచుండు\nపురుషుని యభాగ్య మేమని పొగడవచ్చు\nభూనుతవిలాస, పీఠికాపురనివాస,\nకుముదహితకోటిసంకాశ, కుక్కుటేశ!	[]	[]														pdy-r-00139		
pdy-teytageethi-0147	teytageethi	upajaathi	""	train	నౌర వింతలు భూమిపై నాఁడుదాని\nమనసు దెలీయంగరాదు పద్మజునికైన,\nభూనుతవిలాస, పీఠికాపురనివాస,\nకుముదహితకోటిసంకాశ, కుక్కుటేశ!	false	నౌర వింతలు భూమిపై నాఁడుదాని\nమనసు దెలియంగరాదు పద్మజునికైన,\nభూనుతవిలాస, పీఠికాపురనివాస,\nకుముదహితకోటిసంకాశ, కుక్కుటేశ!	["seq"]	["seq"]	36	ి	ీ	lengthen	1	4	దెలీయంగరాదు	false	1	1	15	|UU|	["దె","లీ","యం","గ"]	pdy-r-00140		
pdy-teytageethi-0148	teytageethi	upajaathi	""	test	ప్రోది చేసినవానితోఁ బోరువాఁడు\nచెరు దుర్గతి నిహపరదూరుఁడగుచు,\nభూనుతవిలాస, పీఠికాపురనివాస,\nకుముదహితకోటిసంకాశ, కుక్కుటేశ!	false	ప్రోది చేసినవానితోఁ బోరువాఁడు\nచేరు దుర్గతి నిహపరదూరుఁడగుచు,\nభూనుతవిలాస, పీఠికాపురనివాస,\nకుముదహితకోటిసంకాశ, కుక్కుటేశ!	["seq"]	["corr","seq"]	31	ే	ె	shorten	1	0	చెరు	false	1	0	12	||U	["చె","రు","దు"]	pdy-r-00141		
pdy-teytageethi-0150	teytageethi	upajaathi	""	train	కూడదన్నను గవితలఁ గూర్చి బలిమి\nగుమతులకు నిచ్చువాఁ డొక్కకూళ సుమ్ము,\nభూనుతవిలాస, పీఠికాపురనివాస,\nకుముదహితకోటిసంకాశ, కుక్కుటెశ!	false	కూడదన్నను గవితలఁ గూర్చి బలిమి\nగుమతులకు నిచ్చువాఁ డొక్కకూళ సుమ్ము,\nభూనుతవిలాస, పీఠికాపురనివాస,\nకుముదహితకోటిసంకాశ, కుక్కుటేశ!	["seq"]	["seq"]	120	ే	ె	shorten	3	12	కుక్కుటెశ	false	3	4	54	||	["టె","శ"]	pdy-r-00142		
pdy-teytageethi-0151	teytageethi	upajaathi	""	dev	తొడరి సుజనులు ధరణిలో దుర్జనులకుఁ\nజేయు నుపకృతి వ్యర్థమై చెడు గదయ్య,\nభూనుతవిలాస, పిఠికాపురనివాస,\nకుముదహితకోటిసంకాశ, కుక్కుటేశ!	false	తొడరి సుజనులు ధరణిలో దుర్జనులకుఁ\nజేయు నుపకృతి వ్యర్థమై చెడు గదయ్య,\nభూనుతవిలాస, పీఠికాపురనివాస,\nకుముదహితకోటిసంకాశ, కుక్కుటేశ!	["seq"]	["corr","seq"]	80	ీ	ి	shorten	2	6	పిఠికాపురనివాస	false	2	3	40	||U	["ర","ని","వా"]	pdy-r-00143		
pdy-seesamu-0153	seesamu	upajaathi	""	train	పూదోఁటఁ గారెనుబోతు దూఱినయట్లు పైరులోఁ బెనుగాబు బలిసినట్లు\nగుడిమీద మఱ్ఱిమ్రాన్ గుదురు మీఱినయట్లు చెదపుర్వునకు ఱెక్కలొదవినట్లు\nవెరవొప్పఁ జెఱకున వెన్ను పుట్టినయట్లు తులసిలో గంజాయి మొలచినట్లు\nనట్టింట గడితంపుఁ బుట్ట పుట్టినయట్లు గందమ్ములోఁ బేడ కలిసినట్లు	true	పూదోఁటఁ గారెనుబోతు దూఱినయట్లు పైరులోఁ బెనుగాబు బలిసినట్లు\nగుడిమీద మఱ్ఱిమ్రాన్ గుదురు మీఱినయట్లు చెదపుర్వునకు ఱెక్కలొదవినట్లు\nవెరవొప్పఁ జెఱకున వెన్ను పుట్టినయట్లు తులసిలో గంజాయి మొలచినట్లు\nనట్టింట గడితంపుఁ బుట్ట పుట్టినయట్లు గందమ్ములోఁ బేడ కలిసినట్లు	[]	[]														pdy-r-00144		
pdy-teytageethi-0153	teytageethi	upajaathi	""	train	వంగడంబున నొక క్రూరవర్తనుండు\nపొడమి తత్ప్రాభవంబెల్ల నుడుగఁజేయు,\nభూనుతవిలాస, పీఠికాపురనీవాస,\nకుముదహితకోటిసంకాశ, కుక్కుటేశ!	false	వంగడంబున నొక క్రూరవర్తనుండు\nపొడమి తత్ప్రాభవంబెల్ల నుడుగఁజేయు,\nభూనుతవిలాస, పీఠికాపురనివాస,\nకుముదహితకోటిసంకాశ, కుక్కుటేశ!	["seq"]	["seq"]	84	ి	ీ	lengthen	2	11	పీఠికాపురనీవాస	false	2	3	36	||U	["పు","ర","నీ"]	pdy-r-00145		
pdy-teytageethi-0154	teytageethi	upajaathi	""	train	ధరణిఁ బెక్కండ్రు నీచవర్తనులలోన\nఘనుఁ డొకఁడు చిక్కి యేమియుఁ గాక యుండు,\nభూనుతవిలాస, పీఠికాపురనివాస,\nకుముదహితకోటిసంకాశ, కుక్కూటేశ!	false	ధరణిఁ బెక్కండ్రు నీచవర్తనులలోన\nఘనుఁ డొకఁడు చిక్కి యేమియుఁ గాక యుండు,\nభూనుతవిలాస, పీఠికాపురనివాస,\nకుముదహితకోటిసంకాశ, కుక్కుటేశ!	["seq"]	["seq"]	121	ు	ూ	lengthen	3	11	కుక్కూటేశ	false	3	3	52	UUU	["కు","క్కూ","టే"]	pdy-r-00146		
pdy-teytageethi-0155	teytageethi	upajaathi	""	train	ఘనున కోక నేరమించుక కలిగెనేని\nగొఱఁతగాఁ జూచి యెగ్గెన్నుకొనరు బుధులు,\nభూనుతవిలాస, పీఠికాపురనివాస,\nకుముదహితకోటిసంకాశ, కుక్కుటేశ!	false	ఘనున కొక నేరమించుక కలిగెనేని\nగొఱఁతగాఁ జూచి యెగ్గెన్నుకొనరు బుధులు,\nభూనుతవిలాస, పీఠికాపురనివాస,\nకుముదహితకోటిసంకాశ, కుక్కుటేశ!	["seq"]	["seq"]	6	ొ	ో	lengthen	0	3	కోక	true	0	2	6	|U||	["ర","మిం","చు","క"]	pdy-r-00147		
pdy-seesamu-0156	seesamu	upajaathi	""	train	కొఱగాని పంచమకులునైన నడిగించుఁ బరదేశమూలవెంటఁ దిరుగఁజేయుఁ\nగులములో వన్నె తక్కువయై మెలంగించు మదిని హింసాంభోధిఁ గుదురుపఱచు\nసభ నాడుమాట హాస్యరసాస్పదము సేయు తెలివి యొక్కపుడైనఁ గలుగనీదు\nతివిరి సాధులఁ బట్టి తెరవాట్లు కొట్టించు గడలేని యిడుమలఁ గుడువఁజేయు	false	కొఱగాని పంచమకులునైన నడిగించుఁ బరదేశములవెంటఁ దిరుగఁజేయుఁ\nగులములో వన్నె తక్కువయై మెలంగించు మదిని హింసాంభోధిఁ గుదురుపఱచు\nసభ నాడుమాట హాస్యరసాస్పదము సేయు తెలివి యొక్కపుడైనఁ గలుగనీదు\nతివిరి సాధులఁ బట్టి తెరవాట్లు కొట్టించు గడలేని యిడుమలఁ గుడువఁజేయు	["seq"]	["corr","seq"]	36	ు	ూ	lengthen	0	19	బరదేశమూలవెంటఁ	false	1	3	25	|U|	["గ","జే","యు"]	pdy-r-00148		
pdy-seesamu-0157	seesamu	upajaathi	""	train	కూలమున కెల్ల మిక్కిలితనం బొనఁగూడు నాడినమాటయే పాడి యెసఁగు\nనిఖిలవిద్యాభ్యాసనిపుణత లభియించుఁ జేసిన పనులెల్ల వాసికెక్కు\nమనుజేశ్వరాస్థానమాన్యత సమకూఱుఁ గడలేని తేజంబు గలిగియుండు\nకవిబుధవందిమాగధుల చెల్మి ఘటించుఁ బగరయైనను వెంటఁ బడి చరించు	false	కులమున కెల్ల మిక్కిలితనం బొనఁగూడు నాడినమాటయే పాడి యెసఁగు\nనిఖిలవిద్యాభ్యాసనిపుణత లభియించుఁ జేసిన పనులెల్ల వాసికెక్కు\nమనుజేశ్వరాస్థానమాన్యత సమకూఱుఁ గడలేని తేజంబు గలిగియుండు\nకవిబుధవందిమాగధుల చెల్మి ఘటించుఁ బగరయైనను వెంటఁ బడి చరించు	["seq"]	["corr","seq"]	1	ు	ూ	lengthen	0	0	కూలమున	false	0	1	3	|U|U	["న","కె","ల్ల","మి"]	pdy-r-00149		
pdy-teytageethi-0157	teytageethi	upajaathi	""	test	గలియుగంబున నబ్బబ్బ కలిమివంటి\nమంచివస్తువు కలదే యోజించి చూడ,\nభూనుతవిలాస, పీఠికాపురనివాస,\nకుముదహితకోటిసంకాశ, కుక్కుటేశ!	false	గలియుగంబున నబ్బబ్బ కలిమివంటి\nమంచివస్తువు కలదె యోజించి చూడ,\nభూనుతవిలాస, పీఠికాపురనివాస,\nకుముదహితకోటిసంకాశ, కుక్కుటేశ!	["seq"]	["seq"]	44	ె	ే	lengthen	1	7	కలదే	true	1	2	19	||UU	["క","ల","దే","యో"]	pdy-r-00150		
pdy-seesamu-0158	seesamu	upajaathi	""	train	బంధుజాతములోన బహుమాన మెడలించు సభలలో మాటాడఁ జనవులేదు\nపరమైన విజ్ఞానసరత సిద్ధించదు కుమతులు గెగ్గెర్లఁ గొట్టుచుంద్రు\nపరభూమి కేఁగినఁ బాటింపరెవ్వరుఁ బ్రతిభావీశేషంబు పట్టువడదు\nధారుణీపతు లొక్కదానమే నొసఁగరు కులసతి యతనిఁ దక్కువగఁ జూచు	false	బంధుజాతములోన బహుమాన మెడలించు సభలలో మాటాడఁ జనవులేదు\nపరమైన విజ్ఞానసరత సిద్ధించదు కుమతులు గెగ్గెర్లఁ గొట్టుచుంద్రు\nపరభూమి కేఁగినఁ బాటింపరెవ్వరుఁ బ్రతిభావిశేషంబు పట్టువడదు\nధారుణీపతు లొక్కదానమే నొసఁగరు కులసతి యతనిఁ దక్కువగఁ జూచు	["seq"]	["seq"]	150	ి	ీ	lengthen	2	16	బ్రతిభావీశేషంబు	false	5	0	65	||UU	["బ్ర","తి","భా","వీ"]	pdy-r-00151		
pdy-teytageethi-0161	teytageethi	upajaathi	""	dev	సిరులు నిలుకడలని నమ్మి చెనఁటూ లురక\nచెడుదు రెన్నడు ధర్మంబు సేయలేక,\nభూనుతవిలాస, పీఠికాపురనివాస,\nకుముదహితకోటిసంకాశ, కుక్కుటేశ!	false	సిరులు నిలుకడలని నమ్మి చెనఁటు లురక\nచెడుదు రెన్నడు ధర్మంబు సేయలేక,\nభూనుతవిలాస, పీఠికాపురనివాస,\nకుముదహితకోటిసంకాశ, కుక్కుటేశ!	["seq"]	["seq"]	28	ు	ూ	lengthen	0	13	చెనఁటూ	false	0	3	11	||U	["చె","న","టూ"]	pdy-r-00152		
pdy-seesamu-0162	seesamu	upajaathi	""	dev	భోగియై ప్రతిదినత్యాగియై పుణ్యసం- యోగియై సుజనానురాగి యగుచు\nదాతయై బుధజనత్రాతయై నిఖీలవి- జ్ఞాతయై కుశలసంధాత యగుచు\nధీరుఁడై రణరంగవీరుఁడై నిర్మలా- చారుఁడై నిరుపమోదారుఁ డగుచు\nశాంతుఁడై సదమలస్వాంతుఁడై కీర్తిది- గంతుఁడై పటుబలవంతుఁ డగుచు	false	భోగియై ప్రతిదినత్యాగియై పుణ్యసం- యోగియై సుజనానురాగి యగుచు\nదాతయై బుధజనత్రాతయై నిఖిలవి- జ్ఞాతయై కుశలసంధాత యగుచు\nధీరుఁడై రణరంగవీరుఁడై నిర్మలా- చారుఁడై నిరుపమోదారుఁ డగుచు\nశాంతుఁడై సదమలస్వాంతుఁడై కీర్తిది- గంతుఁడై పటుబలవంతుఁ డగుచు	["seq"]	["seq"]	80	ి	ీ	lengthen	1	11	నిఖీలవి	false	2	3	35	|U|U	["ని","ఖీ","ల","వి"]	pdy-r-00153		
pdy-seesamu-0163	seesamu	upajaathi	""	test	ఘూకంబు తెఱఁగున గొందుల నిరుకుచు భుజగంబు చాడ్పున బుస్సుమనుచు\nబెబ్బులి కరణిఁ గంపిల డాక సేయుచు భేకంబూ గతి మేనిబెంపు గనుచు\nభల్లూకమట్లు చొప్పడ విఱ్ఱవీఁగుచు నాఁబోతు కైవడి నాముకొనుచు\nగోమాయువట్ల యెన్నోమాయ లూనుచుఁ గ్రోడంబువలెఁ గొరకొర నెగపుచు	false	ఘూకంబు తెఱఁగున గొందుల నిరుకుచు భుజగంబు చాడ్పున బుస్సుమనుచు\nబెబ్బులి కరణిఁ గంపిల డాక సేయుచు భేకంబు గతి మేనిబెంపు గనుచు\nభల్లూకమట్లు చొప్పడ విఱ్ఱవీఁగుచు నాఁబోతు కైవడి నాముకొనుచు\nగోమాయువట్ల యెన్నోమాయ లూనుచుఁ గ్రోడంబువలెఁ గొరకొర నెగపుచు	["seq"]	["corr","seq"]	96	ు	ూ	lengthen	1	16	భేకంబూ	false	3	0	40	UUU|	["భే","కం","బూ","గ"]	pdy-r-00154		
pdy-teytageethi-0167	teytageethi	upajaathi	""	dev	కాక తన పొట్టకై ప్రజఁ గలఁచు దురీత-\nరతుఁడు వాఁ డొక రాజా తరాజు గాక,\nభూనుతవిలాస, పీఠికాపురనివాస,\nకుముదహితకోటిసంకాశ, కుక్కుటేశ!	false	కాక తన పొట్టకై ప్రజఁ గలఁచు దురిత-\nరతుఁడు వాఁ డొక రాజా తరాజు గాక,\nభూనుతవిలాస, పీఠికాపురనివాస,\nకుముదహితకోటిసంకాశ, కుక్కుటేశ!	["seq"]	["seq"]	30	ి	ీ	lengthen	0	13	దురీత	false	0	4	12	|U|	["దు","రీ","త"]	pdy-r-00155		
pdy-seesamu-0169	seesamu	upajaathi	""	train	మొదవుల బదివేలు కదుపులు గూర్చిన దూడ యొక్కటియైనఁ దోడరాదు\nమాత లసంఖ్యముల్ మాటుగా నించినఁ బసిఁడి వీసమూను వెంబడిని రాదు\nకోకలు మేట్లుగా గొట్ల నిండించిన గుడ్డ యొక్కటియైనఁ గూడరాము\nగొలుసులు రాసులు బలుపాతరల నిడ్డ గింజ యొక్కటియన గెలన రాదు	false	మొదవుల బదివేలు కదుపులు గూర్చిన దూడ యొక్కటియైనఁ దోడరాదు\nమాత లసంఖ్యముల్ మాటుగా నించినఁ బసిఁడి వీసమును వెంబడిని రాదు\nకోకలు మేట్లుగా గొట్ల నిండించిన గుడ్డ యొక్కటియైనఁ గూడరాము\nగొలుసులు రాసులు బలుపాతరల నిడ్డ గింజ యొక్కటియన గెలన రాదు	["seq"]	["seq"]	96	ు	ూ	lengthen	1	17	వీసమూను	false	3	1	42	|U|U	["స","మూ","ను","వెం"]	pdy-r-00156		
pdy-teytageethi-0169	teytageethi	upajaathi	""	test	కావున నొడళ్ళు నిల్కడల్ కావటంచుఁ\nజెలఁగి సుజనులు ధర్మంబు సెయుచుంద్రు,\nభూనుతవిలాస, పీఠికాపురనివాస,\nకుముదహితకోటిసంకాశ, కుక్కుటేశ!	false	కావున నొడళ్ళు నిల్కడల్ కావటంచుఁ\nజెలఁగి సుజనులు ధర్మంబు సేయుచుంద్రు,\nభూనుతవిలాస, పీఠికాపురనివాస,\nకుముదహితకోటిసంకాశ, కుక్కుటేశ!	["seq"]	["corr","seq"]	56	ే	ె	shorten	1	10	సెయుచుంద్రు	false	1	3	23	||U	["సె","యు","చుం"]	pdy-r-00157		
pdy-seesamu-0171	seesamu	upajaathi	""	train	నిరతాన్నదానవైఖరిఁ జెలంగెడివారు నెనరొప్ప దీనుల మనుచువారు\nగోవిప్రబాంధవగురుభక్తి గలవారూ శివు విష్ణుఁ బూజలు సేయువారు\nపరధన పరవధూపరతఁ జెందనివారు పరహితాచరణులై పరఁగువారు\nసుజ్ఞానసహితులై సొబగు మీఱెడివారు సత్యవచోరూఢి సలుపువారు	false	నిరతాన్నదానవైఖరిఁ జెలంగెడివారు నెనరొప్ప దీనుల మనుచువారు\nగోవిప్రబాంధవగురుభక్తి గలవారు శివు విష్ణుఁ బూజలు సేయువారు\nపరధన పరవధూపరతఁ జెందనివారు పరహితాచరణులై పరఁగువారు\nసుజ్ఞానసహితులై సొబగు మీఱెడివారు సత్యవచోరూఢి సలుపువారు	["seq"]	["seq"]	83	ు	ూ	lengthen	1	13	గలవారూ	false	2	3	37	||UU	["గ","ల","వా","రూ"]	pdy-r-00158		
pdy-teytageethi-0171	teytageethi	upajaathi	""	dev	తలఁపులోపల ననయంబు ధర్మకార్య-\nనిష్ఠ గలవార లందఱు నీకుఁ బ్రియులు,\nభూనుతవిలాస, పీఠికాపురనీవాస,\nకుముదహితకోటిసంకాశ, కుక్కుటేశ!	false	తలఁపులోపల ననయంబు ధర్మకార్య-\nనిష్ఠ గలవార లందఱు నీకుఁ బ్రియులు,\nభూనుతవిలాస, పీఠికాపురనివాస,\nకుముదహితకోటిసంకాశ, కుక్కుటేశ!	["seq"]	["seq"]	84	ి	ీ	lengthen	2	11	పీఠికాపురనీవాస	false	2	3	37	||U	["పు","ర","నీ"]	pdy-r-00159		
pdy-teytageethi-0172	teytageethi	upajaathi	""	train	బుధుల కెప్పుడు ని పదాంభోజయుగళ-\nపూజనాసక్తి వెలలేని భూషణంబు,\nభూనుతవిలాస, పీఠికాపురనివాస,\nకుముదహితకోటిసంకాశ, కుక్కుటేశ!	false	బుధుల కెప్పుడు నీ పదాంభోజయుగళ-\nపూజనాసక్తి వెలలేని భూషణంబు,\nభూనుతవిలాస, పీఠికాపురనివాస,\nకుముదహితకోటిసంకాశ, కుక్కుటేశ!	["seq"]	["corr","seq"]	16	ీ	ి	shorten	0	6	ని	true	0	2	6	||UU	["ని","ప","దాం","భో"]	pdy-r-00160		
pdy-teytageethi-0173	teytageethi	upajaathi	""	train	నిఖిలలొకైకభర్తకు నీకు నొక్క\nబిల్వదళ మార్యవర్యు లర్పించుచుంద్రు,\nభూనుతవిలాస, పీఠికాపురనివాస,\nకుముదహితకోటిసంకాశ, కుక్కుటేశ!	false	నిఖిలలోకైకభర్తకు నీకు నొక్క\nబిల్వదళ మార్యవర్యు లర్పించుచుంద్రు,\nభూనుతవిలాస, పీఠికాపురనివాస,\nకుముదహితకోటిసంకాశ, కుక్కుటేశ!	["seq"]	["corr","seq"]	6	ో	ొ	shorten	0	3	నిఖిలలొకైకభర్తకు	false	0	1	3	|U|U	["లొ","కై","క","భ"]	pdy-r-00161		
pdy-teytageethi-0175	teytageethi	upajaathi	""	test	కటకటా యెన్నఁడును దెల్వి గలిగి నిన్నుఁ\nజేరి భజియింపకే ప్రాణి చెడు గదయ్య,\nభూనుతవిలాస, పీఠికాపురనీవాస,\nకుముదహితకోటిసంకాశ, కుక్కుటేశ!	false	కటకటా యెన్నఁడును దెల్వి గలిగి నిన్నుఁ\nజేరి భజియింపకే ప్రాణి చెడు గదయ్య,\nభూనుతవిలాస, పీఠికాపురనివాస,\nకుముదహితకోటిసంకాశ, కుక్కుటేశ!	["seq"]	["seq"]	94	ి	ీ	lengthen	2	11	పీఠికాపురనీవాస	false	2	3	38	||U	["పు","ర","నీ"]	pdy-r-00162		
pdy-teytageethi-0176	teytageethi	upajaathi	""	train	లోనిచూపునఁ దగఁ దమలోనఁ గాంచి\nసోఽహమనూవారె సంతతోత్సాహమతులు,\nభూనుతవిలాస, పీఠికాపురనివాస,\nకుముదహితకోటిసంకాశ, కుక్కుటేశ!	false	లోనిచూపునఁ దగఁ దమలోనఁ గాంచి\nసోఽహమనువారె సంతతోత్సాహమతులు,\nభూనుతవిలాస, పీఠికాపురనివాస,\nకుముదహితకోటిసంకాశ, కుక్కుటేశ!	["seq"]	["seq"]	34	ు	ూ	lengthen	1	3	సోఽహమనూవారె	false	1	1	15	|UU|	["మ","నూ","వా","రె"]	pdy-r-00163		
pdy-seesamu-0177	seesamu	upajaathi	""	train	వాయుభక్షణ చేసి వనటఁ గుందదె పాము గుహలలో దూఱదే గూబపులుఁగు\nవృక్షశాఖలమీఁద వ్రేలుచుండదె పక్షి కానలఁ దిరుగదే వానరంబు\nచెలరేఁగి కూయదే ఝిల్లికాకూటంబు గహ్వరి దిరుగదే గంగిరెద్దు\nనిట మునుంగదే మాటిమాటికిఁ గప్ప యాకులు మెసవదే మేఁకపిల్ల	false	వాయుభక్షణ చేసి వనటఁ గుందదె పాము గుహలలో దూఱదే గూబపులుఁగు\nవృక్షశాఖలమీఁద వ్రేలుచుండదె పక్షి కానలఁ దిరుగదే వానరంబు\nచెలరేఁగి కూయదే ఝిల్లికాకూటంబు గహ్వరి దిరుగదే గంగిరెద్దు\nనీట మునుంగదే మాటిమాటికిఁ గప్ప యాకులు మెసవదే మేఁకపిల్ల	["seq"]	["corr","seq"]	168	ీ	ి	shorten	3	0	నిట	true	6	1	80	|UU|	["గ","దే","మా","టి"]	pdy-r-00164		
pdy-teytageethi-0177	teytageethi	upajaathi	""	train	యెన్ని తెఱఁగులఁ బొరలుచునున్న నిన్ను\nలీలఁ గొలువని ఖలునకు లేదు ముక్తీ,\nభూనుతవిలాస, పీఠికాపురనివాస,\nకుముదహితకోటిసంకాశ, కుక్కుటేశ!	false	యెన్ని తెఱఁగులఁ బొరలుచునున్న నిన్ను\nలీలఁ గొలువని ఖలునకు లేదు ముక్తి,\nభూనుతవిలాస, పీఠికాపురనివాస,\nకుముదహితకోటిసంకాశ, కుక్కుటేశ!	["seq"]	["corr","seq"]	66	ి	ీ	lengthen	1	13	ముక్తీ	false	1	4	26	UUU	["ము","క్తీ","భూ"]	pdy-r-00165		
pdy-teytageethi-0180	teytageethi	upajaathi	""	train	చిత్త మిగురొత్త నినుఁ బూజ సేయలేని\nనరుని జన్మము మహిషజన్మము గదయ్య,\nభూనుతవీలాస, పీఠికాపురనివాస,\nకుముదహితకోటిసంకాశ, కుక్కుటేశ!	false	చిత్త మిగురొత్త నినుఁ బూజ సేయలేని\nనరుని జన్మము మహిషజన్మము గదయ్య,\nభూనుతవిలాస, పీఠికాపురనివాస,\nకుముదహితకోటిసంకాశ, కుక్కుటేశ!	["seq"]	["seq"]	71	ి	ీ	lengthen	2	3	భూనుతవీలాస	false	2	1	31	|UU|	["త","వీ","లా","స"]	pdy-r-00166		
pdy-teytageethi-0181	teytageethi	upajaathi	""	train	ప్రభుభుజానీతభూరివైభవనీమగ్న-\nవిద్వదవతంస మల్పుల వేడఁ జనునె?\nభూనుతవిలాస, పీఠికాపురనివాస,\nకుముదహితకోటిసంకాశ, కుక్కుటేశ!	false	ప్రభుభుజానీతభూరివైభవనిమగ్న-\nవిద్వదవతంస మల్పుల వేడఁ జనునె?\nభూనుతవిలాస, పీఠికాపురనివాస,\nకుముదహితకోటిసంకాశ, కుక్కుటేశ!	["seq"]	["seq"]	21	ి	ీ	lengthen	0	11	ప్రభుభుజానీతభూరివైభవనీమగ్న	false	0	3	9	||U	["భ","వ","నీ"]	pdy-r-00167		
pdy-seesamu-0183	seesamu	upajaathi	""	train	పురుషోత్తమము భద్రగిరి యహోబలము శ్రీ- శైలంబు వేంకటాచలము కాంచి\nసింహాచలంబును శ్రీరంగమును ప్రయా- గంబు కేదారంబూ కాళహస్తి\nకుంభకోణంబు శ్రీకూర్మంబు కాశి సు- బ్రహ్మణ్యమును చిదంబర మయోధ్య\nభీమేశ్వరంబును రామేశ్వరంబును గోకర్ణమును హిమక్షోణిధరము	false	పురుషోత్తమము భద్రగిరి యహోబలము శ్రీ- శైలంబు వేంకటాచలము కాంచి\nసింహాచలంబును శ్రీరంగమును ప్రయా- గంబు కేదారంబు కాళహస్తి\nకుంభకోణంబు శ్రీకూర్మంబు కాశి సు- బ్రహ్మణ్యమును చిదంబర మయోధ్య\nభీమేశ్వరంబును రామేశ్వరంబును గోకర్ణమును హిమక్షోణిధరము	["seq"]	["corr","seq"]	104	ు	ూ	lengthen	1	18	కేదారంబూ	false	3	1	43	UUUU	["దా","రం","బూ","కా"]	pdy-r-00168		
pdy-teytageethi-0184	teytageethi	upajaathi	""	train	సకలబ్రహ్మాండభాండరక్షణకలాభి-\nరామునకూ నీకు ననుఁ బ్రోచుటేమి వింత?\nభూనుతవిలాస, పీఠికాపురనివాస,\nకుముదహితకోటిసంకాశ, కుక్కుటేశ!	false	సకలబ్రహ్మాండభాండరక్షణకలాభి-\nరామునకు నీకు ననుఁ బ్రోచుటేమి వింత?\nభూనుతవిలాస, పీఠికాపురనివాస,\nకుముదహితకోటిసంకాశ, కుక్కుటేశ!	["seq"]	["seq"]	34	ు	ూ	lengthen	1	3	రామునకూ	false	1	1	16	|UU|	["న","కూ","నీ","కు"]	pdy-r-00169		
pdy-teytageethi-0186	teytageethi	upajaathi	""	train	నిన్నూ సేవింతు భావింతు సన్నుతింతుఁ\nబ్రేమ యేపార సాక్షాత్కరింపుమయ్య,\nభూనుతవిలాస, పీఠికాపురనివాస,\nకుముదహితకోటిసంకాశ, కుక్కుటేశ!	false	నిన్ను సేవింతు భావింతు సన్నుతింతుఁ\nబ్రేమ యేపార సాక్షాత్కరింపుమయ్య,\nభూనుతవిలాస, పీఠికాపురనివాస,\nకుముదహితకోటిసంకాశ, కుక్కుటేశ!	["seq"]	["corr","seq"]	5	ు	ూ	lengthen	0	1	నిన్నూ	false	0	0	0	UUU	["ని","న్నూ","సే"]	pdy-r-00170		
pdy-seesamu-0187	seesamu	upajaathi	""	train	సాలెపుర్వునకుఁ కుంజరమున కహికిని ముక్తి యొసంగిన భక్తసులభ!\nజముని దక్షుని పరాశరతనూజుని గర్వ- దూరులఁ జేసిన భూరిశౌర్య!\nహరీ విరించన పురందరుల కఖండవై- భవము లొసంగిన భువనజనక!\nనంది భృంగీశ బాణ దశాననుల మహా- ప్రమథులఁ జేసిన విమలచరిత!	false	సాలెపుర్వునకుఁ కుంజరమున కహికిని ముక్తి యొసంగిన భక్తసులభ!\nజముని దక్షుని పరాశరతనూజుని గర్వ- దూరులఁ జేసిన భూరిశౌర్య!\nహరి విరించన పురందరుల కఖండవై- భవము లొసంగిన భువనజనక!\nనంది భృంగీశ బాణ దశాననుల మహా- ప్రమథులఁ జేసిన విమలచరిత!	["seq"]	["seq"]	116	ి	ీ	lengthen	2	1	హరీ	true	4	0	52	|U|U	["హ","రీ","వి","రిం"]	pdy-r-00171		
pdy-teytageethi-0189	teytageethi	upajaathi	""	train	జగతిలోపలఁ గారణజన్ము లొక్క\nకానియెడఁ బుట్టీయుఁ బ్రసిద్ధిఁ గాంచుచుంద్రు,\nభూనుతవిలాస, పీఠికాపురనివాస,\nకుముదహితకోటిసంకాశ, కుక్కుటేశ!	false	జగతిలోపలఁ గారణజన్ము లొక్క\nకానియెడఁ బుట్టియుఁ బ్రసిద్ధిఁ గాంచుచుంద్రు,\nభూనుతవిలాస, పీఠికాపురనివాస,\nకుముదహితకోటిసంకాశ, కుక్కుటేశ!	["seq"]	["seq"]	40	ి	ీ	lengthen	1	5	బుట్టీయుఁ	false	1	1	15	||UU	["యె","డ","బు","ట్టీ"]	pdy-r-00172		
pdy-seesamu-0191	seesamu	upajaathi	""	train	గజముపై మహీషంబు కాలు ద్రవ్వెడునట్లు కొండతోఁ దగరు డీకొనినయట్లు\nకార్చిచ్చుపైఁ బతంగము తారసిలునట్లు మృగరాజుపై నక్క మొగియునట్లు\nబెబ్బులితో జింక పెనఁగఁబోయినయట్లు పెనుబాముపైఁ గప్ప చనినయట్లు\nపిల్లితో నెలుక దర్పించి దార్కొనునట్లు తోడేలితో మేఁక దొడరునట్లు	false	గజముపై మహిషంబు కాలు ద్రవ్వెడునట్లు కొండతోఁ దగరు డీకొనినయట్లు\nకార్చిచ్చుపైఁ బతంగము తారసిలునట్లు మృగరాజుపై నక్క మొగియునట్లు\nబెబ్బులితో జింక పెనఁగఁబోయినయట్లు పెనుబాముపైఁ గప్ప చనినయట్లు\nపిల్లితో నెలుక దర్పించి దార్కొనునట్లు తోడేలితో మేఁక దొడరునట్లు	["seq"]	["seq"]	9	ి	ీ	lengthen	0	5	మహీషంబు	false	0	1	4	|UU|	["మ","హీ","షం","బు"]	pdy-r-00173		
pdy-teytageethi-0191	teytageethi	upajaathi	""	train	క్రూరు లొక కొంద రసమానవైర మూని\nపోరుచుందురు ఘనులతో బుద్ధిమాలి\nభూనుతవిలాస, పీఠికాపురనివాస,\nకుముదహితకోటిసంకాశ, కుక్కుటేశ!	true	క్రూరు లొక కొంద రసమానవైర మూని\nపోరుచుందురు ఘనులతో బుద్ధిమాలి\nభూనుతవిలాస, పీఠికాపురనివాస,\nకుముదహితకోటిసంకాశ, కుక్కుటేశ!	[]	[]														pdy-r-00174		
pdy-teytageethi-0192	teytageethi	upajaathi	""	train	మంచిదని సెప్పి సూకలు మానెఁ డన్నీ\nకొల్లఁగొనిపోయె నని మూర్ఖకోటి పలుకు,\nభూనుతవిలాస, పీఠికాపురనివాస,\nకుముదహితకోటిసంకాశ, కుక్కుటేశ!	false	మంచిదని సెప్పి సూకలు మానెఁ డన్ని\nకొల్లఁగొనిపోయె నని మూర్ఖకోటి పలుకు,\nభూనుతవిలాస, పీఠికాపురనివాస,\nకుముదహితకోటిసంకాశ, కుక్కుటేశ!	["seq"]	["corr","seq"]	31	ి	ీ	lengthen	0	12	డన్నీ	false	0	4	11	UUU	["డ","న్నీ","కొ"]	pdy-r-00175		
pdy-teytageethi-0196	teytageethi	upajaathi	""	train	అవనిలోపల ఖలుని నెయ్యంబు మీఱ\nమనుపఁ జనువానిఁ జేఱుపక మానఁగలఁడె?\nభూనుతవిలాస, పీఠికాపురనివాస,\nకుముదహితకోటిసంకాశ, కుక్కుటేశ!	false	అవనిలోపల ఖలుని నెయ్యంబు మీఱ\nమనుపఁ జనువానిఁ జెఱుపక మానఁగలఁడె?\nభూనుతవిలాస, పీఠికాపురనివాస,\nకుముదహితకోటిసంకాశ, కుక్కుటేశ!	["seq"]	["corr","seq"]	44	ె	ే	lengthen	1	7	జేఱుపక	false	1	3	24	|U|	["క","మా","న"]	pdy-r-00176		
pdy-teytageethi-0198	teytageethi	upajaathi	""	train	శివశివా ధాత్రిఁ దా వలచిన వధూటిఁ\nబాయు వెత వద్దు సుమ్మెట్టి పలువకైన,\nభూనుతవిలాస, పీఠికాపురనివాస,\nకుముదహితకోటిసంకాశ, కుక్కుటేశ!	true	శివశివా ధాత్రిఁ దా వలచిన వధూటిఁ\nబాయు వెత వద్దు సుమ్మెట్టి పలువకైన,\nభూనుతవిలాస, పీఠికాపురనివాస,\nకుముదహితకోటిసంకాశ, కుక్కుటేశ!	[]	[]														pdy-r-00177		
pdy-kandamu-0103	kandamu	jaathi	""	train	శ్రీభామినీ మనోహర\nసౌభాగ్యు దయాస్వభావు సారసనాభు\nన్‌ లొ భావించెద నీకు\nన్‌ వైభవము లొసంగుచుండ వసుధ కుమారా!	false	శ్రీభామినీ మనోహర\nసౌభాగ్యు దయాస్వభావు సారసనాభు\nన్‌ లో భావించెద నీకు\nన్‌ వైభవము లొసంగుచుండ వసుధ కుమారా!	["seq"]	["corr","seq"]	51	ో	ొ	shorten	2	0	లొ	true	2	0	21	|UU|	["న్లొ","భా","విం","చె"]	pdy-r-00178		
pdy-kandamu-0112	kandamu	jaathi	""	train	పోషకుల మతమూఁ గనుఁగొని\nభూషింపక కాని ముదముఁ బొందఁడు మఱియు\nన్‌ దోషముల నెంచుచుండును\nదోషివయిన మిగులఁ గీడు దోఁచుఁ గుమారా!	false	పోషకుల మతముఁ గనుఁగొని\nభూషింపక కాని ముదముఁ బొందఁడు మఱియు\nన్‌ దోషముల నెంచుచుండును\nదోషివయిన మిగులఁ గీడు దోఁచుఁ గుమారా!	["seq"]	["seq"]	10	ు	ూ	lengthen	0	6	మతమూఁ	false	0	1	3	|||U	["ల","మ","త","మూ"]	pdy-r-00179		
pdy-kandamu-0117	kandamu	jaathi	""	test	సదమల మతితోఁ బెద్దల\nమది కింపుగ మెలఁగు, నింద మానుము పరుల\nన్‌ మృదు మార్గములను వదలకు\nవీదితంబుగ దానఁగీర్తి వెలయుఁ గుమారా!	false	సదమల మతితోఁ బెద్దల\nమది కింపుగ మెలఁగు, నింద మానుము పరుల\nన్‌ మృదు మార్గములను వదలకు\nవిదితంబుగ దానఁగీర్తి వెలయుఁ గుమారా!	["seq"]	["corr","seq"]	82	ి	ీ	lengthen	3	0	వీదితంబుగ	false	3	0	37	U|U|	["వీ","ది","తం","బు"]	pdy-r-00180		
pdy-kandamu-0118	kandamu	jaathi	""	train	ఆచార్యున కెదిరింపకు\nబ్రోచిన దొర నిందసేయఁ బోకూము కార్యా\nలోచనము లొంటిజేయకు\nమాచారము విడువఁబోకుమయ్య! కుమారా!	false	ఆచార్యున కెదిరింపకు\nబ్రోచిన దొర నిందసేయఁ బోకుము కార్యా\nలోచనము లొంటిజేయకు\nమాచారము విడువఁబోకుమయ్య! కుమారా!	["seq"]	["seq"]	44	ు	ూ	lengthen	1	10	బోకూము	false	1	4	20	|UU	["ము","కా","ర్యా"]	pdy-r-00181		
pdy-kandamu-0122	kandamu	jaathi	""	train	నగఁగూడదు పరసతిఁ గనఁ\nదగు మాతృసమాన మెన్నఁ దగు నెవ్వరితోఁ\nబగ గూడదొరుల నిందిం\nపగఁగూడదు గనుము వృద్ధ పథము కుమారా!	true	నగఁగూడదు పరసతిఁ గనఁ\nదగు మాతృసమాన మెన్నఁ దగు నెవ్వరితోఁ\nబగ గూడదొరుల నిందిం\nపగఁగూడదు గనుము వృద్ధ పథము కుమారా!	[]	[]														pdy-r-00182		
pdy-kandamu-0125	kandamu	jaathi	""	train	తనకును విద్యాభ్యాసం\nబును జేసిన వానికన్న బొలుపుఁగ బదిరె\nట్లను దూఁగూఁ దండ్రి, వానికి\nజననియుఁ బదిరెట్లు తూఁగు జగతి కుమారా!	false	తనకును విద్యాభ్యాసం\nబును జేసిన వానికన్న బొలుపుఁగ బదిరె\nట్లను దూఁగుఁ దండ్రి, వానికి\nజననియుఁ బదిరెట్లు తూఁగు జగతి కుమారా!	["seq"]	["seq"]	65	ు	ూ	lengthen	2	3	దూఁగూఁ	false	2	2	29	|U||	["డ్రి","వా","ని","కి"]	pdy-r-00183		
pdy-kandamu-0131	kandamu	jaathi	""	train	లోకులు తనుఁ గొనీయాడ వి\nవేకి యదియు నింద గాక విననొల్లఁడు సు\nశ్లోకుల చరితం బిట్టిది\nచేకొనవలె నట్టి నడత చిన్ని కుమారా!	false	లోకులు తనుఁ గొనియాడ వి\nవేకి యదియు నింద గాక విననొల్లఁడు సు\nశ్లోకుల చరితం బిట్టిది\nచేకొనవలె నట్టి నడత చిన్ని కుమారా!	["seq"]	["seq"]	15	ి	ీ	lengthen	0	6	గొనీయాడ	false	0	1	3	|||U	["త","ను","గొ","నీ"]	pdy-r-00184		
pdy-kandamu-0133	kandamu	jaathi	""	dev	వగవకు గడిచిన దానికిఁ\nబొగడకు దుర్మతుల నెపుడు, పొసగని పనీకై\nయొగి దీనత నొందకుమీ\nతగ దైవగతిం బొసంగు ధరను గుమారా!	false	వగవకు గడిచిన దానికిఁ\nబొగడకు దుర్మతుల నెపుడు, పొసగని పనికై\nయొగి దీనత నొందకుమీ\nతగ దైవగతిం బొసంగు ధరను గుమారా!	["seq"]	["seq"]	54	ి	ీ	lengthen	1	16	పనీకై	false	1	4	26	|UU	["ప","నీ","కై"]	pdy-r-00185		
pdy-kandamu-0137	kandamu	jaathi	""	dev	ఒరు లెవ్వరేని దనతోఁ\nబరిభాషించినను మేలు పలూకవలయు సా\nదరము గల చోటఁ గీడు\nన్గరము నొనర్పంగరాదు గదర! కుమారా!	false	ఒరు లెవ్వరేని దనతోఁ\nబరిభాషించినను మేలు పలుకవలయు సా\nదరము గల చోటఁ గీడు\nన్గరము నొనర్పంగరాదు గదర! కుమారా!	["seq"]	["seq"]	41	ు	ూ	lengthen	1	10	పలూకవలయు	false	1	3	18	|U||	["ప","లూ","క","వ"]	pdy-r-00186		
pdy-kandamu-0138	kandamu	jaathi	""	train	సిరి చేర్చు బంధువుల నా\nసిరియే శుభముల నొసంగు చెలువులఁ గూర్చు\nన్‌ సిరియే గుణవంతుండని\nధరలోఁబోగడించునంచుఁ దలఁపు కుమారా!	false	సిరి చేర్చు బంధువుల నా\nసిరియే శుభముల నొసంగు చెలువులఁ గూర్చు\nన్‌ సిరియే గుణవంతుండని\nధరలోఁబొగడించునంచుఁ దలఁపు కుమారా!	["seq"]	["corr","seq"]	89	ొ	ో	lengthen	3	3	ధరలోఁబోగడించునంచుఁ	false	3	1	37	U|U|	["బో","గ","డిం","చు"]	pdy-r-00187		
pdy-kandamu-0139	kandamu	jaathi	""	train	ఆకులతఁబడకు మాపద,\nనేకతమునఁ జనకూ త్రోవ, నింతికిఁదగు నం\nతే కాని చన వొసంగకు,\nలోకులు నిన్నెన్న సుగుణ లోల! కుమారా!	false	ఆకులతఁబడకు మాపద,\nనేకతమునఁ జనకు త్రోవ, నింతికిఁదగు నం\nతే కాని చన వొసంగకు,\nలోకులు నిన్నెన్న సుగుణ లోల! కుమారా!	["seq"]	["corr","seq"]	29	ు	ూ	lengthen	1	7	జనకూ	false	1	2	17	UU|U	["కూ","త్రో","వ","నిం"]	pdy-r-00188		
pdy-kandamu-0140	kandamu	jaathi	""	train	తనదు కులాంగన యాలో\nచనమున మంత్రియును భుక్తి సమయంబునఁ దా\nజననియు రతిలో రంభా\nవనజేక్షణ యయినఁ బుణ్య వశమూ కుమారా!	false	తనదు కులాంగన యాలో\nచనమున మంత్రియును భుక్తి సమయంబునఁ దా\nజననియు రతిలో రంభా\nవనజేక్షణ యయినఁ బుణ్య వశము కుమారా!	["seq"]	["seq"]	96	ు	ూ	lengthen	3	12	వశమూ	false	3	4	47	|UU	["కు","మా","రా"]	pdy-r-00189		
pdy-kandamu-0141	kandamu	jaathi	""	train	మనుజుఁడు సభ్యుఁడు దానై\nగనియున్న యధార్థమెల్ల గానని యట్లా\nమనుజుండు పలుకకున్నను\nఘనమగు పాతకము నాఁడు గనును గుమారా!	true	మనుజుఁడు సభ్యుఁడు దానై\nగనియున్న యధార్థమెల్ల గానని యట్లా\nమనుజుండు పలుకకున్నను\nఘనమగు పాతకము నాఁడు గనును గుమారా!	[]	[]														pdy-r-00190		
pdy-kandamu-0144	kandamu	jaathi	""	train	తనుజులను గురుల వృద్ధుల\nజననీ జనకులను సాధు జనుల నెఁవడు దా\nఘనూఁడయ్యుఁ బ్రోవఁడో యా\nజనుఁడే జీవన్మృతుండు జగతిఁ గుమారా!	false	తనుజులను గురుల వృద్ధుల\nజననీ జనకులను సాధు జనుల నెఁవడు దా\nఘనుఁడయ్యుఁ బ్రోవఁడో యా\nజనుఁడే జీవన్మృతుండు జగతిఁ గుమారా!	["seq"]	["corr","seq"]	58	ు	ూ	lengthen	2	1	ఘనూఁడయ్యుఁ	false	2	0	28	|UU|	["ఘ","నూ","డ","య్యు"]	pdy-r-00191		
pdy-kandamu-0146	kandamu	jaathi	""	test	పాపపుఁబని మదిఁ దలఁపకు,\nచేపట్టినవారీ విడువఁ జేయకు, కీడు\nన్‌ లోపలఁ దలఁపకు, క్రూరుల\nప్రాపును మది నమ్మఁబోకు రహిని గుమారా!	false	పాపపుఁబని మదిఁ దలఁపకు,\nచేపట్టినవారి విడువఁ జేయకు, కీడు\nన్‌ లోపలఁ దలఁపకు, క్రూరుల\nప్రాపును మది నమ్మఁబోకు రహిని గుమారా!	["seq"]	["seq"]	34	ి	ీ	lengthen	1	5	చేపట్టినవారీ	false	1	2	16	U|||	["రీ","వి","డు","వ"]	pdy-r-00192		
pdy-kandamu-0147	kandamu	jaathi	""	test	జగడంబు లాడుచోటను\nమగువలు వసియించుచోట మదగజము దరి\nన్‌ బగతుండు తిరుగుచోట\nన్‌ మగిడీ చనఁగవలయుఁ జలము మాని గుమారా!	false	జగడంబు లాడుచోటను\nమగువలు వసియించుచోట మదగజము దరి\nన్‌ బగతుండు తిరుగుచోట\nన్‌ మగిడి చనఁగవలయుఁ జలము మాని గుమారా!	["seq"]	["corr","seq"]	77	ి	ీ	lengthen	3	2	మగిడీ	false	3	3	46	|U||	["ము","మా","ని","గు"]	pdy-r-00193		
pdy-kandamu-0153	kandamu	jaathi	""	train	ధరణీజాతము లే యే\nతరి నెట్లెట్లను ఫలించుఁ దగనటు పూర్వా\nచరణ ఫలంబు ననుభవమూఁ\nగరమనుభవనీయ మగును గాదె? కుమారా!	false	ధరణీజాతము లే యే\nతరి నెట్లెట్లను ఫలించుఁ దగనటు పూర్వా\nచరణ ఫలంబు ననుభవముఁ\nగరమనుభవనీయ మగును గాదె? కుమారా!	["seq"]	["seq"]	69	ు	ూ	lengthen	2	10	ననుభవమూఁ	false	2	2	30	|||U	["ను","భ","వ","మూ"]	pdy-r-00194		
pdy-kandamu-0156	kandamu	jaathi	""	test	సద్గోష్ఠి సిరియు నొసఁగును\nసద్గోష్ఠియె కీర్తిఁబెంచు సంతుష్ఠిని నా\nసద్గోష్ఠియె యొనఁగూర్చును\nసద్గోష్ఠియె పాపమూలను జంపుఁ గుమారా!	false	సద్గోష్ఠి సిరియు నొసఁగును\nసద్గోష్ఠియె కీర్తిఁబెంచు సంతుష్ఠిని నా\nసద్గోష్ఠియె యొనఁగూర్చును\nసద్గోష్ఠియె పాపములను జంపుఁ గుమారా!	["seq"]	["corr","seq"]	106	ు	ూ	lengthen	3	6	పాపమూలను	false	3	3	40	|U||	["ను","జం","పు","గు"]	pdy-r-00195		
pdy-kandamu-0158	kandamu	jaathi	""	train	జారులతోఁ జోరులతొఁ\nగ్రూరులతో నెపుడు పొత్తుఁ గోరక మది స\nత్పూరుష పదాంబుజాతా\nధారుఁడవై బ్రతుకు, కీర్తి తనరఁ గుమారా!	false	జారులతోఁ జోరులతోఁ\nగ్రూరులతో నెపుడు పొత్తుఁ గోరక మది స\nత్పూరుష పదాంబుజాతా\nధారుఁడవై బ్రతుకు, కీర్తి తనరఁ గుమారా!	["seq"]	["corr","seq"]	15	ో	ొ	shorten	0	7	జోరులతొఁ	false	0	2	5	|||U	["రు","ల","తొ","గ్రూ"]	pdy-r-00196		
pdy-kandamu-0159	kandamu	jaathi	""	train	జ్ఞానుల చరితము వీనుల\nనానుచు సత్పురుషగోష్ఠి ననఘం బనుచు\nన్‌ బూనుము, ధర్మపథంబును\nదానెఱిఁగిన యంత మఱవఁ దగదు కూమారా!	false	జ్ఞానుల చరితము వీనుల\nనానుచు సత్పురుషగోష్ఠి ననఘం బనుచు\nన్‌ బూనుము, ధర్మపథంబును\nదానెఱిఁగిన యంత మఱవఁ దగదు కుమారా!	["seq"]	["seq"]	104	ు	ూ	lengthen	3	13	కూమారా	false	3	3	44	|||U	["ద","గ","దు","కూ"]	pdy-r-00197		
pdy-kandamu-0161	kandamu	jaathi	""	train	ధనవంతులైన బహు స\nజ్జనులైనను నీకు మిగూల సమ్మతులై యు\nన్నను సతి జనకుని గృహమం\nదున నుండుట తగదు కీర్తి తొలఁగుఁ గుమారా!	false	ధనవంతులైన బహు స\nజ్జనులైనను నీకు మిగుల సమ్మతులై యు\nన్నను సతి జనకుని గృహమం\nదున నుండుట తగదు కీర్తి తొలఁగుఁ గుమారా!	["seq"]	["seq"]	35	ు	ూ	lengthen	1	8	మిగూల	false	1	2	15	||U|	["కు","మి","గూ","ల"]	pdy-r-00198		
pdy-kandamu-0162	kandamu	jaathi	""	train	సభలోపల నవ్వినయెడ\nసభకులు నిరసింతు రెట్టి జనుని, న్నెఱి నీ\nకభయం బొసంగె నేనియుఁ\nబ్రభు కరుణము నమ్మి గర్వ పడకు కుమారా!	true	సభలోపల నవ్వినయెడ\nసభకులు నిరసింతు రెట్టి జనుని, న్నెఱి నీ\nకభయం బొసంగె నేనియుఁ\nబ్రభు కరుణము నమ్మి గర్వ పడకు కుమారా!	[]	[]														pdy-r-00199		
pdy-kandamu-0173	kandamu	jaathi	""	test	మనుజుల తమసౌఖ్యము కొఱ\nకును సంరక్షణము నవనిఁ గోరుదు, రొగి నే\nజనపాలుఁడు సంరక్షిం\nపను దగియును బ్రోవఁ డతఁడె పాపీ కుమారా!	false	మనుజుల తమసౌఖ్యము కొఱ\nకును సంరక్షణము నవనిఁ గోరుదు, రొగి నే\nజనపాలుఁడు సంరక్షిం\nపను దగియును బ్రోవఁ డతఁడె పాపి కుమారా!	["seq"]	["seq"]	105	ి	ీ	lengthen	3	12	పాపీ	false	3	4	48	|UU	["కు","మా","రా"]	pdy-r-00200		
pdy-kandamu-0174	kandamu	jaathi	""	test	మండలపతి దండార్హుల\nదండింపక యుండరాదు ధారూణి నతఁడా\nఖండల సమానుఁడైనను\nమెండగు పాపంబునొంది మెలఁగుఁ గుమారా!	false	మండలపతి దండార్హుల\nదండింపక యుండరాదు ధారుణి నతఁడా\nఖండల సమానుఁడైనను\nమెండగు పాపంబునొంది మెలఁగుఁ గుమారా!	["seq"]	["corr","seq"]	38	ు	ూ	lengthen	1	9	ధారూణి	false	1	4	19	|||	["ణి","న","త"]	pdy-r-00201		
pdy-kandamu-0183	kandamu	jaathi	""	dev	ఘన బీజము సాయము లే\nకను భూములు నిష్ప్రయోజకంబైన విధం\nబున దైవము తోడిలఁగా\nకనె పౌరుష కర్మఫలము గలదె కుమారా?	true	ఘన బీజము సాయము లే\nకను భూములు నిష్ప్రయోజకంబైన విధం\nబున దైవము తోడిలఁగా\nకనె పౌరుష కర్మఫలము గలదె కుమారా?	[]	[]														pdy-r-00202		
pdy-kandamu-0186	kandamu	jaathi	""	train	ఎటువంటి వరకులంబునఁ\nబటుతరముగఁ బుట్టెనేని పరఁగఁగ మును గ\nన్నటువంటి కర్మఫలములఁ\nగటగట! భోగింపవలయుఁ గాదే? కుమారా!	false	ఎటువంటి వరకులంబునఁ\nబటుతరముగఁ బుట్టెనేని పరఁగఁగ మును గ\nన్నటువంటి కర్మఫలములఁ\nగటగట! భోగింపవలయుఁ గాదె? కుమారా!	["seq"]	["seq"]	96	ె	ే	lengthen	3	11	గాదే	true	3	4	49	|UU	["కు","మా","రా"]	pdy-r-00203		
pdy-kandamu-0190	kandamu	jaathi	""	train	విను ప్రాణరక్షణమున\nన్‌ ధనమంతయు మునిగిఁపోవు తఱిఁ బరిణయమం\nదున గురుకార్యమున వధు\nజన సంఘములందు బొంకఁ జనును గుమారా!	false	విను ప్రాణరక్షణమున\nన్‌ ధనమంతయు మునిగిఁపోవు తఱిఁ బరిణయమం\nదున గురుకార్యమున వధూ\nజన సంఘములందు బొంకఁ జనును గుమారా!	["seq"]	["corr","seq"]	75	ూ	ు	shorten	2	9	వధు	false	3	1	40	|U|U	["ము","లం","దు","బొం"]	pdy-r-00204		
pdy-kandamu-0191	kandamu	jaathi	""	train	కులభామల విడువకు, వెలి\nపొలఁతుల వీక్షించి మోహమునఁ బొరలకుమీ\nఖలుఁ డందు రెట్టివారలుఁ\nగులహీనుఁడు పుట్టెననూట కొఱలుఁ గుమారా!	false	కులభామల విడువకు, వెలి\nపొలఁతుల వీక్షించి మోహమునఁ బొరలకుమీ\nఖలుఁ డందు రెట్టివారలుఁ\nగులహీనుఁడు పుట్టెననుట కొఱలుఁ గుమారా!	["seq"]	["seq"]	99	ు	ూ	lengthen	3	8	పుట్టెననూట	false	3	2	42	||U|	["ట్టె","న","నూ","ట"]	pdy-r-00205		
pdy-kandamu-0197	kandamu	jaathi	""	test	కడుమెల్లన నిడు నుత్తర\nమడఁచును గోపమును దీక్ష్ణమమరఁగ దా న\nప్పుడు నుడివెడు నుత్తరముడి\nవడిఁ గోపముఁ బెంచు నరయ వసుధఁ గుమారా!	true	కడుమెల్లన నిడు నుత్తర\nమడఁచును గోపమును దీక్ష్ణమమరఁగ దా న\nప్పుడు నుడివెడు నుత్తరముడి\nవడిఁ గోపముఁ బెంచు నరయ వసుధఁ గుమారా!	[]	[]														pdy-r-00206		
pdy-kandamu-0199	kandamu	jaathi	""	dev	ధర నొక్క బుద్ధిహీనునిఁ\nదిరముగ రోటనిడి దంచెఁ దేనియుఁ బెలుచం\nదురు మగును గానీ, యతనికి\nసరసత్వము గలుగదండ్రు సతము కుమారా!	false	ధర నొక్క బుద్ధిహీనునిఁ\nదిరముగ రోటనిడి దంచెఁ దేనియుఁ బెలుచం\nదురు మగును గాని, యతనికి\nసరసత్వము గలుగదండ్రు సతము కుమారా!	["seq"]	["corr","seq"]	73	ి	ీ	lengthen	2	6	గానీ	true	2	1	29	|UU|	["ను","గా","నీ","య"]	pdy-r-00207		
pdy-kandamu-0202	kandamu	jaathi	""	test	ఋణ మధిక మొనర్చి సమ\nర్పణ జేసిన తండ్రి, విద్య రానీ కొడుకు, ల\nక్షణశాలి రాణి దుశ్చా\nరిణి యగు జననియును దలప రిపులు కుమారా!	false	ఋణ మధిక మొనర్చి సమ\nర్పణ జేసిన తండ్రి, విద్య రాని కొడుకు, ల\nక్షణశాలి రాణి దుశ్చా\nరిణి యగు జననియును దలప రిపులు కుమారా!	["seq"]	["corr","seq"]	47	ి	ీ	lengthen	1	10	రానీ	true	1	4	21	|||	["కొ","డు","కు"]	pdy-r-00208		
pdy-kandamu-0208	kandamu	jaathi	""	train	చెప్పెడి బుద్ధులలోపలఁ\nదప్పకు మొకటైన సర్వ ధర్మములందు\nన్‌ మెప్పొంది యిహపరంబులఁ\nదప్పింతయు లేక మెలగఁ దగును కుమారి!	false	చెప్పెడి బుద్ధులలోపలఁ\nదప్పకు మొకటైన సర్వ ధర్మములందు\nన్‌ మెప్పొంది యిహపరంబులఁ\nదప్పింతయు లేక మెలగఁ దగును కుమారీ!	["seq"]	["seq"]	108	ీ	ి	shorten	3	14	కుమారి	true	3	4	45	U|	["మా","రి"]	pdy-r-00209		
pdy-kandamu-0209	kandamu	jaathi	""	dev	ఆటలఁ బాటలలో నే\nమాటయు రాకుండఁ దండ్రి మందిరమందు\nన్‌ బాటిల్లుఁ గాపురములో\nవాట మెఱిఁగి బాల! తిరుగ వలయుఁ గుమారీ!	true	ఆటలఁ బాటలలో నే\nమాటయు రాకుండఁ దండ్రి మందిరమందు\nన్‌ బాటిల్లుఁ గాపురములో\nవాట మెఱిఁగి బాల! తిరుగ వలయుఁ గుమారీ!	[]	[]														pdy-r-00210		
pdy-kandamu-0217	kandamu	jaathi	""	train	పతి పరకాంతలతో సం\nగతిఁ జేసిన నాదుపుణ్యగతి యిట్లనుచు\nన్‌ మతీఁ దలఁపవలయు లేదా\nబతిమాలఁగవలయుఁ గలహ పడక కుమారీ!	false	పతి పరకాంతలతో సం\nగతిఁ జేసిన నాదుపుణ్యగతి యిట్లనుచు\nన్‌ మతిఁ దలఁపవలయు లేదా\nబతిమాలఁగవలయుఁ గలహ పడక కుమారీ!	["seq"]	["seq"]	57	ి	ీ	lengthen	2	1	మతీఁ	false	2	0	24	|U||	["న్మ","తీ","ద","ల"]	pdy-r-00211		
pdy-kandamu-0221	kandamu	jaathi	""	dev	పతి భుజియించిన పాత్రను\nమెతు కొక్కటియైన భార్య మెసఁగుటకై తా\nహిత మూనకున్న నది యొక\nసతియే? కడుఁ బాపజాతి జగతి కుమారీ!	true	పతి భుజియించిన పాత్రను\nమెతు కొక్కటియైన భార్య మెసఁగుటకై తా\nహిత మూనకున్న నది యొక\nసతియే? కడుఁ బాపజాతి జగతి కుమారీ!	[]	[]														pdy-r-00212		
pdy-kandamu-0226	kandamu	jaathi	""	train	తన బావల పిల్లల యెడఁ\nదన మఱఁదుల పిల్లలందుఁ దనపిల్లల కం\nటెను మక్కువ యుండవలె\nన్‌ వనితల కటులైన వన్నె వచ్చుఁ గుమారీ!	true	తన బావల పిల్లల యెడఁ\nదన మఱఁదుల పిల్లలందుఁ దనపిల్లల కం\nటెను మక్కువ యుండవలె\nన్‌ వనితల కటులైన వన్నె వచ్చుఁ గుమారీ!	[]	[]														pdy-r-00213		
pdy-kandamu-0227	kandamu	jaathi	""	dev	ధనహీనుఁడైనఁ గడూ దు\nర్జనుఁడైనఁ గురూపియైన జారుండైన\nన్‌ విను పాపియైన నెప్పుడుఁ\nదనపతియే తనకు దైవతంబు కుమారీ!	false	ధనహీనుఁడైనఁ గడు దు\nర్జనుఁడైనఁ గురూపియైన జారుండైన\nన్‌ విను పాపియైన నెప్పుడుఁ\nదనపతియే తనకు దైవతంబు కుమారీ!	["seq"]	["corr","seq"]	14	ు	ూ	lengthen	0	7	గడూ	false	0	2	6	|UU|	["గ","డూ","దు","ర్జ"]	pdy-r-00214		
pdy-kandamu-0229	kandamu	jaathi	""	train	తలిదండ్రు లన్నదమ్ములు\nతులఁ దూగఁగ నిమ్ము పసిడిఁ తోనైనను వా\nరలయింట సతత ముండుట\nవెలఁదికీ మర్యాదగాదు వినవె కుమారీ!	false	తలిదండ్రు లన్నదమ్ములు\nతులఁ దూగఁగ నిమ్ము పసిడిఁ తోనైనను వా\nరలయింట సతత ముండుట\nవెలఁదికి మర్యాదగాదు వినవె కుమారీ!	["seq"]	["seq"]	83	ి	ీ	lengthen	3	3	వెలఁదికీ	false	3	0	34	|||U	["వె","ల","ది","కీ"]	pdy-r-00215		
pdy-kandamu-0236	kandamu	jaathi	""	train	మగని ప్రియ మబ్బె ననుచును\nదేగ నీలిగి యింటివారి దిగఁద్రొక్కుచు దుం\nడగురాలై తిరిగిన సరి\nమగువలలో నిదియె తప్పు మాట కుమారీ!	false	మగని ప్రియ మబ్బె ననుచును\nదెగ నీలిగి యింటివారి దిగఁద్రొక్కుచు దుం\nడగురాలై తిరిగిన సరి\nమగువలలో నిదియె తప్పు మాట కుమారీ!	["seq"]	["corr","seq"]	26	ె	ే	lengthen	1	0	దేగ	false	1	0	11	U|U|	["దే","గ","నీ","లి"]	pdy-r-00216		
pdy-kandamu-0247	kandamu	jaathi	""	dev	తలవాకిట నెల్లప్పుడు\nనిలువఁగ రా దెప్పు డెంత నిద్దురయైన\nన్‌ మెలఁకువ విడరాదు సుమీ\nతల నడుచుచు విప్పికొనుట తగదు కుమారి!	false	తలవాకిట నెల్లప్పుడు\nనిలువఁగ రా దెప్పు డెంత నిద్దురయైన\nన్‌ మెలఁకువ విడరాదు సుమీ\nతల నడుచుచు విప్పికొనుట తగదు కుమారీ!	["seq"]	["seq"]	112	ీ	ి	shorten	3	16	కుమారి	true	3	4	48	U|	["మా","రి"]	pdy-r-00217		
pdy-kandamu-0250	kandamu	jaathi	""	train	పొంతఁ బని సేయ కెన్నఁడు\nపంతంబులు పలుకఁబోకు ప్రాఙ్ముఖముగ నీ\nదంతంబులు దోమకు మే\nకాంతంబులు బయలుపఱుప కమ్మ! కూమారీ!	false	పొంతఁ బని సేయ కెన్నఁడు\nపంతంబులు పలుకఁబోకు ప్రాఙ్ముఖముగ నీ\nదంతంబులు దోమకు మే\nకాంతంబులు బయలుపఱుప కమ్మ! కుమారీ!	["seq"]	["seq"]	102	ు	ూ	lengthen	3	12	కూమారీ	false	3	3	42	U|UU	["క","మ్మ","కూ","మా"]	pdy-r-00218		
pdy-kandamu-0263	kandamu	jaathi	""	test	ఎంగిలి పరులకుఁ బెట్టకు\nక్రంగున మ్రోయంగనికు కాల్మెట్టియల\nన్‌ బంగారు లాభ ముండిన\nదొంగతనము సేయుబుద్ధి దొలఁచు కుమారీ!	false	ఎంగిలి పరులకుఁ బెట్టకు\nక్రంగున మ్రోయంగనీకు కాల్మెట్టియల\nన్‌ బంగారు లాభ ముండిన\nదొంగతనము సేయుబుద్ధి దొలఁచు కుమారీ!	["seq"]	["corr","seq"]	39	ీ	ి	shorten	1	6	మ్రోయంగనికు	false	1	2	15	|||U	["గ","ని","కు","కా"]	pdy-r-00219		
pdy-kandamu-0265	kandamu	jaathi	""	train	తనకడుపు కట్టుకొని యై\nనను జుట్టమ్మునకు బెట్టి నను గీర్తి వహిం\nచును భుక్తి ముక్తు లబ్బును\nదన కెవ్వరు సాటిరారు ధరణీఁ గుమారీ!	false	తనకడుపు కట్టుకొని యై\nనను జుట్టమ్మునకు బెట్టి నను గీర్తి వహిం\nచును భుక్తి ముక్తు లబ్బును\nదన కెవ్వరు సాటిరారు ధరణిఁ గుమారీ!	["seq"]	["seq"]	111	ి	ీ	lengthen	3	11	ధరణీఁ	false	3	4	46	|UU	["గు","మా","రీ"]	pdy-r-00220		
pdy-kandamu-0266	kandamu	jaathi	""	train	వడి దనిపించుకొనుటకు\nన్‌ గడి యైననుఁ బట్టకుండుఁ గాంతలలో నె\nక్కుడు గుణవతి యనిపించెడి\nనడవడి నేర్చుటయె కడు ఘనంబు కుమారి!	false	వడి దనిపించుకొనుటకు\nన్‌ గడి యైననుఁ బట్టకుండుఁ గాంతలలో నె\nక్కుడు గుణవతి యనిపించెడి\nనడవడి నేర్చుటయె కడు ఘనంబు కుమారీ!	["seq"]	["seq"]	113	ీ	ి	shorten	3	15	కుమారి	true	3	4	49	U|	["మా","రి"]	pdy-r-00221		
pdy-kandamu-0271	kandamu	jaathi	""	train	తనకంటెఁ బేదరాండ్రం\nగని యంతకుఁ దనకు మెలు గా యనవలయు\nన్‌ దనకంటె భాగ్యవంతులఁ\nగని గుటకలు మ్రింగ మేలు గాదు కుమారీ!	false	తనకంటెఁ బేదరాండ్రం\nగని యంతకుఁ దనకు మేలు గా యనవలయు\nన్‌ దనకంటె భాగ్యవంతులఁ\nగని గుటకలు మ్రింగ మేలు గాదు కుమారీ!	["seq"]	["corr","seq"]	36	ే	ె	shorten	1	8	మెలు	false	1	2	15	|||U	["కు","మె","లు","గా"]	pdy-r-00222		
pdy-kandamu-0273	kandamu	jaathi	""	dev	కోపమున నప్పు డాడ ని\nరూపించినమాటఁ గొన్ని రోజులు చనినం\nజూపెట్టుదు నని శాంతము\nలోపలఁ గొనవలయు ధర్మలోల! కుమారీ!	true	కోపమున నప్పు డాడ ని\nరూపించినమాటఁ గొన్ని రోజులు చనినం\nజూపెట్టుదు నని శాంతము\nలోపలఁ గొనవలయు ధర్మలోల! కుమారీ!	[]	[]														pdy-r-00223		
pdy-kandamu-0283	kandamu	jaathi	""	test	పవళించునపుడు రంభా\nకువలయదళనేత్రభంగి గోరినరీతి\nన్‌ ధవుని కొనఁగూర్పవలయును\nదివి భువి నుతిఁ బొందునట్టి తెఱవ కుమారీ!	true	పవళించునపుడు రంభా\nకువలయదళనేత్రభంగి గోరినరీతి\nన్‌ ధవుని కొనఁగూర్పవలయును\nదివి భువి నుతిఁ బొందునట్టి తెఱవ కుమారీ!	[]	[]														pdy-r-00224		
pdy-kandamu-0292	kandamu	jaathi	""	test	జనీయించెడు నజ్ఞానం\nబున మోహగుణంబు, ధర్మమునఁ బరికింపం\nదునుమాడఁ బడును దీనిం\nగనుఁగొని మెలఁగంగ వలయుఁ గాదె కుమారీ!	false	జనియించెడు నజ్ఞానం\nబున మోహగుణంబు, ధర్మమునఁ బరికింపం\nదునుమాడఁ బడును దీనిం\nగనుఁగొని మెలఁగంగ వలయుఁ గాదె కుమారీ!	["seq"]	["corr","seq"]	2	ి	ీ	lengthen	0	1	జనీయించెడు	false	0	0	0	|UU|	["జ","నీ","యిం","చె"]	pdy-r-00225		
pdy-kandamu-0302	kandamu	jaathi	""	test	ఇద్దఱు గూడుక యొక చో\nనొద్దిక మాటాడుచుండ నొదిఁగి యొదిఁగి యా\nయొద్దకుఁ జనఁగూడదు తన\nపెద్దతనంబెల్ల నణఁగ బెట్టుఁ గుమారీ!	true	ఇద్దఱు గూడుక యొక చో\nనొద్దిక మాటాడుచుండ నొదిఁగి యొదిఁగి యా\nయొద్దకుఁ జనఁగూడదు తన\nపెద్దతనంబెల్ల నణఁగ బెట్టుఁ గుమారీ!	[]	[]														pdy-r-00226		
pdy-kandamu-0303	kandamu	jaathi	""	train	తుడూపుదుమారమ్మును జెరు\nగుడుధూళియు మేషరజముఁ గూడ దెపుడు మైఁ\nబడ నెఱిఁగి తిరుగ నేర్చిన\nబడఁతుల మర్యాద లెఱిఁగి బ్రతుకు కుమారీ!	false	తుడుపుదుమారమ్మును జెరు\nగుడుధూళియు మేషరజముఁ గూడ దెపుడు మైఁ\nబడ నెఱిఁగి తిరుగ నేర్చిన\nబడఁతుల మర్యాద లెఱిఁగి బ్రతుకు కుమారీ!	["seq"]	["seq"]	3	ు	ూ	lengthen	0	1	తుడూపుదుమారమ్మును	false	0	0	0	|U||	["తు","డూ","పు","దు"]	pdy-r-00227		
pdy-teytageethi-0199	teytageethi	upajaathi	""	train	మనిన శారద నేకదంతుని నుతించి ।\nనే రచించెద పద్యముల్ నేర్చినటుల\nనీదు కృపలేక కృతీ సేయ నెవరికైన ।\nవశమె శ్రీరామరామ లావణ్యసీమ.	false	మనిన శారద నేకదంతుని నుతించి ।\nనే రచించెద పద్యముల్ నేర్చినటుల\nనీదు కృపలేక కృతి సేయ నెవరికైన ।\nవశమె శ్రీరామరామ లావణ్యసీమ.	["seq"]	["seq"]	76	ి	ీ	lengthen	2	7	కృతీ	false	2	2	33	|UU|	["కృ","తీ","సే","య"]	pdy-r-00228		
pdy-teytageethi-0200	teytageethi	upajaathi	""	train	ననుదినంబును భక్తితో నభినుతించి ।\nసకలజనములు వీని సంతసమున జెలగ\nసీసశతకం బొనర్చెద చిత్తగింప ।\nవలయు శ్రీరామరామ లావణ్యసీమ.	false	ననుదినంబును భక్తితో నభినుతించి ।\nసకలజనములు విని సంతసమున జెలగ\nసీసశతకం బొనర్చెద చిత్తగింప ।\nవలయు శ్రీరామరామ లావణ్యసీమ.	["seq"]	["corr","seq"]	44	ి	ీ	lengthen	1	7	వీని	true	2	0	30	|U|	["గ","సీ","స"]	pdy-r-00229		
pdy-teytageethi-0201	teytageethi	upajaathi	""	train	కాండవాసిష్ఠశుకశౌనకాదివినుత ।\nవినతసుతవాహనారూఢవిమలకరుణ\nకరుణ నీ కృతినాథు దీర్ఘాయు జేయ- ।\nవలయు శ్రీరామరామ లావణ్యసీమ.	true	కాండవాసిష్ఠశుకశౌనకాదివినుత ।\nవినతసుతవాహనారూఢవిమలకరుణ\nకరుణ నీ కృతినాథు దీర్ఘాయు జేయ- ।\nవలయు శ్రీరామరామ లావణ్యసీమ.	[]	[]														pdy-r-00230		
pdy-seesamu-0205	seesamu	upajaathi	""	train	తరళాక్షి నీ మేనితావి ఘమ్మన నాదు । మనసు ఝుమ్మని రేగి మరులు జెందు\nచేలి నీదు గిల్కుటందెలు ఘల్లుమని మ్రోయ । తనువు ఝల్లని యేమొ తత్తరించు\nమగువ నీ సొగసు కల్మా ధళుక్కనినంత । కళ చళుక్కని లోన కలకబారు\nనొకవేళ కోపగించుక గిరుక్కన మరుం । డట చురుక్కన పూవుటమ్ము వేయు	false	తరళాక్షి నీ మేనితావి ఘమ్మన నాదు । మనసు ఝుమ్మని రేగి మరులు జెందు\nచెలి నీదు గిల్కుటందెలు ఘల్లుమని మ్రోయ । తనువు ఝల్లని యేమొ తత్తరించు\nమగువ నీ సొగసు కల్మా ధళుక్కనినంత । కళ చళుక్కని లోన కలకబారు\nనొకవేళ కోపగించుక గిరుక్కన మరుం । డట చురుక్కన పూవుటమ్ము వేయు	["seq"]	["corr","seq"]	65	ె	ే	lengthen	1	0	చేలి	false	2	1	30	|U|U	["దు","గి","ల్కు","టం"]	pdy-r-00231		
pdy-teytageethi-0207	teytageethi	upajaathi	""	train	నరనిదుర జెంది పవళించినట్టివేళ ।\nవచ్చి మెల్లనె సైగగా నెచ్చరించి\nపైకొని యొనర్చునటువంటీ పనులు దలప ।\nవశమటే రామరామ లావణ్యసీమ.	false	నరనిదుర జెంది పవళించినట్టివేళ ।\nవచ్చి మెల్లనె సైగగా నెచ్చరించి\nపైకొని యొనర్చునటువంటి పనులు దలప ।\nవశమటే రామరామ లావణ్యసీమ.	["seq"]	["seq"]	83	ి	ీ	lengthen	2	9	యొనర్చునటువంటీ	false	2	2	33	||UU	["న","టు","వం","టీ"]	pdy-r-00232		
pdy-teytageethi-0209	teytageethi	upajaathi	""	train	వింత ని చెంతలేని నివ్వెరగు కొంత ।\nవేసటొక్కింత తమి యింత వెగటు కొంత\nయీదినము నంతకంత నీమీది చింత ।\nవశమటే రామరామ లావణ్యసీమ.	false	వింత నీ చెంతలేని నివ్వెరగు కొంత ।\nవేసటొక్కింత తమి యింత వెగటు కొంత\nయీదినము నంతకంత నీమీది చింత ।\nవశమటే రామరామ లావణ్యసీమ.	["seq"]	["corr","seq"]	6	ీ	ి	shorten	0	2	ని	true	0	1	2	|U|U	["ని","చెం","త","లే"]	pdy-r-00233		
pdy-teytageethi-0211	teytageethi	upajaathi	""	test	తమిని కళలూర నొసట కెంజెమట జార ।\nకదలవలదని యేదనెద నదిమి గదిమి\nయుపరతి యొనర్చునాటి నీ హొయలు దలప ।\nవశమటే రామరామ లావణ్యసీమ.	false	తమిని కళలూర నొసట కెంజెమట జార ।\nకదలవలదని యెదనెద నదిమి గదిమి\nయుపరతి యొనర్చునాటి నీ హొయలు దలప ।\nవశమటే రామరామ లావణ్యసీమ.	["seq"]	["corr","seq"]	41	ె	ే	lengthen	1	7	యేదనెద	false	2	2	39	|U|U	["ర్చు","నా","టి","నీ"]	pdy-r-00234		
pdy-teytageethi-0213	teytageethi	upajaathi	""	test	వెనక జిక్కితిరో యని వెన్ను జరచి ।\nనొసటి చెమ్మట పయ్యెదనొత్తికొనుచు\nనిలిచి నను జూచి పలికిన నిటు దలప ।\nవశమటే రామరామ లావణ్యసీమ.	false	వెనక జిక్కితిరో యని వెన్ను జరచి ।\nనొసటి చెమ్మట పయ్యెదనొత్తికొనుచు\nనిలిచి నను జూచి పలికిన నీటు దలప ।\nవశమటే రామరామ లావణ్యసీమ.	["seq"]	["corr","seq"]	90	ీ	ి	shorten	2	11	నిటు	true	3	0	45	||U	["శ","మ","టే"]	pdy-r-00235		
pdy-seesamu-0215	seesamu	upajaathi	""	dev	పికిలిపిట్టల రీతి పెదవికాటందుచు । కూర్చుండెదుర్కొని కొంతసేపూ\nచిలుకల గతి ముద్దుపలుకులొప్పుగను పై- । కొని రతి హాయిగా కొంతసేపు\nకన్నెపావురమన గళమున మణితంబు । గులికించి హొయలుగా కొంతసేపు\nకళలుప్పతిల్ల ప్రక్కలు గోట జెణకుచు । కోకిలరవముచే కొంతసేపు	false	పికిలిపిట్టల రీతి పెదవికాటందుచు । కూర్చుండెదుర్కొని కొంతసేపు\nచిలుకల గతి ముద్దుపలుకులొప్పుగను పై- । కొని రతి హాయిగా కొంతసేపు\nకన్నెపావురమన గళమున మణితంబు । గులికించి హొయలుగా కొంతసేపు\nకళలుప్పతిల్ల ప్రక్కలు గోట జెణకుచు । కోకిలరవముచే కొంతసేపు	["seq"]	["corr","seq"]	59	ు	ూ	lengthen	0	24	కొంతసేపూ	false	1	3	23	UU|	["సే","పూ","చి"]	pdy-r-00236		
pdy-seesamu-0216	seesamu	upajaathi	""	train	తొడనిగ్గు పైకి గన్పడు కీనుఖాబు పా- । వడతో జరీబుటా వల్వతోడ\nరహిమించు వహిగాంచు రవికెతో ఝల్లని । కౌనుల్కి చెమరించు కళలతోడ\nసొగసు మించిన చాదుచుక్కతో పిరుదుల । నంటి మెలంగు కీల్గంటుతోడ\nమొనలు పైపైలకగ్గిన కుచద్వయముతో । మిసిమి జెలంగు నెమ్మేనితొడ	false	తొడనిగ్గు పైకి గన్పడు కీనుఖాబు పా- । వడతో జరీబుటా వల్వతోడ\nరహిమించు వహిగాంచు రవికెతో ఝల్లని । కౌనుల్కి చెమరించు కళలతోడ\nసొగసు మించిన చాదుచుక్కతో పిరుదుల । నంటి మెలంగు కీల్గంటుతోడ\nమొనలు పైపైలకగ్గిన కుచద్వయముతో । మిసిమి జెలంగు నెమ్మేనితోడ	["seq"]	["seq"]	232	ో	ొ	shorten	3	24	నెమ్మేనితొడ	false	7	3	101	||	["తొ","డ"]	pdy-r-00237		
pdy-teytageethi-0216	teytageethi	upajaathi	""	train	కులికి దిగ్గున లేచి లోకొంగు జూచి ।\nచెరగు మాసె నటంచును సిగ్గుదోచి\nపాత్ర గైకొన్న హొయలెంచి బాళి నిలుప ।\nవశమటే రామరామ లావణ్యసీమ.	true	కులికి దిగ్గున లేచి లోకొంగు జూచి ।\nచెరగు మాసె నటంచును సిగ్గుదోచి\nపాత్ర గైకొన్న హొయలెంచి బాళి నిలుప ।\nవశమటే రామరామ లావణ్యసీమ.	[]	[]														pdy-r-00238		
pdy-teytageethi-0220	teytageethi	upajaathi	""	train	నెనరుమాటలదీవి పన్నీటిచెలమ ।\nకన్నె వేడిమిఠారి యంగజునిసొక్కు\nమందుపొడిడబ్బి జాణ నిన్మది దలంప ।\nవశమటే రామరామ లావణ్యసీమ.	true	నెనరుమాటలదీవి పన్నీటిచెలమ ।\nకన్నె వేడిమిఠారి యంగజునిసొక్కు\nమందుపొడిడబ్బి జాణ నిన్మది దలంప ।\nవశమటే రామరామ లావణ్యసీమ.	[]	[]														pdy-r-00239		
pdy-teytageethi-0221	teytageethi	upajaathi	""	test	యిచ్చటికి చెచ్చెరను బలుమచ్చరమున ।\nచిచ్చు కైవడి విడివడి వచ్చువానీ\nవిచ్చుకత్తికి నెద నెదురిచ్చి నిలువ ।\nవశమటే రామరామ లావణ్యసీమ.	false	యిచ్చటికి చెచ్చెరను బలుమచ్చరమున ।\nచిచ్చు కైవడి విడివడి వచ్చువాని\nవిచ్చుకత్తికి నెద నెదురిచ్చి నిలువ ।\nవశమటే రామరామ లావణ్యసీమ.	["seq"]	["corr","seq"]	63	ి	ీ	lengthen	1	12	వచ్చువానీ	false	1	4	26	UUU	["వా","నీ","వి"]	pdy-r-00240		
pdy-teytageethi-0225	teytageethi	upajaathi	""	train	పొలతి నన్నెంచనపుడు నే బుజ్జగించ ।\nకౌను యసియాడ మన్మథకళలు వీడ\nరతమొనర్చిననాటి నీ వితమునెన్న ।\nవశమటే రామరామ లావణ్యసిమ.	false	పొలతి నన్నెంచనపుడు నే బుజ్జగించ ।\nకౌను యసియాడ మన్మథకళలు వీడ\nరతమొనర్చిననాటి నీ వితమునెన్న ।\nవశమటే రామరామ లావణ్యసీమ.	["seq"]	["seq"]	111	ీ	ి	shorten	3	11	లావణ్యసిమ	false	3	4	53	||	["సి","మ"]	pdy-r-00241		
pdy-teytageethi-0226	teytageethi	upajaathi	""	train	తీవ్రగతినేగి చెలులతో తేటి యిచట ।\nకొరికెనో గాక చెయ్యెత్తగూడదనుచు\nచెప్పుకొనునాటి యణుకువ చెలువ దలప ।\nవశమటే రామరామ లావణ్యసీమ.	true	తీవ్రగతినేగి చెలులతో తేటి యిచట ।\nకొరికెనో గాక చెయ్యెత్తగూడదనుచు\nచెప్పుకొనునాటి యణుకువ చెలువ దలప ।\nవశమటే రామరామ లావణ్యసీమ.	[]	[]														pdy-r-00242		
pdy-teytageethi-0228	teytageethi	upajaathi	""	dev	ముద్దుబెట్టుక నవ్వుచు ముదిత నీవు ।\nనెవరి పెండ్లాడెదవటంచు నేను బలుక\nనిన్నె యని మీసములు మీటు నిటు దలప ।\nవశమటే రామరామ లావణ్యసీమ.	false	ముద్దుబెట్టుక నవ్వుచు ముదిత నీవు ।\nనెవరి పెండ్లాడెదవటంచు నేను బలుక\nనిన్నె యని మీసములు మీటు నీటు దలప ।\nవశమటే రామరామ లావణ్యసీమ.	["seq"]	["corr","seq"]	92	ీ	ి	shorten	2	10	నిటు	true	3	0	44	||U	["శ","మ","టే"]	pdy-r-00243		
pdy-teytageethi-0229	teytageethi	upajaathi	""	train	స్వారి వెడలంగ మహలెక్కి దారి జూచి ।\nయతివచే నంపినట్టి కాకీతములోని\nమాటల పసందు తలచితే మనసు నిలుప ।\nవశమటే రామరామ లావణ్యసీమ.	false	స్వారి వెడలంగ మహలెక్కి దారి జూచి ।\nయతివచే నంపినట్టి కాకితములోని\nమాటల పసందు తలచితే మనసు నిలుప ।\nవశమటే రామరామ లావణ్యసీమ.	["seq"]	["corr","seq"]	55	ి	ీ	lengthen	1	9	కాకీతములోని	false	1	4	25	|U|	["ము","లో","ని"]	pdy-r-00244		
pdy-seesamu-0231	seesamu	upajaathi	""	train	జాతిజంగాలి బనాతి కనాతి స- । రాతిలోదటను సూరతువులందూ\nమొఖమల్ ఖురాళ మిమ్ముగ నఖాసీచుట్టు । తగుటుచీనీలి ముత్యముల చేర్లు\nపగడంపు చేవ కంబాలు ముప్పిరిపట్టు । పగ్గముల్ సరిగెహొంబట్టు కుట్టు\nనమరుషమేనాకృశములు కమానువా- । కిళ్లు నీలంపు మేకీలు కొణిగె	false	జాతిజంగాలి బనాతి కనాతి స- । రాతిలోదటను సూరతువులందు\nమొఖమల్ ఖురాళ మిమ్ముగ నఖాసీచుట్టు । తగుటుచీనీలి ముత్యముల చేర్లు\nపగడంపు చేవ కంబాలు ముప్పిరిపట్టు । పగ్గముల్ సరిగెహొంబట్టు కుట్టు\nనమరుషమేనాకృశములు కమానువా- । కిళ్లు నీలంపు మేకీలు కొణిగె	["seq"]	["corr","seq"]	49	ు	ూ	lengthen	0	23	సూరతువులందూ	false	1	3	22	UU|	["లం","దూ","మొ"]	pdy-r-00245		
pdy-seesamu-0233	seesamu	upajaathi	""	dev	జాఫల్ రసంబు గుర్షాపూలు ద్రాక్షలు । గంగులుఖందు చొక్కపు జవాజి\nజాఫరాయగరు పచ్చాకూదుబత్తీలు । పునుగుపన్నీరు గంబురు గులాబి\nయత్తరు సీమరాయంచలు తెల్లాకు- । మడూపుల్ వళాగ్రముల్ మల్లెపూలు\nకురువేరు నరగ జాల్ కొత్తకైరావళ్లు । దవనంపు చెండ్లు దంతంపు గుండ్లు	false	జాఫల్ రసంబు గుర్షాపూలు ద్రాక్షలు । గంగులుఖందు చొక్కపు జవాజి\nజాఫరాయగరు పచ్చాకూదుబత్తీలు । పునుగుపన్నీరు గంబురు గులాబి\nయత్తరు సీమరాయంచలు తెల్లాకు- । మడుపుల్ వళాగ్రముల్ మల్లెపూలు\nకురువేరు నరగ జాల్ కొత్తకైరావళ్లు । దవనంపు చెండ్లు దంతంపు గుండ్లు	["seq"]	["seq"]	149	ు	ూ	lengthen	2	13	మడూపుల్	false	5	0	60	|UU|	["మ","డూ","పు","ల్వ"]	pdy-r-00246		
pdy-teytageethi-0233	teytageethi	upajaathi	""	train	మా కచేరికి నజరు లీ మాడ్కి బనీచి ।\nనమ్మినానని వ్రాసుకున్నట్టి జాబు\nనకలు జూచిన మరుని గాసికి సహింప ।\nవశమటే రామరామ లావణ్యసీమ.	false	మా కచేరికి నజరు లీ మాడ్కి బనిచి ।\nనమ్మినానని వ్రాసుకున్నట్టి జాబు\nనకలు జూచిన మరుని గాసికి సహింప ।\nవశమటే రామరామ లావణ్యసీమ.	["seq"]	["seq"]	28	ి	ీ	lengthen	0	12	బనీచి	false	0	4	11	|U|	["బ","నీ","చి"]	pdy-r-00247		
pdy-seesamu-0234	seesamu	upajaathi	""	test	ఆదికేళికను మై యలసియుండిన తీరు । గని నేస్తమగు జోడుగరితలెల్ల\nసతి రేయు పతిసేయు రతివింతలేమన । నేలాగొ నదియు నేనెరుగ పాన్పు\nచేరబోవగను కుచ్చిలిబట్టు తీసిన । వడిని నీవికముడి వదలేనపుడు\nసిగ్గుచే పయ్యెదచెరగు దివ్వెకు తెర- । చాటు సేయగ హారచయమునందు	false	ఆదికేళికను మై యలసియుండిన తీరు । గని నేస్తమగు జోడుగరితలెల్ల\nసతి రేయు పతిసేయు రతివింతలేమన । నేలాగొ నదియు నేనెరుగ పాన్పు\nచేరబోవగను కుచ్చిలిబట్టు తీసిన । వడిని నీవికముడి వదలెనపుడు\nసిగ్గుచే పయ్యెదచెరగు దివ్వెకు తెర- । చాటు సేయగ హారచయమునందు	["seq"]	["seq"]	169	ె	ే	lengthen	2	24	వదలేనపుడు	false	5	2	77	||U	["వ","ద","లే"]	pdy-r-00248		
pdy-teytageethi-0234	teytageethi	upajaathi	""	train	గలుగు రతనాలు దివ్వెలుగా వెలుంగ ।\nయతివ భయమున కనులు మూసితినీ యవల-\nనేమి గనుగొననని పల్కు ప్రేమ దలప ।\nవశమటే రామరామ లావణ్యసీమ.	false	గలుగు రతనాలు దివ్వెలుగా వెలుంగ ।\nయతివ భయమున కనులు మూసితిని యవల-\nనేమి గనుగొననని పల్కు ప్రేమ దలప ।\nవశమటే రామరామ లావణ్యసీమ.	["seq"]	["seq"]	57	ి	ీ	lengthen	1	13	మూసితినీ	false	1	3	25	||U	["సి","తి","నీ"]	pdy-r-00249		
pdy-teytageethi-0235	teytageethi	upajaathi	""	dev	లేవి జూచిన దానీ కెమ్మోవిఠీవి ।\nసాటియగు డాలుగాన ముజ్జగములోన\nపరవశముతోన వలరాజుపనులు మాన ।\nవశమటే రామరామ లావణ్యసీమ.	false	లేవి జూచిన దాని కెమ్మోవిఠీవి ।\nసాటియగు డాలుగాన ముజ్జగములోన\nపరవశముతోన వలరాజుపనులు మాన ।\nవశమటే రామరామ లావణ్యసీమ.	["seq"]	["corr","seq"]	14	ి	ీ	lengthen	0	6	దానీ	true	0	2	5	UUUU	["దా","నీ","కె","మ్మో"]	pdy-r-00250		
pdy-teytageethi-0236	teytageethi	upajaathi	""	dev	లెన్ని జూచినగాని యా వన్నేలాడి ।\nయధరబింబసమానమౌ మధురమొకటి\nగాన నా చానపైని నా కరుణ మాన ।\nవశమటే రామరామ లావణ్యసీమ.	false	లెన్ని జూచినగాని యా వన్నెలాడి ।\nయధరబింబసమానమౌ మధురమొకటి\nగాన నా చానపైని నా కరుణ మాన ।\nవశమటే రామరామ లావణ్యసీమ.	["seq"]	["corr","seq"]	24	ె	ే	lengthen	0	9	వన్నేలాడి	false	0	3	8	UUU	["వ","న్నే","లా"]	pdy-r-00251		
pdy-seesamu-0237	seesamu	upajaathi	""	dev	నారాయణవనంబు చీరకుచ్చంచులు । మీగాళ్ల కెలమీ కైలాగు లెసగ\nసన్నగీరుల గులాల్ వన్నెరైక మెరుంగు । గుబ్బల పొగరానికుట్లు పిగల\nకమ్మని దవనంపురెమ్మల జడ పైడి- । కుచ్చులు పిరుదుల గునిసియాడ\nపొలుపొందు పావడంబులు మొల్కపాంజేలు । గిలగిలమని పదంబులను మొరయ	false	నారాయణవనంబు చీరకుచ్చంచులు । మీగాళ్ల కెలమి కైలాగు లెసగ\nసన్నగీరుల గులాల్ వన్నెరైక మెరుంగు । గుబ్బల పొగరానికుట్లు పిగల\nకమ్మని దవనంపురెమ్మల జడ పైడి- । కుచ్చులు పిరుదుల గునిసియాడ\nపొలుపొందు పావడంబులు మొల్కపాంజేలు । గిలగిలమని పదంబులను మొరయ	["seq"]	["seq"]	40	ి	ీ	lengthen	0	18	కెలమీ	false	1	1	16	||UU	["కె","ల","మీ","కై"]	pdy-r-00252		
pdy-teytageethi-0237	teytageethi	upajaathi	""	train	నవ్వుకుంచును కార్వేటినగరమునను ।\nవీధినెదూరైన సిగ్గున వీపుగప్పి\nత్రోవ దొలగిననాటి నీ భావమెన్న ।\nవశమటే రామరామ లావణ్యసీమ.	false	నవ్వుకుంచును కార్వేటినగరమునను ।\nవీధినెదురైన సిగ్గున వీపుగప్పి\nత్రోవ దొలగిననాటి నీ భావమెన్న ।\nవశమటే రామరామ లావణ్యసీమ.	["seq"]	["seq"]	39	ు	ూ	lengthen	1	3	వీధినెదూరైన	false	1	1	16	|UU|	["నె","దూ","రై","న"]	pdy-r-00253		
pdy-teytageethi-0238	teytageethi	upajaathi	""	train	కలువకొలనికి పడమటిగట్టు పొన్న- ।\nగున్నలకు తోడితెమ్మని గురుతూజెప్పి\nకన్య నంపించునాటి సౌఖ్యంబు దలప ।\nవశమటే రామరామ లావణ్యసీమ.	false	కలువకొలనికి పడమటిగట్టు పొన్న- ।\nగున్నలకు తోడితెమ్మని గురుతుజెప్పి\nకన్య నంపించునాటి సౌఖ్యంబు దలప ।\nవశమటే రామరామ లావణ్యసీమ.	["seq"]	["seq"]	58	ు	ూ	lengthen	1	11	గురుతూజెప్పి	false	1	3	24	||U	["గు","రు","తూ"]	pdy-r-00254		
pdy-seesamu-0239	seesamu	upajaathi	""	train	తమ్మిమొగ్గలు పెద్దతలుపు పెన్గుబ్బలు । గజనిమ్మపండ్లు బంగారుగుండ్లు\nబరిణెకప్పులు పూలబంతులు మేల్‍రంగు । బూసిన బటువైన బొంగరాలు\nకరికుంభములు వీణెకాయలు జక్కువ- । పిట్టలు మరుని చేపుట్టచెండ్లు\nకొండలు యపరంజికుండలు రసగుండ్లు । కంచుగిన్నెలు భూమి గలుగునట్టి-	true	తమ్మిమొగ్గలు పెద్దతలుపు పెన్గుబ్బలు । గజనిమ్మపండ్లు బంగారుగుండ్లు\nబరిణెకప్పులు పూలబంతులు మేల్‍రంగు । బూసిన బటువైన బొంగరాలు\nకరికుంభములు వీణెకాయలు జక్కువ- । పిట్టలు మరుని చేపుట్టచెండ్లు\nకొండలు యపరంజికుండలు రసగుండ్లు । కంచుగిన్నెలు భూమి గలుగునట్టి-	[]	[]														pdy-r-00255		
pdy-seesamu-0240	seesamu	upajaathi	""	train	కారంజిలో నీతకాయల మోపాని । తేలెడు పచ్చని తెప్పపల్క\nపైకెంపు రాకోళ్లపట్టెమంచము దోమ- । తెరచుట్టు దివ్వెకందీలబారు\nతొడిమ తీసిన రెక్క విడిమల్లెపూపాన్పు । పచ్చాకుదిండ్లు కోపైన లోడు\nదనరు కుంకుమపువ్వు తక్కెంబు కీలుబొ- । మ్మలు వేయు పంఖాల చలువగాడ్పు-	true	కారంజిలో నీతకాయల మోపాని । తేలెడు పచ్చని తెప్పపల్క\nపైకెంపు రాకోళ్లపట్టెమంచము దోమ- । తెరచుట్టు దివ్వెకందీలబారు\nతొడిమ తీసిన రెక్క విడిమల్లెపూపాన్పు । పచ్చాకుదిండ్లు కోపైన లోడు\nదనరు కుంకుమపువ్వు తక్కెంబు కీలుబొ- । మ్మలు వేయు పంఖాల చలువగాడ్పు-	[]	[]														pdy-r-00256		
pdy-teytageethi-0244	teytageethi	upajaathi	""	dev	యనుచు సతతము చతురత నెనసి కినిసి ।\nపెనగీ జెట్టీల లాగు సొంపొనర దనరు\nసరణి దలచిన మనసు విస్మయము దలప ।\nవశమటే రామరామ లావణ్యసీమ.	false	యనుచు సతతము చతురత నెనసి కినిసి ।\nపెనగి జెట్టీల లాగు సొంపొనర దనరు\nసరణి దలచిన మనసు విస్మయము దలప ।\nవశమటే రామరామ లావణ్యసీమ.	["seq"]	["seq"]	37	ి	ీ	lengthen	1	2	పెనగీ	false	1	0	17	||U	["పె","న","గీ"]	pdy-r-00257		
pdy-teytageethi-0249	teytageethi	upajaathi	""	test	బల్కినట్లైతె మగవారీ పరువు గాదు ।\nపరువు కని యూరకుండిన మరుపు రాదు\nమరిచెదనటన్న యింక నీ మహిమలెన్న ।\nవశమటే రామరామ లావణ్యసీమ.	false	బల్కినట్లైతె మగవారి పరువు గాదు ।\nపరువు కని యూరకుండిన మరుపు రాదు\nమరిచెదనటన్న యింక నీ మహిమలెన్న ।\nవశమటే రామరామ లావణ్యసీమ.	["seq"]	["seq"]	18	ి	ీ	lengthen	0	8	మగవారీ	false	0	2	5	||UU	["మ","గ","వా","రీ"]	pdy-r-00258		
pdy-seesamu-0251	seesamu	upajaathi	""	train	కమలారి కృష్ణపాడ్యమిరేయి రాగ తూ- । ర్పున నాకసము బర్వు పోలీకనగ\nనమర వసంతకాలమునందు వికసించు । తీగెపన్నీరుపూదీప్తి యనగ\nశుకవాహనునకు సేవకులు వేయు నుడాయి । పావడ చెంగావి భాతి యనగ\nమదనుని రాణి సీమంతవీధిని నంటి । వగగాంచు సిందూరవర్ణమనగ	false	కమలారి కృష్ణపాడ్యమిరేయి రాగ తూ- । ర్పున నాకసము బర్వు పోలికనగ\nనమర వసంతకాలమునందు వికసించు । తీగెపన్నీరుపూదీప్తి యనగ\nశుకవాహనునకు సేవకులు వేయు నుడాయి । పావడ చెంగావి భాతి యనగ\nమదనుని రాణి సీమంతవీధిని నంటి । వగగాంచు సిందూరవర్ణమనగ	["seq"]	["corr","seq"]	56	ి	ీ	lengthen	0	23	పోలీకనగ	false	1	2	22	UU|	["పో","లీ","క"]	pdy-r-00259		
pdy-teytageethi-0251	teytageethi	upajaathi	""	train	కుందనపుపళ్లెమున తోటకూరవిత్తు- ।\nలెండ నెరపిన పై పిల్లలేడి పదమూ-\nనిడిన గతి దోచు నీ మరునిల్లు దలప ।\nవశమటే రామరామ లావణ్యసీమ.	false	కుందనపుపళ్లెమున తోటకూరవిత్తు- ।\nలెండ నెరపిన పై పిల్లలేడి పదము-\nనిడిన గతి దోచు నీ మరునిల్లు దలప ।\nవశమటే రామరామ లావణ్యసీమ.	["seq"]	["seq"]	60	ు	ూ	lengthen	1	13	పదమూ	false	1	4	25	||U	["ప","ద","మూ"]	pdy-r-00260		
pdy-teytageethi-0256	teytageethi	upajaathi	""	train	వెంతనిర్మోహివని నెరవంతమనసు ।\nసహనపరుచుడి పిమ్మట సౌఖ్యమందు-\nవట్టు జిగిబిగి వగ నగవభినుతింప ।\nవశమటే రామరామ లావణ్యసీమ.	true	వెంతనిర్మోహివని నెరవంతమనసు ।\nసహనపరుచుడి పిమ్మట సౌఖ్యమందు-\nవట్టు జిగిబిగి వగ నగవభినుతింప ।\nవశమటే రామరామ లావణ్యసీమ.	[]	[]														pdy-r-00261		
pdy-teytageethi-0258	teytageethi	upajaathi	""	test	దాని మెయితళ్కు మెడకుల్కు దాని బెళ్కు ।\nదానీ వగనీటు బిగిదాటు దాని నేటు\nదాని నీవేళ నా మది దలచి తాళ ।\nవశమటే రామరామ లావణ్యసీమ.	false	దాని మెయితళ్కు మెడకుల్కు దాని బెళ్కు ।\nదాని వగనీటు బిగిదాటు దాని నేటు\nదాని నీవేళ నా మది దలచి తాళ ।\nవశమటే రామరామ లావణ్యసీమ.	["seq"]	["corr","seq"]	42	ి	ీ	lengthen	1	1	దానీ	true	1	0	14	UU|	["దా","నీ","వ"]	pdy-r-00262		
pdy-teytageethi-0260	teytageethi	upajaathi	""	train	చందనము మైనలందిన సమయమునను ।\nకంకణంబులు మొరయ పంఖాలు బూని\nవీసరవచ్చిన వగగన్న విధికినెన్న ।\nవశమటే రామరామ లావణ్యసీమ.	false	చందనము మైనలందిన సమయమునను ।\nకంకణంబులు మొరయ పంఖాలు బూని\nవిసరవచ్చిన వగగన్న విధికినెన్న ।\nవశమటే రామరామ లావణ్యసీమ.	["seq"]	["seq"]	55	ి	ీ	lengthen	2	0	వీసరవచ్చిన	false	2	1	30	|U||	["ర","వ","చ్చి","న"]	pdy-r-00263		
pdy-teytageethi-0261	teytageethi	upajaathi	""	test	నడక మెల్లదనంబు పున్నాగ దానీ ।\nసురత మానందభైరవి సొంపు నాట\nనెనయకుండినవేళ నా నెనరు తాళ ।\nవశమటే రామరామ లావణ్యసీమ.	false	నడక మెల్లదనంబు పున్నాగ దాని ।\nసురత మానందభైరవి సొంపు నాట\nనెనయకుండినవేళ నా నెనరు తాళ ।\nవశమటే రామరామ లావణ్యసీమ.	["seq"]	["corr","seq"]	26	ి	ీ	lengthen	0	12	దానీ	true	0	4	11	UU|	["దా","నీ","సు"]	pdy-r-00264		
pdy-seesamu-0268	seesamu	upajaathi	""	test	తరుణికెంతట దృష్టి తాకునో యని దానీ । సొగసు కన్నులనిండ జూడ వెరతు\nమిసిమైన నునుమేను కసుగందునని చేతు- । లెత్తి బిగ్గన కౌగిలింప వెరతు\nనవకమౌ లేతచన్గవ సొక్కునని యెంచి । గట్టిగా చేకొద్ది బట్ట వెరతు\nచిలచిల నమృతంబు జిలుకగా దాని చ- । క్కెరమోవి మొనపంట గరువ వెరతు	false	తరుణికెంతట దృష్టి తాకునో యని దాని । సొగసు కన్నులనిండ జూడ వెరతు\nమిసిమైన నునుమేను కసుగందునని చేతు- । లెత్తి బిగ్గన కౌగిలింప వెరతు\nనవకమౌ లేతచన్గవ సొక్కునని యెంచి । గట్టిగా చేకొద్ది బట్ట వెరతు\nచిలచిల నమృతంబు జిలుకగా దాని చ- । క్కెరమోవి మొనపంట గరువ వెరతు	["seq"]	["seq"]	32	ి	ీ	lengthen	0	14	దానీ	true	0	3	11	||UU	["య","ని","దా","నీ"]	pdy-r-00265		
pdy-seesamu-0269	seesamu	upajaathi	""	train	చిలకముక్కున కాటు జెందని బింబంబు । పొగలేక నిల్చు కప్పురపు దివ్వె\nకోయిల నొక్కుగా కొరకని చిగురాకు । ఘాటింపు పచ్చిమరాటి మొగ్గ\nతుమ్మెద వ్రాలని కమ్మదామరపువ్వూ । నవకమౌ మేల్దవనంపు మొల్క\nసానపై దీరిన జాతివజ్రపురవ । వాసించు గోవజవాజి భరణి	false	చిలకముక్కున కాటు జెందని బింబంబు । పొగలేక నిల్చు కప్పురపు దివ్వె\nకోయిల నొక్కుగా కొరకని చిగురాకు । ఘాటింపు పచ్చిమరాటి మొగ్గ\nతుమ్మెద వ్రాలని కమ్మదామరపువ్వు । నవకమౌ మేల్దవనంపు మొల్క\nసానపై దీరిన జాతివజ్రపురవ । వాసించు గోవజవాజి భరణి	["seq"]	["seq"]	151	ు	ూ	lengthen	2	12	కమ్మదామరపువ్వూ	false	4	3	59	||UU	["మ","ర","పు","వ్వూ"]	pdy-r-00266		
pdy-teytageethi-0269	teytageethi	upajaathi	""	train	వలపుల మిటారి నిత్యము వచ్చు దారి ।\nచుచి వేసారి మనమున సొలపు మీరి\nమగువ నొకసారి నెనయక మరుని బారి ।\nవశమటే రామరామ లావణ్యసీమ.	false	వలపుల మిటారి నిత్యము వచ్చు దారి ।\nచూచి వేసారి మనమున సొలపు మీరి\nమగువ నొకసారి నెనయక మరుని బారి ।\nవశమటే రామరామ లావణ్యసీమ.	["seq"]	["corr","seq"]	35	ూ	ు	shorten	1	0	చుచి	false	1	0	14	||U	["చు","చి","వే"]	pdy-r-00267		
pdy-teytageethi-0270	teytageethi	upajaathi	""	test	ప్రేమ నెటు దాతు మదికి మందేమి సేతు ।\nనెపుడు నిను జూతు నింక నేనెటుల సైతు\nబిరుదు నిక తీతు మరునిదే పెద్ద భితు ।\nవశమటే రామరామ లావణ్యసీమ.	false	ప్రేమ నెటు దాతు మదికి మందేమి సేతు ।\nనెపుడు నిను జూతు నింక నేనెటుల సైతు\nబిరుదు నిక తీతు మరునిదే పెద్ద భీతు ।\nవశమటే రామరామ లావణ్యసీమ.	["seq"]	["corr","seq"]	102	ీ	ి	shorten	2	13	భితు	false	3	0	45	||U	["శ","మ","టే"]	pdy-r-00268		
pdy-teytageethi-0272	teytageethi	upajaathi	""	train	వెలది నినుజేరి మదికేరి వేడ్కమీరి ।\nగోర తొడజీరి మరుబారి కొదువదిరి\nకడిమి నొకసారి చలపోరి కలయగోరి ।\nవచ్చితినె రామరామ లావణ్యసీమ.	false	వెలది నినుజేరి మదికేరి వేడ్కమీరి ।\nగోర తొడజీరి మరుబారి కొదువదీరి\nకడిమి నొకసారి చలపోరి కలయగోరి ।\nవచ్చితినె రామరామ లావణ్యసీమ.	["seq"]	["corr","seq"]	61	ీ	ి	shorten	1	13	కొదువదిరి	false	2	1	34	|U||	["క","సా","రి","చ"]	pdy-r-00269		
pdy-teytageethi-0277	teytageethi	upajaathi	""	train	రమణి మరులొగ్గి విరహానలమున కగ్గి ।\nమరిమరిని తగ్గి సొగసుపై మనసు నొగ్గి\nవేడుకల మ్రొగ్గీయున్న నన్ వింతసేయ ।\nవలెనటే రామరామ లావణ్యసీమ.	false	రమణి మరులొగ్గి విరహానలమున కగ్గి ।\nమరిమరిని తగ్గి సొగసుపై మనసు నొగ్గి\nవేడుకల మ్రొగ్గియున్న నన్ వింతసేయ ।\nవలెనటే రామరామ లావణ్యసీమ.	["seq"]	["seq"]	83	ి	ీ	lengthen	2	5	మ్రొగ్గీయున్న	false	2	1	34	||UU	["క","ల","మ్రొ","గ్గీ"]	pdy-r-00270		
pdy-seesamu-0278	seesamu	upajaathi	""	dev	కలపంబు నెమ్మేన నలది యొద్దిక జేరి । వినుతించి కప్పురవిడె మొసంగీ\nయరవిరి సంపెందవిరులు సొంపుగ జుట్టి । కడుమోదమున బిగ్గ గౌగలించి\nపెదవితేనియలిచ్చి మదనదాహము దీర్చి । కెమ్మోవిపై పలుగెంపులుంచి\nపావురగతి కేరి పలికి చెక్కిలి జీరి । ముద్దిచ్చి లాలించి మోహరించి	false	కలపంబు నెమ్మేన నలది యొద్దిక జేరి । వినుతించి కప్పురవిడె మొసంగి\nయరవిరి సంపెందవిరులు సొంపుగ జుట్టి । కడుమోదమున బిగ్గ గౌగలించి\nపెదవితేనియలిచ్చి మదనదాహము దీర్చి । కెమ్మోవిపై పలుగెంపులుంచి\nపావురగతి కేరి పలికి చెక్కిలి జీరి । ముద్దిచ్చి లాలించి మోహరించి	["seq"]	["corr","seq"]	61	ి	ీ	lengthen	0	26	మొసంగీ	false	1	3	25	UU|	["సం","గీ","య"]	pdy-r-00271		
pdy-teytageethi-0278	teytageethi	upajaathi	""	test	గుబ్బిచనుమొన లెదనాని గురుతులుంచి ।\nతరుణి చౌశీతిబంధపద్ధతు లెరింగి\nరతుల దేలించు నీ చమత్కృతి దలంప ।\nవశమటే రామరామ లావణ్యసిమ.	false	గుబ్బిచనుమొన లెదనాని గురుతులుంచి ।\nతరుణి చౌశీతిబంధపద్ధతు లెరింగి\nరతుల దేలించు నీ చమత్కృతి దలంప ।\nవశమటే రామరామ లావణ్యసీమ.	["seq"]	["seq"]	117	ీ	ి	shorten	3	11	లావణ్యసిమ	false	3	4	54	||	["సి","మ"]	pdy-r-00272		
pdy-teytageethi-0279	teytageethi	upajaathi	""	test	చెరుకుసింగిణిదొర బారి తరముగాక ।\nవెరచి మరులను తానయై వేడుకొనిన\nతేలియవైతివి మనసులో దిగులు దలప ।\nవశమటే రామరామ లావణ్యసీమ.	false	చెరుకుసింగిణిదొర బారి తరముగాక ।\nవెరచి మరులను తానయై వేడుకొనిన\nతెలియవైతివి మనసులో దిగులు దలప ।\nవశమటే రామరామ లావణ్యసీమ.	["seq"]	["seq"]	62	ె	ే	lengthen	2	0	తేలియవైతివి	false	2	1	32	|U||	["య","వై","తి","వి"]	pdy-r-00273		
pdy-seesamu-0282	seesamu	upajaathi	""	dev	ధరణిపై హేమకర్దమముతో నీ మేను । సెయుచో నది పల్చనాయెననుచు\nతరణిబింబము తెచ్చి తరచిన యాక్రింద । రాలిన సన్నపు రజము బోసి\nమెదపిన బిరుసాయె నది కూడదని రవ- । ఘనసార మమృతంబు గలయనేసి\nపదును గావించి యా పరమేష్ఠి నిర్మించె । గాబోలునని తోచు కలికి నీదు	false	ధరణిపై హేమకర్దమముతో నీ మేను । సేయుచో నది పల్చనాయెననుచు\nతరణిబింబము తెచ్చి తరచిన యాక్రింద । రాలిన సన్నపు రజము బోసి\nమెదపిన బిరుసాయె నది కూడదని రవ- । ఘనసార మమృతంబు గలయనేసి\nపదును గావించి యా పరమేష్ఠి నిర్మించె । గాబోలునని తోచు కలికి నీదు	["seq"]	["corr","seq"]	31	ే	ె	shorten	0	14	సెయుచో	false	1	1	18	|U|U	["ది","ప","ల్చ","నా"]	pdy-r-00274		
pdy-seesamu-0283	seesamu	upajaathi	""	train	మొనపంట కసిదీరగను చురుక్కున నొక్కి । నొచ్చెనో మోవంచు నూరడించు\nకిలకిల నవ్వి చెక్కిలి నొక్కి నా సామి । కందెరా యంచు చన్గవలనంచు\nప్రొద్దాయ లెమ్మని గద్దించి పల్కుచు । కదిసి ప్రేమను వచ్చి కౌగిలించు\nసురతంబునను చాల సొక్కితివని పైట- । చెరగెత్తి నెమ్మోము చెమటలొత్తు-	true	మొనపంట కసిదీరగను చురుక్కున నొక్కి । నొచ్చెనో మోవంచు నూరడించు\nకిలకిల నవ్వి చెక్కిలి నొక్కి నా సామి । కందెరా యంచు చన్గవలనంచు\nప్రొద్దాయ లెమ్మని గద్దించి పల్కుచు । కదిసి ప్రేమను వచ్చి కౌగిలించు\nసురతంబునను చాల సొక్కితివని పైట- । చెరగెత్తి నెమ్మోము చెమటలొత్తు-	[]	[]														pdy-r-00275		
pdy-teytageethi-0283	teytageethi	upajaathi	""	train	నరసి చూడంగ ని లోకతరబడైన ।\nనాయికే కామసమరప్రదాయియైన\nదాని వగలెంచి మనసు నెందాక నిల్ప ।\nవశమటే రామరామ లావణ్యసీమ.	false	నరసి చూడంగ నీ లోకతరబడైన ।\nనాయికే కామసమరప్రదాయియైన\nదాని వగలెంచి మనసు నెందాక నిల్ప ।\nవశమటే రామరామ లావణ్యసీమ.	["seq"]	["corr","seq"]	12	ీ	ి	shorten	0	6	ని	true	0	2	6	|U||	["ని","లో","క","త"]	pdy-r-00276		
pdy-seesamu-0288	seesamu	upajaathi	""	train	తీపైన బేషక్ మఠా పఠాన్ తురకి క- । చ్చి మాదువాను తేజీల పాగ\nదిట్టంపు మేల్ జుల్ఫ తీపిల్ల చిగురుఖాం- । డా కమ్మి యస్సల్ కడానిబొమ్మ\nతరుణుల మేటి నిద్దాహొంతకారి బి- । త్తరుల మిన్నా తేటకురుచతేనె\nగరిగె లేతాకు తేగా బాదుషా సాము- । వస్తాదు యెనలేని వన్నెలాడి	false	తీపైన బేషక్ మఠా పఠాన్ తురకి క- । చ్చీ మాదువాను తేజీల పాగ\nదిట్టంపు మేల్ జుల్ఫ తీపిల్ల చిగురుఖాం- । డా కమ్మి యస్సల్ కడానిబొమ్మ\nతరుణుల మేటి నిద్దాహొంతకారి బి- । త్తరుల మిన్నా తేటకురుచతేనె\nగరిగె లేతాకు తేగా బాదుషా సాము- । వస్తాదు యెనలేని వన్నెలాడి	["card","seq"]	["card","corr","seq"]	36	ీ	ి	shorten	0	13	చ్చి	true	1	0	13	|U|U	["చ్చి","మా","దు","వా"]	pdy-r-00277		
pdy-teytageethi-0288	teytageethi	upajaathi	""	dev	జతను నే గూడి కోరమీసంబు తీటు ।\nపంతముల నాటి వేడ్క నా భామతోటి\nనెనయకుండిన దిగులు నెంతని వచింప ।\nవశమటే రామరామ లావణ్యసీమ.	true	జతను నే గూడి కోరమీసంబు తీటు ।\nపంతముల నాటి వేడ్క నా భామతోటి\nనెనయకుండిన దిగులు నెంతని వచింప ।\nవశమటే రామరామ లావణ్యసీమ.	[]	[]														pdy-r-00278		
pdy-seesamu-0291	seesamu	upajaathi	""	train	వేదండయాన యీ పూదండ గైకొని । నీ దండ కరుణ నన్నేలుకొనవె\nకోపంబు మాని నీ రూపంబు నా స్మర- । తాపంబు దీరగా చూపరాదె\nవాదేల విరహంబుచే దూల నణగింప- । రాదా లతాంగి రారాపు లేలె\nయో యిందుముఖి నీవు నాయందు చలము ని- । ట్లైయుందువని దోచదాయె గదవే	false	వేదండయాన యీ పూదండ గైకొని । నీ దండ కరుణ నన్నేలుకొనవె\nకోపంబు మాని నీ రూపంబు నా స్మర- । తాపంబు దీరగా చూపరాదె\nవాదేల విరహంబుచే దూల నణగింప- । రాదా లతాంగి రారాపు లేలె\nయో యిందుముఖి నీవు నాయందు చలము ని- । ట్లైయుందువని దోచదాయె గదవె	["seq"]	["seq"]	220	ె	ే	lengthen	3	25	గదవే	true	7	3	93	||U	["గ","ద","వే"]	pdy-r-00279		
pdy-teytageethi-0291	teytageethi	upajaathi	""	test	కనరు మాటలు చెవినాని కరుణమాని ।\nమనసుమోడిని కొదవ నీ మాడ్కి బూని\nయతివ నేడేమొ కానీ యీ యలవిగాని ।\nవలపుగదె రామరామ లావణ్యసీమ.	false	కనరు మాటలు చెవినాని కరుణమాని ।\nమనసుమోడిని కొదవ నీ మాడ్కి బూని\nయతివ నేడేమొ కాని యీ యలవిగాని ।\nవలపుగదె రామరామ లావణ్యసీమ.	["seq"]	["corr","seq"]	77	ి	ీ	lengthen	2	7	కానీ	true	2	2	35	UUU|	["కా","నీ","యీ","య"]	pdy-r-00280		
pdy-teytageethi-0295	teytageethi	upajaathi	""	dev	నెటుల సైరింతు నిన్ను నేనెపుడు గాంతు ।\nనేది యుపమెంతు నీ జాలినెటు లడంతు\nమగువ దయయుంచునని చాల మది దలంతు ।\nవరుసనిటు రామరామ లావణ్యసీమ.	true	నెటుల సైరింతు నిన్ను నేనెపుడు గాంతు ।\nనేది యుపమెంతు నీ జాలినెటు లడంతు\nమగువ దయయుంచునని చాల మది దలంతు ।\nవరుసనిటు రామరామ లావణ్యసీమ.	[]	[]														pdy-r-00281		
pdy-teytageethi-0296	teytageethi	upajaathi	""	train	వచ్చి మనసిచ్చి ననుమెచ్చి వలపులెచ్చి ।\nకరుణతొ మచ్చికను గ్రుచ్చి కౌగలిచ్చి\nకలయికకుజొచ్చినట్టి నీ ఘనత దలప ।\nవశమటే రామరామ లావణ్యసీమ.	false	వచ్చి మనసిచ్చి ననుమెచ్చి వలపులెచ్చి ।\nకరుణతో మచ్చికను గ్రుచ్చి కౌగలిచ్చి\nకలయికకుజొచ్చినట్టి నీ ఘనత దలప ।\nవశమటే రామరామ లావణ్యసీమ.	["seq"]	["corr","seq"]	43	ో	ొ	shorten	1	3	కరుణతొ	false	1	1	18	|U||	["తొ","మ","చ్చి","క"]	pdy-r-00282		
pdy-mattebhamu-0222	mattebhamu	vruttamu	""	train	తతవేగంబున వార్థి దాటి గడిమిం దద్యామ్యతీరస్థ ప\nర్వతముం జేరి నగోపమాన నిజగాత్రవ్యాప్తి జాలించి, ని\nర్గత మోహుండగు యోగిభంగిఁ బ్రకృతిం బ్రాపించి, లంకాపురీ\nస్థితసర్వంబును బోల జుచితివి గాదే దవ్వులన్‌ మారుతీ!	false	తతవేగంబున వార్థి దాటి గడిమిం దద్యామ్యతీరస్థ ప\nర్వతముం జేరి నగోపమాన నిజగాత్రవ్యాప్తి జాలించి, ని\nర్గత మోహుండగు యోగిభంగిఁ బ్రకృతిం బ్రాపించి, లంకాపురీ\nస్థితసర్వంబును బోల జూచితివి గాదే దవ్వులన్‌ మారుతీ!	["seq"]	["seq"]	169	ూ	ు	shorten	3	8	జుచితివి	false	3	2	66	U||	["బో","ల","జు"]	pdy-r-00283		
pdy-saardulamu-0127	saardulamu	vruttamu	""	dev	విద్యుద్వల్లిక భంగి వాలము వీయద్వీథిం బ్రకాశింప ను\nష్ణద్యుత్యున్నతమండలంబు కరణిన్‌ వక్త్రంబు శోభిల్లగా\nప్రోద్యద్బాహుబలం బెలర్పఁగ నికుంభుం గుంభకర్ణాత్మజు\nన్‌ సద్యోమృత్యువు నొందఁజేయవె మహాజన్యంబునన్‌ మారుతీ!	false	విద్యుద్వల్లిక భంగి వాలము వియద్వీథిం బ్రకాశింప ను\nష్ణద్యుత్యున్నతమండలంబు కరణిన్‌ వక్త్రంబు శోభిల్లగా\nప్రోద్యద్బాహుబలం బెలర్పఁగ నికుంభుం గుంభకర్ణాత్మజు\nన్‌ సద్యోమృత్యువు నొందఁజేయవె మహాజన్యంబునన్‌ మారుతీ!	["seq"]	["seq"]	27	ి	ీ	lengthen	0	10	వీయద్వీథిం	false	0	3	9	|UU	["ము","వీ","య"]	pdy-r-00284		
pdy-mattebhamu-0276	mattebhamu	vruttamu	""	train	మునిశాపంబున నీప్రభావమహిమంబున్‌, శక్తియున్‌ నీవెఱుం\nగని బీజంబున శైలసుప్తవిలసత్కంఠీరవేంద్రంబు లా\nగున నట్లుంటివి గాక నిక్కము మదిన్‌ గోపించినన్‌ సర్వలో\nకనీకాయంబుల నొక్క పెట్ట నుఱుముం గావింపవే మారుతీ!	false	మునిశాపంబున నీప్రభావమహిమంబున్‌, శక్తియున్‌ నీవెఱుం\nగని బీజంబున శైలసుప్తవిలసత్కంఠీరవేంద్రంబు లా\nగున నట్లుంటివి గాక నిక్కము మదిన్‌ గోపించినన్‌ సర్వలో\nకనికాయంబుల నొక్క పెట్ట నుఱుముం గావింపవే మారుతీ!	["seq"]	["seq"]	150	ి	ీ	lengthen	3	1	కనీకాయంబుల	false	3	0	60	|UU	["క","నీ","కా"]	pdy-r-00285		
pdy-vutpalamaala-0129	vutpalamaala	vruttamu	""	train	శ్రీపతియైనఁ గానీ విధుశేఖరుఁడైన త్రిశూలపాణియై-\nనా పరమేష్ఠియైన గణనాయకుఁడైన రమామృడానులై-\nనా పలుకుం బొలంతియయినా పరిరక్షణకార్యసత్క్రియో-\nద్దీపనబోధనోక్తులను దెల్పను తల్లినిఁ బోలరెవ్వరున్.	false	శ్రీపతియైనఁ గాని విధుశేఖరుఁడైన త్రిశూలపాణియై-\nనా పరమేష్ఠియైన గణనాయకుఁడైన రమామృడానులై-\nనా పలుకుం బొలంతియయినా పరిరక్షణకార్యసత్క్రియో-\nద్దీపనబోధనోక్తులను దెల్పను తల్లినిఁ బోలరెవ్వరున్.	["seq"]	["seq"]	15	ి	ీ	lengthen	0	6	గానీ	true	0	2	6	U||	["నీ","వి","ధు"]	pdy-r-00286		
pdy-champakamaala-0187	champakamaala	vruttamu	""	train	తనయుని మీఁది బాళి మదిఁ దాఁకినచో నుపవాస మీశ్వరా-\nర్చనమును నోములాదియగు సత్క్రియలెల్లను జేయుచో నెదం\nబేనఁగిన ప్రేమమై నొగిఁ దపింపఁగ నోర్చుచు సౌఖ్యమేమి నె-\nమ్మనమున నాస పాల్పడని మానినిఁ దల్లినిఁ బోలరెవ్వరున్.	false	తనయుని మీఁది బాళి మదిఁ దాఁకినచో నుపవాస మీశ్వరా-\nర్చనమును నోములాదియగు సత్క్రియలెల్లను జేయుచో నెదం\nబెనఁగిన ప్రేమమై నొగిఁ దపింపఁగ నోర్చుచు సౌఖ్యమేమి నె-\nమ్మనమున నాస పాల్పడని మానినిఁ దల్లినిఁ బోలరెవ్వరున్.	["seq"]	["seq"]	98	ె	ే	lengthen	2	0	బేనఁగిన	false	2	0	42	U||	["బే","న","గి"]	pdy-r-00287		
pdy-champakamaala-0190	champakamaala	vruttamu	""	train	అనయము నందనేచ్ఛ హృదయంబున మల్లడిసేయ మీనలో-\nచన నిలయంబులో నిలిచి షణ్ముఖునిం జెలువారఁ గన్న యొ\nజనని దయానిధీ సుతులఁ జయ్యననిమ్మని నెమ్మి మీఱఁగా\nమునుకొని సాగిలం బడుచు మ్రొక్కెడు తల్లినిఁ బోలరెవ్వరున్.	false	అనయము నందనేచ్ఛ హృదయంబున మల్లడిసేయ మీనలో-\nచన నిలయంబులో నిలిచి షణ్ముఖునిం జెలువారఁ గన్న యో\nజనని దయానిధీ సుతులఁ జయ్యననిమ్మని నెమ్మి మీఱఁగా\nమునుకొని సాగిలం బడుచు మ్రొక్కెడు తల్లినిఁ బోలరెవ్వరున్.	["seq"]	["seq"]	87	ో	ొ	shorten	1	20	యొ	true	1	6	39	U||	["గ","న్న","యొ"]	pdy-r-00288		
pdy-champakamaala-0195	champakamaala	vruttamu	""	train	చెలు లిటు రమ్మటంచుఁ దనుఁ జీఱిన వేసట గర్భగోళసం-\nకలితసుతావనేచ్ఛఁ జనఁగా మఱి యూహఁ దొలంగు దేహళీ-\nస్థలీ నెగదాఁటనేరనని తగ్గులు మిఱ్ఱులు చూచి తిన్నఁగాఁ\nగలక దలంగి తా నడచు కామినిఁ దల్లినిఁ బోలరెవ్వరున్.	false	చెలు లిటు రమ్మటంచుఁ దనుఁ జీఱిన వేసట గర్భగోళసం-\nకలితసుతావనేచ్ఛఁ జనఁగా మఱి యూహఁ దొలంగు దేహళీ-\nస్థలి నెగదాఁటనేరనని తగ్గులు మిఱ్ఱులు చూచి తిన్నఁగాఁ\nగలక దలంగి తా నడచు కామినిఁ దల్లినిఁ బోలరెవ్వరున్.	["seq"]	["seq"]	96	ి	ీ	lengthen	2	1	స్థలీ	false	2	0	42	|U|	["స్థ","లీ","నె"]	pdy-r-00289		
pdy-champakamaala-0200	champakamaala	vruttamu	""	dev	ప్రమదము మీఱఁ గన్న యల బాలునకై యొకవేళఁ బక్షిదో-\nషమొనరు దృష్టి సోఁకు గ్రహసంసరణంబును గాలి ముట్టు దో-\nషము మొదలైన దోషములు సంధిలకుండఁగ నంతలోన వే-\nగమునను రక్షరేకు మోలఁ గట్టెడు తల్లినిఁ బోలరెవ్వరున్.	false	ప్రమదము మీఱఁ గన్న యల బాలునకై యొకవేళఁ బక్షిదో-\nషమొనరు దృష్టి సోఁకు గ్రహసంసరణంబును గాలి ముట్టు దో-\nషము మొదలైన దోషములు సంధిలకుండఁగ నంతలోన వే-\nగమునను రక్షరేకు మొలఁ గట్టెడు తల్లినిఁ బోలరెవ్వరున్.	["seq"]	["seq"]	156	ొ	ో	lengthen	3	8	మోలఁ	false	3	2	69	U|U	["రే","కు","మో"]	pdy-r-00290		
pdy-champakamaala-0201	champakamaala	vruttamu	""	train	పురుడు చనంగ జాతకపుఁ బొంక మెఱింగినయట్టి పెద్ద లా-\nదరమున దీర్ఘకాలము ముదంబున మీనవిలోచనాతివి-\nస్ఫురకరుణావిశేషమున శోభిలుచుం భవదాత్మజుండు బ-\nల్వరలు నటన్న మాట వీన వాంఛిలు తల్లినిఁ బోలరెవ్వరున్.	false	పురుడు చనంగ జాతకపుఁ బొంక మెఱింగినయట్టి పెద్ద లా-\nదరమున దీర్ఘకాలము ముదంబున మీనవిలోచనాతివి-\nస్ఫురకరుణావిశేషమున శోభిలుచుం భవదాత్మజుండు బ-\nల్వరలు నటన్న మాట విన వాంఛిలు తల్లినిఁ బోలరెవ్వరున్.	["seq"]	["seq"]	153	ి	ీ	lengthen	3	8	వీన	false	3	2	69	U|U	["మా","ట","వీ"]	pdy-r-00291		
pdy-champakamaala-0202	champakamaala	vruttamu	""	train	నెలపురు డీఁగుదాఁక బలునే ర్పలరారను మూలయింటిలో-\nపలఁ బరు లెవ్వరేని తన పట్టినీఁ జూచిన దృష్టి దాఁకు ని-\nమ్ముల నని దాఁచి గాలితెఱ ముంగలఁ దానొనరించి పెంపుటిం-\nతుల పయిఁగాఁపుగా నిడిన తొయ్యలిఁ దల్లినిఁ బోలరెవ్వరున్.	false	నెలపురు డీఁగుదాఁక బలునే ర్పలరారను మూలయింటిలో-\nపలఁ బరు లెవ్వరేని తన పట్టినిఁ జూచిన దృష్టి దాఁకు ని-\nమ్ముల నని దాఁచి గాలితెఱ ముంగలఁ దానొనరించి పెంపుటిం-\nతుల పయిఁగాఁపుగా నిడిన తొయ్యలిఁ దల్లినిఁ బోలరెవ్వరున్.	["seq"]	["seq"]	73	ి	ీ	lengthen	1	12	పట్టినీఁ	false	1	4	33	UU|	["నీ","జూ","చి"]	pdy-r-00292		
pdy-champakamaala-0206	champakamaala	vruttamu	""	test	పిడికిలి పట్టువేళఁ దనుఁ బేర్కొని నవ్వెడువేళ నోరలం\nబడియెడువేళ నూకురులు పల్కెడివేళను దోఁగూలాడుట\nన్ దడఁబడువేళఁ జూడఁ గని తప్పుటడుంగిడువేళఁ బ్రేమ బ\nల్ గడలుకొనంగ సంతసిలు కామినిఁ దల్లినిఁ బోలరెవ్వరున్.	false	పిడికిలి పట్టువేళఁ దనుఁ బేర్కొని నవ్వెడువేళ నోరలం\nబడియెడువేళ నూకురులు పల్కెడివేళను దోఁగులాడుట\nన్ దడఁబడువేళఁ జూడఁ గని తప్పుటడుంగిడువేళఁ బ్రేమ బ\nల్ గడలుకొనంగ సంతసిలు కామినిఁ దల్లినిఁ బోలరెవ్వరున్.	["seq"]	["seq"]	87	ు	ూ	lengthen	1	17	దోఁగూలాడుట	false	1	5	36	|UU	["ను","దో","గూ"]	pdy-r-00293		
pdy-vutpalamaala-0136	vutpalamaala	vruttamu	""	train	బాలుని వృద్ధికై యొరులు పల్కినయట్టుల నెంత ద్రవ్యమై-\nనా లవమాత్ర మంచుఁ దన నాథునకున్ దెలియంగఁ బల్కుచు\nన్ లిల ఘటించి నందనుని లీలలకు న్మది సొక్కి యోగులం\nబోలినయట్టులుండు ననబోణినిఁ దల్లినిఁ బోలరెవ్వరున్.	false	బాలుని వృద్ధికై యొరులు పల్కినయట్టుల నెంత ద్రవ్యమై-\nనా లవమాత్ర మంచుఁ దన నాథునకున్ దెలియంగఁ బల్కుచు\nన్ లీల ఘటించి నందనుని లీలలకు న్మది సొక్కి యోగులం\nబోలినయట్టులుండు ననబోణినిఁ దల్లినిఁ బోలరెవ్వరున్.	["seq"]	["seq"]	102	ీ	ి	shorten	2	0	లిల	true	2	0	40	|||	["న్లి","ల","ఘ"]	pdy-r-00294		
pdy-vutpalamaala-0138	vutpalamaala	vruttamu	""	train	భావ మెలర్ప మూలికల భావన చేసినయట్టి బంగరుం\nదీవెల నుకచిట్టుడుకు దీసి మరీచిఘృతోచితంబుగాఁ\nద్రావఁగఁ జేసి వేఁడి జలధారల మేను గడింగి నిద్దురం\nబోవఁగ జోలఁ బాడుచును బొంగెడు తల్లినిఁ బోలరెవ్వరున్.	false	భావ మెలర్ప మూలికల భావన చేసినయట్టి బంగరుం\nదీవెల నూకచిట్టుడుకు దీసి మరీచిఘృతోచితంబుగాఁ\nద్రావఁగఁ జేసి వేఁడి జలధారల మేను గడింగి నిద్దురం\nబోవఁగ జోలఁ బాడుచును బొంగెడు తల్లినిఁ బోలరెవ్వరున్.	["seq"]	["seq"]	48	ూ	ు	shorten	1	3	నుకచిట్టుడుకు	false	1	1	23	||U	["ను","క","చి"]	pdy-r-00295		
pdy-champakamaala-0216	champakamaala	vruttamu	""	dev	గునగున నేగుదెంచి తనకు న్మఱి పప్పు లొసంగుమంచుఁ బ-\nల్కిన నెఱముద్దుమాటలకుఁ గేవలము న్మది సొక్కి తద్వచో-\nజనితసుధారసానుభవసంగతి నాఁకలి నొప్పిదప్పు లెం-\nచని తనుజేప్సితార్థఫలశాలినిఁ దల్లీనిఁ బోలరెవ్వరున్.	false	గునగున నేగుదెంచి తనకు న్మఱి పప్పు లొసంగుమంచుఁ బ-\nల్కిన నెఱముద్దుమాటలకుఁ గేవలము న్మది సొక్కి తద్వచో-\nజనితసుధారసానుభవసంగతి నాఁకలి నొప్పిదప్పు లెం-\nచని తనుజేప్సితార్థఫలశాలినిఁ దల్లినిఁ బోలరెవ్వరున్.	["seq"]	["seq"]	177	ి	ీ	lengthen	3	14	దల్లీనిఁ	false	3	4	75	|UU	["ని","ద","ల్లీ"]	pdy-r-00296		
pdy-champakamaala-0219	champakamaala	vruttamu	""	test	తలఁపున నున్న భావ మొకదారిఁ జెలంగఁగ వచ్చిరాని మా-\nటలు మఱి పల్కువేళఁ గడు ఠాయి జెలంగెడు శౌరీసత్కథా-\nకలితవినోదముల్ వినెడు కైవడిగా వడి నాలకించుచో\nఫల మొనఁగూడెనంచు నుతిఁ బల్కెడు తల్లినిఁ బోలరెవ్వరున్.	false	తలఁపున నున్న భావ మొకదారిఁ జెలంగఁగ వచ్చిరాని మా-\nటలు మఱి పల్కువేళఁ గడు ఠాయి జెలంగెడు శౌరిసత్కథా-\nకలితవినోదముల్ వినెడు కైవడిగా వడి నాలకించుచో\nఫల మొనఁగూడెనంచు నుతిఁ బల్కెడు తల్లినిఁ బోలరెవ్వరున్.	["seq"]	["seq"]	87	ి	ీ	lengthen	1	17	శౌరీసత్కథా	false	1	5	36	|UU	["డు","శౌ","రీ"]	pdy-r-00297		
pdy-champakamaala-0220	champakamaala	vruttamu	""	train	తన తనుజాతుఁ డొక్కతఱిఁ దప్పిదముల్ ఘటియింప భర్త నె-\nమ్మనమున సంతసించుటకు మంచివిగా వినీపించు మంచిగాఁ\nబను లొనరింప నందఱును “బాలుఁడు యోగ్యుఁ” డటన్న మాటఁ దా,\nవిని మది సంతసిల్లు నలివేణినిఁ దల్లినిఁ బోలరెవ్వరున్.	false	తన తనుజాతుఁ డొక్కతఱిఁ దప్పిదముల్ ఘటియింప భర్త నె-\nమ్మనమున సంతసించుటకు మంచివిగా వినిపించు మంచిగాఁ\nబను లొనరింప నందఱును “బాలుఁడు యోగ్యుఁ” డటన్న మాటఁ దా,\nవిని మది సంతసిల్లు నలివేణినిఁ దల్లినిఁ బోలరెవ్వరున్.	["seq"]	["seq"]	82	ి	ీ	lengthen	1	15	వినీపించు	false	1	5	36	UU|	["నీ","పిం","చు"]	pdy-r-00298		
pdy-champakamaala-0225	champakamaala	vruttamu	""	train	చదివితివేని ని కిపుడు జామఫలంబులు దెచ్చి యిత్తు స-\nమ్మదమున మంచిదోవతులు మాడలొసంగుదునంచుఁ బల్కి మే-\nల్పొదలఁగ బుజ్జగించుచును బొంకముగా బడిఁ జేరఁ బంపి తాఁ\nబదపడి త్రోవలో నిలుచుఁ బల్మఱు తల్లినిఁ బోలరెవ్వరున్.	false	చదివితివేని నీ కిపుడు జామఫలంబులు దెచ్చి యిత్తు స-\nమ్మదమున మంచిదోవతులు మాడలొసంగుదునంచుఁ బల్కి మే-\nల్పొదలఁగ బుజ్జగించుచును బొంకముగా బడిఁ జేరఁ బంపి తాఁ\nబదపడి త్రోవలో నిలుచుఁ బల్మఱు తల్లినిఁ బోలరెవ్వరున్.	["seq"]	["seq"]	13	ీ	ి	shorten	0	6	ని	true	0	2	6	|||	["ని","కి","పు"]	pdy-r-00299		
pdy-champakamaala-0229	champakamaala	vruttamu	""	test	కొడు కెటువంటివాఁ డయినఁ గుంభీనిలో నదలింపరాని దుం-\nదుడుకయి యున్న నన్యులకు దొడ్డఱికం బెఱిఁగించుచున్ మది\nన్ జిడజిడ మాని సంతసము చిప్పిలఁ గంటికి ఱెప్ప చాడ్పున\nన్ దొడఁబడి ప్రోచుచున్న యలతొయ్యలిఁ దల్లినిఁ బోలరెవ్వరున్.	false	కొడు కెటువంటివాఁ డయినఁ గుంభినిలో నదలింపరాని దుం-\nదుడుకయి యున్న నన్యులకు దొడ్డఱికం బెఱిఁగించుచున్ మది\nన్ జిడజిడ మాని సంతసము చిప్పిలఁ గంటికి ఱెప్ప చాడ్పున\nన్ దొడఁబడి ప్రోచుచున్న యలతొయ్యలిఁ దల్లినిఁ బోలరెవ్వరున్.	["seq"]	["seq"]	27	ి	ీ	lengthen	0	11	గుంభీనిలో	false	0	3	9	|UU	["న","గుం","భీ"]	pdy-r-00300		
pdy-champakamaala-0230	champakamaala	vruttamu	""	dev	సదమలరీతు లుల్లసిల సార మెఱింగెడి రీతిఁ జక్కఁగాఁ\nజదివితివేని భూజనులు సన్నుతి చేసెద రింతెకాక సం-\nపద లెడఁగూడు నీ కనుచు బాలునకు న్మఱి బుద్ధి చెప్పుచో\nమది ముదమంది యొప్పెసఁగు మానినిఁ దల్లినిఁ బోలరెవ్వరున్.	true	సదమలరీతు లుల్లసిల సార మెఱింగెడి రీతిఁ జక్కఁగాఁ\nజదివితివేని భూజనులు సన్నుతి చేసెద రింతెకాక సం-\nపద లెడఁగూడు నీ కనుచు బాలునకు న్మఱి బుద్ధి చెప్పుచో\nమది ముదమంది యొప్పెసఁగు మానినిఁ దల్లినిఁ బోలరెవ్వరున్.	[]	[]														pdy-r-00301		
pdy-champakamaala-0232	champakamaala	vruttamu	""	test	వెడవెడ నింక భోజనపువేళ గతించిన బిడ్డఁడేమొకో\nబడి వీడి రాఁడు నేఁ డనుచుఁ బాతరలాడుచు నుండునంతలోఁ\nగడఁ జనుదేర నెత్తుకొని కౌఁగిటఁ జేరిచి చుంచు దువ్వి మై-\nబడలిక దీఱ సంతసిలు భామినిఁ దల్లినిఁ బోలరెవ్వరున్.	false	వెడవెడ నింక భోజనపువేళ గతించిన బిడ్డఁడేమొకో\nబడి విడి రాఁడు నేఁ డనుచుఁ బాతరలాడుచు నుండునంతలోఁ\nగడఁ జనుదేర నెత్తుకొని కౌఁగిటఁ జేరిచి చుంచు దువ్వి మై-\nబడలిక దీఱ సంతసిలు భామినిఁ దల్లినిఁ బోలరెవ్వరున్.	["seq"]	["seq"]	48	ి	ీ	lengthen	1	2	వీడి	true	1	0	21	||U	["బ","డి","వీ"]	pdy-r-00302		
pdy-champakamaala-0235	champakamaala	vruttamu	""	dev	సరసులు మెచ్చఁగా గణితశాస్త్రము నేరిచి సంఖ్యలెల్ల సు-\nస్థిరమతితోడఁ జెప్పుటకుఁ దెల్వి వహించినయట్టి మంచిలే-\nకరి యగూఁగాక నా సుతశిఖామణి యంచుఁ బరాపరేశు స-\nద్గురునిఁ దలంచుచో నెదను గోరెడు తల్లినిఁ బోలరెవ్వరున్.	false	సరసులు మెచ్చఁగా గణితశాస్త్రము నేరిచి సంఖ్యలెల్ల సు-\nస్థిరమతితోడఁ జెప్పుటకుఁ దెల్వి వహించినయట్టి మంచిలే-\nకరి యగుఁగాక నా సుతశిఖామణి యంచుఁ బరాపరేశు స-\nద్గురునిఁ దలంచుచో నెదను గోరెడు తల్లినిఁ బోలరెవ్వరున్.	["seq"]	["seq"]	110	ు	ూ	lengthen	2	3	యగూఁగాక	false	2	1	45	UU|	["గూ","గా","క"]	pdy-r-00303		
pdy-champakamaala-0239	champakamaala	vruttamu	""	train	కులమును రూపముం జెలువుఁ గోమలతం దలిదండ్రు లన్నద-\nమ్ములూఁ గలదానిఁగా సుగుణము ల్గలదానినిఁగా దలంచి పై-\nదలి నటు పెండ్లిచేసి యల దంపతులం గని మూఁడులోకము\nల్ చెలువుగ నేలినట్లు విలసిల్లెడు తల్లినిఁ బోలరెవ్వరున్.	false	కులమును రూపముం జెలువుఁ గోమలతం దలిదండ్రు లన్నద-\nమ్ములుఁ గలదానిఁగా సుగుణము ల్గలదానినిఁగా దలంచి పై-\nదలి నటు పెండ్లిచేసి యల దంపతులం గని మూఁడులోకము\nల్ చెలువుగ నేలినట్లు విలసిల్లెడు తల్లినిఁ బోలరెవ్వరున్.	["seq"]	["seq"]	52	ు	ూ	lengthen	1	1	మ్ములూఁ	false	1	0	21	|U|	["మ్ము","లూ","గ"]	pdy-r-00304		
pdy-champakamaala-0240	champakamaala	vruttamu	""	train	చెలువము మీఱుచున్న తన చిన్నికుమారునిఁ జూచి మంత్రవా-\nదులు కలుషం బొనర్తురని తోడనె పెద్దల నాశ్రయించి ని-\nర్మలుఁ డగునట్లు చేయ హరిమంత్రములన్ బఠియింపఁ బూన్చి వా-\nరల కుపయుక్తిఁ జేయ నలరారెడు తల్లినిఁ బోలరెవ్వరున్.	true	చెలువము మీఱుచున్న తన చిన్నికుమారునిఁ జూచి మంత్రవా-\nదులు కలుషం బొనర్తురని తోడనె పెద్దల నాశ్రయించి ని-\nర్మలుఁ డగునట్లు చేయ హరిమంత్రములన్ బఠియింపఁ బూన్చి వా-\nరల కుపయుక్తిఁ జేయ నలరారెడు తల్లినిఁ బోలరెవ్వరున్.	[]	[]														pdy-r-00305		
pdy-champakamaala-0245	champakamaala	vruttamu	""	train	కలుపుఁదనంబుతోడఁ దనుఁ గన్న కూమారుఁడు సంతసిల్లి కో-\nడలికి నలంకరించుచు నొడంబడి బుద్ధులు చెప్పుచున్ దనూ-\nజులవలెఁ బ్రేమ మీఱ మఱి చూచుచు భూజనులాడు మంచిప-\nల్కులకుఁ బ్రమోదమొందు సుమకోమలిఁ దల్లినిఁ బోలరెవ్వరున్.	false	కలుపుఁదనంబుతోడఁ దనుఁ గన్న కుమారుఁడు సంతసిల్లి కో-\nడలికి నలంకరించుచు నొడంబడి బుద్ధులు చెప్పుచున్ దనూ-\nజులవలెఁ బ్రేమ మీఱ మఱి చూచుచు భూజనులాడు మంచిప-\nల్కులకుఁ బ్రమోదమొందు సుమకోమలిఁ దల్లినిఁ బోలరెవ్వరున్.	["seq"]	["seq"]	27	ు	ూ	lengthen	0	12	కూమారుఁడు	false	0	4	12	UU|	["కూ","మా","రు"]	pdy-r-00306		
pdy-champakamaala-0250	champakamaala	vruttamu	""	train	కర మనురక్తి నందనులు గల్గుటకై తన ముద్దుగోడలిం\nగురుతరభక్తి దేవతలకుం బ్రణమిల్లఁగఁ జేయు వేంకటే-\nశ్వరునకు మీఁదుగట్టూమని చాటును నోములు నోఁచ ద్రవ్య ము-\nత్కరముగ నిచ్చుచోఁ గరుణ గల్గిన తల్లినిఁ బోలరెవ్వరున్.	false	కర మనురక్తి నందనులు గల్గుటకై తన ముద్దుగోడలిం\nగురుతరభక్తి దేవతలకుం బ్రణమిల్లఁగఁ జేయు వేంకటే-\nశ్వరునకు మీఁదుగట్టుమని చాటును నోములు నోఁచ ద్రవ్య ము-\nత్కరముగ నిచ్చుచోఁ గరుణ గల్గిన తల్లినిఁ బోలరెవ్వరున్.	["seq"]	["seq"]	110	ు	ూ	lengthen	2	7	మీఁదుగట్టూమని	false	2	2	48	UU|	["గ","ట్టూ","మ"]	pdy-r-00307		
pdy-champakamaala-0253	champakamaala	vruttamu	""	train	“అనయము రాజకార్యములయందుఁ బ్రవర్తన సేయువేళ భూ-\nజనూలకుఁ గీడు పన్నునెడ సడ్డ ఘటింపఁగ నీకు లోకనిం-\nదన కెడగాని నిర్మలవిధంబు సమస్తము నీకుఁ గీర్తిసా-\nధన” మని తెల్పు సద్గుణమతల్లిని దల్లినిఁ బోలరెవ్వరున్.	false	“అనయము రాజకార్యములయందుఁ బ్రవర్తన సేయువేళ భూ-\nజనులకుఁ గీడు పన్నునెడ సడ్డ ఘటింపఁగ నీకు లోకనిం-\nదన కెడగాని నిర్మలవిధంబు సమస్తము నీకుఁ గీర్తిసా-\nధన” మని తెల్పు సద్గుణమతల్లిని దల్లినిఁ బోలరెవ్వరున్.	["seq"]	["seq"]	47	ు	ూ	lengthen	1	1	జనూలకుఁ	false	1	0	21	|U|	["జ","నూ","ల"]	pdy-r-00308		
pdy-teytageethi-0299	teytageethi	upajaathi	""	train	అనుచు నిను చాల నుతియించి యబ్జభవుని\nవెలది నెంతయు గొనియాడి విఘ్నపతిని\nసన్నుతి యొనర్చి రచియింతు శతకముగను\nమదనగోపాల సత్యభామావిలోల!	true	అనుచు నిను చాల నుతియించి యబ్జభవుని\nవెలది నెంతయు గొనియాడి విఘ్నపతిని\nసన్నుతి యొనర్చి రచియింతు శతకముగను\nమదనగోపాల సత్యభామావిలోల!	[]	[]														pdy-r-00309		
pdy-teytageethi-0300	teytageethi	upajaathi	""	train	గాన వచ్చితి మి పాదకమలసేవ\nకల్గె నా భాగ్యమెట్టిదో కరుణగల్గి\nసుదతి నేలుట దగునయ్య సుందరాంగ\nమదనగోపాల సత్యభామావిలోల!	false	గాన వచ్చితి మీ పాదకమలసేవ\nకల్గె నా భాగ్యమెట్టిదో కరుణగల్గి\nసుదతి నేలుట దగునయ్య సుందరాంగ\nమదనగోపాల సత్యభామావిలోల!	["seq"]	["corr","seq"]	13	ీ	ి	shorten	0	5	మి	true	0	2	5	|U||	["మి","పా","ద","క"]	pdy-r-00310		
pdy-seesamu-0301	seesamu	upajaathi	""	train	సుదతీ కెమ్మోపి దా జూపెనా పదియారుకళల చందురువలె గానవచ్చు\nశుకవాణి కన్నులజూపెనా మరుజేతి కలువతూపులమాట్కి గానవచ్చు\nవగమీర ముంగుర్ల సొగసు చూపించెనా భ్రమరమాలికలని పల్కవచ్చు\nగబ్బిగబ్బల నుబ్బు గన్పడ జూపెనా పసిడిగిండ్లని మెచ్చ బల్కవచ్చు	false	సుదతి కెమ్మోపి దా జూపెనా పదియారుకళల చందురువలె గానవచ్చు\nశుకవాణి కన్నులజూపెనా మరుజేతి కలువతూపులమాట్కి గానవచ్చు\nవగమీర ముంగుర్ల సొగసు చూపించెనా భ్రమరమాలికలని పల్కవచ్చు\nగబ్బిగబ్బల నుబ్బు గన్పడ జూపెనా పసిడిగిండ్లని మెచ్చ బల్కవచ్చు	["seq"]	["seq"]	4	ి	ీ	lengthen	0	2	సుదతీ	true	0	0	0	||UU	["సు","ద","తీ","కె"]	pdy-r-00311		
pdy-teytageethi-0302	teytageethi	upajaathi	""	dev	యనుచు నీతోడ యేరుగింపుమనుడు వేడె\nగాన వచ్చితి నిను బిల్వ కనకచేల\nతామసించిన నా యింతి తాళదికను\nమదనగోపాల సత్యభామావిలోల!	false	యనుచు నీతోడ యెరుగింపుమనుడు వేడె\nగాన వచ్చితి నిను బిల్వ కనకచేల\nతామసించిన నా యింతి తాళదికను\nమదనగోపాల సత్యభామావిలోల!	["seq"]	["corr","seq"]	13	ె	ే	lengthen	0	6	యేరుగింపుమనుడు	false	0	4	12	|U|	["డు","వే","డె"]	pdy-r-00312		
pdy-seesamu-0304	seesamu	upajaathi	""	train	అరవిరిగొమ్మరా యపరంజిబొమ్మరా మరునిచేచిల్కరా మందయాన\nయలికులవేణిరా యంబుజపాణిరా చిలుకలకోలికిరా చిగురుబోడి\nవెన్నెలగుమ్మరా యన్నులమిన్నరా పన్నీటిసోనరా పంకజాక్షి\nచిలికికటారిరా చిత్తజదంతిరా శుకవాణిరా మేటి సుందరాంగి	false	అరవిరిగొమ్మరా యపరంజిబొమ్మరా మరునిచేచిల్కరా మందయాన\nయలికులవేణిరా యంబుజపాణిరా చిలుకలకొలికిరా చిగురుబోడి\nవెన్నెలగుమ్మరా యన్నులమిన్నరా పన్నీటిసోనరా పంకజాక్షి\nచిలికికటారిరా చిత్తజదంతిరా శుకవాణిరా మేటి సుందరాంగి	["seq"]	["corr","seq"]	82	ొ	ో	lengthen	1	17	చిలుకలకోలికిరా	false	3	3	47	||U	["గు","రు","బో"]	pdy-r-00313		
pdy-seesamu-0307	seesamu	upajaathi	""	train	వదనమా కాదది పదియారుకళలచే బెంపొంద వెలయు జాబిల్లి గాని\nకన్నులా కావవి చెన్నుమీఱగజాల మెరసెడి బేడిసమీలు గాని\nయధరమా కాదది మధురసభరితమై పరిపక్వమగు బింబఫలము గాని\nకందరమా కాదు కరిమరేఖల దాల్చి కంధిలో బొదలు శంఖంబు గాని	true	వదనమా కాదది పదియారుకళలచే బెంపొంద వెలయు జాబిల్లి గాని\nకన్నులా కావవి చెన్నుమీఱగజాల మెరసెడి బేడిసమీలు గాని\nయధరమా కాదది మధురసభరితమై పరిపక్వమగు బింబఫలము గాని\nకందరమా కాదు కరిమరేఖల దాల్చి కంధిలో బొదలు శంఖంబు గాని	[]	[]														pdy-r-00314		
pdy-teytageethi-0307	teytageethi	upajaathi	""	train	యనుచు నుతియింపతగినట్టి యలరుబోడి\nనెనయదగు జాగుసేయక నేలుకొమ్ము\nవినూతమౌ నీశ నీకు నే విన్నవింతు\nమదనగోపాల సత్యభామావిలోల!	false	యనుచు నుతియింపతగినట్టి యలరుబోడి\nనెనయదగు జాగుసేయక నేలుకొమ్ము\nవినుతమౌ నీశ నీకు నే విన్నవింతు\nమదనగోపాల సత్యభామావిలోల!	["seq"]	["seq"]	63	ు	ూ	lengthen	2	1	వినూతమౌ	false	2	0	30	|U|	["వి","నూ","త"]	pdy-r-00315		
pdy-teytageethi-0309	teytageethi	upajaathi	""	train	చెలియ నూగారు నల్లనిచీమబారు\nపోలతి పొక్కిలి విరిసిన పొన్నపూవు\nనెలత నేలుట తగునయ్య నెనరుతోను\nమదనగోపాల సత్యభామావిలోల!	false	చెలియ నూగారు నల్లనిచీమబారు\nపొలతి పొక్కిలి విరిసిన పొన్నపూవు\nనెలత నేలుట తగునయ్య నెనరుతోను\nమదనగోపాల సత్యభామావిలోల!	["seq"]	["seq"]	28	ొ	ో	lengthen	1	0	పోలతి	false	1	1	15	|U||	["తి","పొ","క్కి","లి"]	pdy-r-00316		
pdy-seesamu-0310	seesamu	upajaathi	""	train	రవనూనె మెరుగిడి రాణించు నెరికురుల్ దువ్వి కొప్పమరించి తొరమైన\nగొప్పరాగిడి మేటియొప్పైన కుప్పెయు సవరించి మొగ్గల సరులు మీర\nపరగ కెంపులు చెక్కబడినట్టి పాపటబొట్టుపై శశిపువ్వు పొసగ దాల్చి\nనిద్దంపు చెక్కుల వద్దికగా వజ్రతాటకముల ధాళధళ్య మమర	false	రవనూనె మెరుగిడి రాణించు నెరికురుల్ దువ్వి కొప్పమరించి తోరమైన\nగొప్పరాగిడి మేటియొప్పైన కుప్పెయు సవరించి మొగ్గల సరులు మీర\nపరగ కెంపులు చెక్కబడినట్టి పాపటబొట్టుపై శశిపువ్వు పొసగ దాల్చి\nనిద్దంపు చెక్కుల వద్దికగా వజ్రతాటకముల ధాళధళ్య మమర	["seq"]	["corr","seq"]	55	ో	ొ	shorten	0	22	తొరమైన	false	1	2	22	||U	["తొ","ర","మై"]	pdy-r-00317		
pdy-teytageethi-0312	teytageethi	upajaathi	""	train	మరునీచేచిల్క యనదగు మందగమన\nకలికి నెమ్మోము చందురుకాంతినెసగు\nనట్టివగలాడి నెడబారునలవి గాదు\nమదనగోపాల సత్యభామావిలోల!	false	మరునిచేచిల్క యనదగు మందగమన\nకలికి నెమ్మోము చందురుకాంతినెసగు\nనట్టివగలాడి నెడబారునలవి గాదు\nమదనగోపాల సత్యభామావిలోల!	["seq"]	["seq"]	4	ి	ీ	lengthen	0	2	మరునీచేచిల్క	false	0	0	0	||U	["మ","రు","నీ"]	pdy-r-00318		
pdy-teytageethi-0314	teytageethi	upajaathi	""	dev	చాల మది కింపు బుట్టించు సరసిజాక్షి|\nనట్టి జవరాలి నెడబాయ నర్హమగునె\nకలికి నేలుట దగునయ్య కరుణ గల్గి\nమదనగోపాల సత్యభామావిలొల!	false	చాల మది కింపు బుట్టించు సరసిజాక్షి|\nనట్టి జవరాలి నెడబాయ నర్హమగునె\nకలికి నేలుట దగునయ్య కరుణ గల్గి\nమదనగోపాల సత్యభామావిలోల!	["seq"]	["seq"]	117	ో	ొ	shorten	3	11	సత్యభామావిలొల	false	3	4	55	||	["లొ","ల"]	pdy-r-00319		
pdy-teytageethi-0315	teytageethi	upajaathi	""	train	గాన నా యింతీ వగలెన్నగా దరంబె\nసరససద్గుణజాల యా సన్నుతాంగి\nచాల నిను గోరియున్నది జాలమేల\nమదనగోపాల సత్యభామావిలోల!	false	గాన నా యింతి వగలెన్నగా దరంబె\nసరససద్గుణజాల యా సన్నుతాంగి\nచాల నిను గోరియున్నది జాలమేల\nమదనగోపాల సత్యభామావిలోల!	["seq"]	["corr","seq"]	11	ి	ీ	lengthen	0	4	యింతీ	false	0	1	2	UUU|	["నా","యిం","తీ","వ"]	pdy-r-00320		
pdy-teytageethi-0323	teytageethi	upajaathi	""	train	మగువ యీ రీతి విరహాబ్ధిమగ్న యగుచు\nతలిరువిలుకాని బారికి తాళలేక\nనిన్నె దలచుచునున్నది నీరజాక్షి\nమదనగోపాల సత్యభామావిలోల!	true	మగువ యీ రీతి విరహాబ్ధిమగ్న యగుచు\nతలిరువిలుకాని బారికి తాళలేక\nనిన్నె దలచుచునున్నది నీరజాక్షి\nమదనగోపాల సత్యభామావిలోల!	[]	[]														pdy-r-00321		
pdy-seesamu-0324	seesamu	upajaathi	""	train	తుమ్మెద రొదసేయ తొడరిన తోడనె తెమ్మెర వీచెనే తెరవలార\nతెమ్మెర వీచెనే తెరగింక ననుచుండ గ్రమ్మె చిల్కలగముల్ కాంతలార\nచిలుకలగము లేల చేరెనో యనుచుండ జెలగి కోయిల గూసె జెలియలార\nకోయల లీరీతి గూసెనేమొకొ యని భావింప మరుడదె భామలార	true	తుమ్మెద రొదసేయ తొడరిన తోడనె తెమ్మెర వీచెనే తెరవలార\nతెమ్మెర వీచెనే తెరగింక ననుచుండ గ్రమ్మె చిల్కలగముల్ కాంతలార\nచిలుకలగము లేల చేరెనో యనుచుండ జెలగి కోయిల గూసె జెలియలార\nకోయల లీరీతి గూసెనేమొకొ యని భావింప మరుడదె భామలార	[]	[]														pdy-r-00322		
pdy-teytageethi-0325	teytageethi	upajaathi	""	train	యనుచు దనలోనె తలపోసి యతివ నీదు\nరాక గొరుచునున్నది రవ్వలేల\nగాననిక నేలుకొనవయ్య కరుణగల్గి\nమదనగోపాల సత్యభామావిలోల!	false	యనుచు దనలోనె తలపోసి యతివ నీదు\nరాక గోరుచునున్నది రవ్వలేల\nగాననిక నేలుకొనవయ్య కరుణగల్గి\nమదనగోపాల సత్యభామావిలోల!	["seq"]	["corr","seq"]	35	ో	ొ	shorten	1	2	గొరుచునున్నది	false	2	0	30	||U	["ని","క","నే"]	pdy-r-00323		
pdy-seesamu-0327	seesamu	upajaathi	""	train	తీరైన మృగనాభి తిలకంబు ధరియించి కనుల కాటుక దీర్చి గరిమ మీర\nనగరుగంధము మేన నలది కొప్పున దావి పొలివోని పువ్వులు పొందుపరచి\nవన్నేమీరగ సన్నవలిపెపై పన్నీరుచల్లి ఘమ్మనుచు వాసన చెలంగ\nకుంకుమ యత్తరు గోరజవ్వాదియు బొంకమౌ పాలిండ్ల బూసె నీదు	false	తీరైన మృగనాభి తిలకంబు ధరియించి కనుల కాటుక దీర్చి గరిమ మీర\nనగరుగంధము మేన నలది కొప్పున దావి పొలివోని పువ్వులు పొందుపరచి\nవన్నెమీరగ సన్నవలిపెపై పన్నీరుచల్లి ఘమ్మనుచు వాసన చెలంగ\nకుంకుమ యత్తరు గోరజవ్వాదియు బొంకమౌ పాలిండ్ల బూసె నీదు	["seq"]	["corr","seq"]	122	ె	ే	lengthen	2	1	వన్నేమీరగ	false	4	0	56	UUU|	["వ","న్నే","మీ","ర"]	pdy-r-00324		
pdy-teytageethi-0327	teytageethi	upajaathi	""	train	వక్షమున గుబ్బగురుతులు వనిత సేయ\nగోరి యున్నది యిక నేలుకొనుము దాని\nజాగుసేయక రావయ్య జలరుహాక్ష\nమదనగోపాల సత్యభామావీలోల!	false	వక్షమున గుబ్బగురుతులు వనిత సేయ\nగోరి యున్నది యిక నేలుకొనుము దాని\nజాగుసేయక రావయ్య జలరుహాక్ష\nమదనగోపాల సత్యభామావిలోల!	["seq"]	["seq"]	108	ి	ీ	lengthen	3	10	సత్యభామావీలోల	false	3	3	51	UUU	["మా","వీ","లో"]	pdy-r-00325		
pdy-seesamu-0330	seesamu	upajaathi	""	train	సురతచమత్క్రియల్ సూపించిచూపించి మేలిమి ని పొందు మెచ్చిమెచ్చి\nమోము మోమున జేర్చి ముద్దాడిముద్దాడి గొసబులియ్యని మోవి గ్రోలి గ్రోలి\nగబ్బిగుబ్బల నెద గదియించిగదియించి బిగువు కౌఁగిళ్ళను బెనగిపెనగి\nమరుకేళి గవయగ మనసిచ్చి మనసిచ్చి గౌరవంబు చెలంగగలసికలసి	false	సురతచమత్క్రియల్ సూపించిచూపించి మేలిమి నీ పొందు మెచ్చిమెచ్చి\nమోము మోమున జేర్చి ముద్దాడిముద్దాడి గొసబులియ్యని మోవి గ్రోలి గ్రోలి\nగబ్బిగుబ్బల నెద గదియించిగదియించి బిగువు కౌఁగిళ్ళను బెనగిపెనగి\nమరుకేళి గవయగ మనసిచ్చి మనసిచ్చి గౌరవంబు చెలంగగలసికలసి	["seq"]	["corr","seq"]	39	ీ	ి	shorten	0	16	ని	true	1	1	16	|U|U	["ని","పొం","దు","మె"]	pdy-r-00326		
pdy-teytageethi-0330	teytageethi	upajaathi	""	train	మాటిమాటికి దన మేను మరచిమరచి\nతమక మిగురొత్త రతికేలి తగ పెనంగు\nవనిత నేలుట తగునయ్య వనరుహాక్ష\nమదనగోపాల సత్యభామావిలోల!	true	మాటిమాటికి దన మేను మరచిమరచి\nతమక మిగురొత్త రతికేలి తగ పెనంగు\nవనిత నేలుట తగునయ్య వనరుహాక్ష\nమదనగోపాల సత్యభామావిలోల!	[]	[]														pdy-r-00327		
pdy-teytageethi-0335	teytageethi	upajaathi	""	dev	కాన నిటకేగుదెంచితి గారవమున\nచాన నేలుట తగునయ్య జాగువలదు\nనిన్నె మదీగోరి యున్నది నీలవేణి\nమదనగోపాల సత్యభామావిలోల!	false	కాన నిటకేగుదెంచితి గారవమున\nచాన నేలుట తగునయ్య జాగువలదు\nనిన్నె మదిగోరి యున్నది నీలవేణి\nమదనగోపాల సత్యభామావిలోల!	["seq"]	["seq"]	63	ి	ీ	lengthen	2	3	మదీగోరి	false	2	1	30	|UU|	["మ","దీ","గో","రి"]	pdy-r-00328		
pdy-teytageethi-0336	teytageethi	upajaathi	""	train	పాలువెన్నయు మీగడ పంచదార\nకొమ్మనుచు వేగ భర్తకు గ్రోలనిచ్చి\nహాయి పుట్టించునటూవంటి యతివ గదర\nమదనగోపాల సత్యభామావిలోల!	false	పాలువెన్నయు మీగడ పంచదార\nకొమ్మనుచు వేగ భర్తకు గ్రోలనిచ్చి\nహాయి పుట్టించునటువంటి యతివ గదర\nమదనగోపాల సత్యభామావిలోల!	["seq"]	["seq"]	73	ు	ూ	lengthen	2	6	పుట్టించునటూవంటి	false	2	2	30	|UU|	["న","టూ","వం","టి"]	pdy-r-00329		
pdy-seesamu-0337	seesamu	upajaathi	""	test	పలుమరు మేల్‍జరీ పైటకొంగున గట్టివలపు నిల్పగలేనె వనిత యనుచు\nజెలరేగి నీ ముద్దుజెక్కులపై నొక్కి ముద్దుబెట్టనియవె ముదితయనుచు\nకనకాంగి నీ బిగికౌఁగిట నను జేర్చి మనసియ్యరాదటే మగువ యనుచు\nకొమరొప్ప నీ కుల్కుగుబ్బలపై నాట గోరులుంచగనీవె కొమ్మ యనుచు	true	పలుమరు మేల్‍జరీ పైటకొంగున గట్టివలపు నిల్పగలేనె వనిత యనుచు\nజెలరేగి నీ ముద్దుజెక్కులపై నొక్కి ముద్దుబెట్టనియవె ముదితయనుచు\nకనకాంగి నీ బిగికౌఁగిట నను జేర్చి మనసియ్యరాదటే మగువ యనుచు\nకొమరొప్ప నీ కుల్కుగుబ్బలపై నాట గోరులుంచగనీవె కొమ్మ యనుచు	[]	[]														pdy-r-00330		
pdy-teytageethi-0338	teytageethi	upajaathi	""	dev	యనుచు జెలులతొ నెప్పుడా యలరుబోడి\nనిన్నే తలచుచునున్నది నీరజాక్ష\nగాన రావయ్య వేగమె కమలనయన\nమదనగోపాల సత్యభామావిలోల!	false	యనుచు జెలులతొ నెప్పుడా యలరుబోడి\nనిన్నె తలచుచునున్నది నీరజాక్ష\nగాన రావయ్య వేగమె కమలనయన\nమదనగోపాల సత్యభామావిలోల!	["seq"]	["corr","seq"]	37	ె	ే	lengthen	1	1	నిన్నే	true	1	0	15	UU|	["ని","న్నే","త"]	pdy-r-00331		
pdy-teytageethi-0339	teytageethi	upajaathi	""	train	గాన నిక నేటి బ్రతుకని కంబుకంఠి\nమదిని దత్తరమొదవ నా మందయాన\nచెలుల నేవేళ జీరుచు చింతనొందు\nమదనగోపాల సత్యభామావిలోల!	true	గాన నిక నేటి బ్రతుకని కంబుకంఠి\nమదిని దత్తరమొదవ నా మందయాన\nచెలుల నేవేళ జీరుచు చింతనొందు\nమదనగోపాల సత్యభామావిలోల!	[]	[]														pdy-r-00332		
pdy-teytageethi-0341	teytageethi	upajaathi	""	train	నహహఈ యింతి వగలెన్న నలవిగాదు\nమగువ మరువేదముల కుప్ప మదిని యొప్ప-\nగోరియున్నది ని చెల్మి కువలయాక్ష\nమదనగోపాల సత్యభామావిలోల!	false	నహహఈ యింతి వగలెన్న నలవిగాదు\nమగువ మరువేదముల కుప్ప మదిని యొప్ప-\nగోరియున్నది నీ చెల్మి కువలయాక్ష\nమదనగోపాల సత్యభామావిలోల!	["seq"]	["corr","seq"]	75	ీ	ి	shorten	2	5	ని	true	2	2	36	|U||	["ని","చె","ల్మి","కు"]	pdy-r-00333		
pdy-teytageethi-0342	teytageethi	upajaathi	""	train	నిలువనిచ్చునా యొకచోట నిముషమైన\nతరుణి నయవినయములచే దగ బెనంగ\nగోరియున్నది రావయ్య కొమలాంగ\nమదనగోపాల సత్యభామావిలోల!	false	నిలువనిచ్చునా యొకచోట నిముషమైన\nతరుణి నయవినయములచే దగ బెనంగ\nగోరియున్నది రావయ్య కోమలాంగ\nమదనగోపాల సత్యభామావిలోల!	["seq"]	["corr","seq"]	77	ో	ొ	shorten	2	8	కొమలాంగ	false	2	3	39	||U	["కొ","మ","లాం"]	pdy-r-00334		
pdy-seesamu-0343	seesamu	upajaathi	""	dev	పసిడిబుటేదారి పట్టువల్వ ధరించి రాణించు పైఠాణిరవికె దొడిగి\nబాలచందురువంటి ఫాలభాగంబున దిలకంబు కొనగోర దిద్ది వేగ\nవరుని మృదూక్తుల వలపించి జిగిబిగికౌఁగిట జేర్పును కంబుకంఠి\nపద్మంబు తావి మై బరగు పద్మినిజాతి కాంతయౌ నది గాన కమలనాభ	true	పసిడిబుటేదారి పట్టువల్వ ధరించి రాణించు పైఠాణిరవికె దొడిగి\nబాలచందురువంటి ఫాలభాగంబున దిలకంబు కొనగోర దిద్ది వేగ\nవరుని మృదూక్తుల వలపించి జిగిబిగికౌఁగిట జేర్పును కంబుకంఠి\nపద్మంబు తావి మై బరగు పద్మినిజాతి కాంతయౌ నది గాన కమలనాభ	[]	[]														pdy-r-00335		
pdy-seesamu-0345	seesamu	upajaathi	""	train	తోయజముఖి విభు తొడలపై దన పాదయుగము చక్కగ నిల్పి యువతి వేగ\nపతి భుజంబులు రెండు పట్టుక తన చేత గొసరి తా గెమ్మోవి గ్రోలనిచ్చి\nకలయుచు మరుకేళి కాంక్షదీరగ జేసి యాకుమడ్పు లొసంగి హవుసుమీర\nనిను బాయజాలరా నిముషమేని యటంచు మనసుంచి దయజూడుమనుచు బలికి	true	తోయజముఖి విభు తొడలపై దన పాదయుగము చక్కగ నిల్పి యువతి వేగ\nపతి భుజంబులు రెండు పట్టుక తన చేత గొసరి తా గెమ్మోవి గ్రోలనిచ్చి\nకలయుచు మరుకేళి కాంక్షదీరగ జేసి యాకుమడ్పు లొసంగి హవుసుమీర\nనిను బాయజాలరా నిముషమేని యటంచు మనసుంచి దయజూడుమనుచు బలికి	[]	[]														pdy-r-00336		
pdy-teytageethi-0357	teytageethi	upajaathi	""	train	గాన వగలాడికిని సాటిగలరె భువిని\nచాన నీకైన దగు మంచిజాణ గదర\nమానకీక నేలుకొనవయ్య మదనజనక\nమదనగోపాల సత్యభామావిలోల!	false	గాన వగలాడికిని సాటిగలరె భువిని\nచాన నీకైన దగు మంచిజాణ గదర\nమానకిక నేలుకొనవయ్య మదనజనక\nమదనగోపాల సత్యభామావిలోల!	["seq"]	["corr","seq"]	61	ి	ీ	lengthen	2	2	మానకీక	false	3	1	48	|UU|	["న","గో","పా","ల"]	pdy-r-00337		
pdy-teytageethi-0359	teytageethi	upajaathi	""	test	గాన నీక చాన నేలుము గలిసి వేగ\nపూని యిక నీవు రాకున్న పొలతి మధుర-\nమైన విషములు ద్రావంగ మదిని దలచు\nమదనగోపాల సత్యభామావిలోల!	false	గాన నిక చాన నేలుము గలిసి వేగ\nపూని యిక నీవు రాకున్న పొలతి మధుర-\nమైన విషములు ద్రావంగ మదిని దలచు\nమదనగోపాల సత్యభామావిలోల!	["seq"]	["seq"]	5	ి	ీ	lengthen	0	2	నీక	true	0	2	5	|U||	["న","నే","లు","ము"]	pdy-r-00338		
pdy-teytageethi-0360	teytageethi	upajaathi	""	train	జాల మదికింపూమాటల సరసిజాక్షి\nమగని వలపింపదగినట్టి మందయాన\nనెలత నేలుట తగునయ్య నెనరుతోడ\nమదనగోపాల సత్యభామావిలోల!	false	జాల మదికింపుమాటల సరసిజాక్షి\nమగని వలపింపదగినట్టి మందయాన\nనెలత నేలుట తగునయ్య నెనరుతోడ\nమదనగోపాల సత్యభామావిలోల!	["seq"]	["seq"]	11	ు	ూ	lengthen	0	5	మదికింపూమాటల	false	0	1	2	||UU	["మ","ది","కిం","పూ"]	pdy-r-00339		
pdy-teytageethi-0364	teytageethi	upajaathi	""	train	కన్నె కేనిటు బదములు గల్గియుండు\nకన్నెకును బదియవదియు గలుగు నీకు\nకన్నెకును రెండవది నీకు కన్యకనుచు\nమదనగోపాల సత్యభామావిలోల!	true	కన్నె కేనిటు బదములు గల్గియుండు\nకన్నెకును బదియవదియు గలుగు నీకు\nకన్నెకును రెండవది నీకు కన్యకనుచు\nమదనగోపాల సత్యభామావిలోల!	[]	[]														pdy-r-00340		
pdy-teytageethi-0366	teytageethi	upajaathi	""	train	మగువ యీ రీతి మోహాబ్ధిమగ్న యగుచు\nనున్న దాయింతి నెడబాయ నుచితమగునె\nజాగుసేయక రావయ్య సారసాక్ష\nమదనగోపాల సత్యభామావిలోల!	true	మగువ యీ రీతి మోహాబ్ధిమగ్న యగుచు\nనున్న దాయింతి నెడబాయ నుచితమగునె\nజాగుసేయక రావయ్య సారసాక్ష\nమదనగోపాల సత్యభామావిలోల!	[]	[]														pdy-r-00341		
pdy-seesamu-0369	seesamu	upajaathi	""	train	కనకాంగి ని బిగికౌఁగిట జేరను దలచదా మరుబారి తాళలేక\nకొమ్మ నీ యెద కుల్కుగుబ్బల గదియింప మది గోరదా తమి మానలేక\nముదిత నీ చెక్కులు ముద్దాడ దలవదా నిండిన మోహంబు నిలుపలేక\nకాంత నీతో రతి కలయగా నెంచదా విరహానలముచేత వేగలేక	false	కనకాంగి నీ బిగికౌఁగిట జేరను దలచదా మరుబారి తాళలేక\nకొమ్మ నీ యెద కుల్కుగుబ్బల గదియింప మది గోరదా తమి మానలేక\nముదిత నీ చెక్కులు ముద్దాడ దలవదా నిండిన మోహంబు నిలుపలేక\nకాంత నీతో రతి కలయగా నెంచదా విరహానలముచేత వేగలేక	["seq"]	["corr","seq"]	9	ీ	ి	shorten	0	4	ని	true	1	2	22	|U|	["ళ","లే","క"]	pdy-r-00342		
pdy-teytageethi-0371	teytageethi	upajaathi	""	dev	గాన నిను బిల్వవచ్చితి గమలనాభ\nతామసించిన నా యింతి తాళదింక\nకరుణతోడను రావయ్య కమలనాభ\nమదనగోపాల సత్యభామావిలోల!	true	గాన నిను బిల్వవచ్చితి గమలనాభ\nతామసించిన నా యింతి తాళదింక\nకరుణతోడను రావయ్య కమలనాభ\nమదనగోపాల సత్యభామావిలోల!	[]	[]														pdy-r-00343		
pdy-seesamu-0373	seesamu	upajaathi	""	train	పూర్ణచంద్రుని సరిబోల్పవచ్చును కాంత మోమున కకలంకమూర్తియైన\nబంధుజీవముదొర భామ కెమ్మోవికి వికసించి కడువిఱ్ఱవీగకున్న\nదరమెన యనదగు తరుణీ కంఠమునకు కఠినత్వమందున గలుగకున్న\nతమ్మిమొగ్గలు సాటి తరుణి పాలిండ్లకు బొసగ పంకంబున బుట్టకున్న	false	పూర్ణచంద్రుని సరిబోల్పవచ్చును కాంత మోమున కకలంకమూర్తియైన\nబంధుజీవముదొర భామ కెమ్మోవికి వికసించి కడువిఱ్ఱవీగకున్న\nదరమెన యనదగు తరుణి కంఠమునకు కఠినత్వమందున గలుగకున్న\nతమ్మిమొగ్గలు సాటి తరుణి పాలిండ్లకు బొసగ పంకంబున బుట్టకున్న	["seq"]	["seq"]	126	ి	ీ	lengthen	2	10	తరుణీ	true	4	2	58	||UU	["త","రు","ణీ","కం"]	pdy-r-00344		
pdy-teytageethi-0374	teytageethi	upajaathi	""	train	దానితో సరి యెవ్వరి గాన జగతి\nనీకే దగినట్టి వగగల నేర్పులాడి\nచాన నేలుట తగునట్టి జాణవీవు\nమదనగోపాల సత్యభామావిలోల!	false	దానితో సరి యెవ్వరి గాన జగతి\nనీకె దగినట్టి వగగల నేర్పులాడి\nచాన నేలుట తగునట్టి జాణవీవు\nమదనగోపాల సత్యభామావిలోల!	["seq"]	["corr","seq"]	31	ె	ే	lengthen	1	1	నీకే	true	1	0	13	UU|	["నీ","కే","ద"]	pdy-r-00345		
pdy-teytageethi-0376	teytageethi	upajaathi	""	train	పదర నిను కోరియున్నది బాళిమీర\nమదవతిని గూడి లాలింప ముదమూతోడ\nజాగుసేయక రావయ్య జలరుహాక్ష\nమదనగోపాల సత్యభామావిలోల!	false	పదర నిను కోరియున్నది బాళిమీర\nమదవతిని గూడి లాలింప ముదముతోడ\nజాగుసేయక రావయ్య జలరుహాక్ష\nమదనగోపాల సత్యభామావిలోల!	["seq"]	["seq"]	53	ు	ూ	lengthen	1	12	ముదమూతోడ	false	1	3	24	||U	["ము","ద","మూ"]	pdy-r-00346		
pdy-teytageethi-0379	teytageethi	upajaathi	""	dev	యైన నేమాయె నినూ గోరి యంబుజాక్షి\nపిలువనంపెను రావయ్య ప్రేమగల్గి\nవెలది సాష్టాంగమొనరించి వేడుకొనియె\nమదనగోపాల సత్యభామావిలోల!	false	యైన నేమాయె నిను గోరి యంబుజాక్షి\nపిలువనంపెను రావయ్య ప్రేమగల్గి\nవెలది సాష్టాంగమొనరించి వేడుకొనియె\nమదనగోపాల సత్యభామావిలోల!	["seq"]	["seq"]	14	ు	ూ	lengthen	0	6	నినూ	false	0	2	5	|UU|	["ని","నూ","గో","రి"]	pdy-r-00347		
pdy-teytageethi-0380	teytageethi	upajaathi	""	test	నయము నెరుగని స్త్రీలను నమ్మదగునె\nవినయములు పెక్కు వల్కెద వెలది నీవు\nనమ్మదగునయ్య నా మాట నలిననాభ\nమదనగొపాల సత్యభామావిలోల!	false	నయము నెరుగని స్త్రీలను నమ్మదగునె\nవినయములు పెక్కు వల్కెద వెలది నీవు\nనమ్మదగునయ్య నా మాట నలిననాభ\nమదనగోపాల సత్యభామావిలోల!	["seq"]	["corr","seq"]	98	ో	ొ	shorten	3	3	మదనగొపాల	false	3	1	47	|U|U	["గొ","పా","ల","స"]	pdy-r-00348		
pdy-teytageethi-0381	teytageethi	upajaathi	""	train	వెలయు నారామమున జేరి వేలది మదన\nతాపమున నిన్ను దలచుచు దాళలేక\nయున్నదిక వేగ రావయ్య యూరడింప\nమదనగోపాల సత్యభామావిలోల!	false	వెలయు నారామమున జేరి వెలది మదన\nతాపమున నిన్ను దలచుచు దాళలేక\nయున్నదిక వేగ రావయ్య యూరడింప\nమదనగోపాల సత్యభామావిలోల!	["seq"]	["corr","seq"]	21	ె	ే	lengthen	0	10	వేలది	false	1	0	15	|U|	["న","తా","ప"]	pdy-r-00349		
pdy-seesamu-0383	seesamu	upajaathi	""	train	వలరాజుమామ జక్కులరేనిచెలికానితలపువ్వు కలువల చెలిమికాడు\nఱిక్కలగమికాడు జక్కులపగవాడు వారధిపట్టి భావజునిమామ\nతిమిరబృందంబుల దేగటార్చు మగవాడు వలమురిదాల్పుముద్దులమరంది\nగగనేభ మెక్కి వేగ చరించు రేరాజు విరహులపాలిటి వెడదచిచ్చు	false	వలరాజుమామ జక్కులరేనిచెలికానితలపువ్వు కలువల చెలిమికాడు\nఱిక్కలగమికాడు జక్కులపగవాడు వారధిపట్టి భావజునిమామ\nతిమిరబృందంబుల దెగటార్చు మగవాడు వలమురిదాల్పుముద్దులమరంది\nగగనేభ మెక్కి వేగ చరించు రేరాజు విరహులపాలిటి వెడదచిచ్చు	["seq"]	["seq"]	118	ె	ే	lengthen	2	7	దేగటార్చు	false	5	1	71	|U|U	["రి","దా","ల్పు","ము"]	pdy-r-00350		
pdy-teytageethi-0384	teytageethi	upajaathi	""	train	తరుణి నిప్పుడు రతిగూడి తనూపకున్న\nమదనతాపంబు మానునా మదనజనక\nజాగుసేయక రావయ్య చానకడకు\nమదనగోపాల సత్యభామావిలోల!	false	తరుణి నిప్పుడు రతిగూడి తనుపకున్న\nమదనతాపంబు మానునా మదనజనక\nజాగుసేయక రావయ్య చానకడకు\nమదనగోపాల సత్యభామావిలోల!	["seq"]	["seq"]	25	ు	ూ	lengthen	0	11	తనూపకున్న	false	0	3	10	|U|	["త","నూ","ప"]	pdy-r-00351		
pdy-seesamu-0386	seesamu	upajaathi	""	train	అతనుడు చలపట్టి యతివపై దండెత్తి యనిలరథంబెక్కి యళులగములు\nచేరి కొల్వగ మేటిచిలుకగుర్రపుపౌజు తఱుచుగా వెనువెంట దగీలి నడువ\nగోర్వంక లిరుగడ కొల్చి భటావళి కైవారములు సేయగాను మందు\nతమ్మిఫిరంగుల దమ్మున పుప్పొడిమందు వెట్టుడు బొండుమల్లెగుండ్లు	false	అతనుడు చలపట్టి యతివపై దండెత్తి యనిలరథంబెక్కి యళులగములు\nచేరి కొల్వగ మేటిచిలుకగుర్రపుపౌజు తఱుచుగా వెనువెంట దగిలి నడువ\nగోర్వంక లిరుగడ కొల్చి భటావళి కైవారములు సేయగాను మందు\nతమ్మిఫిరంగుల దమ్మున పుప్పొడిమందు వెట్టుడు బొండుమల్లెగుండ్లు	["seq"]	["seq"]	107	ి	ీ	lengthen	1	24	దగీలి	false	3	2	51	|U|	["ద","గీ","లి"]	pdy-r-00352		
pdy-seesamu-0394	seesamu	upajaathi	""	dev	తన ప్రాణవిభునకు దడయక పన్నీట మజ్జనం బొనరించి మగువ కనక\nపళ్లెరంబున మంచిపస గల యన్నంబు గోఘృతపక్వమౌ కూరలమర\nనప్పడంబూలు కందిపప్పును నొబ్బట్లు పాలుచక్కెర వెన్న పాయసంబు\nఘమ్మని వాసింపగా చారువడియముల్ పసిడిచెంబుల నీరు బాగుమీర	false	తన ప్రాణవిభునకు దడయక పన్నీట మజ్జనం బొనరించి మగువ కనక\nపళ్లెరంబున మంచిపస గల యన్నంబు గోఘృతపక్వమౌ కూరలమర\nనప్పడంబులు కందిపప్పును నొబ్బట్లు పాలుచక్కెర వెన్న పాయసంబు\nఘమ్మని వాసింపగా చారువడియముల్ పసిడిచెంబుల నీరు బాగుమీర	["seq"]	["corr","seq"]	108	ు	ూ	lengthen	2	3	నప్పడంబూలు	false	4	2	59	|U||	["ది","ప","ప్పు","ను"]	pdy-r-00353		
pdy-teytageethi-0394	teytageethi	upajaathi	""	dev	విభుని ముందటనిడి వేగ వెలది విరుల\nసురటి వీవంగ భుజియింప సుదతి విభుని\nజూచి నను బాయకిక నేలు సుందరాంగ\nమదనగోపాల సత్యభామావిలోల!	true	విభుని ముందటనిడి వేగ వెలది విరుల\nసురటి వీవంగ భుజియింప సుదతి విభుని\nజూచి నను బాయకిక నేలు సుందరాంగ\nమదనగోపాల సత్యభామావిలోల!	[]	[]														pdy-r-00354		
pdy-seesamu-0395	seesamu	upajaathi	""	train	నవరత్నకాంతు లున్నతమైన కేళికాభవనంబులో విరిపాన్పు జేరి\nపరగ గందము మంచిపన్నీరు జవ్వాది బంగారుగిన్నెల బాగుపరచి\nవిరిసరంబులు మంచిమరువంబు కురువేరు నపరంజితట్టల నమరజేర్చి\nప్రాణనాథుని జేరి పడతుక కడూమంచియాకుమడ్పు లొసంగి యతివ మరుని	false	నవరత్నకాంతు లున్నతమైన కేళికాభవనంబులో విరిపాన్పు జేరి\nపరగ గందము మంచిపన్నీరు జవ్వాది బంగారుగిన్నెల బాగుపరచి\nవిరిసరంబులు మంచిమరువంబు కురువేరు నపరంజితట్టల నమరజేర్చి\nప్రాణనాథుని జేరి పడతుక కడుమంచియాకుమడ్పు లొసంగి యతివ మరుని	["seq"]	["seq"]	186	ు	ూ	lengthen	3	12	కడూమంచియాకుమడ్పు	false	6	3	89	|UU|	["క","డూ","మం","చి"]	pdy-r-00355		
pdy-seesamu-0398	seesamu	upajaathi	""	train	దండంబు యదువంశమండన గోవింద దండంబు నీకు వేదండవరద\nదండంబు చంద్రమార్తాండ సులోచన దండంబూ నీకు బ్రహ్మాండపోష\nదండంబు పద్మజాఖండలసన్నుత దండంబు కుండలగండయుగళ\nదండంబు భండనోద్దండపరాక్రమ దండంబు సద్గుణకాండ నీకు	false	దండంబు యదువంశమండన గోవింద దండంబు నీకు వేదండవరద\nదండంబు చంద్రమార్తాండ సులోచన దండంబు నీకు బ్రహ్మాండపోష\nదండంబు పద్మజాఖండలసన్నుత దండంబు కుండలగండయుగళ\nదండంబు భండనోద్దండపరాక్రమ దండంబు సద్గుణకాండ నీకు	["seq"]	["corr","seq"]	79	ు	ూ	lengthen	1	14	దండంబూ	false	3	0	36	UUUU	["దం","డం","బూ","నీ"]	pdy-r-00356		
pdy-mattebhamu-0288	mattebhamu	vruttamu	""	train	మన మార న్నచలేంద్రజాధిపతికి న్మస్తాగ్రమాణిక్యమై\nమునికోపానలదగ్ధ రాజతతికి న్ముక్తిస్ఫురన్మార్గమై\nయెనయన్‌ సాయకశాయికిం జననియై యెపారు మిన్నేటికిం\nజని మూలంబగు నంఘ్రి నాదు మదిలోఁ జర్చింతు, నారాయణా!	false	మన మార న్నచలేంద్రజాధిపతికి న్మస్తాగ్రమాణిక్యమై\nమునికోపానలదగ్ధ రాజతతికి న్ముక్తిస్ఫురన్మార్గమై\nయెనయన్‌ సాయకశాయికిం జననియై యేపారు మిన్నేటికిం\nజని మూలంబగు నంఘ్రి నాదు మదిలోఁ జర్చింతు, నారాయణా!	["seq"]	["seq"]	122	ే	ె	shorten	2	13	యెపారు	false	2	4	52	U|U	["యై","యె","పా"]	pdy-r-00357		
pdy-mattebhamu-0290	mattebhamu	vruttamu	""	train	మగమీనాకృతి వార్ధిఁ జొచ్చి యసురు న్మర్దించి యవ్వేదము\nల్‌ మగుడం దెచ్చి విరించి కిచ్చీ యతని న్మన్నించి యేపారఁగాఁ\nబగ సాధించిన దివ్యమూర్తి వని నే భావింతు నెల్లప్పుడు\nన్‌ ఖగరాజధ్వజ భక్తవత్సల జగత్కారుణ్య, నారాయణా!	false	మగమీనాకృతి వార్ధిఁ జొచ్చి యసురు న్మర్దించి యవ్వేదము\nల్‌ మగుడం దెచ్చి విరించి కిచ్చి యతని న్మన్నించి యేపారఁగాఁ\nబగ సాధించిన దివ్యమూర్తి వని నే భావింతు నెల్లప్పుడు\nన్‌ ఖగరాజధ్వజ భక్తవత్సల జగత్కారుణ్య, నారాయణా!	["seq"]	["seq"]	82	ి	ీ	lengthen	1	9	కిచ్చీ	false	1	3	29	U||	["చ్చీ","య","త"]	pdy-r-00358		
pdy-mattebhamu-0309	mattebhamu	vruttamu	""	test	కలుషాగాథవినాశకారి యగుచుం గైవల్యసంధాయియై\nనలి నొప్పారెడు మంత్రరాజమగు నీనామంబు ప్రేమంబుతో\nనలర న్నెవ్వని వాక్కునం బొరయదే నన్నీచు ఘోరాత్మయు\nన్‌ వెలయన్‌ భూరుహకోటరం బదియ సు వేదాత్మ, నారాయణా!	false	కలుషాగాథవినాశకారి యగుచుం గైవల్యసంధాయియై\nనలి నొప్పారెడు మంత్రరాజమగు నీనామంబు ప్రేమంబుతో\nనలర న్నెవ్వని వాక్కునం బొరయదే నన్నీచు ఘోరాత్మయు\nన్‌ వెలయన్‌ భూరుహకోటరం బదియ సూ వేదాత్మ, నారాయణా!	["seq"]	["seq"]	164	ూ	ు	shorten	3	12	సు	true	3	4	72	|UU	["సు","వే","దా"]	pdy-r-00359		
pdy-mattebhamu-0317	mattebhamu	vruttamu	""	train	పెరుగుల్‌ ద్రచ్చుచు నొక్కగోపిక మిముం బ్రేమంబునం జూచి రా\nగ రసావేశత రిత్త ద్రచ్చ నీడ నాకవ్వంబు నీవు న్మనో\nహరలీలం గనుగొంచు ధేను వని యయ్యాబోతునుం బట్టి తీ\nవరవృత్తాంతము లేను పుణ్యకథగా వర్ణింతు, నారాయణా!	false	పెరుగుల్‌ ద్రచ్చుచు నొక్కగోపిక మిముం బ్రేమంబునం జూచి రా\nగ రసావేశత రిత్త ద్రచ్చ నిడ నాకవ్వంబు నీవు న్మనో\nహరలీలం గనుగొంచు ధేను వని యయ్యాబోతునుం బట్టి తీ\nవరవృత్తాంతము లేను పుణ్యకథగా వర్ణింతు, నారాయణా!	["seq"]	["seq"]	80	ి	ీ	lengthen	1	10	నీడ	true	1	3	29	|U|	["చ్చ","నీ","డ"]	pdy-r-00360		
pdy-mattebhamu-0320	mattebhamu	vruttamu	""	train	లలితాకుంచితవేణియం దడవిమొల్లల్‌ జాఱ ఫాలస్థలి\nన్‌ దిలకం బొయ్యన జాఱఁ గుండలరుచుల్‌ దీపింప లేఁజెక్కుల\nన్‌ మొలకన్నవ్వుల చూపు లోరగిల మే న్మువ్వంకలన్‌ బోవఁగా\nనలి గైకొందువు గాదే నీవు మురళీనాట్యంబు, నారాయణా!	false	లలితాకుంచితవేణియం దడవిమొల్లల్‌ జాఱ ఫాలస్థలి\nన్‌ దిలకం బొయ్యన జాఱఁ గుండలరుచుల్‌ దీపింప లేఁజెక్కుల\nన్‌ మొలకన్నవ్వుల చూపు లోరగిల మే న్మువ్వంకలన్‌ బోవఁగా\nనలి గైకొందువు గాదె నీవు మురళీనాట్యంబు, నారాయణా!	["seq"]	["seq"]	167	ె	ే	lengthen	3	7	గాదే	true	3	2	66	UUU	["గా","దే","నీ"]	pdy-r-00361		
pdy-saardulamu-0152	saardulamu	vruttamu	""	train	మాపాలం గడు గ్రొవ్వి గోపికలతో మత్తిల్లి వర్తింతువే\nమాపాలెంబుల వచ్చి యుండుదు వెస న్మాపాలలో నుండు మి\nమాపా లైనసుఖాబ్ధిలో మునుగుచున్‌ మన్నించి తా గొల్లల\nన్‌ మాపాలం గలవేల్పు వీవె యని కా మన్నింతు, నారాయణా!	false	మాపాలం గడు గ్రొవ్వి గోపికలతో మత్తిల్లి వర్తింతువే\nమాపాలెంబుల వచ్చి యుండుదు వెస న్మాపాలలో నుండు మీ\nమాపా లైనసుఖాబ్ధిలో మునుగుచున్‌ మన్నించి తా గొల్లల\nన్‌ మాపాలం గలవేల్పు వీవె యని కా మన్నింతు, నారాయణా!	["seq"]	["seq"]	96	ీ	ి	shorten	1	18	మి	true	1	6	37	|	["మి"]	pdy-r-00362		
pdy-saardulamu-0154	saardulamu	vruttamu	""	dev	స్నానంబుల్‌ నదులందు జేయుట గజస్నానంబు చందంబగు\nన్‌ మౌనం బొప్ప జపించువేద మటవీ మధ్యంబులోనే డ్పగు\nన్‌ నానాహోమము లెల్ల బూడిదలలోన న్వేల్చు నెయ్యై చను\nన్నినామోక్తియు నీపదాబ్జరతియున్‌ లేకున్న నారాయణా!	false	స్నానంబుల్‌ నదులందు జేయుట గజస్నానంబు చందంబగు\nన్‌ మౌనం బొప్ప జపించువేద మటవీ మధ్యంబులోనే డ్పగు\nన్‌ నానాహోమము లెల్ల బూడిదలలోన న్వేల్చు నెయ్యై చను\nన్నీనామోక్తియు నీపదాబ్జరతియున్‌ లేకున్న నారాయణా!	["seq"]	["seq"]	146	ీ	ి	shorten	3	0	న్నినామోక్తియు	false	3	0	57	|UU	["న్ని","నా","మో"]	pdy-r-00363		
pdy-mattebhamu-0340	mattebhamu	vruttamu	""	train	మదిలో నుత్తమభక్తీ పీఠముపయిన్‌ మానాథ మీపాదము\nల్‌ గదియం జేర్చిన వాని కే నొడయడన్‌ గా దంచు నత్యున్నతి\nన్‌ పదిలుం డై సమవర్తి మృత్యువునకున్‌ బాఠంబుగాఁ బల్కు మీ\nపదపద్మార్చకు లెంత పుణ్యులొ కృపాపారీణ నారాయణా!	false	మదిలో నుత్తమభక్తి పీఠముపయిన్‌ మానాథ మీపాదము\nల్‌ గదియం జేర్చిన వాని కే నొడయడన్‌ గా దంచు నత్యున్నతి\nన్‌ పదిలుం డై సమవర్తి మృత్యువునకున్‌ బాఠంబుగాఁ బల్కు మీ\nపదపద్మార్చకు లెంత పుణ్యులొ కృపాపారీణ నారాయణా!	["seq"]	["seq"]	16	ి	ీ	lengthen	0	7	నుత్తమభక్తీ	false	0	2	6	UUU	["భ","క్తీ","పీ"]	pdy-r-00364		
pdy-saardulamu-0158	saardulamu	vruttamu	""	train	నీవే తల్లివి నీవె తండ్రి వరయ న్నీవే జగన్నాథుఁడౌ\nనివే నిశ్చలబాంధవుండ వరయ న్నీవే మునిస్తుత్యుఁడౌ\nనీవే శంకరమూలమంత్ర మరయన్‌ నీవే జగత్కర్తవు\nన్‌ నీవే దిక్కనువారి వారలె కడు న్నీవారు నారాయణా!	false	నీవే తల్లివి నీవె తండ్రి వరయ న్నీవే జగన్నాథుఁడౌ\nనీవే నిశ్చలబాంధవుండ వరయ న్నీవే మునిస్తుత్యుఁడౌ\nనీవే శంకరమూలమంత్ర మరయన్‌ నీవే జగత్కర్తవు\nన్‌ నీవే దిక్కనువారి వారలె కడు న్నీవారు నారాయణా!	["seq"]	["seq"]	49	ీ	ి	shorten	1	0	నివే	false	1	0	19	|UU	["ని","వే","ని"]	pdy-r-00365		
pdy-saardulamu-0159	saardulamu	vruttamu	""	dev	చెల్లం జేసితి పాతకంబులూ మదిన్‌ శ్రీనాథ మీనామము\nల్‌ పొల్లుల్‌ బోవని నమ్మి పద్యశతమున్‌ బూర్ణంబుగాఁ జెప్పితి\nన్‌ చెల్లంబో నను నమ్మె వీఁడని దయం జేపట్టి రక్షింపుమీ\nతల్లిం దండ్రియు నీవు గాక యొరులే తర్కింప నారాయణా!	false	చెల్లం జేసితి పాతకంబులు మదిన్‌ శ్రీనాథ మీనామము\nల్‌ పొల్లుల్‌ బోవని నమ్మి పద్యశతమున్‌ బూర్ణంబుగాఁ జెప్పితి\nన్‌ చెల్లంబో నను నమ్మె వీఁడని దయం జేపట్టి రక్షింపుమీ\nతల్లిం దండ్రియు నీవు గాక యొరులే తర్కింప నారాయణా!	["seq"]	["seq"]	22	ు	ూ	lengthen	0	9	పాతకంబులూ	false	0	3	9	U|U	["లూ","మ","ది"]	pdy-r-00366		
pdy-mattebhamu-0361	mattebhamu	vruttamu	""	train	కలితాఘౌఘ వినాశకారి యగుచుం గైవల్యసంధాయియై\nనలి నొప్పారెడు మంత్రరాజ మగు నీనామంబు ప్రేమంబున\nన్‌ అలర న్నెవ్వని వాక్కునం బొరయదో యన్నీచు దేహంబు దా\nవెలయన్‌ భూరుహకోటరం బదియ సు వేదాత్మ నారాయణా!	false	కలితాఘౌఘ వినాశకారి యగుచుం గైవల్యసంధాయియై\nనలి నొప్పారెడు మంత్రరాజ మగు నీనామంబు ప్రేమంబున\nన్‌ అలర న్నెవ్వని వాక్కునం బొరయదో యన్నీచు దేహంబు దా\nవెలయన్‌ భూరుహకోటరం బదియ సూ వేదాత్మ నారాయణా!	["seq"]	["seq"]	165	ూ	ు	shorten	3	12	సు	true	3	4	72	|UU	["సు","వే","దా"]	pdy-r-00367		
pdy-teytageethi-0399	teytageethi	upajaathi	""	train	చారుశ్రీచందనాగరుచర్చితాంగ! -\nకుందకుట్మలదంత! వైకుంఠధామ!\nభూషణవికాస! శ్రీధర్మపురనివాస! -\nదుష్టసంహార! నరసింహ దురితదుర!	false	చారుశ్రీచందనాగరుచర్చితాంగ! -\nకుందకుట్మలదంత! వైకుంఠధామ!\nభూషణవికాస! శ్రీధర్మపురనివాస! -\nదుష్టసంహార! నరసింహ దురితదూర!	["seq"]	["seq"]	111	ూ	ు	shorten	3	12	దురితదుర	false	3	4	50	||	["దు","ర"]	pdy-r-00368		
pdy-teytageethi-0401	teytageethi	upajaathi	""	train	భళిర నేనీ మహామంత్రబలముచేత -\nదివ్యవైకుంఠ పదవి సాధింపవచ్చు\nభూషణవికాస! శ్రీధర్మపురనీవాస! -\nదుష్టసంహార! నరసింహ దురితదూర!	false	భళిర నేనీ మహామంత్రబలముచేత -\nదివ్యవైకుంఠ పదవి సాధింపవచ్చు\nభూషణవికాస! శ్రీధర్మపురనివాస! -\nదుష్టసంహార! నరసింహ దురితదూర!	["seq"]	["seq"]	80	ి	ీ	lengthen	2	11	శ్రీధర్మపురనీవాస	false	2	3	36	||U	["పు","ర","నీ"]	pdy-r-00369		
pdy-teytageethi-0402	teytageethi	upajaathi	""	train	పరమ సాత్త్వికులైన నీ భక్తవరుల -\nదాసులకు దాసుఁడను జుమీ ధాత్రిలోన\nభూషణవికాస! శ్రీధర్మపురనివాస! -\nదుష్టసంహార! నరసింహ దురితదూర!	true	పరమ సాత్త్వికులైన నీ భక్తవరుల -\nదాసులకు దాసుఁడను జుమీ ధాత్రిలోన\nభూషణవికాస! శ్రీధర్మపురనివాస! -\nదుష్టసంహార! నరసింహ దురితదూర!	[]	[]														pdy-r-00370		
pdy-teytageethi-0403	teytageethi	upajaathi	""	dev	నేను గోరిన దొక్కటే నీలవర్ణ -\nచయ్యనను మోక్షమిచ్చినఁ జాలూ నాకు\nభూషణవికాస! శ్రీధర్మపురనివాస! -\nదుష్టసంహార! నరసింహ దురితదూర!	false	నేను గోరిన దొక్కటే నీలవర్ణ -\nచయ్యనను మోక్షమిచ్చినఁ జాలు నాకు\nభూషణవికాస! శ్రీధర్మపురనివాస! -\nదుష్టసంహార! నరసింహ దురితదూర!	["seq"]	["corr","seq"]	54	ు	ూ	lengthen	1	10	జాలూ	false	1	3	21	UUU	["జా","లూ","నా"]	pdy-r-00371		
pdy-seesamu-0406	seesamu	upajaathi	""	train	శ్రవణ రంధ్రముల నీసత్కథల్‌ పొగడంగ - లేశ మానందంబు లెనివాఁడు\nపుణ్యవంతులు నిన్నుఁబూజసేయఁగఁ జూచి - భావమం దుత్సాహపడనివాఁడు\nభక్తవర్యులు నీ ప్రభావముల్‌ పొగడంగఁ - దత్పరత్వములేక తలఁగువాఁడు\nతనచిత్తమందు నీ ధ్యానమెన్నఁడు లేక - కాలమంతయు వృథాగడుపువాఁడు	false	శ్రవణ రంధ్రముల నీసత్కథల్‌ పొగడంగ - లేశ మానందంబు లేనివాఁడు\nపుణ్యవంతులు నిన్నుఁబూజసేయఁగఁ జూచి - భావమం దుత్సాహపడనివాఁడు\nభక్తవర్యులు నీ ప్రభావముల్‌ పొగడంగఁ - దత్పరత్వములేక తలఁగువాఁడు\nతనచిత్తమందు నీ ధ్యానమెన్నఁడు లేక - కాలమంతయు వృథాగడుపువాఁడు	["seq"]	["corr","seq"]	49	ే	ె	shorten	0	21	లెనివాఁడు	false	1	2	21	||U	["లె","ని","వా"]	pdy-r-00372		
pdy-seesamu-0407	seesamu	upajaathi	""	test	గౌతమీస్నానానఁ గడతేఱుద మఁటన్న - మొనసి చన్నీళ్లలో మునుఁగలేను\nతీర్థయాత్రలచేఁ గృతార్థుఁ డౌద మఁటన్న - బడలి నేమంబు లే నడుపలేను\nదాన ధర్మముల సద్గతిని జెందుదమన్న - ఘనముగా నా యొద్ద ధనము లేదు\nతపమాచరించి సార్థకత నొందుదమన్న - నిమిషమైన మనస్సు నిలుపలేను	true	గౌతమీస్నానానఁ గడతేఱుద మఁటన్న - మొనసి చన్నీళ్లలో మునుఁగలేను\nతీర్థయాత్రలచేఁ గృతార్థుఁ డౌద మఁటన్న - బడలి నేమంబు లే నడుపలేను\nదాన ధర్మముల సద్గతిని జెందుదమన్న - ఘనముగా నా యొద్ద ధనము లేదు\nతపమాచరించి సార్థకత నొందుదమన్న - నిమిషమైన మనస్సు నిలుపలేను	[]	[]														pdy-r-00373		
pdy-teytageethi-0408	teytageethi	upajaathi	""	train	జలజదళనేత్ర ని భక్తజనులతోడి -\nజగడమాడెడు పనికంటెఁ జావు మేలు\nభూషణవికాస! శ్రీధర్మపురనివాస! -\nదుష్టసంహార! నరసింహ దురితదూర!	false	జలజదళనేత్ర నీ భక్తజనులతోడి -\nజగడమాడెడు పనికంటెఁ జావు మేలు\nభూషణవికాస! శ్రీధర్మపురనివాస! -\nదుష్టసంహార! నరసింహ దురితదూర!	["seq"]	["corr","seq"]	12	ీ	ి	shorten	0	7	ని	true	0	2	7	|U||	["ని","భ","క్త","జ"]	pdy-r-00374		
pdy-seesamu-0409	seesamu	upajaathi	""	train	గార్దభంబునకేల కస్తూరి తిలకంబు? - మర్కటంబునకేల మలయజంబు?\nశార్దూలమునకేల శర్కరాపూపంబు? - సూకరంబునకేల చూతఫలము?\nమార్జాలమునకేల మల్లేపువ్వులబంతి? - గుడ్లగూబకునేల కుండలములు?\nమహిషానికేల నిర్మలమైన వస్త్రముల్‌? - బకసంతతికినేల పంజరంబు?	false	గార్దభంబునకేల కస్తూరి తిలకంబు? - మర్కటంబునకేల మలయజంబు?\nశార్దూలమునకేల శర్కరాపూపంబు? - సూకరంబునకేల చూతఫలము?\nమార్జాలమునకేల మల్లెపువ్వులబంతి? - గుడ్లగూబకునేల కుండలములు?\nమహిషానికేల నిర్మలమైన వస్త్రముల్‌? - బకసంతతికినేల పంజరంబు?	["seq"]	["seq"]	124	ె	ే	lengthen	2	8	మల్లేపువ్వులబంతి	false	4	2	58	UUU|	["మ","ల్లే","పు","వ్వు"]	pdy-r-00375		
pdy-teytageethi-0411	teytageethi	upajaathi	""	train	మాట నిలుకడ సుంకరిమోటు కేల? -\nచెవిటివానికి సత్కథాశ్రవణ మేల?\nభూషణవికాస! శ్రీధర్మపురనివాస! -\nదుష్టసంహార! నరసింహ దురితదూర!	true	మాట నిలుకడ సుంకరిమోటు కేల? -\nచెవిటివానికి సత్కథాశ్రవణ మేల?\nభూషణవికాస! శ్రీధర్మపురనివాస! -\nదుష్టసంహార! నరసింహ దురితదూర!	[]	[]														pdy-r-00376		
pdy-teytageethi-0414	teytageethi	upajaathi	""	test	శ్రీరమానాథ! యిటువంటిక్రూరునకును -\nభిక్షకుల శత్రువని పేరు పెట్టవచ్చు\nభూషణవికాస! శ్రీధర్మపూరనివాస! -\nదుష్టసంహార! నరసింహ దురితదూర!	false	శ్రీరమానాథ! యిటువంటిక్రూరునకును -\nభిక్షకుల శత్రువని పేరు పెట్టవచ్చు\nభూషణవికాస! శ్రీధర్మపురనివాస! -\nదుష్టసంహార! నరసింహ దురితదూర!	["seq"]	["seq"]	88	ు	ూ	lengthen	2	9	శ్రీధర్మపూరనివాస	false	2	4	39	|U|	["ని","వా","స"]	pdy-r-00377		
pdy-teytageethi-0415	teytageethi	upajaathi	""	dev	కమలనాభ నీ మహిమలు గానలేని -\nతుచ్ఛులకు ముక్తి దొరకుట దుర్లభంబు\nభూషణవికాస! శ్రీధర్మపురనివాస! -\nదుష్టసంహార! నరసింహ దురితదూర!	true	కమలనాభ నీ మహిమలు గానలేని -\nతుచ్ఛులకు ముక్తి దొరకుట దుర్లభంబు\nభూషణవికాస! శ్రీధర్మపురనివాస! -\nదుష్టసంహార! నరసింహ దురితదూర!	[]	[]														pdy-r-00378		
pdy-seesamu-0416	seesamu	upajaathi	""	test	నీలమేఘశ్యామ! నీవె తండ్రివి మాకు - కమలవాసిని మమ్ముఁగన్న తల్లి\nనీ భక్త వరులంత నిజమైన బాంధవుల్‌ - నీ కటాక్షము మా కనేక ధనము\nని కీర్తనలు మాకు లోక ప్రపంచంబు - నీ సహాయము మాకు నిత్యసుఖము\nనీ మంత్రమే మాకు నిష్కళంకపు విద్య - నీ పద ధ్యానంబు నిత్యజపము	false	నీలమేఘశ్యామ! నీవె తండ్రివి మాకు - కమలవాసిని మమ్ముఁగన్న తల్లి\nనీ భక్త వరులంత నిజమైన బాంధవుల్‌ - నీ కటాక్షము మా కనేక ధనము\nనీ కీర్తనలు మాకు లోక ప్రపంచంబు - నీ సహాయము మాకు నిత్యసుఖము\nనీ మంత్రమే మాకు నిష్కళంకపు విద్య - నీ పద ధ్యానంబు నిత్యజపము	["seq"]	["corr","seq"]	121	ీ	ి	shorten	2	0	ని	true	4	0	51	|U||	["ని","కీ","ర్త","న"]	pdy-r-00379		
pdy-teytageethi-0418	teytageethi	upajaathi	""	test	మరణమే నిశ్చయము బుద్ధీమంతుఁడైన -\nదేహమున్నంతలో మిమ్ముఁదెలియవలయు\nభూషణవికాస! శ్రీధర్మపురనివాస! -\nదుష్టసంహార! నరసింహ దురితదూర!	false	మరణమే నిశ్చయము బుద్ధిమంతుఁడైన -\nదేహమున్నంతలో మిమ్ముఁదెలియవలయు\nభూషణవికాస! శ్రీధర్మపురనివాస! -\nదుష్టసంహార! నరసింహ దురితదూర!	["seq"]	["seq"]	20	ి	ీ	lengthen	0	9	బుద్ధీమంతుఁడైన	false	0	2	6	||UU	["య","ము","బు","ద్ధీ"]	pdy-r-00380		
pdy-teytageethi-0419	teytageethi	upajaathi	""	train	చుట్టముల మీఁది భ్రమదీసి చూరఁ జెక్కి -\nసంతతమూ మిమ్ము నమ్ముట సార్థకంబు\nభూషణవికాస! శ్రీధర్మపురనివాస! -\nదుష్టసంహార! నరసింహ దురితదూర!	false	చుట్టముల మీఁది భ్రమదీసి చూరఁ జెక్కి -\nసంతతము మిమ్ము నమ్ముట సార్థకంబు\nభూషణవికాస! శ్రీధర్మపురనివాస! -\nదుష్టసంహార! నరసింహ దురితదూర!	["seq"]	["seq"]	43	ు	ూ	lengthen	1	3	సంతతమూ	false	1	1	16	|UU|	["త","మూ","మి","మ్ము"]	pdy-r-00381		
pdy-teytageethi-0420	teytageethi	upajaathi	""	train	మోక్షదాయక! యిటువంటి మూర్ఖజనుని -\nకష్టపెట్టిన నీకేమీ కడుపునిండు\nభూషణవికాస! శ్రీధర్మపురనివాస! -\nదుష్టసంహార! నరసింహ దురితదూర!	false	మోక్షదాయక! యిటువంటి మూర్ఖజనుని -\nకష్టపెట్టిన నీకేమి కడుపునిండు\nభూషణవికాస! శ్రీధర్మపురనివాస! -\nదుష్టసంహార! నరసింహ దురితదూర!	["seq"]	["corr","seq"]	50	ి	ీ	lengthen	1	7	నీకేమీ	false	1	2	19	UUU|	["నీ","కే","మీ","క"]	pdy-r-00382		
pdy-teytageethi-0422	teytageethi	upajaathi	""	train	బంకజాతాక్ష! నె నతిపాతకుఁడను -\nదప్పులన్నియు క్షమియింపఁ దండ్రి వీవె!\nభూషణవికాస! శ్రీధర్మపురనివాస! -\nదుష్టసంహార! నరసింహ దురితదూర!	false	బంకజాతాక్ష! నే నతిపాతకుఁడను -\nదప్పులన్నియు క్షమియింపఁ దండ్రి వీవె!\nభూషణవికాస! శ్రీధర్మపురనివాస! -\nదుష్టసంహార! నరసింహ దురితదూర!	["seq"]	["corr","seq"]	13	ే	ె	shorten	0	5	నె	true	0	4	12	|U|	["ను","ద","ప్పు"]	pdy-r-00383		
pdy-teytageethi-0424	teytageethi	upajaathi	""	train	పక్షివాహన! మావంటిభిక్షుకులకూ -\nశక్తిలేదాయె నిఁక నీవెచాటు మాకు\nభూషణవికాస! శ్రీధర్మపురనివాస! -\nదుష్టసంహార! నరసింహ దురితదూర!	false	పక్షివాహన! మావంటిభిక్షుకులకు -\nశక్తిలేదాయె నిఁక నీవెచాటు మాకు\nభూషణవికాస! శ్రీధర్మపురనివాస! -\nదుష్టసంహార! నరసింహ దురితదూర!	["seq"]	["seq"]	27	ు	ూ	lengthen	0	12	మావంటిభిక్షుకులకూ	false	0	4	10	||U	["కు","ల","కూ"]	pdy-r-00384		
pdy-seesamu-0425	seesamu	upajaathi	""	train	భుజబలంబునఁ బెద్దపులులఁ జంపఁగవచ్చు - పాము కంఠముఁ చేతఁబట్టవచ్చు\nబ్రహ్మరాక్షసకోట్ల బాఱఁద్రోలఁగవచ్చు - మనుజుల రోగముల్‌ మాన్పవచ్చు\nజిహ్వ కిష్టముగాని చేఁదు మ్రింగఁగవచ్చు - పదును ఖడ్గముచేత నదుమవచ్చుఁ\nగష్టమొందుచు ముండ్లకంపలోఁ జొరవచ్చుఁ - దిట్టుఁబోతుల నోళ్లు కట్టవచ్చూఁ	false	భుజబలంబునఁ బెద్దపులులఁ జంపఁగవచ్చు - పాము కంఠముఁ చేతఁబట్టవచ్చు\nబ్రహ్మరాక్షసకోట్ల బాఱఁద్రోలఁగవచ్చు - మనుజుల రోగముల్‌ మాన్పవచ్చు\nజిహ్వ కిష్టముగాని చేఁదు మ్రింగఁగవచ్చు - పదును ఖడ్గముచేత నదుమవచ్చుఁ\nగష్టమొందుచు ముండ్లకంపలోఁ జొరవచ్చుఁ - దిట్టుఁబోతుల నోళ్లు కట్టవచ్చుఁ	["seq"]	["seq"]	258	ు	ూ	lengthen	3	24	కట్టవచ్చూఁ	false	7	3	102	UU	["వ","చ్చూ"]	pdy-r-00385		
pdy-seesamu-0430	seesamu	upajaathi	""	train	ధరణిలో వేయేండ్లు తనువు నిల్వఁగబోదు - ధన మెప్పటికి శాశ్వతంబు గాదు\nదారసుతాదులు తనవెంట రాలేరు - భృత్యులు మృతినిఁ దప్పించలేరు\nబంధుజాలము తన్ను బ్రతికించూకోలేదు - బలపరాక్రమ మేమి పనికిరాదు\nఘనమైన సకల భాగ్యం బెంతఁ గల్గిన - గోచిమాత్రంబైనఁ గొనుచుఁబోఁడు	false	ధరణిలో వేయేండ్లు తనువు నిల్వఁగబోదు - ధన మెప్పటికి శాశ్వతంబు గాదు\nదారసుతాదులు తనవెంట రాలేరు - భృత్యులు మృతినిఁ దప్పించలేరు\nబంధుజాలము తన్ను బ్రతికించుకోలేదు - బలపరాక్రమ మేమి పనికిరాదు\nఘనమైన సకల భాగ్యం బెంతఁ గల్గిన - గోచిమాత్రంబైనఁ గొనుచుఁబోఁడు	["seq"]	["seq"]	147	ు	ూ	lengthen	2	10	బ్రతికించూకోలేదు	false	4	2	58	||UU	["బ్ర","తి","కిం","చూ"]	pdy-r-00386		
pdy-teytageethi-0430	teytageethi	upajaathi	""	test	వెఱ్ఱికుక్కల భ్రమలన్నీ విడిచి నిన్ను -\nభజనఁ జేసెడివారికిఁ బరమసుఖము\nభూషణవికాస! శ్రీధర్మపురనివాస! -\nదుష్టసంహార! నరసింహ దురితదూర!	false	వెఱ్ఱికుక్కల భ్రమలన్ని విడిచి నిన్ను -\nభజనఁ జేసెడివారికిఁ బరమసుఖము\nభూషణవికాస! శ్రీధర్మపురనివాస! -\nదుష్టసంహార! నరసింహ దురితదూర!	["seq"]	["seq"]	21	ి	ీ	lengthen	0	8	భ్రమలన్నీ	false	0	2	5	||UU	["భ్ర","మ","ల","న్నీ"]	pdy-r-00387		
pdy-teytageethi-0435	teytageethi	upajaathi	""	test	జీవుని ప్రయాణకాలంబు సిద్ధమైన -\nనిలుచునా దేహ మిందొక్క నిమిషమైన?\nభూషణవికాస! శ్రీధర్మపురనివాస! -\nదుష్టసంహార! నరసింహ దురీతదూర!	false	జీవుని ప్రయాణకాలంబు సిద్ధమైన -\nనిలుచునా దేహ మిందొక్క నిమిషమైన?\nభూషణవికాస! శ్రీధర్మపురనివాస! -\nదుష్టసంహార! నరసింహ దురితదూర!	["seq"]	["seq"]	116	ి	ీ	lengthen	3	10	దురీతదూర	false	3	3	50	|U|	["దు","రీ","త"]	pdy-r-00388		
pdy-teytageethi-0440	teytageethi	upajaathi	""	train	దండ్రివై నీవు పరపీడ దగులఁజేయ -\nవాసిగల పేరు కపకీర్తి వచ్చునయ్య\nభూషణవికాస! శ్రీధర్మపూరనివాస! -\nదుష్టసంహార! నరసింహ దురితదూర!	false	దండ్రివై నీవు పరపీడ దగులఁజేయ -\nవాసిగల పేరు కపకీర్తి వచ్చునయ్య\nభూషణవికాస! శ్రీధర్మపురనివాస! -\nదుష్టసంహార! నరసింహ దురితదూర!	["seq"]	["seq"]	82	ు	ూ	lengthen	2	9	శ్రీధర్మపూరనివాస	false	2	4	39	|U|	["ని","వా","స"]	pdy-r-00389		
pdy-teytageethi-0441	teytageethi	upajaathi	""	dev	నళినదళనేత్ర! నిన్ను నే నమ్మినాను -\nజేరి రక్షింపవే నన్ను శీఘ్రముగను\nభూషణవికాస! శ్రీధర్మపురనివాస! -\nదుష్టసంహార! నరసింహ దురితదూర!	true	నళినదళనేత్ర! నిన్ను నే నమ్మినాను -\nజేరి రక్షింపవే నన్ను శీఘ్రముగను\nభూషణవికాస! శ్రీధర్మపురనివాస! -\nదుష్టసంహార! నరసింహ దురితదూర!	[]	[]														pdy-r-00390		
pdy-seesamu-0444	seesamu	upajaathi	""	train	కమలలోచన! నన్నుఁ గన్నతండ్రివి గాన - నిన్ను నేమఱకుంటి నేను విడక\nయుదరపోషణకునై యొకరి నే నాశింప - నేర నా కన్నంబు నీవు నడుపు\nపెట్టలేనంటివా పిన్న పెద్దలలోనఁ - దగవు కిప్పుడూ దీయఁ దలఁచినాను\nధనము భారంబైనఁ దల కిరీటము నమ్ము - కుండలంబులు పైఁడిగొలుసు లమ్ము	false	కమలలోచన! నన్నుఁ గన్నతండ్రివి గాన - నిన్ను నేమఱకుంటి నేను విడక\nయుదరపోషణకునై యొకరి నే నాశింప - నేర నా కన్నంబు నీవు నడుపు\nపెట్టలేనంటివా పిన్న పెద్దలలోనఁ - దగవు కిప్పుడు దీయఁ దలఁచినాను\nధనము భారంబైనఁ దల కిరీటము నమ్ము - కుండలంబులు పైఁడిగొలుసు లమ్ము	["seq"]	["seq"]	164	ు	ూ	lengthen	2	18	కిప్పుడూ	false	5	1	70	|UU|	["ప్పు","డూ","దీ","య"]	pdy-r-00391		
pdy-teytageethi-0448	teytageethi	upajaathi	""	train	బొందిలో నుండు ప్రాణముల్‌ పోయినంతఁ -\nగాటికే గానీ కొఱగాదు గవ్వకైన\nభూషణవికాస! శ్రీధర్మపురనివాస! -\nదుష్టసంహార! నరసింహ దురితదూర!	false	బొందిలో నుండు ప్రాణముల్‌ పోయినంతఁ -\nగాటికే గాని కొఱగాదు గవ్వకైన\nభూషణవికాస! శ్రీధర్మపురనివాస! -\nదుష్టసంహార! నరసింహ దురితదూర!	["seq"]	["corr","seq"]	46	ి	ీ	lengthen	1	4	గానీ	true	1	1	14	UUU|	["కే","గా","నీ","కొ"]	pdy-r-00392		
pdy-seesamu-0449	seesamu	upajaathi	""	dev	పలురోగములకు నీపాదతీర్థమె కాని - వలపు మందులు నాకు వలదు వలదు\nచెలిమిసేయుచు నీకు సేవఁ జేసెదఁ గాన - ని దాసకోటిలో నిలుపవయ్య\nగ్రహభయంబునకుఁ జక్రముఁ దలంచెదఁ గాని - ఘోరరక్షలు గట్టఁగోరనయ్య\nపాముకాటుకు నిన్నుఁభజనఁ జేసెదఁ గాని - దాని మంత్రము నేను తలఁపనయ్య	false	పలురోగములకు నీపాదతీర్థమె కాని - వలపు మందులు నాకు వలదు వలదు\nచెలిమిసేయుచు నీకు సేవఁ జేసెదఁ గాన - నీ దాసకోటిలో నిలుపవయ్య\nగ్రహభయంబునకుఁ జక్రముఁ దలంచెదఁ గాని - ఘోరరక్షలు గట్టఁగోరనయ్య\nపాముకాటుకు నిన్నుఁభజనఁ జేసెదఁ గాని - దాని మంత్రము నేను తలఁపనయ్య	["seq"]	["corr","seq"]	96	ీ	ి	shorten	1	15	ని	true	3	0	44	|U|U	["ని","దా","స","కో"]	pdy-r-00393		
pdy-teytageethi-0450	teytageethi	upajaathi	""	train	నిటుల సంసారవారధి నీఁదలేక -\nవేయి విధముల నిన్ను నే వేఁడుకొంటి\nభూషణవికాస! శ్రీధర్మపురనివాస! -\nదుష్టసంహార! నరసింహ దురీతదూర!	false	నిటుల సంసారవారధి నీఁదలేక -\nవేయి విధముల నిన్ను నే వేఁడుకొంటి\nభూషణవికాస! శ్రీధర్మపురనివాస! -\nదుష్టసంహార! నరసింహ దురితదూర!	["seq"]	["seq"]	113	ి	ీ	lengthen	3	10	దురీతదూర	false	3	3	49	|U|	["దు","రీ","త"]	pdy-r-00394		
pdy-teytageethi-0451	teytageethi	upajaathi	""	train	దుష్టకార్యము లొనరించు దుర్జనులకు -\nఘనతరంబైన నరకంబు గట్టిముల్లె\nభూషణవికాస! శ్రీధర్మపురనీవాస! -\nదుష్టసంహార! నరసింహ దురితదూర!	false	దుష్టకార్యము లొనరించు దుర్జనులకు -\nఘనతరంబైన నరకంబు గట్టిముల్లె\nభూషణవికాస! శ్రీధర్మపురనివాస! -\nదుష్టసంహార! నరసింహ దురితదూర!	["seq"]	["seq"]	86	ి	ీ	lengthen	2	11	శ్రీధర్మపురనీవాస	false	2	3	37	||U	["పు","ర","నీ"]	pdy-r-00395		
pdy-teytageethi-0452	teytageethi	upajaathi	""	train	ప్రజల జంతుల హింసించు పాతకుండూ -\nకాలకింకర గదలచేఁ గష్టమొందు\nభూషణవికాస! శ్రీధర్మపురనివాస! -\nదుష్టసంహార! నరసింహ దురితదూర!	false	ప్రజల జంతుల హింసించు పాతకుండు -\nకాలకింకర గదలచేఁ గష్టమొందు\nభూషణవికాస! శ్రీధర్మపురనివాస! -\nదుష్టసంహార! నరసింహ దురితదూర!	["seq"]	["corr","seq"]	28	ు	ూ	lengthen	0	12	పాతకుండూ	false	0	4	11	UUU	["కుం","డూ","కా"]	pdy-r-00396		
pdy-teytageethi-0453	teytageethi	upajaathi	""	train	సురవినుత! నేను నీచాటుఁ జొచ్చినాను -\nనా మొఱాలించి కడతేర్చు నాగశయన!\nభూషణవికాస! శ్రీధర్మపురనివాస! -\nదుష్టసంహార! నరసింహ దూరితదూర!	false	సురవినుత! నేను నీచాటుఁ జొచ్చినాను -\nనా మొఱాలించి కడతేర్చు నాగశయన!\nభూషణవికాస! శ్రీధర్మపురనివాస! -\nదుష్టసంహార! నరసింహ దురితదూర!	["seq"]	["seq"]	117	ు	ూ	lengthen	3	9	దూరితదూర	false	3	4	53	|U|	["త","దూ","ర"]	pdy-r-00397		
pdy-teytageethi-0454	teytageethi	upajaathi	""	train	పరమభక్తుండు ధన్యుండు భానుతేజ! -\nవానిఁ గనుఁగొన్నఁ బుణ్యంబు వసుధలోన\nభూషణవికాస! శ్రీధర్మపురనివాస! -\nదుష్టసంహార! నరసింహ దురీతదూర!	false	పరమభక్తుండు ధన్యుండు భానుతేజ! -\nవానిఁ గనుఁగొన్నఁ బుణ్యంబు వసుధలోన\nభూషణవికాస! శ్రీధర్మపురనివాస! -\nదుష్టసంహార! నరసింహ దురితదూర!	["seq"]	["seq"]	119	ి	ీ	lengthen	3	10	దురీతదూర	false	3	3	50	|U|	["దు","రీ","త"]	pdy-r-00398		
pdy-teytageethi-0455	teytageethi	upajaathi	""	train	కొసకు ని సన్నిధికిఁ బిల్చుకొనియు నీకు -\nసేవకునిఁ జేసికొనవయ్య శేషశయన!\nభూషణవికాస! శ్రీధర్మపురనివాస! -\nదుష్టసంహార! నరసింహ దురితదూర!	false	కొసకు నీ సన్నిధికిఁ బిల్చుకొనియు నీకు -\nసేవకునిఁ జేసికొనవయ్య శేషశయన!\nభూషణవికాస! శ్రీధర్మపురనివాస! -\nదుష్టసంహార! నరసింహ దురితదూర!	["seq"]	["corr","seq"]	7	ీ	ి	shorten	0	3	ని	true	0	1	3	|U||	["ని","స","న్ని","ధి"]	pdy-r-00399		
pdy-teytageethi-0457	teytageethi	upajaathi	""	train	కుజనులను దెచ్చి ని సేవ కొరకుఁ బెట్ట -\nవాంఛతోఁ జేతురే భక్తవరుల వలెను?\nభూషణవికాస! శ్రీధర్మపురనివాస! -\nదుష్టసంహార! నరసింహ దురితదూర!	false	కుజనులను దెచ్చి నీ సేవ కొరకుఁ బెట్ట -\nవాంఛతోఁ జేతురే భక్తవరుల వలెను?\nభూషణవికాస! శ్రీధర్మపురనివాస! -\nదుష్టసంహార! నరసింహ దురితదూర!	["seq"]	["corr","seq"]	17	ీ	ి	shorten	0	7	ని	true	0	2	7	|U||	["ని","సే","వ","కొ"]	pdy-r-00400		
pdy-teytageethi-0458	teytageethi	upajaathi	""	test	శీఘ్రముగఁ గోర్కె లీడేర్చి చింత దీర్చు -\nనిరతముగ నన్ను బోషించు నేనరు నుంచు\nభూషణవికాస! శ్రీధర్మపురనివాస! -\nదుష్టసంహార! నరసింహ దురితదూర!	false	శీఘ్రముగఁ గోర్కె లీడేర్చి చింత దీర్చు -\nనిరతముగ నన్ను బోషించు నెనరు నుంచు\nభూషణవికాస! శ్రీధర్మపురనివాస! -\nదుష్టసంహార! నరసింహ దురితదూర!	["seq"]	["seq"]	63	ె	ే	lengthen	1	10	నేనరు	false	1	4	25	|U|	["రు","నుం","చు"]	pdy-r-00401		
pdy-teytageethi-0459	teytageethi	upajaathi	""	train	నలుగురికీ మెప్పుగానైన నడువ లేదు -\nనళినదళనేత్ర! నిన్ను నే నమ్మినాను\nభూషణవికాస! శ్రీధర్మపురనివాస! -\nదుష్టసంహార! నరసింహ దురితదూర!	false	నలుగురికి మెప్పుగానైన నడువ లేదు -\nనళినదళనేత్ర! నిన్ను నే నమ్మినాను\nభూషణవికాస! శ్రీధర్మపురనివాస! -\nదుష్టసంహార! నరసింహ దురితదూర!	["seq"]	["seq"]	8	ి	ీ	lengthen	0	4	నలుగురికీ	false	0	1	3	|UU|	["రి","కీ","మె","ప్పు"]	pdy-r-00402		
pdy-teytageethi-0461	teytageethi	upajaathi	""	train	క్రూరజనులకు నీమీఁద గోరి కెల? -\nద్రోహి పాపాత్మునకు దయాదుఃఖ మేల?\nభూషణవికాస! శ్రీధర్మపురనివాస! -\nదుష్టసంహార! నరసింహ దురితదూర!	false	క్రూరజనులకు నీమీఁద గోరి కేల? -\nద్రోహి పాపాత్మునకు దయాదుఃఖ మేల?\nభూషణవికాస! శ్రీధర్మపురనివాస! -\nదుష్టసంహార! నరసింహ దురితదూర!	["seq"]	["corr","seq"]	25	ే	ె	shorten	0	11	కెల	false	0	4	11	||U	["కె","ల","ద్రో"]	pdy-r-00403		
pdy-teytageethi-0462	teytageethi	upajaathi	""	dev	దండిదొర వంచు నీ వెంటఁ దగిలినాను -\nనేఁడు ప్రత్యక్షమై నన్ను నిర్వహింపు\nభూషణవికాస! శ్రీధర్మపురనివాస! -\nదుష్టసంహార! నరసింహ దురితదూర!	true	దండిదొర వంచు నీ వెంటఁ దగిలినాను -\nనేఁడు ప్రత్యక్షమై నన్ను నిర్వహింపు\nభూషణవికాస! శ్రీధర్మపురనివాస! -\nదుష్టసంహార! నరసింహ దురితదూర!	[]	[]														pdy-r-00404		
pdy-seesamu-0464	seesamu	upajaathi	""	train	నే నెంత వేఁడిన నీకేల దయరాదు? - పలుమాఱు పిలిచినఁ బలుక వేమి?\nపలికిన నీ కున్న పద వేమి బోవు? నీ - మోమైనఁ బొడచూపవేమి నాకు?\nశరణుఁ జొచ్చినవాని సవరింపవలెఁ గాక - పరిహరించుట నీకు బిరుదు గాదూ\nనీ దాసులను నీవు నిర్వహింపక యున్నఁ - బరు లెవ్వ రగుదురు పంకజాక్ష!	false	నే నెంత వేఁడిన నీకేల దయరాదు? - పలుమాఱు పిలిచినఁ బలుక వేమి?\nపలికిన నీ కున్న పద వేమి బోవు? నీ - మోమైనఁ బొడచూపవేమి నాకు?\nశరణుఁ జొచ్చినవాని సవరింపవలెఁ గాక - పరిహరించుట నీకు బిరుదు గాదు\nనీ దాసులను నీవు నిర్వహింపక యున్నఁ - బరు లెవ్వ రగుదురు పంకజాక్ష!	["seq"]	["corr","seq"]	179	ు	ూ	lengthen	2	28	గాదూ	false	5	3	78	UUU	["గా","దూ","నీ"]	pdy-r-00405		
pdy-teytageethi-0464	teytageethi	upajaathi	""	train	దాత దైవంబు తల్లియుఁ దండ్రి వీవె -\nనమ్మియున్నాను ని పాదనళినములను\nభూషణవికాస! శ్రీధర్మపురనివాస! -\nదుష్టసంహార! నరసింహ దురితదూర!	false	దాత దైవంబు తల్లియుఁ దండ్రి వీవె -\nనమ్మియున్నాను నీ పాదనళినములను\nభూషణవికాస! శ్రీధర్మపురనివాస! -\nదుష్టసంహార! నరసింహ దురితదూర!	["seq"]	["corr","seq"]	49	ీ	ి	shorten	1	5	ని	true	1	2	17	|U||	["ని","పా","ద","న"]	pdy-r-00406		
pdy-teytageethi-0467	teytageethi	upajaathi	""	train	అమల! కమలాక్ష! నేనిట్లు శ్రమపడంగఁ -\nగన్నులకుఁ బండువై నీకుఁ గానఁబడునె?\nభూషణవికాస! శ్రిధర్మపురనివాస! -\nదుష్టసంహార! నరసింహ దురితదూర!	false	అమల! కమలాక్ష! నేనిట్లు శ్రమపడంగఁ -\nగన్నులకుఁ బండువై నీకుఁ గానఁబడునె?\nభూషణవికాస! శ్రీధర్మపురనివాస! -\nదుష్టసంహార! నరసింహ దురితదూర!	["seq"]	["corr","seq"]	83	ీ	ి	shorten	2	6	శ్రిధర్మపురనివాస	false	2	2	35	|U||	["శ్రి","ధ","ర్మ","పు"]	pdy-r-00407		
pdy-teytageethi-0468	teytageethi	upajaathi	""	dev	గోపగాఁడను నీవు నా గుణము తెలిసి -\nయిప్పుడే నన్ను రక్షించి యేలుకొమ్ము\nభూషణవికాస! శ్రీధర్మపురనివాస! -\nదుష్టసంహార! నరసింహ దురితదూర!	true	గోపగాఁడను నీవు నా గుణము తెలిసి -\nయిప్పుడే నన్ను రక్షించి యేలుకొమ్ము\nభూషణవికాస! శ్రీధర్మపురనివాస! -\nదుష్టసంహార! నరసింహ దురితదూర!	[]	[]														pdy-r-00408		
pdy-teytageethi-0471	teytageethi	upajaathi	""	dev	వారివలె నన్నుఁ బోషింప వశముగాదె? -\nయింత వలపక్ష మేల శ్రీకాంత! నీకు?\nభుషణవికాస! శ్రీధర్మపురనివాస! -\nదుష్టసంహార! నరసింహ దురితదూర!	false	వారివలె నన్నుఁ బోషింప వశముగాదె? -\nయింత వలపక్ష మేల శ్రీకాంత! నీకు?\nభూషణవికాస! శ్రీధర్మపురనివాస! -\nదుష్టసంహార! నరసింహ దురితదూర!	["seq"]	["corr","seq"]	67	ూ	ు	shorten	2	0	భుషణవికాస	false	2	1	30	|U|U	["వి","కా","స","శ్రీ"]	pdy-r-00409		
pdy-seesamu-0475	seesamu	upajaathi	""	dev	సర్వేశ! నీపాదసరసిజ ద్వయమందుఁ - జిత్త ముంపఁగలేను జెదరకుండ\nనీవైన దయయుంచి నిలిచి యుండెడునట్లు - చేరి నన్నిపుడేలు సేవకుఁడను\nవనజలోచన! నేనువట్టి మూర్ఖుఁడఁ జుమ్మి - నీ స్వరూపముఁ జూడ నేర్పు వేగ\nతన కుమారుల కుగ్గు తల్లి వోసినయట్లు - భక్తిమార్గంబను పాలు పోసి	true	సర్వేశ! నీపాదసరసిజ ద్వయమందుఁ - జిత్త ముంపఁగలేను జెదరకుండ\nనీవైన దయయుంచి నిలిచి యుండెడునట్లు - చేరి నన్నిపుడేలు సేవకుఁడను\nవనజలోచన! నేనువట్టి మూర్ఖుఁడఁ జుమ్మి - నీ స్వరూపముఁ జూడ నేర్పు వేగ\nతన కుమారుల కుగ్గు తల్లి వోసినయట్లు - భక్తిమార్గంబను పాలు పోసి	[]	[]														pdy-r-00410		
pdy-seesamu-0480	seesamu	upajaathi	""	train	పద్మాక్ష! మమతచేఁ బరము నందెద మంచు - విఱ్ఱవీఁగుదుమయ్య వెఱ్ఱిపట్టి\nమాస్వతంత్రంబైన మదము గండ్లకుఁ గప్పి - మొగము పట్టదు కామమోహమునను\nబ్రహ్మదేవుండైనఁ బైడిదేహము గల్గఁ - జేసివేయక మమ్ముఁ జెఱిచె నతఁడు\nతుచ్ఛమైనటువంటి తొలెమ్ముకల తోడి - ముఱికి చెత్తలు చేర్చి మూట కట్టె	false	పద్మాక్ష! మమతచేఁ బరము నందెద మంచు - విఱ్ఱవీఁగుదుమయ్య వెఱ్ఱిపట్టి\nమాస్వతంత్రంబైన మదము గండ్లకుఁ గప్పి - మొగము పట్టదు కామమోహమునను\nబ్రహ్మదేవుండైనఁ బైడిదేహము గల్గఁ - జేసివేయక మమ్ముఁ జెఱిచె నతఁడు\nతుచ్ఛమైనటువంటి తోలెమ్ముకల తోడి - ముఱికి చెత్తలు చేర్చి మూట కట్టె	["seq"]	["seq"]	205	ో	ొ	shorten	3	7	తొలెమ్ముకల	false	6	2	86	|U||	["తొ","లె","మ్ము","క"]	pdy-r-00411		
pdy-teytageethi-0481	teytageethi	upajaathi	""	train	పతితపావన! లక్ష్మీశ! బ్రహ్మజనక! -\nభక్తవత్సల! సర్వేశ! పరమపురుష!\nభూషణవికాస! శ్రీధర్మపురనివాస! -\nదుష్టసంహార! నరసింహ దూరితదూర!	false	పతితపావన! లక్ష్మీశ! బ్రహ్మజనక! -\nభక్తవత్సల! సర్వేశ! పరమపురుష!\nభూషణవికాస! శ్రీధర్మపురనివాస! -\nదుష్టసంహార! నరసింహ దురితదూర!	["seq"]	["seq"]	113	ు	ూ	lengthen	3	9	దూరితదూర	false	3	4	53	|U|	["త","దూ","ర"]	pdy-r-00412		
pdy-teytageethi-0482	teytageethi	upajaathi	""	train	వనజలోచన! యిటువంటివైభవములు -\nసొగసుగా నీకుఁ దోఁచెనో సుందరాంగ?\nభూషణవికాస! శ్రీధర్మపురనీవాస! -\nదుష్టసంహార! నరసింహ దురితదూర!	false	వనజలోచన! యిటువంటివైభవములు -\nసొగసుగా నీకుఁ దోఁచెనో సుందరాంగ?\nభూషణవికాస! శ్రీధర్మపురనివాస! -\nదుష్టసంహార! నరసింహ దురితదూర!	["seq"]	["seq"]	83	ి	ీ	lengthen	2	11	శ్రీధర్మపురనీవాస	false	2	3	37	||U	["పు","ర","నీ"]	pdy-r-00413		
pdy-teytageethi-0484	teytageethi	upajaathi	""	train	నీకు నావిద్య హర్షంబుగాక యున్న -\nతేపతేపకు వేషముల్‌ దేను సుమ్మి\nభూషణవికాస! శ్రిధర్మపురనివాస! -\nదుష్టసంహార! నరసింహ దురితదూర!	false	నీకు నావిద్య హర్షంబుగాక యున్న -\nతేపతేపకు వేషముల్‌ దేను సుమ్మి\nభూషణవికాస! శ్రీధర్మపురనివాస! -\nదుష్టసంహార! నరసింహ దురితదూర!	["seq"]	["corr","seq"]	76	ీ	ి	shorten	2	6	శ్రిధర్మపురనివాస	false	2	2	30	|U||	["శ్రి","ధ","ర్మ","పు"]	pdy-r-00414		
pdy-seesamu-0486	seesamu	upajaathi	""	train	భువనేశ! గోవింద! రవికోటిసంకాశ! - పక్షివాహన! భక్తపారిజాత!\nయంభోజభవరుద్ర జంభారిసన్నుత! - సామగానవిలోల! సారసాక్ష!\nవనధిగంభీర! శ్రీవత్స కౌస్తుభవక్ష! - శంఖచక్ర గదాసి శార్ఙ్గహస్త!\nదీనరక్షక! వాసూదేవ! దైత్యవినాశ! - నారదార్చిత! దివ్యనాగశయన!	false	భువనేశ! గోవింద! రవికోటిసంకాశ! - పక్షివాహన! భక్తపారిజాత!\nయంభోజభవరుద్ర జంభారిసన్నుత! - సామగానవిలోల! సారసాక్ష!\nవనధిగంభీర! శ్రీవత్స కౌస్తుభవక్ష! - శంఖచక్ర గదాసి శార్ఙ్గహస్త!\nదీనరక్షక! వాసుదేవ! దైత్యవినాశ! - నారదార్చిత! దివ్యనాగశయన!	["seq"]	["seq"]	183	ు	ూ	lengthen	3	6	వాసూదేవ	false	6	1	77	||UU	["క్ష","క","వా","సూ"]	pdy-r-00415		
pdy-teytageethi-0487	teytageethi	upajaathi	""	train	వీరి కెఱుకగు నీకథల్‌ వింత లెల్ల -\nనరుల కెఱూకన్న నెవరైన నవ్విపోరె?\nభూషణవికాస! శ్రీధర్మపురనివాస! -\nదుష్టసంహార! నరసింహ దురితదూర!	false	వీరి కెఱుకగు నీకథల్‌ వింత లెల్ల -\nనరుల కెఱుకన్న నెవరైన నవ్విపోరె?\nభూషణవికాస! శ్రీధర్మపురనివాస! -\nదుష్టసంహార! నరసింహ దురితదూర!	["seq"]	["seq"]	42	ు	ూ	lengthen	1	4	కెఱూకన్న	false	1	1	16	|UU|	["కె","ఱూ","క","న్న"]	pdy-r-00416		
pdy-teytageethi-0488	teytageethi	upajaathi	""	train	లావు గలవాఁడ వైతి వేలాగూ నేను -\nనిన్నుఁ జూతును నా తండ్రి నీరజాక్ష!\nభూషణవికాస! శ్రీధర్మపురనివాస! -\nదుష్టసంహార! నరసింహ దురితదూర!	false	లావు గలవాఁడ వైతి వేలాగు నేను -\nనిన్నుఁ జూతును నా తండ్రి నీరజాక్ష!\nభూషణవికాస! శ్రీధర్మపురనివాస! -\nదుష్టసంహార! నరసింహ దురితదూర!	["seq"]	["corr","seq"]	22	ు	ూ	lengthen	0	10	వేలాగూ	false	0	3	9	UUU	["లా","గూ","నే"]	pdy-r-00417		
pdy-seesamu-0489	seesamu	upajaathi	""	train	నీకథల్‌ చెవులలో సోఁకుట మొదలుగాఁ - బులకాంకురము మేనఁ బుట్టువాఁడు\nనయమైన నీ దివ్యనామకీర్తనలోన - మగ్నుఁడై దేహంబు మఱచువాఁడు\nఫాలంబుతో నీదు పాదయుగ్మమునకుఁ - బ్రేమతోఁ దండ మర్పించువాఁడు\nహా పుండరీకాక్ష! హా రామ! హరీ! యంచు - వేడ్కతోఁ గేకలు వేయువాఁడు	false	నీకథల్‌ చెవులలో సోఁకుట మొదలుగాఁ - బులకాంకురము మేనఁ బుట్టువాఁడు\nనయమైన నీ దివ్యనామకీర్తనలోన - మగ్నుఁడై దేహంబు మఱచువాఁడు\nఫాలంబుతో నీదు పాదయుగ్మమునకుఁ - బ్రేమతోఁ దండ మర్పించువాఁడు\nహా పుండరీకాక్ష! హా రామ! హరి! యంచు - వేడ్కతోఁ గేకలు వేయువాఁడు	["seq"]	["seq"]	202	ి	ీ	lengthen	3	10	హరీ	true	6	3	83	|UU|	["హ","రీ","యం","చు"]	pdy-r-00418		
pdy-teytageethi-0489	teytageethi	upajaathi	""	train	చిత్తకమలంబునను నిన్నుఁ జేర్చువాఁడు -\nనీదు లోకంబు నందుండు నీరజాక్ష!\nభూషణవీకాస! శ్రీధర్మపురనివాస! -\nదుష్టసంహార! నరసింహ దురితదూర!	false	చిత్తకమలంబునను నిన్నుఁ జేర్చువాఁడు -\nనీదు లోకంబు నందుండు నీరజాక్ష!\nభూషణవికాస! శ్రీధర్మపురనివాస! -\nదుష్టసంహార! నరసింహ దురితదూర!	["seq"]	["seq"]	72	ి	ీ	lengthen	2	3	భూషణవీకాస	false	2	1	28	|UU|	["ణ","వీ","కా","స"]	pdy-r-00419		
pdy-seesamu-0491	seesamu	upajaathi	""	train	నవ సరోజదళాక్ష! నన్నుఁ బోషించెడు - దాతవు నీవంచు ధైర్యపడితి\nనా మనంబున నిన్ను నమ్మినందుకుఁ దండ్రి! - మేలు నా కొనరింపు నీలదేహ!\nభళిభళీ! నీ యంత ప్రభువు నెక్కడఁ జూడఁ - బుడమిలో ని పేరు పొగడవచ్చు\nముందుఁ జేసిన పాపమును నశింపఁగఁ జేసి - నిర్వహింపుము నన్ను నేర్పుతోడఁ	false	నవ సరోజదళాక్ష! నన్నుఁ బోషించెడు - దాతవు నీవంచు ధైర్యపడితి\nనా మనంబున నిన్ను నమ్మినందుకుఁ దండ్రి! - మేలు నా కొనరింపు నీలదేహ!\nభళిభళీ! నీ యంత ప్రభువు నెక్కడఁ జూడఁ - బుడమిలో నీ పేరు పొగడవచ్చు\nముందుఁ జేసిన పాపమును నశింపఁగఁ జేసి - నిర్వహింపుము నన్ను నేర్పుతోడఁ	["seq"]	["corr","seq"]	170	ీ	ి	shorten	2	19	ని	true	5	1	69	|U||	["ని","పే","రు","పొ"]	pdy-r-00420		
pdy-teytageethi-0492	teytageethi	upajaathi	""	train	స్వామి ని భక్తవరులు దుర్జనులతోడఁ -\nజెలిమిఁ జేసిన యట్లైనఁ జేటు వచ్చు\nభూషణవికాస! శ్రీధర్మపురనివాస! -\nదుష్టసంహార! నరసింహ దురితదూర!	false	స్వామి నీ భక్తవరులు దుర్జనులతోడఁ -\nజెలిమిఁ జేసిన యట్లైనఁ జేటు వచ్చు\nభూషణవికాస! శ్రీధర్మపురనివాస! -\nదుష్టసంహార! నరసింహ దురితదూర!	["seq"]	["corr","seq"]	8	ీ	ి	shorten	0	2	ని	true	0	1	2	|U||	["ని","భ","క్త","వ"]	pdy-r-00421		
pdy-teytageethi-0494	teytageethi	upajaathi	""	dev	యుందు రరవిందనయన! నీయునికిఁ దెలియు -\nవారలకు వేగ మోక్షంబు వచ్చు ననఘ!\nభూషణవికాస! శ్రీధర్మపురనివాస! -\nదుష్టసంహార! నరసింహ దురితదుర!	false	యుందు రరవిందనయన! నీయునికిఁ దెలియు -\nవారలకు వేగ మోక్షంబు వచ్చు ననఘ!\nభూషణవికాస! శ్రీధర్మపురనివాస! -\nదుష్టసంహార! నరసింహ దురితదూర!	["seq"]	["seq"]	123	ూ	ు	shorten	3	12	దురితదుర	false	3	4	56	||	["దు","ర"]	pdy-r-00422		
pdy-seesamu-0496	seesamu	upajaathi	""	test	లక్ష్మీశ! నీ దివ్యలక్షణ గుణముల - వినఁజాల కెప్పుడు వెఱ్ఱినైతి\nనావెఱ్ఱిగుణములు నయముగా ఖండించి - నన్ను రక్షింపుమో నళిననేత్ర!\nనిన్ను నే నమ్మితి నితరదైవముల నే - నమ్మలేదెప్పుడు నాగశయన!\nకాపాడినను నీవె కష్టపెట్టిన నీవే - నీ పాదకమలముల్‌ నిరత మేను	false	లక్ష్మీశ! నీ దివ్యలక్షణ గుణముల - వినఁజాల కెప్పుడు వెఱ్ఱినైతి\nనావెఱ్ఱిగుణములు నయముగా ఖండించి - నన్ను రక్షింపుమో నళిననేత్ర!\nనిన్ను నే నమ్మితి నితరదైవముల నే - నమ్మలేదెప్పుడు నాగశయన!\nకాపాడినను నీవె కష్టపెట్టిన నీవె - నీ పాదకమలముల్‌ నిరత మేను	["seq"]	["seq"]	209	ె	ే	lengthen	3	13	నీవే	true	6	3	84	||UU	["ట్టి","న","నీ","వే"]	pdy-r-00423		
pdy-teytageethi-0496	teytageethi	upajaathi	""	train	నమ్మియున్నాను ని పాదనళినభక్తి -\nవేగ దయచేసి రక్షింపు వేదవిద్య!\nభూషణవికాస! శ్రీధర్మపురనివాస! -\nదుష్టసంహార! నరసింహ దురితదూర!	false	నమ్మియున్నాను నీ పాదనళినభక్తి -\nవేగ దయచేసి రక్షింపు వేదవిద్య!\nభూషణవికాస! శ్రీధర్మపురనివాస! -\nదుష్టసంహార! నరసింహ దురితదూర!	["seq"]	["corr","seq"]	15	ీ	ి	shorten	0	5	ని	true	0	2	5	|U||	["ని","పా","ద","న"]	pdy-r-00424		
pdy-teytageethi-0497	teytageethi	upajaathi	""	test	ననుచుఁ బలూమాఱు వేఁడెద నబ్జనాభ! -\nనాకుఁ బ్రత్యక్ష మగుము నిన్‌ నమ్మినాను\nభూషణవికాస! శ్రీధర్మపురనివాస! -\nదుష్టసంహార! నరసింహ దురితదూర!	false	ననుచుఁ బలుమాఱు వేఁడెద నబ్జనాభ! -\nనాకుఁ బ్రత్యక్ష మగుము నిన్‌ నమ్మినాను\nభూషణవికాస! శ్రీధర్మపురనివాస! -\nదుష్టసంహార! నరసింహ దురితదూర!	["seq"]	["seq"]	9	ు	ూ	lengthen	0	4	బలూమాఱు	false	0	1	3	|UU|	["బ","లూ","మా","ఱు"]	pdy-r-00425		
pdy-saardulamu-0166	saardulamu	vruttamu	""	test	కొంకం గారణ మేమి ధర్మములు పెక్కుల్ చేసి మర్త్యుండు నీ\nవంకం జిత్తము నిల్పలేక పెరత్రోవల్ త్రొక్కినన్ సర్వముం\nబొంకై పోవుఁ; గురంగనేత్ర తగునోముల్ వేయునున్ నోచి తా\nఱంకాడంగఁ దొడంగినట్లు రఘూవీరా! జానకీనాయకా!	false	కొంకం గారణ మేమి ధర్మములు పెక్కుల్ చేసి మర్త్యుండు నీ\nవంకం జిత్తము నిల్పలేక పెరత్రోవల్ త్రొక్కినన్ సర్వముం\nబొంకై పోవుఁ; గురంగనేత్ర తగునోముల్ వేయునున్ నోచి తా\nఱంకాడంగఁ దొడంగినట్లు రఘువీరా! జానకీనాయకా!	["seq"]	["seq"]	180	ు	ూ	lengthen	3	10	రఘూవీరా	false	3	3	66	|UU	["ర","ఘూ","వీ"]	pdy-r-00426		
pdy-mattebhamu-0367	mattebhamu	vruttamu	""	test	వడి మిఱంగ నమోఘమై నిగుడు నీ వాలమ్ము వాలమ్ముఁ దాఁ\nకెడు నంచున్ మెడ యొడ్డినన్ జమరిపైఁ గీల్కొన్న కారుణ్య మే\nర్పడ మున్నేసిన యమ్ము వేఱె యొక నారాచమ్మునం ద్రుంచి పే\nర్పడి తౌరా విలుకాండ్రలోన రఘువీరా! జానకీనాయకా!	false	వడి మీఱంగ నమోఘమై నిగుడు నీ వాలమ్ము వాలమ్ముఁ దాఁ\nకెడు నంచున్ మెడ యొడ్డినన్ జమరిపైఁ గీల్కొన్న కారుణ్య మే\nర్పడ మున్నేసిన యమ్ము వేఱె యొక నారాచమ్మునం ద్రుంచి పే\nర్పడి తౌరా విలుకాండ్రలోన రఘువీరా! జానకీనాయకా!	["seq"]	["seq"]	5	ీ	ి	shorten	0	2	మిఱంగ	false	0	0	0	|||	["వ","డి","మి"]	pdy-r-00427		
pdy-mattebhamu-0368	mattebhamu	vruttamu	""	train	చెడుగన్, గష్టుఁడ, దుష్టచిత్తుఁడఁ, బరస్త్రీలోలుఁడన్, బాలుఁడ\nన్ జడుఁడన్, మూఢుఁడఁ, గొండెకాఁడను, దురాచారి, న్నిషిద్ధాత్ముఁడ\nన్ గడుసంగాకరిఁ గల్ల గుల్లఁ గపటిన్ గర్విన్ ననుం గావు ము\nఱడి యున్నాఁడను నీవె దిక్కు రఘువీరా! జానకీనాయకా!	false	చెడుగన్, గష్టుఁడ, దుష్టచిత్తుఁడఁ, బరస్త్రీలోలుఁడన్, బాలుఁడ\nన్ జడుఁడన్, మూఢుఁడఁ, గొండెకాఁడను, దురాచారి, న్నిషిద్ధాత్ముఁడ\nన్ గడుసంగాకరిఁ గల్ల గుల్లఁ గపటిన్ గర్విన్ ననుం గావు మూ\nఱడి యున్నాఁడను నీవె దిక్కు రఘువీరా! జానకీనాయకా!	["seq"]	["seq"]	173	ూ	ు	shorten	2	19	ము	true	2	6	58	||	["వు","ము"]	pdy-r-00428		
pdy-saardulamu-0177	saardulamu	vruttamu	""	train	విందున్ వేదపురాణశాస్త్రముల గోవిందున్ ముకుందున్ హరి\nన్ విందున్ వేల్పులలోన భక్తసులభున్ విశ్వంభరున్ సచ్చిదా\nనందున్ నందుఁడు కన్న చిన్నశిశువున్ నాపాలి పాపాళిఁ బా\nఱం దోలంగ నృసింహు నిన్ను రఘూవీరా! జానకీనాయకా!	false	విందున్ వేదపురాణశాస్త్రముల గోవిందున్ ముకుందున్ హరి\nన్ విందున్ వేల్పులలోన భక్తసులభున్ విశ్వంభరున్ సచ్చిదా\nనందున్ నందుఁడు కన్న చిన్నశిశువున్ నాపాలి పాపాళిఁ బా\nఱం దోలంగ నృసింహు నిన్ను రఘువీరా! జానకీనాయకా!	["seq"]	["seq"]	183	ు	ూ	lengthen	3	10	రఘూవీరా	false	3	3	66	|UU	["ర","ఘూ","వీ"]	pdy-r-00429		
pdy-mattebhamu-0376	mattebhamu	vruttamu	""	dev	వృథగా దెవ్వఁడు నిన్నుఁ గొల్చినఁ గృపన్ వీక్షించి వాఁ డేమనో\nరథముల్ వేఁడిన నట్లె సేయుదువూగా రక్షావిధేయుండవై\nకథగాదీ వచనంబు నిక్క మటులే కాదేని మున్నేల సా\nరథివై తర్జునుతేరిఁ దోల రఘువీరా! జానకీనాయకా!	false	వృథగా దెవ్వఁడు నిన్నుఁ గొల్చినఁ గృపన్ వీక్షించి వాఁ డేమనో\nరథముల్ వేఁడిన నట్లె సేయుదువుగా రక్షావిధేయుండవై\nకథగాదీ వచనంబు నిక్క మటులే కాదేని మున్నేల సా\nరథివై తర్జునుతేరిఁ దోల రఘువీరా! జానకీనాయకా!	["seq"]	["seq"]	85	ు	ూ	lengthen	1	11	సేయుదువూగా	false	1	3	29	||U	["యు","దు","వూ"]	pdy-r-00430		
pdy-mattebhamu-0377	mattebhamu	vruttamu	""	train	ఘనసారంబును లోనికిం గొనిన శ్రీగంధంబుఁ బైఁ బూసిన\nన్ దినమున్ మర్దనఁ జేసినం గడిగినన్ దిష్టంబూలోనం దొలం\nగని దుర్గంధము నైజ మీముఱికి డొక్కల్ నమ్మి ని న్గొల్వనే\nరని మూఢాత్ముల నేమి చెప్ప రఘువీరా! జానకీనాయకా!	false	ఘనసారంబును లోనికిం గొనిన శ్రీగంధంబుఁ బైఁ బూసిన\nన్ దినమున్ మర్దనఁ జేసినం గడిగినన్ దిష్టంబులోనం దొలం\nగని దుర్గంధము నైజ మీముఱికి డొక్కల్ నమ్మి ని న్గొల్వనే\nరని మూఢాత్ముల నేమి చెప్ప రఘువీరా! జానకీనాయకా!	["seq"]	["seq"]	88	ు	ూ	lengthen	1	15	దిష్టంబూలోనం	false	1	5	35	UUU	["బూ","లో","నం"]	pdy-r-00431		
pdy-mattebhamu-0387	mattebhamu	vruttamu	""	train	జననాథాగ్రణి! నిన్నుఁ గొల్చునతఁ డాచండాలుఁడైనం బూన\nర్జననం బొందక ముక్తిఁ గాంచు నొనరన్ సద్భక్తుఁడైనం దుది\nన్, జనుఁ జండాలకులంబులోన నుదయించం గోరి నీ నామకీ\nర్తన సేయ న్నిరసించెనేని రఘువీరా! జానకీనాయకా!	false	జననాథాగ్రణి! నిన్నుఁ గొల్చునతఁ డాచండాలుఁడైనం బున\nర్జననం బొందక ముక్తిఁ గాంచు నొనరన్ సద్భక్తుఁడైనం దుది\nన్, జనుఁ జండాలకులంబులోన నుదయించం గోరి నీ నామకీ\nర్తన సేయ న్నిరసించెనేని రఘువీరా! జానకీనాయకా!	["seq"]	["seq"]	46	ు	ూ	lengthen	0	18	బూన	true	0	6	18	UU	["బూ","న"]	pdy-r-00432		
pdy-mattebhamu-0391	mattebhamu	vruttamu	""	dev	తపముల్ చేసినఁ బోనిపాపములు మంత్రంబుల్ సమర్థంబుగా\nజపముల్ చేసినఁ బోని దోషము నదీస్నానంబునం బోని ఘో\nరపుఁ గర్మంబులు వాయు నొక్కమఱి శ్రీరామా యనే మాట క\nర్ణపుటం బించుక సోఁకెనేని రఘువీరా! జానకీనాయకా!	true	తపముల్ చేసినఁ బోనిపాపములు మంత్రంబుల్ సమర్థంబుగా\nజపముల్ చేసినఁ బోని దోషము నదీస్నానంబునం బోని ఘో\nరపుఁ గర్మంబులు వాయు నొక్కమఱి శ్రీరామా యనే మాట క\nర్ణపుటం బించుక సోఁకెనేని రఘువీరా! జానకీనాయకా!	[]	[]														pdy-r-00433		
pdy-saardulamu-0188	saardulamu	vruttamu	""	test	నా యజ్ఞానముఁ బాపుమంచు మదిలో నానాప్రకారంబుల\nన్ గూయం గూయ నదేమిరా యనవు నీకున్ మ్రొక్కనా? కుక్కనా?\nచి యంచేటికి రోఁతగించెదవు? నీచిత్తంబు రాకుండిన\nన్ బ్రాయశ్చిత్తము నాకునెద్ది? రఘువీరా! జానకీనాయకా!	false	నా యజ్ఞానముఁ బాపుమంచు మదిలో నానాప్రకారంబుల\nన్ గూయం గూయ నదేమిరా యనవు నీకున్ మ్రొక్కనా? కుక్కనా?\nచీ యంచేటికి రోఁతగించెదవు? నీచిత్తంబు రాకుండిన\nన్ బ్రాయశ్చిత్తము నాకునెద్ది? రఘువీరా! జానకీనాయకా!	["seq"]	["seq"]	96	ీ	ి	shorten	2	0	చి	true	2	0	38	|UU	["చి","యం","చే"]	pdy-r-00434		
pdy-mattebhamu-0409	mattebhamu	vruttamu	""	train	చెలఁగన్ మర్త్యులు వేగి లేచి తమిచేఁ జేయంగఁ బాపంబు లీ\nకలుషంబుల్ పెడఁబాయ నేదిగతి? యింకన్ ద్రోవ యొండెద్ది? పు\nర్వులగుంటం బడనీని పోకడయు నేర్పున్ బుద్ధీయుం గల్గువా\nరలు నీ సేవకు లౌట లెస్స రఘువీరా! జానకీనాయకా!	false	చెలఁగన్ మర్త్యులు వేగి లేచి తమిచేఁ జేయంగఁ బాపంబు లీ\nకలుషంబుల్ పెడఁబాయ నేదిగతి? యింకన్ ద్రోవ యొండెద్ది? పు\nర్వులగుంటం బడనీని పోకడయు నేర్పున్ బుద్ధియుం గల్గువా\nరలు నీ సేవకు లౌట లెస్స రఘువీరా! జానకీనాయకా!	["seq"]	["seq"]	145	ి	ీ	lengthen	2	15	బుద్ధీయుం	false	2	5	55	UUU	["ద్ధీ","యుం","గ"]	pdy-r-00435		
pdy-mattebhamu-0411	mattebhamu	vruttamu	""	train	నిలువెల్లం బులకాంకురంబు లొదవన్ నీపాదతీర్థంబుతోఁ\nదులసీపర్ణ మొకించుకంత గొనినన్ దోషాలు ఖండించుఁ గా!\nపొలపాకుల్ దినఁ గాననంబుల బడిన్ బోనేల మోక్షంబు కు\nరలను న్నారల నేల గల్గు? రఘువీరా! జానకీనాయకా!	false	నిలువెల్లం బులకాంకురంబు లొదవన్ నీపాదతీర్థంబుతోఁ\nదులసీపర్ణ మొకించుకంత గొనినన్ దోషాలు ఖండించుఁ గా!\nపొలపాకుల్ దినఁ గాననంబుల బడిన్ బోనేల మోక్షంబు కూ\nరలను న్నారల నేల గల్గు? రఘువీరా! జానకీనాయకా!	["seq"]	["seq"]	143	ూ	ు	shorten	2	19	కు	true	2	6	58	||	["బు","కు"]	pdy-r-00436		
pdy-mattebhamu-0417	mattebhamu	vruttamu	""	train	నవనీతంబుల కేల పాఱెదవురా నాయన్న! రా! యెన్నరా\nయివి దూష్యంబులు గాఁగ గోపికలు? నీయింటం బదార్థంబు లె\nయ్యవి లె? వంచు వచించు నమ్మకడ కొయ్యంజేరు కైశోర చో\nరవినోదంబులు నేఁ దలంతు రఘువీరా! జానకీనాయకా!	false	నవనీతంబుల కేల పాఱెదవురా నాయన్న! రా! యెన్నరా\nయివి దూష్యంబులు గాఁగ గోపికలు? నీయింటం బదార్థంబు లె\nయ్యవి లే? వంచు వచించు నమ్మకడ కొయ్యంజేరు కైశోర చో\nరవినోదంబులు నేఁ దలంతు రఘువీరా! జానకీనాయకా!	["seq"]	["seq"]	102	ే	ె	shorten	2	2	లె	true	2	0	40	|||	["య్య","వి","లె"]	pdy-r-00437		
pdy-mattebhamu-0424	mattebhamu	vruttamu	""	train	బహురూపాలు ధరించుకొంచును గ్రియాభాషాంగము ల్ముట్టఁగా\nబహుకాలంబులనుండి యాడితి నిఁకం బ్రాల్మాలినట్లయ్యెడి\nన్ దహలంబెట్టక చాల్పురేయనుము నీత్యాగంబు నేనొల్ల సా\nగ్రహ దైతేయ మదాపహార! రఘూవీరా! జానకీనాయకా!	false	బహురూపాలు ధరించుకొంచును గ్రియాభాషాంగము ల్ముట్టఁగా\nబహుకాలంబులనుండి యాడితి నిఁకం బ్రాల్మాలినట్లయ్యెడి\nన్ దహలంబెట్టక చాల్పురేయనుము నీత్యాగంబు నేనొల్ల సా\nగ్రహ దైతేయ మదాపహార! రఘువీరా! జానకీనాయకా!	["seq"]	["seq"]	172	ు	ూ	lengthen	3	11	రఘూవీరా	false	3	3	69	||U	["ర","ర","ఘూ"]	pdy-r-00438		
pdy-mattebhamu-0428	mattebhamu	vruttamu	""	train	దనుజాధీశులు నిర్జరాధిపతులున్ దామందఱున్ మందరు\nన్ ఘనసత్త్వంబున నెత్తి వార్థి నహిపుం గవ్వంబుగాఁ ద్రచ్చుచో\nమునుఁగం బాఱకయుండఁ గచ్ఛపమవై మున్నీటిలొనుండు వ\nర్తన మే నాత్మఁ దలంచుచుందు రఘువీరా! జానకీనాయకా!	false	దనుజాధీశులు నిర్జరాధిపతులున్ దామందఱున్ మందరు\nన్ ఘనసత్త్వంబున నెత్తి వార్థి నహిపుం గవ్వంబుగాఁ ద్రచ్చుచో\nమునుఁగం బాఱకయుండఁ గచ్ఛపమవై మున్నీటిలోనుండు వ\nర్తన మే నాత్మఁ దలంచుచుందు రఘువీరా! జానకీనాయకా!	["seq"]	["seq"]	139	ో	ొ	shorten	2	16	మున్నీటిలొనుండు	false	2	5	55	||U	["టి","లొ","నుం"]	pdy-r-00439		
pdy-mattebhamu-0429	mattebhamu	vruttamu	""	train	ధర కల్పాంతమునం గరంగఁబడి పాతాళంబులోనంటిన\nన్ దొరయం దొల్లిటియట్ల కా నిలుప నుద్యోగించి క్రోడంబవై\nపోరి నబ్భూతలమెత్తినట్టి ఘనదర్పున్ నిన్ను భావింతు ని\nర్భరకారుణ్య నిరూఢచిత్త! రఘువీరా! జానకీనాయకా!	false	ధర కల్పాంతమునం గరంగఁబడి పాతాళంబులోనంటిన\nన్ దొరయం దొల్లిటియట్ల కా నిలుప నుద్యోగించి క్రోడంబవై\nపొరి నబ్భూతలమెత్తినట్టి ఘనదర్పున్ నిన్ను భావింతు ని\nర్భరకారుణ్య నిరూఢచిత్త! రఘువీరా! జానకీనాయకా!	["seq"]	["seq"]	94	ొ	ో	lengthen	2	0	పోరి	true	2	0	40	U|U	["పో","రి","న"]	pdy-r-00440		
pdy-saardulamu-0200	saardulamu	vruttamu	""	train	కావం దొల్లిటి కాలజన్మముల నీకా బంటుఁ గానైతి నీ\nసేవాకార్యములేమొ నాకు నవి లక్షింపంగ లేవయ్యె ని\nచావుం బుట్టువు మాన్పుకోవలయు నీ జన్మాన నీవాఁడనై\nరావా నా మదిఁ గోర్కెఁ దీర్ప! రఘువీరా! జానకీనాయకా!	false	కావం దొల్లిటి కాలజన్మముల నీకా బంటుఁ గానైతి నీ\nసేవాకార్యములేమొ నాకు నవి లక్షింపంగ లేవయ్యె నీ\nచావుం బుట్టువు మాన్పుకోవలయు నీ జన్మాన నీవాఁడనై\nరావా నా మదిఁ గోర్కెఁ దీర్ప! రఘువీరా! జానకీనాయకా!	["seq"]	["seq"]	90	ీ	ి	shorten	1	18	ని	true	1	6	37	|	["ని"]	pdy-r-00441		
pdy-mattebhamu-0435	mattebhamu	vruttamu	""	train	జననీగర్భములందు నన్నిటు బడన్ జన్మిచ్చి బాల్యంబూల\nన్ జనుబా లెందఱివైనఁ ద్రాపి యటు వేల్ సంబంధముల్గా పురా\nతనకాలంబుననుండి యెంతగను యత్నంబున్న నిందాకఁ దీ\nరని కర్మంబులు దీఱు టెట్లు? రఘువీరా! జానకీనాయకా!	false	జననీగర్భములందు నన్నిటు బడన్ జన్మిచ్చి బాల్యంబుల\nన్ జనుబా లెందఱివైనఁ ద్రాపి యటు వేల్ సంబంధముల్గా పురా\nతనకాలంబుననుండి యెంతగను యత్నంబున్న నిందాకఁ దీ\nరని కర్మంబులు దీఱు టెట్లు? రఘువీరా! జానకీనాయకా!	["seq"]	["seq"]	45	ు	ూ	lengthen	0	18	బాల్యంబూల	false	0	6	18	UU	["బూ","ల"]	pdy-r-00442		
pdy-kandamu-0317	kandamu	jaathi	""	train	వాటమగురీతి ముక్తిక\nవాటము భేదింప నెట్లు వశపడుఁ దనలో\nనాటూకొనుమాయఁ దగ ను\nచ్చాటన మొగిఁ జేయకున్న సంపఁగిమన్నా!	false	వాటమగురీతి ముక్తిక\nవాటము భేదింప నెట్లు వశపడుఁ దనలో\nనాటుకొనుమాయఁ దగ ను\nచ్చాటన మొగిఁ జేయకున్న సంపఁగిమన్నా!	["seq"]	["seq"]	54	ు	ూ	lengthen	2	1	నాటూకొనుమాయఁ	false	2	2	29	|||U	["య","ద","గ","ను"]	pdy-r-00443		
pdy-kandamu-0318	kandamu	jaathi	""	train	ఎక్కటిచదువులు బోధలు\nమక్కువ ననుభవములేనిమాటలు వినఁగాఁ\nబుక్కిటిపురాణములకై\nజక్కులసంతోష మెన్న సంపఁగిమన్నా!	true	ఎక్కటిచదువులు బోధలు\nమక్కువ ననుభవములేనిమాటలు వినఁగాఁ\nబుక్కిటిపురాణములకై\nజక్కులసంతోష మెన్న సంపఁగిమన్నా!	[]	[]														pdy-r-00444		
pdy-kandamu-0322	kandamu	jaathi	""	train	ఒండొరులఁ గూడి గొణఁగుచు\nదండము లిడికొనుచు బోడితలలుం దాము\nన్‌ నిండిరి మహి తత్త్వము నహి\nచండితనం బధిక మన్న సంపఁగిమన్నా!	true	ఒండొరులఁ గూడి గొణఁగుచు\nదండము లిడికొనుచు బోడితలలుం దాము\nన్‌ నిండిరి మహి తత్త్వము నహి\nచండితనం బధిక మన్న సంపఁగిమన్నా!	[]	[]														pdy-r-00445		
pdy-kandamu-0327	kandamu	jaathi	""	test	మండితపూర్ణసుధాకర\nమండలశతకోటికాంతిమహనీయుండై\nనిండి తనలోన యొగి ప్ర\nచండగతి న్వెలుఁగు నన్న సంపఁగిమన్నా!	false	మండితపూర్ణసుధాకర\nమండలశతకోటికాంతిమహనీయుండై\nనిండి తనలోన యోగి ప్ర\nచండగతి న్వెలుఁగు నన్న సంపఁగిమన్నా!	["seq"]	["corr","seq"]	55	ో	ొ	shorten	2	6	యొగి	true	2	2	29	|||U	["యొ","గి","ప్ర","చం"]	pdy-r-00446		
pdy-kandamu-0329	kandamu	jaathi	""	test	బూటకములు వేషంబులు\nనాటకములు మంత్రతంత్రనటనలు మిథ్యా\nపేటిక లవి యోగికి జం\nజాటము లివి యేటి కన్న! సంపఁగీమన్నా!	false	బూటకములు వేషంబులు\nనాటకములు మంత్రతంత్రనటనలు మిథ్యా\nపేటిక లవి యోగికి జం\nజాటము లివి యేటి కన్న! సంపఁగిమన్నా!	["seq"]	["seq"]	97	ి	ీ	lengthen	3	11	సంపఁగీమన్నా	false	3	3	42	U|UU	["సం","ప","గీ","మ"]	pdy-r-00447		
pdy-kandamu-0331	kandamu	jaathi	""	train	సంతతయోగానందా\nనంతసుఖాంభోధి నలరు నాతనిభాగ్యం\nబింతింతనఁ దరమా ఘన\nసంతొషము జగతి నెన్న సంపఁగిమన్నా!	false	సంతతయోగానందా\nనంతసుఖాంభోధి నలరు నాతనిభాగ్యం\nబింతింతనఁ దరమా ఘన\nసంతోషము జగతి నెన్న సంపఁగిమన్నా!	["seq"]	["corr","seq"]	64	ో	ొ	shorten	3	1	సంతొషము	false	3	2	37	U|U|	["నె","న్న","సం","ప"]	pdy-r-00448		
pdy-kandamu-0332	kandamu	jaathi	""	train	నావయగున్‌ భవజలధికిఁ\nద్రోవయగున్‌ ముక్తికాంతతోఁ గూడూటకు\nన్‌ కేవలనిజదేశిక ర\nక్షావహ మగుయోగ మెన్న సంపఁగిమన్నా!	false	నావయగున్‌ భవజలధికిఁ\nద్రోవయగున్‌ ముక్తికాంతతోఁ గూడుటకు\nన్‌ కేవలనిజదేశిక ర\nక్షావహ మగుయోగ మెన్న సంపఁగిమన్నా!	["seq"]	["seq"]	49	ు	ూ	lengthen	1	10	గూడూటకు	false	1	4	20	U|U	["డూ","ట","కు"]	pdy-r-00449		
pdy-kandamu-0335	kandamu	jaathi	""	train	భావమునం గననేరని\nజీవుల కిది బీరకాయ చి క్కగుఁ దెలియం\nగావశమే సద్గురు దీ\nక్షావిధి యొనఁగూడకున్న సంపఁగిమన్నా!	true	భావమునం గననేరని\nజీవుల కిది బీరకాయ చి క్కగుఁ దెలియం\nగావశమే సద్గురు దీ\nక్షావిధి యొనఁగూడకున్న సంపఁగిమన్నా!	[]	[]														pdy-r-00450		
pdy-kandamu-0340	kandamu	jaathi	""	test	నేరనిగురుబోధలు సం\nసారము లై కూనలమ్మసంకీర్తన లై\nదురము లై ముక్తికి ని\nస్సారములై పోవు నన్న! సంపఁగిమన్నా!	false	నేరనిగురుబోధలు సం\nసారము లై కూనలమ్మసంకీర్తన లై\nదూరము లై ముక్తికి ని\nస్సారములై పోవు నన్న! సంపఁగిమన్నా!	["seq"]	["corr","seq"]	47	ూ	ు	shorten	2	0	దురము	true	2	0	22	|||U	["దు","ర","ము","లై"]	pdy-r-00451		
pdy-kandamu-0344	kandamu	jaathi	""	test	కీడొసఁగెడు గురు డేలా\nగాడిదవాలంబూఁ బట్టి ఘననదు లీఁద\nన్‌ గూడునె గుండెలు పగులఁగ\nజాడింపదె ఱొమ్ముఁ దన్ని సంపఁగిమన్నా!	false	కీడొసఁగెడు గురు డేలా\nగాడిదవాలంబుఁ బట్టి ఘననదు లీఁద\nన్‌ గూడునె గుండెలు పగులఁగ\nజాడింపదె ఱొమ్ముఁ దన్ని సంపఁగిమన్నా!	["seq"]	["corr","seq"]	31	ు	ూ	lengthen	1	5	గాడిదవాలంబూఁ	false	1	2	14	UU||	["బూ","బ","ట్టి","ఘ"]	pdy-r-00452		
pdy-kandamu-0345	kandamu	jaathi	""	dev	అంగం బెఱుఁగరు ముక్తి తే\nఱంగెఱుఁగరు కపటధూర్తరావణవేషు\nల్‌ దొంగలగురువులవారల\nసంగతి దుర్బోధ లెన్న సంపఁగిమన్నా!	false	అంగం బెఱుఁగరు ముక్తి తె\nఱంగెఱుఁగరు కపటధూర్తరావణవేషు\nల్‌ దొంగలగురువులవారల\nసంగతి దుర్బోధ లెన్న సంపఁగిమన్నా!	["seq"]	["corr","seq"]	22	ె	ే	lengthen	0	8	తే	true	0	2	6	U|UU	["ము","క్తి","తే","ఱం"]	pdy-r-00453		
pdy-kandamu-0350	kandamu	jaathi	""	test	క్రమమున సుఖదుఃఖంబులు\nకమలిన నుతినింద లాదిగాఁ గలయవియా\nయమివర్యుఁ డన్నిక్రీయలం\nసముఁడై వర్తించు నన్న సంపఁగిమన్నా!	false	క్రమమున సుఖదుఃఖంబులు\nకమలిన నుతినింద లాదిగాఁ గలయవియా\nయమివర్యుఁ డన్నిక్రియలం\nసముఁడై వర్తించు నన్న సంపఁగిమన్నా!	["seq"]	["corr","seq"]	70	ి	ీ	lengthen	2	6	డన్నిక్రీయలం	false	2	2	32	U|U|	["క్రీ","య","లం","స"]	pdy-r-00454		
pdy-kandamu-0351	kandamu	jaathi	""	dev	తలకొని దుఃఖము రానీ\nవలనొప్పఁగ నిత్యసుఖము వచ్చిన రానీ\nనలఁకువను బడనిమనుజుఁడు\nచలియింపఁడు బోధ గన్న సంపఁగిమన్నా!	true	తలకొని దుఃఖము రానీ\nవలనొప్పఁగ నిత్యసుఖము వచ్చిన రానీ\nనలఁకువను బడనిమనుజుఁడు\nచలియింపఁడు బోధ గన్న సంపఁగిమన్నా!	[]	[]														pdy-r-00455		
pdy-kandamu-0352	kandamu	jaathi	""	train	చాలా లోకులు నగనీ\nవాలాయము కీడు మేలు వచ్చిన రాని\nయేలా గైనను బురుషుఁడు\nజాలిం బడఁ డాత్మఁ గన్న సంపఁగిమన్నా!	false	చాలా లోకులు నగనీ\nవాలాయము కీడు మేలు వచ్చిన రానీ\nయేలా గైనను బురుషుఁడు\nజాలిం బడఁ డాత్మఁ గన్న సంపఁగిమన్నా!	["seq"]	["corr","seq"]	45	ీ	ి	shorten	1	12	రాని	true	1	4	19	U|U	["రా","ని","యే"]	pdy-r-00456		
pdy-kandamu-0354	kandamu	jaathi	""	train	విత్తపరాయణుఁ డయిన\nన్‌ మత్తచకోరాక్షులందు మగ్నుండైన\nన్‌ సూత్తమపూరుషుఁడె గాదా\nసత్తామాత్రంబు గనును సంపఁగిమన్నా!	false	విత్తపరాయణుఁ డయిన\nన్‌ మత్తచకోరాక్షులందు మగ్నుండైన\nన్‌ సూత్తమపురుషుఁడె గాదా\nసత్తామాత్రంబు గనును సంపఁగిమన్నా!	["seq"]	["corr","seq"]	61	ు	ూ	lengthen	2	3	సూత్తమపూరుషుఁడె	false	2	2	27	|UUU	["డె","గా","దా","స"]	pdy-r-00457		
pdy-kandamu-0355	kandamu	jaathi	""	train	పంచావస్థలఁ దగిలియుఁ\nబంచావస్థలను గడచు ప్రాజ్ఞుండు జగ\nద్వంచకుఁ డై లోకులవలె\nసంచారము సెయు నన్న సంపఁగిమన్నా!	false	పంచావస్థలఁ దగిలియుఁ\nబంచావస్థలను గడచు ప్రాజ్ఞుండు జగ\nద్వంచకుఁ డై లోకులవలె\nసంచారము సేయు నన్న సంపఁగిమన్నా!	["seq"]	["corr","seq"]	82	ే	ె	shorten	3	4	సెయు	false	3	2	38	U|U|	["న","న్న","సం","ప"]	pdy-r-00458		
pdy-kandamu-0357	kandamu	jaathi	""	dev	నిత్యానిత్యము లెఱుఁగక\nనిత్యముఁ జేపట్టుబుధుల నిందించిన నా\nమృత్యువుపా లౌ మర్తుఁడు\nసత్యం బిది వినగదన్న సంపఁగిమన్నా!	true	నిత్యానిత్యము లెఱుఁగక\nనిత్యముఁ జేపట్టుబుధుల నిందించిన నా\nమృత్యువుపా లౌ మర్తుఁడు\nసత్యం బిది వినగదన్న సంపఁగిమన్నా!	[]	[]														pdy-r-00459		
pdy-kandamu-0360	kandamu	jaathi	""	train	అద్వైతభావ మెఱుఁగక\nవిద్వాంసుల మనూచు నాత్మవేత్తలవలెనే\nయద్వాతత్వము లాడుచు\nసద్వర్తన మెంచరన్న సంపఁగిమన్నా!	false	అద్వైతభావ మెఱుఁగక\nవిద్వాంసుల మనుచు నాత్మవేత్తలవలెనే\nయద్వాతత్వము లాడుచు\nసద్వర్తన మెంచరన్న సంపఁగిమన్నా!	["seq"]	["seq"]	31	ు	ూ	lengthen	1	5	మనూచు	false	1	1	11	|||U	["సు","ల","మ","నూ"]	pdy-r-00460		
pdy-kandamu-0362	kandamu	jaathi	""	train	జడీవాన కురిసినట్టులు\nవిడువక వాదింతు రాత్మవేత్తల మనుచు\nన్‌ గుడియెడ మెఱుఁగనిమాటల\nజడమతు లిలఁ గొంద ఱన్న సంపఁగిమన్నా!	false	జడివాన కురిసినట్టులు\nవిడువక వాదింతు రాత్మవేత్తల మనుచు\nన్‌ గుడియెడ మెఱుఁగనిమాటల\nజడమతు లిలఁ గొంద ఱన్న సంపఁగిమన్నా!	["seq"]	["corr","seq"]	2	ి	ీ	lengthen	0	1	జడీవాన	false	0	0	0	|UU|	["జ","డీ","వా","న"]	pdy-r-00461		
pdy-kandamu-0366	kandamu	jaathi	""	train	చేతావాతాగొట్టెడి\nఘాతుకు లవివేకు లనుచుఁ గని వారలతోఁ\nనీతిపరు లడ్డ మాడరు\nచాతుర్యధురీణు లెన్న సంపఁగిమన్నా!	true	చేతావాతాగొట్టెడి\nఘాతుకు లవివేకు లనుచుఁ గని వారలతోఁ\nనీతిపరు లడ్డ మాడరు\nచాతుర్యధురీణు లెన్న సంపఁగిమన్నా!	[]	[]														pdy-r-00462		
pdy-kandamu-0368	kandamu	jaathi	""	train	దేహమె తా నై యున్నెడ\nదేహముతోఁగూడఁ గాలితేనే నిజమౌ\nదేహాత్మవాదిమాటలూ\nసాహసములు బొంకులన్న సంపఁగిమన్నా!	false	దేహమె తా నై యున్నెడ\nదేహముతోఁగూడఁ గాలితేనే నిజమౌ\nదేహాత్మవాదిమాటలు\nసాహసములు బొంకులన్న సంపఁగిమన్నా!	["seq"]	["corr","seq"]	63	ు	ూ	lengthen	2	7	దేహాత్మవాదిమాటలూ	false	2	2	26	U|UU	["మా","ట","లూ","సా"]	pdy-r-00463		
pdy-kandamu-0369	kandamu	jaathi	""	test	దండకమండలులు శిరో\nముండనము ధరించీ నంత మోక్షముగలదా?\nమెండుకొనులోనిపగతుర\nచండిమఁ దెగటార్పకున్న సంపఁగిమన్నా!	false	దండకమండలులు శిరో\nముండనము ధరించి నంత మోక్షముగలదా?\nమెండుకొనులోనిపగతుర\nచండిమఁ దెగటార్పకున్న సంపఁగిమన్నా!	["seq"]	["corr","seq"]	30	ి	ీ	lengthen	1	6	ధరించీ	false	1	2	15	UU|U	["చీ","నం","త","మో"]	pdy-r-00464		
pdy-kandamu-0371	kandamu	jaathi	""	train	వాదుల నడఁచెడిపెద్దలఁ\nగాదనఁ గా నేల వట్టికలహం బింతే\nఖేదం బని చాలించిన\nసాదరమతి జాణఁ డన్న! సంపఁగిమన్నా!	true	వాదుల నడఁచెడిపెద్దలఁ\nగాదనఁ గా నేల వట్టికలహం బింతే\nఖేదం బని చాలించిన\nసాదరమతి జాణఁ డన్న! సంపఁగిమన్నా!	[]	[]														pdy-r-00465		
pdy-kandamu-0378	kandamu	jaathi	""	train	తానైనం బరిశుద్ధుఁడు\nమేనైన న్మట్టి బొంకి మేనో తానో\nపూనికఁ జేసెడితీర్థ\nస్నానం బిఁక నెవరి కన్న సంపఁగిమన్నా!	true	తానైనం బరిశుద్ధుఁడు\nమేనైన న్మట్టి బొంకి మేనో తానో\nపూనికఁ జేసెడితీర్థ\nస్నానం బిఁక నెవరి కన్న సంపఁగిమన్నా!	[]	[]														pdy-r-00466		
pdy-kandamu-0380	kandamu	jaathi	""	train	ముట్టున దొలఁగుదురేమో\nముట్టుననే తనువుగాఁక మునుఁగుదు రేమో\nముట్టుకు వెలియైతే యొక\nచట్టా మఱిదేహ మెల్ల సంపఁగిమన్నా!	true	ముట్టున దొలఁగుదురేమో\nముట్టుననే తనువుగాఁక మునుఁగుదు రేమో\nముట్టుకు వెలియైతే యొక\nచట్టా మఱిదేహ మెల్ల సంపఁగిమన్నా!	[]	[]														pdy-r-00467		
pdy-kandamu-0382	kandamu	jaathi	""	train	భ్రమదృశ్యజాల మెల్లను\nభ్రమ లోకములెల్ల మిగుల భ్రమ కర్మంబు\nన్‌ భ్రమములమె యీసర్వము\nసమరసమౌ దత్త్వ మెన్న సంపఁగిమన్నా!	false	భ్రమదృశ్యజాల మెల్లను\nభ్రమ లోకములెల్ల మిగుల భ్రమ కర్మంబు\nన్‌ భ్రమమూలమె యీసర్వము\nసమరసమౌ దత్త్వ మెన్న సంపఁగిమన్నా!	["seq"]	["corr","seq"]	65	ూ	ు	shorten	2	2	భ్రమములమె	false	2	1	28	|UU|	["మె","యీ","స","ర్వ"]	pdy-r-00468		
pdy-kandamu-0388	kandamu	jaathi	""	dev	సత్తును నెఱుఁగ దస త్తా\nసత్తూను నెఱుఁగంగలే దసత్తును నిఁక నీ\nసత్తాసత్తలఁ దగ సద\nసత్తైకను జీవుఁ డన్న సంపఁగిమన్నా!	false	సత్తును నెఱుఁగ దస త్తా\nసత్తును నెఱుఁగంగలే దసత్తును నిఁక నీ\nసత్తాసత్తలఁ దగ సద\nసత్తైకను జీవుఁ డన్న సంపఁగిమన్నా!	["seq"]	["seq"]	27	ు	ూ	lengthen	1	1	సత్తూను	false	1	1	11	|||U	["ను","నె","ఱు","గం"]	pdy-r-00469		
pdy-kandamu-0391	kandamu	jaathi	""	train	నష్టపదార్థం బగునీ\nసృష్టిని నుపసంహరించి చిన్మయ నంత\nర్దృష్టినీ గనవలె జనులకు\nస్రష్టతనం బేటి కన్న సంపఁగిమన్నా!	false	నష్టపదార్థం బగునీ\nసృష్టిని నుపసంహరించి చిన్మయ నంత\nర్దృష్టిని గనవలె జనులకు\nస్రష్టతనం బేటి కన్న సంపఁగిమన్నా!	["seq"]	["corr","seq"]	59	ి	ీ	lengthen	2	2	ర్దృష్టినీ	false	2	0	22	U|U|	["ర్దృ","ష్టి","నీ","గ"]	pdy-r-00470		
pdy-kandamu-0399	kandamu	jaathi	""	train	వెలిచూపును లోచూపును\nవెలిగాఁ దన్మధ్యమునను వెలిఁగెడితత్త్వం\nబలవడఁ జూచినయతఁడే\nసలలితుఁ డగుముక్తుఁ డన్న! సంపఁగిమన్నా!	true	వెలిచూపును లోచూపును\nవెలిగాఁ దన్మధ్యమునను వెలిఁగెడితత్త్వం\nబలవడఁ జూచినయతఁడే\nసలలితుఁ డగుముక్తుఁ డన్న! సంపఁగిమన్నా!	[]	[]														pdy-r-00471		
pdy-kandamu-0402	kandamu	jaathi	""	train	నాలుగుత్రోవలనడుమను\nశ్రీలీలను వ్రేలుచున్న చిహ్నంబులఁ దా\nనాలోచించినబుద్ధీవి\nశాలుండౌ ముక్తుఁడన్న! సంపఁగిమన్నా!	false	నాలుగుత్రోవలనడుమను\nశ్రీలీలను వ్రేలుచున్న చిహ్నంబులఁ దా\nనాలోచించినబుద్ధివి\nశాలుండౌ ముక్తుఁడన్న! సంపఁగిమన్నా!	["seq"]	["corr","seq"]	70	ి	ీ	lengthen	2	6	నాలోచించినబుద్ధీవి	false	3	0	30	|UUU	["వి","శా","లుం","డౌ"]	pdy-r-00472		
pdy-kandamu-0404	kandamu	jaathi	""	train	ఇప్పదవు లందనేరని\nమొప్పెలకుం దెలుప వశమే ముందఱగానే\nతప్పులు పట్టుచు మఱి చేఁ\nజప్ప ట్లిడి నగుదురన్న! సంపఁగిమన్నా!	false	ఇప్పదవు లందనేరని\nమొప్పెలకుం దెలుప వశమె ముందఱగానే\nతప్పులు పట్టుచు మఱి చేఁ\nజప్ప ట్లిడి నగుదురన్న! సంపఁగిమన్నా!	["seq"]	["seq"]	37	ె	ే	lengthen	1	9	వశమే	true	1	2	15	|||U	["ప","వ","శ","మే"]	pdy-r-00473		
pdy-kandamu-0407	kandamu	jaathi	""	test	ముందు వెనుకెఱుఁగ కాటల\nసందడిఁ బడి మోక్షసుఖము సాధింపనియా\nపందలవ్రతుకులు నిఁక నె\nచందంబో యెఱుఁగ మన్న! సంపఁగిమన్నా!	false	ముందు వెనుకెఱుఁగ కాటల\nసందడిఁ బడి మోక్షసుఖము సాధింపనియా\nపందలవ్రతుకులు నిఁక నే\nచందంబో యెఱుఁగ మన్న! సంపఁగిమన్నా!	["seq"]	["corr","seq"]	75	ే	ె	shorten	2	9	నె	true	2	2	32	|||U	["ని","క","నె","చం"]	pdy-r-00474		
pdy-kandamu-0408	kandamu	jaathi	""	train	వెలిచూపును లోచూపును\nగలయంగా నొక్కచూపుఁగా జూచీన యా\nనిలుకడ గలయోగీంద్రుఁడె\nసలలితసుజ్ఞాని యన్న!సంపఁగిమన్నా!	false	వెలిచూపును లోచూపును\nగలయంగా నొక్కచూపుఁగా జూచిన యా\nనిలుకడ గలయోగీంద్రుఁడె\nసలలితసుజ్ఞాని యన్న!సంపఁగిమన్నా!	["seq"]	["seq"]	43	ి	ీ	lengthen	1	10	జూచీన	false	1	4	19	U|U	["చీ","న","యా"]	pdy-r-00475		
pdy-kandamu-0412	kandamu	jaathi	""	train	శోధింపరు తత్త్వజ్ఞులు\nనీధరఁ దమతోడిసరికి నీదుర్మనుజు\nల్‌ మేధావంతులు పెద్దలు\nసాధువు లని యెంతూ రన్న! సంపఁగిమన్నా!	false	శోధింపరు తత్త్వజ్ఞులు\nనీధరఁ దమతోడిసరికి నీదుర్మనుజు\nల్‌ మేధావంతులు పెద్దలు\nసాధువు లని యెంతు రన్న! సంపఁగిమన్నా!	["seq"]	["corr","seq"]	90	ు	ూ	lengthen	3	6	యెంతూ	false	3	2	37	UU|U	["తూ","ర","న్న","సం"]	pdy-r-00476		
pdy-kandamu-0417	kandamu	jaathi	""	train	సర్వావస్థల నడఁచియు\nసర్వావస్థల నెఱింగి సర్వసముం డై\nసర్వముఁ దా నని తెలిసిన\nసర్వోత్తముఁ డాతఁ డన్న సంపఁగిమన్నా!	true	సర్వావస్థల నడఁచియు\nసర్వావస్థల నెఱింగి సర్వసముం డై\nసర్వముఁ దా నని తెలిసిన\nసర్వోత్తముఁ డాతఁ డన్న సంపఁగిమన్నా!	[]	[]														pdy-r-00477		
pdy-kandamu-0420	kandamu	jaathi	""	test	కూడదు గతి సంసారికి\nబూడిదలో గచ్చకాయ పొరలినభంగి\nన్‌ వాఁడును వీఁడూను దానై\nజాడ యెఱిఁగి నడువ రన్న! సంపఁగిమన్నా!	false	కూడదు గతి సంసారికి\nబూడిదలో గచ్చకాయ పొరలినభంగి\nన్‌ వాఁడును వీఁడును దానై\nజాడ యెఱిఁగి నడువ రన్న! సంపఁగిమన్నా!	["seq"]	["corr","seq"]	62	ు	ూ	lengthen	2	4	వీఁడూను	false	2	2	28	|UUU	["ను","దా","నై","జా"]	pdy-r-00478		
pdy-kandamu-0421	kandamu	jaathi	""	test	పాపపువాసనవిషయము\nకాపాడుచురాగ నరుఁడు గడఁవగఁగలఁడా?\nయేపట్టున గుహ్యోదర\nచాపల్యము మానకున్న సంపఁగిమన్నా!	true	పాపపువాసనవిషయము\nకాపాడుచురాగ నరుఁడు గడఁవగఁగలఁడా?\nయేపట్టున గుహ్యోదర\nచాపల్యము మానకున్న సంపఁగిమన్నా!	[]	[]														pdy-r-00479		
pdy-kandamu-0422	kandamu	jaathi	""	test	సాధనచతుష్టయంబున\nసాధారణలీలఁ దనరి సర్వేంద్రియము\nల్‌ శోధించి నిజసమాధిని\nసాధించీనముక్తుఁ డన్న సంపఁగిమన్నా!	false	సాధనచతుష్టయంబున\nసాధారణలీలఁ దనరి సర్వేంద్రియము\nల్‌ శోధించి నిజసమాధిని\nసాధించినముక్తుఁ డన్న సంపఁగిమన్నా!	["seq"]	["corr","seq"]	75	ి	ీ	lengthen	3	2	సాధించీనముక్తుఁ	false	3	1	34	U|U|	["చీ","న","ము","క్తు"]	pdy-r-00480		
pdy-kandamu-0423	kandamu	jaathi	""	test	ఉద్యోగంబునఁ బురుషుఁడు\nసద్యోగముఁ జలుపవలయు సవీశేషముగా\nవిద్యానిధి యగునతఁడే\nసద్యోముక్తుఁడు గదన్న సంపఁగిమన్నా!	false	ఉద్యోగంబునఁ బురుషుఁడు\nసద్యోగముఁ జలుపవలయు సవిశేషముగా\nవిద్యానిధి యగునతఁడే\nసద్యోముక్తుఁడు గదన్న సంపఁగిమన్నా!	["seq"]	["corr","seq"]	43	ి	ీ	lengthen	1	11	సవీశేషముగా	false	1	3	19	|UU|	["స","వీ","శే","ష"]	pdy-r-00481		
pdy-kandamu-0424	kandamu	jaathi	""	train	బోధించినగురువులచే\nసాధింపను నేర్పు గలిగి సన్నుతు లగుచు\nన్‌ శ్రీధరుఁ గలియుదు రపూడే\nసాధకమున బుధులు సుమ్ము సంపఁగిమన్నా!	false	బోధించినగురువులచే\nసాధింపను నేర్పు గలిగి సన్నుతు లగుచు\nన్‌ శ్రీధరుఁ గలియుదు రపుడే\nసాధకమున బుధులు సుమ్ము సంపఁగిమన్నా!	["seq"]	["corr","seq"]	77	ు	ూ	lengthen	2	8	రపూడే	false	2	2	31	|UUU	["ర","పూ","డే","సా"]	pdy-r-00482		
pdy-mattebhamu-0451	mattebhamu	vruttamu	""	train	తమకం బెత్తిన నాత్మజం గడు మదాంధవ్యాప్తి నేకాంతప-\nక్షమునం దెవ్వరుఁ గానకుండఁ గవయంగాఁ బోయి నీ బాణఘా-\nతమునం బద్మభవుండు ద్రెళ్లెననినం దాఁ దప్ప వర్తించి లొ-\nకమునం దెవ్వరికింక నిన్ను నెఱుఁగంగా వచ్చు సర్వేశ్వరా!	false	తమకం బెత్తిన నాత్మజం గడు మదాంధవ్యాప్తి నేకాంతప-\nక్షమునం దెవ్వరుఁ గానకుండఁ గవయంగాఁ బోయి నీ బాణఘా-\nతమునం బద్మభవుండు ద్రెళ్లెననినం దాఁ దప్ప వర్తించి లో-\nకమునం దెవ్వరికింక నిన్ను నెఱుఁగంగా వచ్చు సర్వేశ్వరా!	["seq"]	["seq"]	147	ో	ొ	shorten	2	19	లొ	true	2	6	58	||	["చి","లొ"]	pdy-r-00483		
pdy-mattebhamu-0464	mattebhamu	vruttamu	""	train	ధరణిం బ్రాక్తనభక్తనిర్మితమహాస్థానంబులై యొప్పు శ్రీ-\nగిరిముఖ్యంబగు దివ్యతీర్థములు భక్తిం జూచిరె వారి దు-\nస్తరదోషంబులు వాయునన్న మఱి సాక్షాద్భక్తులం జూచినం\nబరమార్థంబుగఁ బాయదే నరుల పాపంబెల్ల సర్వేశ్వరా!	false	ధరణిం బ్రాక్తనభక్తనిర్మితమహాస్థానంబులై యొప్పు శ్రీ-\nగిరిముఖ్యంబగు దివ్యతీర్థములు భక్తిం జూచిరే వారి దు-\nస్తరదోషంబులు వాయునన్న మఱి సాక్షాద్భక్తులం జూచినం\nబరమార్థంబుగఁ బాయదే నరుల పాపంబెల్ల సర్వేశ్వరా!	["seq"]	["seq"]	93	ే	ె	shorten	1	16	జూచిరె	false	1	5	35	||U	["చి","రె","వా"]	pdy-r-00484		
pdy-mattebhamu-0478	mattebhamu	vruttamu	""	train	క్షితిపై శ్వేతమునీంద్రుఁ జంప నలుకం గీనాశుఁ డేతెంచి ని\nయతికోపోజ్జ్వలనాహుతి న్మడిసెఁ దథ్యం బేకనిష్ఠాసమ-\nన్వితులం జేకొని భక్తవత్సలుఁడవై నీవెప్పుడు న్గావఁగాఁ\nబ్రతిపక్షావలి కెట్లు వారి దెసఁ జేరన్వచ్చు సర్వేశ్వరా!	false	క్షితిపై శ్వేతమునీంద్రుఁ జంప నలుకం గీనాశుఁ డేతెంచి నీ\nయతికోపోజ్జ్వలనాహుతి న్మడిసెఁ దథ్యం బేకనిష్ఠాసమ-\nన్వితులం జేకొని భక్తవత్సలుఁడవై నీవెప్పుడు న్గావఁగాఁ\nబ్రతిపక్షావలి కెట్లు వారి దెసఁ జేరన్వచ్చు సర్వేశ్వరా!	["seq"]	["seq"]	52	ీ	ి	shorten	0	19	ని	true	0	6	18	||	["చి","ని"]	pdy-r-00485		
pdy-mattebhamu-0479	mattebhamu	vruttamu	""	train	ఘటదుగ్ధంబులు పేరుఁగాక వెలయంగా నెంత తోడంటి న-\nన్నట దుర్గాంబూధి పేరునే జగములో నల్పుండు దుస్సంగతిం\nజటులాత్ముండగుఁ గాక యెయ్యెడల నీ సద్భక్తుఁ డేకార్య ము-\nత్కటమై తాఁకిన నన్యచిత్తుఁడగునే తర్కింప సర్వేశ్వరా!	false	ఘటదుగ్ధంబులు పేరుఁగాక వెలయంగా నెంత తోడంటి న-\nన్నట దుర్గాంబుధి పేరునే జగములో నల్పుండు దుస్సంగతిం\nజటులాత్ముండగుఁ గాక యెయ్యెడల నీ సద్భక్తుఁ డేకార్య ము-\nత్కటమై తాఁకిన నన్యచిత్తుఁడగునే తర్కింప సర్వేశ్వరా!	["seq"]	["seq"]	58	ు	ూ	lengthen	1	4	దుర్గాంబూధి	false	1	1	23	UU|	["ర్గాం","బూ","ధి"]	pdy-r-00486		
pdy-mattebhamu-0484	mattebhamu	vruttamu	""	train	వెలి వీక్షించిన నీ స్వరూపమె మహావిస్పష్టమై యాత్మలో-\nపల భావించిన నీ స్వరూపమె మహాప్రవ్యక్తమై దృష్టులం\nదలఁపం జేకొని యున్న నీ యచలితధ్యానంబునం జేసీ తాఁ\nగలనైన న్శివయోగి తన్ను జగముం గానండు సర్వేశ్వరా!	false	వెలి వీక్షించిన నీ స్వరూపమె మహావిస్పష్టమై యాత్మలో-\nపల భావించిన నీ స్వరూపమె మహాప్రవ్యక్తమై దృష్టులం\nదలఁపం జేకొని యున్న నీ యచలితధ్యానంబునం జేసి తాఁ\nగలనైన న్శివయోగి తన్ను జగముం గానండు సర్వేశ్వరా!	["seq"]	["seq"]	140	ి	ీ	lengthen	2	18	జేసీ	false	2	6	58	UU	["సీ","తా"]	pdy-r-00487		
pdy-mattebhamu-0503	mattebhamu	vruttamu	""	train	రసికుండై భవదంఘ్రిపద్మయూగ మారాధించుచో దుర్మద-\nవ్యసనాటోపము చిక్కులం బొరలుచు న్వర్తించుచున్నట్టి పా-\nలసు పూజావిభవం బదొప్పునె భువిన్ లక్షింప నారంభముం\nగసవుం బెంచిన చేనుఁ బోలుఁ దలఁపంగా మీఁద సర్వేశ్వరా!	false	రసికుండై భవదంఘ్రిపద్మయుగ మారాధించుచో దుర్మద-\nవ్యసనాటోపము చిక్కులం బొరలుచు న్వర్తించుచున్నట్టి పా-\nలసు పూజావిభవం బదొప్పునె భువిన్ లక్షింప నారంభముం\nగసవుం బెంచిన చేనుఁ బోలుఁ దలఁపంగా మీఁద సర్వేశ్వరా!	["seq"]	["seq"]	22	ు	ూ	lengthen	0	10	భవదంఘ్రిపద్మయూగ	false	0	3	9	|U|	["ద్మ","యూ","గ"]	pdy-r-00488		
pdy-mattebhamu-0516	mattebhamu	vruttamu	""	test	మలినాంగుం డగుటేమి కష్టము మనోమార్గంబు ని భక్తిని-\nర్మలసౌభాగ్యనిధానదీపశిఖయై రంజిల్లదే భూషణో-\nజ్జ్వలదేహుం డగుటేమి తేజము మనోవ్యావృత్తి దుర్మోహసం-\nచలదుష్పంకముఁ బొంది పీడఁ బడఁగాఁ జర్చింప సర్వేశ్వరా!	false	మలినాంగుం డగుటేమి కష్టము మనోమార్గంబు నీ భక్తిని-\nర్మలసౌభాగ్యనిధానదీపశిఖయై రంజిల్లదే భూషణో-\nజ్జ్వలదేహుం డగుటేమి తేజము మనోవ్యావృత్తి దుర్మోహసం-\nచలదుష్పంకముఁ బొంది పీడఁ బడఁగాఁ జర్చింప సర్వేశ్వరా!	["seq"]	["seq"]	38	ీ	ి	shorten	0	16	ని	true	0	5	15	||U	["బు","ని","భ"]	pdy-r-00489		
pdy-mattebhamu-0518	mattebhamu	vruttamu	""	train	ఉదకం బింకిన లావు మాలి కడుమై యష్ణింపఁగా రొంపిలోఁ\nగదలం జాలని మీను వాన గురియం గ్రమ్మెక్కి పెన్నీటీలోఁ\nబొదలం గన్న విధంబునన్ భవముతోఁ బోరాడు మర్త్యుండు దా\nహృదయాబ్జంబున నిన్నుఁ గొల్వఁగనునే యింపొంద సర్వేశ్వరా!	false	ఉదకం బింకిన లావు మాలి కడుమై యష్ణింపఁగా రొంపిలోఁ\nగదలం జాలని మీను వాన గురియం గ్రమ్మెక్కి పెన్నీటిలోఁ\nబొదలం గన్న విధంబునన్ భవముతోఁ బోరాడు మర్త్యుండు దా\nహృదయాబ్జంబున నిన్నుఁ గొల్వఁగనునే యింపొంద సర్వేశ్వరా!	["seq"]	["seq"]	94	ి	ీ	lengthen	1	18	పెన్నీటీలోఁ	false	1	6	38	UU	["టీ","లో"]	pdy-r-00490		
pdy-mattebhamu-0530	mattebhamu	vruttamu	""	test	సకలాధీశ్వరులై గణాధిపతులై సర్వజ్ఞూలై నిత్యులై\nయకలంకాత్మకులై మహామహిములై యంభోజగర్భాండర-\nక్షకులై యుండుదు రెల్లవారును భవత్సద్భక్తి నానాగణా-\nధికలీలావిధి నంతరంగముల వర్తింపంగ సర్వేశ్వరా!	false	సకలాధీశ్వరులై గణాధిపతులై సర్వజ్ఞులై నిత్యులై\nయకలంకాత్మకులై మహామహిములై యంభోజగర్భాండర-\nక్షకులై యుండుదు రెల్లవారును భవత్సద్భక్తి నానాగణా-\nధికలీలావిధి నంతరంగముల వర్తింపంగ సర్వేశ్వరా!	["seq"]	["seq"]	32	ు	ూ	lengthen	0	15	సర్వజ్ఞూలై	false	0	5	15	UUU	["జ్ఞూ","లై","ని"]	pdy-r-00491		
pdy-mattebhamu-0537	mattebhamu	vruttamu	""	test	శివవాక్యస్ఫురితాక్షరద్వయ సకృజ్జిహ్వాప్రదేశాత్ముఁడై\nభవదుఃఖాంబుధి దాఁటజుచు తఱిఁ దత్పంచాక్షరీమంత్ర ము-\nత్సవలీలం గడుశుద్ధుఁడై జపము వాంఛం జేయు భాస్వద్గుణా-\nర్ణవసౌభాగ్యము మానమెవ్వరికిఁ గాన న్వచ్చు సర్వేశ్వరా!	false	శివవాక్యస్ఫురితాక్షరద్వయ సకృజ్జిహ్వాప్రదేశాత్ముఁడై\nభవదుఃఖాంబుధి దాఁటజూచు తఱిఁ దత్పంచాక్షరీమంత్ర ము-\nత్సవలీలం గడుశుద్ధుఁడై జపము వాంఛం జేయు భాస్వద్గుణా-\nర్ణవసౌభాగ్యము మానమెవ్వరికిఁ గాన న్వచ్చు సర్వేశ్వరా!	["seq"]	["seq"]	69	ూ	ు	shorten	1	8	దాఁటజుచు	false	1	2	26	U||	["దా","ట","జు"]	pdy-r-00492		
pdy-mattebhamu-0543	mattebhamu	vruttamu	""	train	ఖలులై యాచకులై విరుద్ధవికటాకారాంగులై పంగులై\nబలహీనాతురులై రుజాపటలతాపచ్ఛన్నులై ఖిన్నులై\nచలనాందోళితచిత్తులై మలినులై జాత్యంధులై మందులై\nతొలిజన్మంబూన మిమ్ముఁ గొల్వని దురాత్ముల్ వారు సర్వేశ్వరా!	false	ఖలులై యాచకులై విరుద్ధవికటాకారాంగులై పంగులై\nబలహీనాతురులై రుజాపటలతాపచ్ఛన్నులై ఖిన్నులై\nచలనాందోళితచిత్తులై మలినులై జాత్యంధులై మందులై\nతొలిజన్మంబున మిమ్ముఁ గొల్వని దురాత్ముల్ వారు సర్వేశ్వరా!	["seq"]	["seq"]	140	ు	ూ	lengthen	3	4	తొలిజన్మంబూన	false	3	1	63	UU|	["న్మం","బూ","న"]	pdy-r-00493		
pdy-mattebhamu-0554	mattebhamu	vruttamu	""	train	అరిషడ్వర్గబలంబులో మలసి మాయావృత్తి నాయం దతి-\nస్ఫురణం జేసినవాఁడు మోహుఁ డతనిన్ బోఁద్రోచి ని భక్తితో\nబరగం గూర్చి వివేకిఁ జేసి నెరయం బాటించి నాయం దధీ-\nశ్వరుఁడై యుండఁగదయ్య రౌప్యకుధరవ్యాపార సర్వేశ్వరా!	false	అరిషడ్వర్గబలంబులో మలసి మాయావృత్తి నాయం దతి-\nస్ఫురణం జేసినవాఁడు మోహుఁ డతనిన్ బోఁద్రోచి నీ భక్తితో\nబరగం గూర్చి వివేకిఁ జేసి నెరయం బాటించి నాయం దధీ-\nశ్వరుఁడై యుండఁగదయ్య రౌప్యకుధరవ్యాపార సర్వేశ్వరా!	["seq"]	["seq"]	87	ీ	ి	shorten	1	16	ని	true	1	5	35	||U	["చి","ని","భ"]	pdy-r-00494		
pdy-saardulamu-0235	saardulamu	vruttamu	""	train	నీనా సందొడబాటు మాట వినుమా! నీచేత జీతంబునేఁ\nగానింబట్టక సంతతంబు మదివేడ్కన్గొల్తు నంతస్సప\nత్నానీకంబున కొప్పగింపకుము నన్నాపాటియే చాలుఁదే\nజీనొల్లం గరీనొల్ల నొల్లసిరులన్‌ శ్రీకాళహస్తీశ్వరా!	false	నీనా సందొడబాటు మాట వినుమా! నీచేత జీతంబునేఁ\nగానింబట్టక సంతతంబు మదివేడ్కన్గొల్తు నంతస్సప\nత్నానీకంబున కొప్పగింపకుము నన్నాపాటియే చాలుఁదే\nజీనొల్లం గరినొల్ల నొల్లసిరులన్‌ శ్రీకాళహస్తీశ్వరా!	["seq"]	["seq"]	144	ి	ీ	lengthen	3	4	గరీనొల్ల	false	3	1	60	|UU	["గ","రీ","నొ"]	pdy-r-00495		
pdy-mattebhamu-0557	mattebhamu	vruttamu	""	train	భవకేళీ మదిరామదంబూన మహాపాపాత్ముఁడై వీఁడు న\nన్ను వివేకింపఁడటంచు నేను నరకార్ణోరాశిపాలైనఁ బ\nట్టవు? బాలుండొకచోట నాటతమితోడన్నూతఁ గూలంగఁ దం\nడ్రి విచారింపకయుండునా కటకటా! శ్రీకాళహస్తీశ్వరా!	false	భవకేళీ మదిరామదంబున మహాపాపాత్ముఁడై వీఁడు న\nన్ను వివేకింపఁడటంచు నేను నరకార్ణోరాశిపాలైనఁ బ\nట్టవు? బాలుండొకచోట నాటతమితోడన్నూతఁ గూలంగఁ దం\nడ్రి విచారింపకయుండునా కటకటా! శ్రీకాళహస్తీశ్వరా!	["seq"]	["seq"]	16	ు	ూ	lengthen	0	9	మదిరామదంబూన	false	0	3	9	U||	["బూ","న","మ"]	pdy-r-00496		
pdy-mattebhamu-0560	mattebhamu	vruttamu	""	train	నినుసేవింపఁగ నాపదల్పొడమనీ, నిత్యోత్సవంబబ్బనీ\nజనమాత్రుండననీ, మహాత్ముఁడననీ, సంసార మోహంబు పై\nకొననీ, జ్ఞానముగల్గనీ, గ్రహగతుల్‌ గుందింపనీ, మేలు వ\nచ్చిన రానీ యవి నాకు భూషణములో శ్రీకాళహస్తీశ్వరా!	true	నినుసేవింపఁగ నాపదల్పొడమనీ, నిత్యోత్సవంబబ్బనీ\nజనమాత్రుండననీ, మహాత్ముఁడననీ, సంసార మోహంబు పై\nకొననీ, జ్ఞానముగల్గనీ, గ్రహగతుల్‌ గుందింపనీ, మేలు వ\nచ్చిన రానీ యవి నాకు భూషణములో శ్రీకాళహస్తీశ్వరా!	[]	[]														pdy-r-00497		
pdy-saardulamu-0246	saardulamu	vruttamu	""	train	నీకున్మాంసము వాంఛయేని కఱవా? నీచేతలేడుండఁగాఁ\nజోకైనట్టి కుఠారముండ ననలజ్యోతుండ, నీరుండఁగా\nబాకం బొప్ప ఘటించి చేతి పునుకన్భక్షింప కా బోయచేఁ\nజేకొంటెంగిలి మాంసమిట్లూదగునా? శ్రీకాళహస్తీశ్వరా!	false	నీకున్మాంసము వాంఛయేని కఱవా? నీచేతలేడుండఁగాఁ\nజోకైనట్టి కుఠారముండ ననలజ్యోతుండ, నీరుండఁగా\nబాకం బొప్ప ఘటించి చేతి పునుకన్భక్షింప కా బోయచేఁ\nజేకొంటెంగిలి మాంసమిట్లుదగునా? శ్రీకాళహస్తీశ్వరా!	["seq"]	["seq"]	157	ు	ూ	lengthen	3	8	మాంసమిట్లూదగునా	false	3	2	63	|UU	["స","మి","ట్లూ"]	pdy-r-00498		
pdy-saardulamu-0250	saardulamu	vruttamu	""	train	నీపంచం బడియుండఁగాఁ గలిగిన న్భిక్షాన్నమే చాలు ని\nక్షేపంబబ్బిన రాజకీటముల నే సేవింపఁగా నోప నా\nశాపాశంబులఁజుట్టి త్రిప్పకుము సంసారార్థమై బంటుగాఁ\nజేపట్టం దయగల్గెనేని మదిలో శ్రీకాళహస్తీశ్వరా!	true	నీపంచం బడియుండఁగాఁ గలిగిన న్భిక్షాన్నమే చాలు ని\nక్షేపంబబ్బిన రాజకీటముల నే సేవింపఁగా నోప నా\nశాపాశంబులఁజుట్టి త్రిప్పకుము సంసారార్థమై బంటుగాఁ\nజేపట్టం దయగల్గెనేని మదిలో శ్రీకాళహస్తీశ్వరా!	[]	[]														pdy-r-00499		
pdy-saardulamu-0251	saardulamu	vruttamu	""	train	నీపేరున్‌ భవదంఘ్రితీర్థము భవన్నిష్ఠ్యూత తాంబూలము\nల్‌ ని పళ్ళెంబు ప్రసాదముంగొనికదా నే బిడ్డఁడైనాఁడ న\nన్నీ పాటిం గరుణింపు మోపనిఁక నేనెవ్వారికిం బిడ్డఁగా\nన్‌ జేపట్టందగుఁ బట్టి మానఁదగదో శ్రీకాళహస్తీశ్వరా!	false	నీపేరున్‌ భవదంఘ్రితీర్థము భవన్నిష్ఠ్యూత తాంబూలము\nల్‌ నీ పళ్ళెంబు ప్రసాదముంగొనికదా నే బిడ్డఁడైనాఁడ న\nన్నీ పాటిం గరుణింపు మోపనిఁక నేనెవ్వారికిం బిడ్డఁగా\nన్‌ జేపట్టందగుఁ బట్టి మానఁదగదో శ్రీకాళహస్తీశ్వరా!	["seq"]	["seq"]	54	ీ	ి	shorten	1	0	ని	true	1	0	19	|UU	["ల్ని","ప","ళ్ళెం"]	pdy-r-00500		
pdy-mattebhamu-0564	mattebhamu	vruttamu	""	test	గ్రహదోషంబులు దుర్నిమిత్తమూలు నీ కల్యాణనామంబు ప్ర\nత్యహముంబేర్కొను నుత్తమోత్తముల బాధంబెట్టగానోపునే\nదహనుం గప్పఁగఁజాలునే శలభసంతానంబు నీ సేవఁజే\nసి హతక్లేశులుగారుగాక మనుజుల్‌ శ్రీకాళహస్తీశ్వరా!	false	గ్రహదోషంబులు దుర్నిమిత్తములు నీ కల్యాణనామంబు ప్ర\nత్యహముంబేర్కొను నుత్తమోత్తముల బాధంబెట్టగానోపునే\nదహనుం గప్పఁగఁజాలునే శలభసంతానంబు నీ సేవఁజే\nసి హతక్లేశులుగారుగాక మనుజుల్‌ శ్రీకాళహస్తీశ్వరా!	["seq"]	["seq"]	25	ు	ూ	lengthen	0	10	దుర్నిమిత్తమూలు	false	0	3	9	|U|	["త్త","మూ","లు"]	pdy-r-00501		
pdy-mattebhamu-0574	mattebhamu	vruttamu	""	train	భవదుఃఖంబులు రాజకీటముల నేఁ బ్రార్థించినం బాయునే\nభవదంఘ్రిస్తుతి చేతఁగాక, విలసద్బాల క్షుథాక్లేశ దు\nష్ట విధుల్మానునె? చూడ మేఁకమెడచంటం దల్లి కారుణ్యదృ\nష్టి విశేషంబుననిచ్చు చంటబలెనో శ్రీకాళహస్తీశ్వరా!	true	భవదుఃఖంబులు రాజకీటముల నేఁ బ్రార్థించినం బాయునే\nభవదంఘ్రిస్తుతి చేతఁగాక, విలసద్బాల క్షుథాక్లేశ దు\nష్ట విధుల్మానునె? చూడ మేఁకమెడచంటం దల్లి కారుణ్యదృ\nష్టి విశేషంబుననిచ్చు చంటబలెనో శ్రీకాళహస్తీశ్వరా!	[]	[]														pdy-r-00502		
pdy-mattebhamu-0576	mattebhamu	vruttamu	""	train	మును నేఁ బుట్టిన పుట్టులెన్నిగలవో మోహంబుచే నందుఁ జే\nసిన కర్మంబుల ప్రోవులెన్నిగలవో చింతించినం గాన నీ\nజననంబే యని యున్నవాఁడ నిదియే చాలింపవే నిన్నుఁగొ\nల్చినపుణ్యంబునకుం గృపారతుఁడవై శ్రీకాళహస్తీశ్వరా!	true	మును నేఁ బుట్టిన పుట్టులెన్నిగలవో మోహంబుచే నందుఁ జే\nసిన కర్మంబుల ప్రోవులెన్నిగలవో చింతించినం గాన నీ\nజననంబే యని యున్నవాఁడ నిదియే చాలింపవే నిన్నుఁగొ\nల్చినపుణ్యంబునకుం గృపారతుఁడవై శ్రీకాళహస్తీశ్వరా!	[]	[]														pdy-r-00503		
pdy-mattebhamu-0583	mattebhamu	vruttamu	""	dev	కలధౌతాద్రియు నస్థిమాలికయు గోగంధర్వమున్బున్నయుం,\nబులిలోలున్భసితంబుఁ బాపతొడవుల్పోకుండఁ దోఁబుట్లకై,\nతొలినేవారలతొడఁబుట్టగఁ గళాదుల్గల్గె మేలయ్యె నా\nసిలువుల్దూరము చేసికొంటెఱిగియే శ్రీకాళహస్తీశ్వరా!	false	కలధౌతాద్రియు నస్థిమాలికయు గోగంధర్వమున్బున్నయుం,\nబులిలోలున్భసితంబుఁ బాపతొడవుల్పోకుండఁ దోఁబుట్లకై,\nతొలినేవారలతోడఁబుట్టగఁ గళాదుల్గల్గె మేలయ్యె నా\nసిలువుల్దూరము చేసికొంటెఱిగియే శ్రీకాళహస్తీశ్వరా!	["seq"]	["seq"]	108	ో	ొ	shorten	2	6	తొలినేవారలతొడఁబుట్టగఁ	false	2	2	46	||U	["తొ","డ","బు"]	pdy-r-00504		
pdy-mattebhamu-0593	mattebhamu	vruttamu	""	train	చవిగాఁజూడ వినంగ మూర్కొనఁ దనూసంఘర్షణాస్వాద మొం\nద వినిర్మించెదవేల జంతువుల నేతత్క్రీడలే పాతక\nవ్యవహారంబులు సేయనేమిటికి మాయావిద్యచేఁ బ్రొద్దుపు\nచ్చీ వినోదింపగఁ దీన నేమిఫలమో శ్రీకాళహస్తీశ్వరా!	false	చవిగాఁజూడ వినంగ మూర్కొనఁ దనూసంఘర్షణాస్వాద మొం\nద వినిర్మించెదవేల జంతువుల నేతత్క్రీడలే పాతక\nవ్యవహారంబులు సేయనేమిటికి మాయావిద్యచేఁ బ్రొద్దుపు\nచ్చి వినోదింపగఁ దీన నేమిఫలమో శ్రీకాళహస్తీశ్వరా!	["seq"]	["seq"]	142	ి	ీ	lengthen	3	0	చ్చీ	true	3	0	60	U|U	["చ్చీ","వి","నో"]	pdy-r-00505		
pdy-mattebhamu-0596	mattebhamu	vruttamu	""	train	మొదలంజేసిన వారి ధర్మములు నిర్మూలంబుగాఁ జేసి దు\nర్మదులై యిప్పుడు వారధర్మములొనర్పం దమ్ము దైవంబు న\nవ్వదె? రానున్న దురాత్ములెల్ల దమ త్రోవంబోవరె యేలచే\nసెదరో మీఁదు దలంచి చూడకధముల్‌ శ్రీకాళహస్తీశ్వరా!	false	మొదలంజేసిన వారి ధర్మములు నిర్మూలంబుగాఁ జేసి దు\nర్మదులై యిప్పుడు వారధర్మములొనర్పం దమ్ము దైవంబు న\nవ్వదె? రానున్న దురాత్ములెల్ల దమ త్రోవంబోవరే యేలచే\nసెదరో మీఁదు దలంచి చూడకధముల్‌ శ్రీకాళహస్తీశ్వరా!	["seq"]	["seq"]	138	ే	ె	shorten	2	16	త్రోవంబోవరె	false	2	5	55	||U	["వ","రె","యే"]	pdy-r-00506		
pdy-saardulamu-0271	saardulamu	vruttamu	""	train	కేదారాదిసమస్త తీర్థములు కోర్కింజూడఁ బోనెఁటికిం\nగాదా ముంగిలి వారణాసి కడుపే కైలాసశైలంబు మీ\nపాదధ్యానము సంభవించునపుడే భావింప నజ్ఞాన ల\nక్ష్మీదారిద్ర్యులుగారె లోకు లకటా! శ్రీకాళహస్తీశ్వరా!	false	కేదారాదిసమస్త తీర్థములు కోర్కింజూడఁ బోనేఁటికిం\nగాదా ముంగిలి వారణాసి కడుపే కైలాసశైలంబు మీ\nపాదధ్యానము సంభవించునపుడే భావింప నజ్ఞాన ల\nక్ష్మీదారిద్ర్యులుగారె లోకు లకటా! శ్రీకాళహస్తీశ్వరా!	["seq"]	["seq"]	39	ే	ె	shorten	0	16	బోనెఁటికిం	false	0	5	15	U||	["బో","నె","టి"]	pdy-r-00507		
pdy-mattebhamu-0599	mattebhamu	vruttamu	""	dev	పుడమిన్నిన్నొక బిల్వపత్త్రమున నేఁ బూజించి పుణ్యంబునుం\nబడయన్నేరక పెక్కుదైవములకుం బప్పుల్‌ ప్రసాదంబులుం\nగుడుముల్‌ దోసెలు సారెసత్తులడుకుల్‌ గుగ్గిళ్లునుం బెట్టుచుం\nజెడి యెందుం గొఱగాకపోదురకటా! శ్రీకాళహస్తీశ్వరా!	true	పుడమిన్నిన్నొక బిల్వపత్త్రమున నేఁ బూజించి పుణ్యంబునుం\nబడయన్నేరక పెక్కుదైవములకుం బప్పుల్‌ ప్రసాదంబులుం\nగుడుముల్‌ దోసెలు సారెసత్తులడుకుల్‌ గుగ్గిళ్లునుం బెట్టుచుం\nజెడి యెందుం గొఱగాకపోదురకటా! శ్రీకాళహస్తీశ్వరా!	[]	[]														pdy-r-00508		
pdy-saardulamu-0273	saardulamu	vruttamu	""	train	విత్తజ్ఞానము పాడుచిత్తము భవావేశంబు రక్షాంబువు\nల్‌ మత్తత్త్వంబు తదంకురం బనౄతముల్‌ మాఱాకులత్యంత దు\nర్వృత్తుల్‌ పువ్వులు పండ్లు మన్మథ ముఖావిర్భూత దోషంబులుం\nజిత్తాభ్యున్నత నింబభూజమునకున్‌ శ్రీకాళహస్తీశ్వరా!	false	విత్తజ్ఞానము పాడుచిత్తము భవావేశంబు రక్షాంబువు\nల్‌ మత్తత్త్వంబు తదంకురం బనృతముల్‌ మాఱాకులత్యంత దు\nర్వృత్తుల్‌ పువ్వులు పండ్లు మన్మథ ముఖావిర్భూత దోషంబులుం\nజిత్తాభ్యున్నత నింబభూజమునకున్‌ శ్రీకాళహస్తీశ్వరా!	["seq"]	["seq"]	73	ృ	ౄ	lengthen	1	9	బనౄతముల్‌	false	1	3	28	U|U	["నౄ","త","ము"]	pdy-r-00509		
pdy-saardulamu-0275	saardulamu	vruttamu	""	train	సంపద్వర్గముఁ బాఱఁదోలి రిపులన్‌ జంకించి యాకాంక్షల\nన్‌ దంపుల్వెట్టి కళంకముల్నఱికి బంధక్లేశ దోషంబులం\nజింపుల్చేసి వయోవిలాసమూలు సంక్షేపించి భూతంబులం\nజెంపల్వేయక నిన్నుఁ గాననగునా? శ్రీకాళహస్తీశ్వరా!	false	సంపద్వర్గముఁ బాఱఁదోలి రిపులన్‌ జంకించి యాకాంక్షల\nన్‌ దంపుల్వెట్టి కళంకముల్నఱికి బంధక్లేశ దోషంబులం\nజింపుల్చేసి వయోవిలాసములు సంక్షేపించి భూతంబులం\nజెంపల్వేయక నిన్నుఁ గాననగునా? శ్రీకాళహస్తీశ్వరా!	["seq"]	["seq"]	119	ు	ూ	lengthen	2	9	వయోవిలాసమూలు	false	2	3	47	U|U	["మూ","లు","సం"]	pdy-r-00510		
pdy-mattebhamu-0600	mattebhamu	vruttamu	""	train	దయ సేయుండని గొందఱాడుదురు నిత్యంబున్నినుంగొల్చుచు\nన్‌ నియమంబెంతొ ఫలంబునంతియగదా నీవీయ పిండెంతొ యం\nతియకా యెప్పటికిం దళం బశనబుద్ధిం జుడనేలబ్బు స\nత్క్రియలన్నిన్ను భజింప కిష్టసుఖముల్‌ శ్రీకాళహస్తీశ్వరా!	false	దయ సేయుండని గొందఱాడుదురు నిత్యంబున్నినుంగొల్చుచు\nన్‌ నియమంబెంతొ ఫలంబునంతియగదా నీవీయ పిండెంతొ యం\nతియకా యెప్పటికిం దళం బశనబుద్ధిం జూడనేలబ్బు స\nత్క్రియలన్నిన్ను భజింప కిష్టసుఖముల్‌ శ్రీకాళహస్తీశ్వరా!	["seq"]	["seq"]	129	ూ	ు	shorten	2	14	జుడనేలబ్బు	false	2	4	52	UU|	["బు","ద్ధిం","జు"]	pdy-r-00511		
pdy-saardulamu-0282	saardulamu	vruttamu	""	train	నీ భక్తుల్పదివేల భంగుల నినున్సేవింపుచున్‌ వేఁడఁగా\nలొభంబేఁటికి వారి కోర్కులు కృపాళుత్వంబుఁనం దీర్పరా\nదా భవ్యంబు దలంచిచూడు పరమార్థంబిచ్చి పొమ్మన్న నీ\nశ్రీ భాండారములోఁ గొఱంతపడునా శ్రీకాళహస్తీశ్వరా!	false	నీ భక్తుల్పదివేల భంగుల నినున్సేవింపుచున్‌ వేఁడఁగా\nలోభంబేఁటికి వారి కోర్కులు కృపాళుత్వంబుఁనం దీర్పరా\nదా భవ్యంబు దలంచిచూడు పరమార్థంబిచ్చి పొమ్మన్న నీ\nశ్రీ భాండారములోఁ గొఱంతపడునా శ్రీకాళహస్తీశ్వరా!	["seq"]	["seq"]	51	ో	ొ	shorten	1	0	లొభంబేఁటికి	false	1	0	19	|UU	["లొ","భం","బే"]	pdy-r-00512		
pdy-mattebhamu-0601	mattebhamu	vruttamu	""	train	మొదలన్భక్తులకిచ్చినాఁడవు గదా మోక్షంబు నేఁడేమయా\nముదియంగా ముదియంగఁబుట్టె ఘనమౌ మోహంబు లోభంబున\nన్నది సత్యంబు కృపందలంప వొక పుణ్యాత్ముండు నిన్నాత్మ గొ\nల్చి దినంబున్మొఱవెట్టఁగా గటకటా! శ్రీకాళహస్తీశ్వరా!	true	మొదలన్భక్తులకిచ్చినాఁడవు గదా మోక్షంబు నేఁడేమయా\nముదియంగా ముదియంగఁబుట్టె ఘనమౌ మోహంబు లోభంబున\nన్నది సత్యంబు కృపందలంప వొక పుణ్యాత్ముండు నిన్నాత్మ గొ\nల్చి దినంబున్మొఱవెట్టఁగా గటకటా! శ్రీకాళహస్తీశ్వరా!	[]	[]														pdy-r-00513		
pdy-mattebhamu-0602	mattebhamu	vruttamu	""	train	పదివేలైనను లోకకంటకులచేఁ బ్రాపించు సౌఖ్యంబు నా\nమదికిం బథ్యముగాదు సర్వమునకున్‌ మధ్యస్థుఁడై సత్యదా\nన దయాదుల్గల రాజు నా కొసఁగు మెన్నన్వాని నీయట్ల చూ\nచీ దినంబున్ముద మొందుదుం గడపటన్‌ శ్రీకాళహస్తీశ్వరా!	false	పదివేలైనను లోకకంటకులచేఁ బ్రాపించు సౌఖ్యంబు నా\nమదికిం బథ్యముగాదు సర్వమునకున్‌ మధ్యస్థుఁడై సత్యదా\nన దయాదుల్గల రాజు నా కొసఁగు మెన్నన్వాని నీయట్ల చూ\nచి దినంబున్ముద మొందుదుం గడపటన్‌ శ్రీకాళహస్తీశ్వరా!	["seq"]	["seq"]	146	ి	ీ	lengthen	3	0	చీ	true	3	0	60	U|U	["చీ","ది","నం"]	pdy-r-00514		
pdy-mattebhamu-0603	mattebhamu	vruttamu	""	test	చెడుగుల్‌ కొందఱు కూడి చేయఁగఁ బనుల్‌ చీకట్లు దూఱంగఁ బా\nల్పడితింగాని చరింపరాని నిను నొల్లంజాలుఁ బొమ్మంచు ని\nల్వెడలం ద్రోచినఁజూరువట్టుకొని నే వ్రేలాడుదుం గోర్కిఁగో\nరెడి యర్థంబులు నాకు వే గలుగవో శ్రీకాళహస్తీశ్వరా!	true	చెడుగుల్‌ కొందఱు కూడి చేయఁగఁ బనుల్‌ చీకట్లు దూఱంగఁ బా\nల్పడితింగాని చరింపరాని నిను నొల్లంజాలుఁ బొమ్మంచు ని\nల్వెడలం ద్రోచినఁజూరువట్టుకొని నే వ్రేలాడుదుం గోర్కిఁగో\nరెడి యర్థంబులు నాకు వే గలుగవో శ్రీకాళహస్తీశ్వరా!	[]	[]														pdy-r-00515		
pdy-saardulamu-0286	saardulamu	vruttamu	""	train	నీకుంగాని కవిత్వమెవ్వరికి నేనీనంచు మీఁదెత్తీతి\nన్‌ జేకొంటిన్‌ బిరుదంబు కంకణము ముంజేగట్టితిం బట్టితి\nన్‌ లోకుల్‌ మెచ్చ వ్రతంబు నా తనువుకీలున్‌ నేర్పులుంగావు ఛీ\nఛీ కాలంబుల రీతి దప్పెడు జుమీ శ్రీకాళహస్తీశ్వరా!	false	నీకుంగాని కవిత్వమెవ్వరికి నేనీనంచు మీఁదెత్తితి\nన్‌ జేకొంటిన్‌ బిరుదంబు కంకణము ముంజేగట్టితిం బట్టితి\nన్‌ లోకుల్‌ మెచ్చ వ్రతంబు నా తనువుకీలున్‌ నేర్పులుంగావు ఛీ\nఛీ కాలంబుల రీతి దప్పెడు జుమీ శ్రీకాళహస్తీశ్వరా!	["seq"]	["seq"]	43	ి	ీ	lengthen	0	17	మీఁదెత్తీతి	false	0	5	15	UUU	["మీ","దె","త్తీ"]	pdy-r-00516		
pdy-saardulamu-0290	saardulamu	vruttamu	""	train	దొప్పెండెంగిలి దెచ్చియిచ్చినను గండూషాంబుధారావళి\nన్‌ దొప్పం దోఁగిన చెప్పుగాల తలపై ద్రొక్కంగ నట్లైనఁ గ\nన్నప్పం బాత్రుని జేసితింతటికి సన్మానంబు దీపింపఁగా\nచెప్పన్నేరము నీ విహార మహిమల్‌ శ్రీకాళహస్తీశ్వరా!	true	దొప్పెండెంగిలి దెచ్చియిచ్చినను గండూషాంబుధారావళి\nన్‌ దొప్పం దోఁగిన చెప్పుగాల తలపై ద్రొక్కంగ నట్లైనఁ గ\nన్నప్పం బాత్రుని జేసితింతటికి సన్మానంబు దీపింపఁగా\nచెప్పన్నేరము నీ విహార మహిమల్‌ శ్రీకాళహస్తీశ్వరా!	[]	[]														pdy-r-00517		
pdy-kandamu-0427	kandamu	jaathi	""	dev	శ్రీ రాముని దయ చేతను\nనారూఢిగ సకల జనులు నౌరా యనఁగా\nధారాళమైన నీతులు\nనోరూఁరఁగ జవులు పుట్ట నుడివెద సుమతీ!	true	శ్రీ రాముని దయ చేతను\nనారూఢిగ సకల జనులు నౌరా యనఁగా\nధారాళమైన నీతులు\nనోరూఁరఁగ జవులు పుట్ట నుడివెద సుమతీ!	[]	[]														pdy-r-00518		
pdy-kandamu-0432	kandamu	jaathi	""	train	అప్పుగొని చేయు విభవము\nముప్పునఁ బ్రాయంపుటాలు మూర్ఖుని తపము\nన్‌ దప్పరయని నృపురాజ్యము\nదెప్పరమై మీఁదఁ గీడు దెచ్చుర సుమతీ!	true	అప్పుగొని చేయు విభవము\nముప్పునఁ బ్రాయంపుటాలు మూర్ఖుని తపము\nన్‌ దప్పరయని నృపురాజ్యము\nదెప్పరమై మీఁదఁ గీడు దెచ్చుర సుమతీ!	[]	[]														pdy-r-00519		
pdy-kandamu-0436	kandamu	jaathi	""	train	ఆఁకలి యుడుగని కుడుపును\nవేఁకటియగు లంజ పడూపు విడువని బ్రతుకు\nన్‌ బ్రాఁకొన్న నూతి యుదకము\nమేఁకల పాఁడియును రోఁత మేదిని సుమతీ!	false	ఆఁకలి యుడుగని కుడుపును\nవేఁకటియగు లంజ పడుపు విడువని బ్రతుకు\nన్‌ బ్రాఁకొన్న నూతి యుదకము\nమేఁకల పాఁడియును రోఁత మేదిని సుమతీ!	["seq"]	["seq"]	39	ు	ూ	lengthen	1	8	పడూపు	false	1	2	17	||U|	["జ","ప","డూ","పు"]	pdy-r-00520		
pdy-kandamu-0441	kandamu	jaathi	""	train	ఉదకము ద్రావెడు హయమును\nమదమున నుప్పొంగుచుండు మత్తేభంబు\nన్‌ మొదవు కడనున్న వృషభముఁ\nజదువని యా నీచుఁ జేరఁ జనకుర సుమతి!	false	ఉదకము ద్రావెడు హయమును\nమదమున నుప్పొంగుచుండు మత్తేభంబు\nన్‌ మొదవు కడనున్న వృషభముఁ\nజదువని యా నీచుఁ జేరఁ జనకుర సుమతీ!	["seq"]	["seq"]	110	ీ	ి	shorten	3	15	సుమతి	true	3	4	48	|||	["సు","మ","తి"]	pdy-r-00521		
pdy-kandamu-0448	kandamu	jaathi	""	train	ఒకయూరికి నొక కరణము\nనొక తీర్పరియైనఁ గాక నొగిఁ దఱచైన\nన్‌ గకవికలు గాకయుండునె\nసకలంబును గొట్టువడక సహజము సుమతీ!	true	ఒకయూరికి నొక కరణము\nనొక తీర్పరియైనఁ గాక నొగిఁ దఱచైన\nన్‌ గకవికలు గాకయుండునె\nసకలంబును గొట్టువడక సహజము సుమతీ!	[]	[]														pdy-r-00522		
pdy-kandamu-0451	kandamu	jaathi	""	train	కడు బలవంతుండైనను\nబుడమినిఁ బ్రాయంపుటాలిఁ బుట్టినయింట\nన్‌ దడవుండ నిచ్చెనేనియుఁ\nబడుపుగ నంగడికిఁ దానె పంపుట సుమతీ!	true	కడు బలవంతుండైనను\nబుడమినిఁ బ్రాయంపుటాలిఁ బుట్టినయింట\nన్‌ దడవుండ నిచ్చెనేనియుఁ\nబడుపుగ నంగడికిఁ దానె పంపుట సుమతీ!	[]	[]														pdy-r-00523		
pdy-kandamu-0452	kandamu	jaathi	""	train	కనకపు సింహాసనమున\nశునకముఁ గూర్చుండఁబెట్టి శుభ లగ్నమునం\nదొనరఁగఁ బట్టము గట్టిన\nవెనుకటి గుణమేల మాను వినరా సుమతి!	false	కనకపు సింహాసనమున\nశునకముఁ గూర్చుండఁబెట్టి శుభ లగ్నమునం\nదొనరఁగఁ బట్టము గట్టిన\nవెనుకటి గుణమేల మాను వినరా సుమతీ!	["seq"]	["seq"]	106	ీ	ి	shorten	3	15	సుమతి	true	3	4	48	|||	["సు","మ","తి"]	pdy-r-00524		
pdy-kandamu-0458	kandamu	jaathi	""	train	కసుగాయఁ గఱచి చూచిన\nమసలక దనయొగరు గాక మధురంబగునా?\nపసగలుగు యువతు లుండగఁ\nబసిబాలలఁ బొందువాఁడు పసరము సుమతి!	false	కసుగాయఁ గఱచి చూచిన\nమసలక దనయొగరు గాక మధురంబగునా?\nపసగలుగు యువతు లుండగఁ\nబసిబాలలఁ బొందువాఁడు పసరము సుమతీ!	["seq"]	["seq"]	99	ీ	ి	shorten	3	15	సుమతి	true	3	4	51	|||	["సు","మ","తి"]	pdy-r-00525		
pdy-kandamu-0460	kandamu	jaathi	""	test	కాదుసుమీ దుస్సంగతి\nపోదుసుమీ కీర్తికాంత పొందినపిదప\nన్‌ వాదుసుమీ యప్పిచ్చుట\nలేదుసుమీ సతులవలపు లేశము సుమతి!	false	కాదుసుమీ దుస్సంగతి\nపోదుసుమీ కీర్తికాంత పొందినపిదప\nన్‌ వాదుసుమీ యప్పిచ్చుట\nలేదుసుమీ సతులవలపు లేశము సుమతీ!	["seq"]	["seq"]	102	ీ	ి	shorten	3	15	సుమతి	true	3	4	43	|||	["సు","మ","తి"]	pdy-r-00526		
pdy-kandamu-0464	kandamu	jaathi	""	train	కూరిమిగల దినములలో\nనేరము లెన్నఁడును గలుగ నేరవు మఱి యా\nకూరిమి విరసంబైనను\nనేరములే తోఁచుచుండు నిక్కము సుమతి!	false	కూరిమిగల దినములలో\nనేరము లెన్నఁడును గలుగ నేరవు మఱి యా\nకూరిమి విరసంబైనను\nనేరములే తోఁచుచుండు నిక్కము సుమతీ!	["seq"]	["seq"]	102	ీ	ి	shorten	3	13	సుమతి	true	3	4	46	|||	["సు","మ","తి"]	pdy-r-00527		
pdy-kandamu-0467	kandamu	jaathi	""	train	కొఱగాని కొడుకు పుట్టినఁ\nగొఱగామియె కాదు తండ్రీ గుణములఁ జెఱచు\nన్‌ జెఱకు తుద వెన్ను పుట్టినఁ\nజెఱకునఁ దీపెల్లఁ జెఱచు సిద్ధము సుమతీ!	false	కొఱగాని కొడుకు పుట్టినఁ\nగొఱగామియె కాదు తండ్రి గుణములఁ జెఱచు\nన్‌ జెఱకు తుద వెన్ను పుట్టినఁ\nజెఱకునఁ దీపెల్లఁ జెఱచు సిద్ధము సుమతీ!	["seq"]	["corr","seq"]	44	ి	ీ	lengthen	1	8	తండ్రీ	true	1	2	16	|UU|	["దు","తం","డ్రీ","గు"]	pdy-r-00528		
pdy-kandamu-0468	kandamu	jaathi	""	train	కోమలీ విశ్వాసంబును\nబాములతోఁ జెలిమి యన్యభామల వలపు\nన్‌ వేముల తియ్యఁదనంబును\nభూమీశుల నమ్మికలును బొంకుర సుమతీ!	false	కోమలి విశ్వాసంబును\nబాములతోఁ జెలిమి యన్యభామల వలపు\nన్‌ వేముల తియ్యఁదనంబును\nభూమీశుల నమ్మికలును బొంకుర సుమతీ!	["seq"]	["corr","seq"]	4	ి	ీ	lengthen	0	2	కోమలీ	true	0	0	0	U|UU	["కో","మ","లీ","వి"]	pdy-r-00529		
pdy-kandamu-0471	kandamu	jaathi	""	train	చీమలు పెట్టిన పుట్టలు\nపాముల కిరవైనయట్లు పామరుఁడు దగ\nన్‌ హేమంబుఁ గూడఁ బెట్టిన\nభుమీశుల పాలఁ జేరు భువిలో సుమతీ!	false	చీమలు పెట్టిన పుట్టలు\nపాముల కిరవైనయట్లు పామరుఁడు దగ\nన్‌ హేమంబుఁ గూడఁ బెట్టిన\nభూమీశుల పాలఁ జేరు భువిలో సుమతీ!	["seq"]	["corr","seq"]	78	ూ	ు	shorten	3	0	భుమీశుల	false	3	1	35	|U|U	["ల","పా","ల","జే"]	pdy-r-00530		
pdy-kandamu-0482	kandamu	jaathi	""	dev	తలమాసిన నొలుమాసిన\nవలువలూ మాసినను బ్రాణవల్లభునైన\nన్‌ గులకాంతలైన రోఁతురు\nతిలకింపఁగ భూమిలోనఁ దిరముగ సుమతీ!	false	తలమాసిన నొలుమాసిన\nవలువలు మాసినను బ్రాణవల్లభునైన\nన్‌ గులకాంతలైన రోఁతురు\nతిలకింపఁగ భూమిలోనఁ దిరముగ సుమతీ!	["seq"]	["seq"]	23	ు	ూ	lengthen	1	3	వలువలూ	false	1	0	10	|||U	["వ","లు","వ","లూ"]	pdy-r-00531		
pdy-kandamu-0491	kandamu	jaathi	""	dev	నవరస భావాలంకృత\nకవితా గోష్ఠియును మధుర గానంబును దా\nనవివేకి కెంతఁ జెప్పినఁ\nజెవిటికి సంకూదినట్లు సిద్ధము సుమతి!	false	నవరస భావాలంకృత\nకవితా గోష్ఠియును మధుర గానంబును దా\nనవివేకి కెంతఁ జెప్పినఁ\nజెవిటికి సంకూదినట్లు సిద్ధము సుమతీ!	["seq"]	["seq"]	105	ీ	ి	shorten	3	14	సుమతి	true	3	4	45	|||	["సు","మ","తి"]	pdy-r-00532		
pdy-kandamu-0494	kandamu	jaathi	""	train	పగ వలదెవ్వరి తోడనూ\nవగవంగా వలదు లేమి వచ్చిన పిదప\nన్‌ దెగనాడవలదు సభలను\nమగువకు మనసీయవలదు మహిలో సుమతీ!	false	పగ వలదెవ్వరి తోడను\nవగవంగా వలదు లేమి వచ్చిన పిదప\nన్‌ దెగనాడవలదు సభలను\nమగువకు మనసీయవలదు మహిలో సుమతీ!	["seq"]	["corr","seq"]	17	ు	ూ	lengthen	0	9	తోడనూ	false	0	2	7	U|U|	["తో","డ","నూ","వ"]	pdy-r-00533		
pdy-kandamu-0495	kandamu	jaathi	""	train	పతికడకుఁ దన్నుగూర్చిన\nసతికడకును వేల్పుకడకు సద్గురుకడకు\nన్‌ సుతుకడకు రిత్తచేతుల\nమతిమంతులు చనరు నీతి మార్గము సుమతీ!	true	పతికడకుఁ దన్నుగూర్చిన\nసతికడకును వేల్పుకడకు సద్గురుకడకు\nన్‌ సుతుకడకు రిత్తచేతుల\nమతిమంతులు చనరు నీతి మార్గము సుమతీ!	[]	[]														pdy-r-00534		
pdy-kandamu-0499	kandamu	jaathi	""	train	పరసతుల గోష్ఠినుండిన\nపురుషుడు గాంగేయుఁడైన భువి నిందబడు\nన్‌ బరసతి సుశీలయైనను\nబరుసంగతి నున్న నిందపాలగు సుమతి!73	false	పరసతుల గోష్ఠినుండిన\nపురుషుడు గాంగేయుఁడైన భువి నిందబడు\nన్‌ బరసతి సుశీలయైనను\nబరుసంగతి నున్న నిందపాలగు సుమతీ!73	["seq"]	["seq"]	104	ీ	ి	shorten	3	14	సుమతి!73	false	3	4	47	|||	["సు","మ","తి"]	pdy-r-00535		
pdy-kandamu-0506	kandamu	jaathi	""	train	పాలసునకైన యాపద\nజాలింబడి తీర్పఁదగదు సర్వజ్ఞునకు\nన్‌ దేలగ్నిఁ బఁడగఁ బట్టిన\nమేలెఱుఁగునె మీటుఁగాక మేదినీ సుమతీ!	false	పాలసునకైన యాపద\nజాలింబడి తీర్పఁదగదు సర్వజ్ఞునకు\nన్‌ దేలగ్నిఁ బఁడగఁ బట్టిన\nమేలెఱుఁగునె మీటుఁగాక మేదిని సుమతీ!	["seq"]	["seq"]	99	ి	ీ	lengthen	3	11	మేదినీ	false	3	3	41	U|U|	["మే","ది","నీ","సు"]	pdy-r-00536		
pdy-kandamu-0507	kandamu	jaathi	""	train	పిలువని పనులకుఁ బోవుట\nకలయని సతిరతియు రాజుగానని కొలువు\nన్‌ బిలువని పేరంటంబును\nవలవని చెలిమియును జేయవలదుర సుమతీ!	true	పిలువని పనులకుఁ బోవుట\nకలయని సతిరతియు రాజుగానని కొలువు\nన్‌ బిలువని పేరంటంబును\nవలవని చెలిమియును జేయవలదుర సుమతీ!	[]	[]														pdy-r-00537		
pdy-kandamu-0508	kandamu	jaathi	""	train	పురికిని బ్రాణము కోమటి\nవరికిని బ్రాణంబు నీరు వసుమతి లొన\nన్‌ గరికిని బ్రాణము తొండము\nసిరికిని బ్రాణంబు మగువ సిద్ధము సుమతీ!	false	పురికిని బ్రాణము కోమటి\nవరికిని బ్రాణంబు నీరు వసుమతి లోన\nన్‌ గరికిని బ్రాణము తొండము\nసిరికిని బ్రాణంబు మగువ సిద్ధము సుమతీ!	["seq"]	["corr","seq"]	53	ో	ొ	shorten	1	13	లొన	false	1	4	23	|U|	["లొ","న","న్గ"]	pdy-r-00538		
pdy-kandamu-0510	kandamu	jaathi	""	train	పెట్టిన దినములలోపల\nనట్టడవులకైన వచ్చు నానార్థములు\nన్‌ బెట్టని దినములఁ గనకపు\nగట్టెక్కిన నేమి లేదు గదరా సుమతి!	false	పెట్టిన దినములలోపల\nనట్టడవులకైన వచ్చు నానార్థములు\nన్‌ బెట్టని దినములఁ గనకపు\nగట్టెక్కిన నేమి లేదు గదరా సుమతీ!	["seq"]	["seq"]	105	ీ	ి	shorten	3	13	సుమతి	true	3	4	46	|||	["సు","మ","తి"]	pdy-r-00539		
pdy-kandamu-0512	kandamu	jaathi	""	train	బంగారు కుదువఁ బెట్టకు\nసంగరమునఁ బాఱిపోకు సరసుఁడవైన\nన్‌ నంగడి వెచ్చము లాడకు\nవెంగలితోఁ జెలిమి వలదు వినురా సుమతి!	false	బంగారు కుదువఁ బెట్టకు\nసంగరమునఁ బాఱిపోకు సరసుఁడవైన\nన్‌ నంగడి వెచ్చము లాడకు\nవెంగలితోఁ జెలిమి వలదు వినురా సుమతీ!	["seq"]	["seq"]	107	ీ	ి	shorten	3	15	సుమతి	true	3	4	46	|||	["సు","మ","తి"]	pdy-r-00540		
pdy-kandamu-0518	kandamu	jaathi	""	train	రాపొమ్మని పిలువని యా\nభూపాలునిఁ గొల్వ భుక్తి ముక్తులు గలవే?\nదీపంబు లేని యింటను\nజేపుణికిళ్ళాడినట్లు సిద్ధము సుమతీ!	true	రాపొమ్మని పిలువని యా\nభూపాలునిఁ గొల్వ భుక్తి ముక్తులు గలవే?\nదీపంబు లేని యింటను\nజేపుణికిళ్ళాడినట్లు సిద్ధము సుమతీ!	[]	[]														pdy-r-00541		
pdy-kandamu-0519	kandamu	jaathi	""	test	రూపించి పలికి బొంకకు\nప్రాపగు చుట్టంబు నెగ్గు పలుకకు మదిలోఁ\nగోపించు రాజుఁ గొల్వకు\nపాపపు దేశంబు సొరకు పదిలము సుమతి!	false	రూపించి పలికి బొంకకు\nప్రాపగు చుట్టంబు నెగ్గు పలుకకు మదిలోఁ\nగోపించు రాజుఁ గొల్వకు\nపాపపు దేశంబు సొరకు పదిలము సుమతీ!	["seq"]	["seq"]	111	ీ	ి	shorten	3	15	సుమతి	true	3	4	45	|||	["సు","మ","తి"]	pdy-r-00542		
pdy-kandamu-0525	kandamu	jaathi	""	dev	వెలయాలివలనఁ గూరిమి\nగలుగదు మఱిఁ గలిగెనేని కడతేరదుగా\nపలువురు నడిచెడు తేరువునఁ\nబులు మొలవదు మొలిచెనేని బొదలదు సుమతీ!	false	వెలయాలివలనఁ గూరిమి\nగలుగదు మఱిఁ గలిగెనేని కడతేరదుగా\nపలువురు నడిచెడు తెరువునఁ\nబులు మొలవదు మొలిచెనేని బొదలదు సుమతీ!	["seq"]	["corr","seq"]	68	ె	ే	lengthen	2	8	తేరువునఁ	false	3	2	46	||U|	["లి","చె","నే","ని"]	pdy-r-00543		
pdy-kandamu-0526	kandamu	jaathi	""	test	శుభముల నొందని చదువును\nనభినయమును రాగరసము నందని పాట\nల్‌ అభిలాష లేని కూటమి\nసభమెచ్చని మాటలెల్లఁ జప్పన సుమతి!	false	శుభముల నొందని చదువును\nనభినయమును రాగరసము నందని పాట\nల్‌ అభిలాష లేని కూటమి\nసభమెచ్చని మాటలెల్లఁ జప్పన సుమతీ!	["seq"]	["seq"]	102	ీ	ి	shorten	3	14	సుమతి	true	3	4	48	|||	["సు","మ","తి"]	pdy-r-00544		
pdy-kandamu-0527	kandamu	jaathi	""	test	సరసము విరసము కొఱకే\nపరిపూర్ణసుఖంబు లధిక బాధల కొఱకే\nపెరుఁగుట విరుఁగుట కొఱకే\nధరతగ్గుట హెచ్చుకొఱకె తథ్యము సుమతి.	false	సరసము విరసము కొఱకే\nపరిపూర్ణసుఖంబు లధిక బాధల కొఱకే\nపెరుఁగుట విరుఁగుట కొఱకే\nధరతగ్గుట హెచ్చుకొఱకె తథ్యము సుమతీ.	["seq"]	["seq"]	106	ీ	ి	shorten	3	15	సుమతి	true	3	4	51	|||	["సు","మ","తి"]	pdy-r-00545		
pdy-kandamu-0531	kandamu	jaathi	""	test	మది నొకని వలచియుండఁగ\nమది చెడి యొక క్రూరవిటుఁడు మానక తిరుగు\nన్‌ ఆది చిలుకఁ బిల్లిపట్టినఁ\nజదువునె యాపంజరమున జగతిని సుమతీ.	false	మది నొకని వలచియుండఁగ\nమది చెడి యొక క్రూరవిటుఁడు మానక తిరుగు\nన్‌ అది చిలుకఁ బిల్లిపట్టినఁ\nజదువునె యాపంజరమున జగతిని సుమతీ.	["seq"]	["seq"]	63	అ	ఆ	lengthen	2	0	ఆది	true	2	2	34	|U||	["ల్లి","ప","ట్టి","న"]	pdy-r-00546		
pdy-kandamu-0534	kandamu	jaathi	""	train	వేసరఁపు జాతి గానీ\nవీసముఁ దాఁ జేయనట్టి వెంగలి గానీ\nదాసికొడుకైనఁ గానీ\nకాసులు గలవాఁడె రాజు గదరా సుమతీ.	true	వేసరఁపు జాతి గానీ\nవీసముఁ దాఁ జేయనట్టి వెంగలి గానీ\nదాసికొడుకైనఁ గానీ\nకాసులు గలవాఁడె రాజు గదరా సుమతీ.	[]	[]														pdy-r-00547		
pdy-vutpalamaala-0154	vutpalamaala	vruttamu	""	train	బంగరుతీఁగెవంటి మెయి పట్టెఁడు గుబ్బలు, చేరెఁ డేసి క-\nన్నుంగలువల్ కనన్ మినుమినుక్కను కౌన్ బలుమేల్‍పిఱుందు జం-\nకుం గళలుల్లసిల్ల నిటకున్ సిరిచుక్క యనంగ వచ్చి మా\nముంగల నిల్చుటెన్నఁడొకొ ముచ్చట దీరఁగ సుందరిమణీ!	false	బంగరుతీఁగెవంటి మెయి పట్టెఁడు గుబ్బలు, చేరెఁ డేసి క-\nన్నుంగలువల్ కనన్ మినుమినుక్కను కౌన్ బలుమేల్‍పిఱుందు జం-\nకుం గళలుల్లసిల్ల నిటకున్ సిరిచుక్క యనంగ వచ్చి మా\nముంగల నిల్చుటెన్నఁడొకొ ముచ్చట దీరఁగ సుందరీమణీ!	["seq"]	["seq"]	198	ీ	ి	shorten	3	17	సుందరిమణీ	true	3	5	75	U||	["సుం","ద","రి"]	pdy-r-00548		
pdy-champakamaala-0271	champakamaala	vruttamu	""	train	చెలఁగి కికాకిక న్నగుచుఁ జిల్కలమంచముమీఁదఁ గేరుచు\nన్ గులుకుమెఱుంగుగబ్బీచనుగుబ్బ లురమ్మునఁ గూర్చి రేపవ\nల్ తెలియక యుండువేళ సుదతీ! నిను నన్నెడబాపినట్టి యా\nనలువకుఁ బూజ లేదుగద! నాఁటికి నేటికి, సుందరీమణీ!	false	చెలఁగి కికాకిక న్నగుచుఁ జిల్కలమంచముమీఁదఁ గేరుచు\nన్ గులుకుమెఱుంగుగబ్బిచనుగుబ్బ లురమ్మునఁ గూర్చి రేపవ\nల్ తెలియక యుండువేళ సుదతీ! నిను నన్నెడబాపినట్టి యా\nనలువకుఁ బూజ లేదుగద! నాఁటికి నేటికి, సుందరీమణీ!	["seq"]	["seq"]	68	ి	ీ	lengthen	1	7	గులుకుమెఱుంగుగబ్బీచనుగుబ్బ	false	1	2	27	UU|	["గ","బ్బీ","చ"]	pdy-r-00549		
pdy-vutpalamaala-0158	vutpalamaala	vruttamu	""	train	నేటికి నిండె నా తపము నిక్కమటంచు సుఖించి యుంటి, స-\nయ్యాటల నాటపాటల నొయారపుదేటల ముద్దుమాటల\nన్ గూటమి నేలు నిన్నుఁ గని కోమలి! నిన్నెడబాసి యుంటి నీ-\nనాఁటికి నేది మున్నెడ నొనర్చితినో యిట సుందరీమణీ!	true	నేటికి నిండె నా తపము నిక్కమటంచు సుఖించి యుంటి, స-\nయ్యాటల నాటపాటల నొయారపుదేటల ముద్దుమాటల\nన్ గూటమి నేలు నిన్నుఁ గని కోమలి! నిన్నెడబాసి యుంటి నీ-\nనాఁటికి నేది మున్నెడ నొనర్చితినో యిట సుందరీమణీ!	[]	[]														pdy-r-00550		
pdy-champakamaala-0274	champakamaala	vruttamu	""	train	బహుతరలజ్జఁ గన్ను లొక పాళముగా ముకుళించి, నీ యురో-\nరూహముల నీవిపైఁ గరసరోజములుంచి, తొడల్ బిగించ నే\nరహి వలువెల్లఁ బాపఁగఁ బిరాలునఁ దొల్తటికూటమిన్ స్వయం-\nగ్రహణ మొనర్చినట్టి యుపకారిణి వౌదువె సుందరీమణీ!	false	బహుతరలజ్జఁ గన్ను లొక పాళముగా ముకుళించి, నీ యురో-\nరుహముల నీవిపైఁ గరసరోజములుంచి, తొడల్ బిగించ నే\nరహి వలువెల్లఁ బాపఁగఁ బిరాలునఁ దొల్తటికూటమిన్ స్వయం-\nగ్రహణ మొనర్చినట్టి యుపకారిణి వౌదువె సుందరీమణీ!	["seq"]	["seq"]	50	ు	ూ	lengthen	1	0	రూహముల	false	1	0	21	U||	["రూ","హ","ము"]	pdy-r-00551		
pdy-vutpalamaala-0165	vutpalamaala	vruttamu	""	train	మోహముమీఱఁ బంచశరుమోహర మొగ్గినవేళఁ గుల్కు నీ\nసాహస మేమనన్ బయికిఁ జంగున దాఁటి చెలంగి కేళిలో\nని హొనరెల్ల నేర్పఱుపు నేర్పరి వౌదువు విస్ఫురద్వరా-\nరోహ యటన్న పేరు దగు రూఢిగ నీయెడ సుందరీమణీ!	false	మోహముమీఱఁ బంచశరుమోహర మొగ్గినవేళఁ గుల్కు నీ\nసాహస మేమనన్ బయికిఁ జంగున దాఁటి చెలంగి కేళిలో\nనీ హొనరెల్ల నేర్పఱుపు నేర్పరి వౌదువు విస్ఫురద్వరా-\nరోహ యటన్న పేరు దగు రూఢిగ నీయెడ సుందరీమణీ!	["seq"]	["seq"]	89	ీ	ి	shorten	2	0	ని	true	2	0	40	|||	["ని","హొ","న"]	pdy-r-00552		
pdy-champakamaala-0282	champakamaala	vruttamu	""	test	కిలకిల నవ్వు నవ్వి, గిలిగింతలు వింతలు చేసిచేసి, గు-\nబ్బల నెద గ్రుమ్మిక్రుమ్మి, నునుపల్మొనవాతెఱ నొక్కినొక్కి, రా-\nచిలుకహుమావజీరు విలసిల్లు లడాయి బడాయి చూపు ని\nన్ దలఁచిన గుండెలో దిగులు దైవమెఱుంగును సుందరిమణీ!	false	కిలకిల నవ్వు నవ్వి, గిలిగింతలు వింతలు చేసిచేసి, గు-\nబ్బల నెద గ్రుమ్మిక్రుమ్మి, నునుపల్మొనవాతెఱ నొక్కినొక్కి, రా-\nచిలుకహుమావజీరు విలసిల్లు లడాయి బడాయి చూపు ని\nన్ దలఁచిన గుండెలో దిగులు దైవమెఱుంగును సుందరీమణీ!	["seq"]	["seq"]	201	ీ	ి	shorten	3	18	సుందరిమణీ	true	3	6	81	||U	["రి","మ","ణీ"]	pdy-r-00553		
pdy-champakamaala-0283	champakamaala	vruttamu	""	dev	కొదమమిటారిచన్నుఁగవ గొప్పపిఱుందు మెఱుంగుఁజెక్కు లొ-\nప్పిదమగు కన్ను లబ్బురపుఁ బెన్నెఱు లొప్ప వయఃప్రపూర్ణమై\nమదనునిదంతిలాగు నను మక్కువ దక్కఁ బెనంగుచుండూ ని\nన్ వదలఁకయున్న నబ్బు వహవా సహవాసము సుందరీమణీ!	false	కొదమమిటారిచన్నుఁగవ గొప్పపిఱుందు మెఱుంగుఁజెక్కు లొ-\nప్పిదమగు కన్ను లబ్బురపుఁ బెన్నెఱు లొప్ప వయఃప్రపూర్ణమై\nమదనునిదంతిలాగు నను మక్కువ దక్కఁ బెనంగుచుండు ని\nన్ వదలఁకయున్న నబ్బు వహవా సహవాసము సుందరీమణీ!	["seq"]	["seq"]	147	ు	ూ	lengthen	2	19	బెనంగుచుండూ	false	2	6	60	UUU	["చుం","డూ","ని"]	pdy-r-00554		
pdy-vutpalamaala-0182	vutpalamaala	vruttamu	""	test	పంతము మీఱ నీదు చనుబంతుల ప్రాపున లెక్కసెయఁ గొం-\nడంతటి కార్యమైన భవదంచితసాంద్రకటాక్షయుక్తి కే\nకంతుని బాణపంక్తి నట కట్లను గట్టుదు నీదు పల్కు వి-\nన్నంతనె యింద్రుఁడైన గణనా యనుకొందును సుందరీమణీ!	false	పంతము మీఱ నీదు చనుబంతుల ప్రాపున లెక్కసేయఁ గొం-\nడంతటి కార్యమైన భవదంచితసాంద్రకటాక్షయుక్తి కే\nకంతుని బాణపంక్తి నట కట్లను గట్టుదు నీదు పల్కు వి-\nన్నంతనె యింద్రుఁడైన గణనా యనుకొందును సుందరీమణీ!	["seq"]	["seq"]	38	ే	ె	shorten	0	17	లెక్కసెయఁ	false	0	5	15	U||	["లె","క్క","సె"]	pdy-r-00555		
pdy-champakamaala-0289	champakamaala	vruttamu	""	train	వెలదిరో! కొంతసిగ్గు విడివీడని కాలమునందుఁ గేళి నే\nచెలఁగుచుఁ బూరుషాయితము చేయుమటన్న నెఱుంగనంచు లోఁ\nగులుకుచునున్న బాహువులు గొబ్బునఁ జేకొని పైకి లాగి, చె-\nక్కిలి గిలిగింతగొల్పి యుబికించుట యెంతును సుందరీమణీ!	false	వెలదిరొ! కొంతసిగ్గు విడివీడని కాలమునందుఁ గేళి నే\nచెలఁగుచుఁ బూరుషాయితము చేయుమటన్న నెఱుంగనంచు లోఁ\nగులుకుచునున్న బాహువులు గొబ్బునఁ జేకొని పైకి లాగి, చె-\nక్కిలి గిలిగింతగొల్పి యుబికించుట యెంతును సుందరీమణీ!	["seq"]	["seq"]	6	ొ	ో	lengthen	0	3	వెలదిరో	true	0	1	3	UU|	["రో","కొం","త"]	pdy-r-00556		
pdy-champakamaala-0297	champakamaala	vruttamu	""	test	నెల పయనం బటన్న విని నీవడలొందుదువంచు నింతలో\nనెలతరొ వత్తునంచు వెస నిన్నొక సమ్మతి చేసివచ్చి క్రొ-\nన్నెలలకు వేఁడివెన్నెలకు నిద్దపుఁ బూవిలుకాని కాఱుచి-\nన్నెలలకుఁ దాళలేనయితి నీవెటులోర్తువె సుందరిమణీ!	false	నెల పయనం బటన్న విని నీవడలొందుదువంచు నింతలో\nనెలతరొ వత్తునంచు వెస నిన్నొక సమ్మతి చేసివచ్చి క్రొ-\nన్నెలలకు వేఁడివెన్నెలకు నిద్దపుఁ బూవిలుకాని కాఱుచి-\nన్నెలలకుఁ దాళలేనయితి నీవెటులోర్తువె సుందరీమణీ!	["seq"]	["seq"]	188	ీ	ి	shorten	3	18	సుందరిమణీ	true	3	6	81	||U	["రి","మ","ణీ"]	pdy-r-00557		
pdy-vutpalamaala-0194	vutpalamaala	vruttamu	""	train	వింతగ నన్ను నీవు బదివేలవిధంబుల నవ్వులాట కొ-\nట్టింతువు మాటల న్నెదఘటింతువు చన్గవ యల్కసేయ న-\nవ్వింతువు పల్కుఁ గప్పురపు వీడె మొసంగి మనోజరాజ్య మే-\nలింతువు నీ గతుల్ పొగడలెము గదే మది సుందరీమణీ!	false	వింతగ నన్ను నీవు బదివేలవిధంబుల నవ్వులాట కొ-\nట్టింతువు మాటల న్నెదఘటింతువు చన్గవ యల్కసేయ న-\nవ్వింతువు పల్కుఁ గప్పురపు వీడె మొసంగి మనోజరాజ్య మే-\nలింతువు నీ గతుల్ పొగడలేము గదే మది సుందరీమణీ!	["seq"]	["seq"]	164	ే	ె	shorten	3	9	పొగడలెము	false	3	3	69	|||	["లె","ము","గ"]	pdy-r-00558		
pdy-seesamu-0500	seesamu	upajaathi	""	train	నాథుండు బహుమంది నాటకస్త్రీలతో గలిసియున్నాడని కబురువింటి\nమగూవలతోగూడి మఱచియున్నాడట రాధపై గృప యేల రాకపోయె\nబిలిచి చిన్నప్పుడు ప్రీతిజేసినవాడె యతివరో యిపుడేల యలిగినాడు\nనెలతరో నావల్ల నేరమేమున్నది మాటాడమని నీవు మందలించి	false	నాథుండు బహుమంది నాటకస్త్రీలతో గలిసియున్నాడని కబురువింటి\nమగువలతోగూడి మఱచియున్నాడట రాధపై గృప యేల రాకపోయె\nబిలిచి చిన్నప్పుడు ప్రీతిజేసినవాడె యతివరో యిపుడేల యలిగినాడు\nనెలతరో నావల్ల నేరమేమున్నది మాటాడమని నీవు మందలించి	["seq"]	["seq"]	58	ు	ూ	lengthen	1	1	మగూవలతోగూడి	false	2	0	25	|U||	["మ","గూ","వ","ల"]	pdy-r-00559		
pdy-teytageethi-0500	teytageethi	upajaathi	""	train	గట్టిగా కృష్ణు నిప్పుడు బట్టి తెచ్చి\nమనసుదీర్పవే యీవేళ మళ్ళిరావె\nతరుణి నీవేగి యిచటికి తాడిమళ్ళ\nరాజగోపాలూ దేగదే రాజవదన.	false	గట్టిగా కృష్ణు నిప్పుడు బట్టి తెచ్చి\nమనసుదీర్పవే యీవేళ మళ్ళిరావె\nతరుణి నీవేగి యిచటికి తాడిమళ్ళ\nరాజగోపాలు దేగదే రాజవదన.	["seq"]	["corr","seq"]	103	ు	ూ	lengthen	3	4	రాజగోపాలూ	false	3	1	41	UUUU	["గో","పా","లూ","దే"]	pdy-r-00560		
pdy-seesamu-0501	seesamu	upajaathi	""	dev	నాథుని కస్తూరినామంబు గన్గొని కలికి యెవ్వతె వాని గౌగిలించె\nదక్కుచు నా యింటి దగ్గర రాకుండ మాటున బెట్టిన మగువ యెవతె\nప్రియుని నా పనుల కొప్పించిన దెవ్వతె దానికి నా యుసుర్తగులుగాక\nదోషమంచెన్నక దుడుకులాడెవ్వతె మన్నన రావించి మరులుకొల్పె	true	నాథుని కస్తూరినామంబు గన్గొని కలికి యెవ్వతె వాని గౌగిలించె\nదక్కుచు నా యింటి దగ్గర రాకుండ మాటున బెట్టిన మగువ యెవతె\nప్రియుని నా పనుల కొప్పించిన దెవ్వతె దానికి నా యుసుర్తగులుగాక\nదోషమంచెన్నక దుడుకులాడెవ్వతె మన్నన రావించి మరులుకొల్పె	[]	[]														pdy-r-00561		
pdy-teytageethi-0501	teytageethi	upajaathi	""	train	దానీ కోరిక లీడేర్చు దైవమిప్పు-\nడెంత యాసక్తితోనున్న నింతె గదవె\nతరుణి నీవేగి యిచటికి తాడిమళ్ళ\nరాజగోపాలు దేగదే రాజవదన.	false	దాని కోరిక లీడేర్చు దైవమిప్పు-\nడెంత యాసక్తితోనున్న నింతె గదవె\nతరుణి నీవేగి యిచటికి తాడిమళ్ళ\nరాజగోపాలు దేగదే రాజవదన.	["seq"]	["corr","seq"]	3	ి	ీ	lengthen	0	1	దానీ	true	0	0	0	UUU	["దా","నీ","కో"]	pdy-r-00562		
pdy-teytageethi-0506	teytageethi	upajaathi	""	train	నెన్ని సొమ్ములునైన నేనిత్తూ నీకు\nనా పతిని జూచినంతనె నయముమీఱ\nతరుణి నీవేగి యిచటికి తాడిమళ్ళ\nరాజగోపాలు దేగదే రాజవదన.	false	నెన్ని సొమ్ములునైన నేనిత్తు నీకు\nనా పతిని జూచినంతనె నయముమీఱ\nతరుణి నీవేగి యిచటికి తాడిమళ్ళ\nరాజగోపాలు దేగదే రాజవదన.	["seq"]	["corr","seq"]	26	ు	ూ	lengthen	0	9	నేనిత్తూ	false	0	3	8	UUU	["ని","త్తూ","నీ"]	pdy-r-00563		
pdy-teytageethi-0507	teytageethi	upajaathi	""	train	మదనబాణాగ్నీ యేలాగు మానిపోను\nచెలియ నా వెతలేమని చెప్పుకొందు\nతరుణి నీవేగి యిచటికి తాడిమళ్ళ\nరాజగోపాలు దేగదే రాజవదన.	false	మదనబాణాగ్ని యేలాగు మానిపోను\nచెలియ నా వెతలేమని చెప్పుకొందు\nతరుణి నీవేగి యిచటికి తాడిమళ్ళ\nరాజగోపాలు దేగదే రాజవదన.	["seq"]	["corr","seq"]	10	ి	ీ	lengthen	0	5	మదనబాణాగ్నీ	false	0	1	3	UUUU	["బా","ణా","గ్నీ","యే"]	pdy-r-00564		
pdy-teytageethi-0508	teytageethi	upajaathi	""	test	బుట్టి వెతలకు లోనయి యెట్టూలుందు\nమంచిపనిగాదు రమ్మని మందలించి\nతరుణి నీవేగి యిచటికి తాడిమళ్ళ\nరాజగోపాలు దేగదే రాజవదన.	false	బుట్టి వెతలకు లోనయి యెట్టులుందు\nమంచిపనిగాదు రమ్మని మందలించి\nతరుణి నీవేగి యిచటికి తాడిమళ్ళ\nరాజగోపాలు దేగదే రాజవదన.	["seq"]	["corr","seq"]	25	ు	ూ	lengthen	0	10	యెట్టూలుందు	false	0	3	9	UUU	["యె","ట్టూ","లుం"]	pdy-r-00565		
pdy-teytageethi-0509	teytageethi	upajaathi	""	train	నతివ యావేళ రుక్మిణీపతిని గాంచి\nవిసికియున్నది రమ్మని వేగిరంబ\nతరుణీ నీవేగి యిచటికి తాడిమళ్ళ\nరాజగోపాలు దేగదే రాజవదన.	false	నతివ యావేళ రుక్మిణీపతిని గాంచి\nవిసికియున్నది రమ్మని వేగిరంబ\nతరుణి నీవేగి యిచటికి తాడిమళ్ళ\nరాజగోపాలు దేగదే రాజవదన.	["seq"]	["seq"]	64	ి	ీ	lengthen	2	2	తరుణీ	true	2	0	27	||U	["త","రు","ణీ"]	pdy-r-00566		
pdy-teytageethi-0513	teytageethi	upajaathi	""	train	నివు రాకున్న నిక నొక్కనిమిషమైన\nనెలత యుసురులు తనువున నిల్వదనవె\nతరుణి నీవేగి యిచటికి తాడిమళ్ళ\nరాజగోపాలు దేగదే రాజవదన.	false	నీవు రాకున్న నిక నొక్కనిమిషమైన\nనెలత యుసురులు తనువున నిల్వదనవె\nతరుణి నీవేగి యిచటికి తాడిమళ్ళ\nరాజగోపాలు దేగదే రాజవదన.	["seq"]	["corr","seq"]	1	ీ	ి	shorten	0	0	నివు	false	0	0	0	||U	["ని","వు","రా"]	pdy-r-00567		
pdy-teytageethi-0514	teytageethi	upajaathi	""	train	జాగు సేయక రాగదే జాములోన\nనానవాలందుకొని వేగనతనికడకు\nతరుణీ నీవేగి యిచటికి తాడిమళ్ళ\nరాజగోపాలు దేగదే రాజవదన.	false	జాగు సేయక రాగదే జాములోన\nనానవాలందుకొని వేగనతనికడకు\nతరుణి నీవేగి యిచటికి తాడిమళ్ళ\nరాజగోపాలు దేగదే రాజవదన.	["seq"]	["seq"]	54	ి	ీ	lengthen	2	2	తరుణీ	true	2	0	27	||U	["త","రు","ణీ"]	pdy-r-00568		
pdy-teytageethi-0516	teytageethi	upajaathi	""	test	యిన్ని సొగసులు గలిగిన వన్నెకాడు\nదెలిపి నా వర్తమానము దేటపఱచి\nతరుణి నీవేగీ యిచటికి తాడిమళ్ళ\nరాజగోపాలు దేగదే రాజవదన.	false	యిన్ని సొగసులు గలిగిన వన్నెకాడు\nదెలిపి నా వర్తమానము దేటపఱచి\nతరుణి నీవేగి యిచటికి తాడిమళ్ళ\nరాజగోపాలు దేగదే రాజవదన.	["seq"]	["corr","seq"]	71	ి	ీ	lengthen	2	5	నీవేగీ	false	2	1	31	UUU|	["నీ","వే","గీ","యి"]	pdy-r-00569		
pdy-teytageethi-0517	teytageethi	upajaathi	""	train	నరయ నా మది చింతచే నడలజేసె\nమానితంబుగ గృష్ణుని మనసురాదు\nతరుణి నీవేగి యిచటికి తాడిమళ్ళ\nరాజగోపాలూ దేగదే రాజవదన.	false	నరయ నా మది చింతచే నడలజేసె\nమానితంబుగ గృష్ణుని మనసురాదు\nతరుణి నీవేగి యిచటికి తాడిమళ్ళ\nరాజగోపాలు దేగదే రాజవదన.	["seq"]	["corr","seq"]	92	ు	ూ	lengthen	3	4	రాజగోపాలూ	false	3	1	43	UUUU	["గో","పా","లూ","దే"]	pdy-r-00570		
pdy-teytageethi-0521	teytageethi	upajaathi	""	train	పగలు రేయును దానింట బండనాయె\nనేలక నాపొందుమదిలోన నెన్నడాయె\nతరుణి నీవేగి యిచటికి తాడిమళ్ళ\nరాజగోపాలు దేగదే రాజవదన.	false	పగలు రేయును దానింట బండనాయె\nనెలక నాపొందుమదిలోన నెన్నడాయె\nతరుణి నీవేగి యిచటికి తాడిమళ్ళ\nరాజగోపాలు దేగదే రాజవదన.	["seq"]	["seq"]	28	ె	ే	lengthen	1	0	నేలక	true	1	1	15	|UU|	["క","నా","పొం","దు"]	pdy-r-00571		
pdy-seesamu-0522	seesamu	upajaathi	""	dev	బాణజాలంబుల పాలు సేయగనేల కాముడా నీ రూపు కాలిపోను\nచెవులు చిందరగొన జెలగి కూయగనేల కోకిల ని యుల్లు గూలిపోను\nప్రళయాగ్నిరూపమై పట్టుగా విసరెడు పవనుడ నినుఁ ద్రాచుపాము మ్రింగ\nవెన్నెల గురిపించి వేడి చూపగనేల చంద్రుడా నీ రూపు సమసిపోను	false	బాణజాలంబుల పాలు సేయగనేల కాముడా నీ రూపు కాలిపోను\nచెవులు చిందరగొన జెలగి కూయగనేల కోకిల నీ యుల్లు గూలిపోను\nప్రళయాగ్నిరూపమై పట్టుగా విసరెడు పవనుడ నినుఁ ద్రాచుపాము మ్రింగ\nవెన్నెల గురిపించి వేడి చూపగనేల చంద్రుడా నీ రూపు సమసిపోను	["seq"]	["corr","seq"]	85	ీ	ి	shorten	1	19	ని	true	3	1	42	|U|U	["ని","యు","ల్లు","గూ"]	pdy-r-00572		
pdy-teytageethi-0522	teytageethi	upajaathi	""	dev	వలచి వలపించి నా ప్రాణవల్లభుండు\nరాడనుచు వీరలందఱు గూడికొనిరి\nతరుణీ నీవేగి యిచటికి తాడిమళ్ళ\nరాజగోపాలు దేగదే రాజవదన.	false	వలచి వలపించి నా ప్రాణవల్లభుండు\nరాడనుచు వీరలందఱు గూడికొనిరి\nతరుణి నీవేగి యిచటికి తాడిమళ్ళ\nరాజగోపాలు దేగదే రాజవదన.	["seq"]	["seq"]	63	ి	ీ	lengthen	2	2	తరుణీ	true	2	0	28	||U	["త","రు","ణీ"]	pdy-r-00573		
pdy-seesamu-0523	seesamu	upajaathi	""	train	దశరథనందన ధాత్రీశయచ్యుత దైతేయహర మీకు దండమయ్య\nగౌతమాంగనశాపకలుషంబూ బాపిన ధర్మాత్మ హరి మీకు దండమయ్య\nవనచరవందిత వారిధిబంధన దశకంఠసంహార దండమయ్య\nగోపాలసేవిత గోపీమనోహర తాపసనుత మీకు దండమయ్య	false	దశరథనందన ధాత్రీశయచ్యుత దైతేయహర మీకు దండమయ్య\nగౌతమాంగనశాపకలుషంబు బాపిన ధర్మాత్మ హరి మీకు దండమయ్య\nవనచరవందిత వారిధిబంధన దశకంఠసంహార దండమయ్య\nగోపాలసేవిత గోపీమనోహర తాపసనుత మీకు దండమయ్య	["seq"]	["seq"]	61	ు	ూ	lengthen	1	10	గౌతమాంగనశాపకలుషంబూ	false	2	2	31	||UU	["క","లు","షం","బూ"]	pdy-r-00574		
pdy-teytageethi-0524	teytageethi	upajaathi	""	train	నీవు కోరిన కోర్కెలు నిత్యముగను\nసఫలమాయెను బోగదే సత్యభామ\nతరుణి నీవేగి యిచటికి తాడిమళ్ళ\nరాజగోపాలు దేగదే రాజవదన.	true	నీవు కోరిన కోర్కెలు నిత్యముగను\nసఫలమాయెను బోగదే సత్యభామ\nతరుణి నీవేగి యిచటికి తాడిమళ్ళ\nరాజగోపాలు దేగదే రాజవదన.	[]	[]														pdy-r-00575		
pdy-seesamu-0529	seesamu	upajaathi	""	test	వాదించుచును నీవు వద్దను గూర్చుండి తగులాట బెట్టుట తగవూగాదు\nవారు వీరనుకొన్న వట్టిమాటలగూర్చి చాడీలు చెప్పుట సమముగాదు\nచిన్నవాడవుగాదు తన్నులాడించను బాల్యమా యిది నీకు బాగుగాదు\nపదియేండ్లలోపల బాలుడవై యుండి గోవర్ధనాద్రిని గొడుగుగాను	false	వాదించుచును నీవు వద్దను గూర్చుండి తగులాట బెట్టుట తగవుగాదు\nవారు వీరనుకొన్న వట్టిమాటలగూర్చి చాడీలు చెప్పుట సమముగాదు\nచిన్నవాడవుగాదు తన్నులాడించను బాల్యమా యిది నీకు బాగుగాదు\nపదియేండ్లలోపల బాలుడవై యుండి గోవర్ధనాద్రిని గొడుగుగాను	["seq"]	["seq"]	52	ు	ూ	lengthen	0	22	తగవూగాదు	false	1	2	20	||U	["త","గ","వూ"]	pdy-r-00576		
pdy-teytageethi-0529	teytageethi	upajaathi	""	train	బట్టి గోగోపకుల వెతల్పెట్టినావు\nసురవరుడూ ఱాళ్ళవానను గురియు తరిని\nతరుణి నీవేగి యిచటికి తాడిమళ్ళ\nరాజగోపాలు దేగదే రాజవదన.	false	బట్టి గోగోపకుల వెతల్పెట్టినావు\nసురవరుడు ఱాళ్ళవానను గురియు తరిని\nతరుణి నీవేగి యిచటికి తాడిమళ్ళ\nరాజగోపాలు దేగదే రాజవదన.	["seq"]	["seq"]	38	ు	ూ	lengthen	1	4	సురవరుడూ	false	1	1	16	|UU|	["రు","డూ","ఱా","ళ్ళ"]	pdy-r-00577		
pdy-seesamu-0531	seesamu	upajaathi	""	train	ఆవతారమెత్తుచు హతము సేయుటగాని గొనసాగనీయవు గొల్లబిరుదు\nవంచించి మరి గొల్లవారల నందఱ చిక్కుబెట్టుచు నీవు చెలగినావు\nబలిచక్రవర్తిని బంధించితివిగాని పాపమెఱుంగవు పడుచవగుచు\nసుఖము నెరుంగగా సూటివౌదువెకాని బిరుదైన చక్కని పేరు గనవు	false	అవతారమెత్తుచు హతము సేయుటగాని గొనసాగనీయవు గొల్లబిరుదు\nవంచించి మరి గొల్లవారల నందఱ చిక్కుబెట్టుచు నీవు చెలగినావు\nబలిచక్రవర్తిని బంధించితివిగాని పాపమెఱుంగవు పడుచవగుచు\nసుఖము నెరుంగగా సూటివౌదువెకాని బిరుదైన చక్కని పేరు గనవు	["seq"]	["seq"]	0	అ	ఆ	lengthen	0	0	ఆవతారమెత్తుచు	false	0	1	3	|U||	["ర","మె","త్తు","చు"]	pdy-r-00578		
pdy-seesamu-0535	seesamu	upajaathi	""	test	రహి లక్ష్మణుండను రాజును గాపిడి సీతను చెరసాల చేసివావూ\nమారీచుడని నీవు మర్మంబుగానక గాసిల్ల నమ్మున నేసినావు\nహా లక్ష్మణా యని యా మృగంబటు గూయ వడిగ నీకోసమె వచ్చినాడు\nరథమెక్కి యత్తరి రావణుం డరుదెంచి సీతను భీతిల్లజేసినాడు	false	రహి లక్ష్మణుండను రాజును గాపిడి సీతను చెరసాల చేసివావు\nమారీచుడని నీవు మర్మంబుగానక గాసిల్ల నమ్మున నేసినావు\nహా లక్ష్మణా యని యా మృగంబటు గూయ వడిగ నీకోసమె వచ్చినాడు\nరథమెక్కి యత్తరి రావణుం డరుదెంచి సీతను భీతిల్లజేసినాడు	["card","seq"]	["card","corr","seq"]	51	ు	ూ	lengthen	0	23	చేసివావూ	false	1	3	22	UUU	["వా","వూ","మా"]	pdy-r-00579		
pdy-teytageethi-0535	teytageethi	upajaathi	""	train	యింత నగుబాటువాఁడవు సంతసమునఁ\nబ్రజ్ఞలాడెదు నాయొద్ద ప్రకటితముగ\nతరుణి నివేగి యిచటికి తాడిమళ్ళ\nరాజగోపాలు దేగదే రాజవదన.	false	యింత నగుబాటువాఁడవు సంతసమునఁ\nబ్రజ్ఞలాడెదు నాయొద్ద ప్రకటితముగ\nతరుణి నీవేగి యిచటికి తాడిమళ్ళ\nరాజగోపాలు దేగదే రాజవదన.	["seq"]	["corr","seq"]	67	ీ	ి	shorten	2	3	నివేగి	false	2	1	31	|U||	["ని","వే","గి","యి"]	pdy-r-00580		
pdy-seesamu-0538	seesamu	upajaathi	""	train	చెంగల్వకొలనిలో శృంగారసతులెల్ల జలక్రీడలాడిన జాడ గంటి\nసిగ్గులేకను బట్టుచీరలన్నియు విప్పిపెట్టిన జాడ నేనట్టె గంటి\nమగువరోయా చీరమడతలన్నియు గొని చెలియరో యా పొన్నచెట్ల నిడితి\nభామఅందఱు గూడి బట్టబైలను నిల్చి ముమ్మారు మ్రొక్కిరి ముద్దుగానూ	false	చెంగల్వకొలనిలో శృంగారసతులెల్ల జలక్రీడలాడిన జాడ గంటి\nసిగ్గులేకను బట్టుచీరలన్నియు విప్పిపెట్టిన జాడ నేనట్టె గంటి\nమగువరోయా చీరమడతలన్నియు గొని చెలియరో యా పొన్నచెట్ల నిడితి\nభామఅందఱు గూడి బట్టబైలను నిల్చి ముమ్మారు మ్రొక్కిరి ముద్దుగాను	["seq"]	["seq"]	228	ు	ూ	lengthen	3	23	ముద్దుగానూ	false	7	3	98	UU	["గా","నూ"]	pdy-r-00581		
pdy-teytageethi-0541	teytageethi	upajaathi	""	train	గాన నీదు ప్రభావముఁ గానఁబడియె\nమర్మమెఱిగితి ని కీర్తిమహిమఁ గంటి\nతగవులన్నియు మనమధ్య తాడిమళ్ళ\nరాజగోపాల రావయ్య రమణి గూడ.	false	గాన నీదు ప్రభావముఁ గానఁబడియె\nమర్మమెఱిగితి నీ కీర్తిమహిమఁ గంటి\nతగవులన్నియు మనమధ్య తాడిమళ్ళ\nరాజగోపాల రావయ్య రమణి గూడ.	["seq"]	["corr","seq"]	43	ీ	ి	shorten	1	6	ని	true	1	2	19	|U||	["ని","కీ","ర్తి","మ"]	pdy-r-00582		
pdy-seesamu-0547	seesamu	upajaathi	""	train	నిర్మింపగలవాడు నీలుఁడుండఁగ గదా వారిధి బంధించి వచ్చినావు\nబడలికచె నిద్ర భ్రమసియుండఁగ గదా కుంభకర్ణుని నేల గూల్చినావు\nదైవగతికి దప్పు దనుజులనందఱ సంహరించను నీవు చాలినావు\nయింతటివాఁడవై యింద్రజిత్తుని నాగపాశముచే జిక్కి బడలినావు	false	నిర్మింపగలవాడు నీలుఁడుండఁగ గదా వారిధి బంధించి వచ్చినావు\nబడలికచే నిద్ర భ్రమసియుండఁగ గదా కుంభకర్ణుని నేల గూల్చినావు\nదైవగతికి దప్పు దనుజులనందఱ సంహరించను నీవు చాలినావు\nయింతటివాఁడవై యింద్రజిత్తుని నాగపాశముచే జిక్కి బడలినావు	["seq"]	["corr","seq"]	62	ే	ె	shorten	1	4	బడలికచె	false	2	3	36	||UU	["గ","గ","దా","కుం"]	pdy-r-00583		
pdy-seesamu-0548	seesamu	upajaathi	""	train	మగూవరో కాళిందిమడువులోపల గ్రుంకి ఫణిగర్వ మే నెడబాపినాను\nవనిత నరయబోయి వాలి నా క్షణమందు గురిబెట్టి దెబ్బను గూల్చినాను\nవనజాక్షిరో ఱాళ్ళవానలు గురియగా బలుకొండ గొడుగుగా బట్టినాను\nపశువులతో చిన్నిబాలుఁడనయియుండి గోవుల పాల్వెన్న గ్రోలినాను	false	మగువరో కాళిందిమడువులోపల గ్రుంకి ఫణిగర్వ మే నెడబాపినాను\nవనిత నరయబోయి వాలి నా క్షణమందు గురిబెట్టి దెబ్బను గూల్చినాను\nవనజాక్షిరో ఱాళ్ళవానలు గురియగా బలుకొండ గొడుగుగా బట్టినాను\nపశువులతో చిన్నిబాలుఁడనయియుండి గోవుల పాల్వెన్న గ్రోలినాను	["seq"]	["seq"]	2	ు	ూ	lengthen	0	1	మగూవరో	false	0	0	0	|U|U	["మ","గూ","వ","రో"]	pdy-r-00584		
pdy-seesamu-0549	seesamu	upajaathi	""	train	చెలగుచు నీ వొక్క చెట్టుచాటుననుండి వాలిని నేయుట వరుస గాదు\nఊరక పడియున్న యురగంబుపై నీవు పాదంబు మోపుట ప్రజ్ఞ గాదు\nవానకోసము నీవు వలీ బట్టియుండగా బర్వతమెత్తుట బరువు గాదు\nమందగొల్లలతోన బొందుగా మెలఁగుచు బాలన్ని గ్రోలుట లీల గాదు	false	చెలగుచు నీ వొక్క చెట్టుచాటుననుండి వాలిని నేయుట వరుస గాదు\nఊరక పడియున్న యురగంబుపై నీవు పాదంబు మోపుట ప్రజ్ఞ గాదు\nవానకోసము నీవు వలి బట్టియుండగా బర్వతమెత్తుట బరువు గాదు\nమందగొల్లలతోన బొందుగా మెలఁగుచు బాలన్ని గ్రోలుట లీల గాదు	["seq"]	["seq"]	126	ి	ీ	lengthen	2	8	వలీ	false	4	2	56	|UU|	["వ","లీ","బ","ట్టి"]	pdy-r-00585		
pdy-teytageethi-0549	teytageethi	upajaathi	""	train	గాన నీయొక్క ప్రజ్ఞలు గట్టిపెట్టి\nరాజసముతోడ నుండుడు తేజమలర\nతగవులున్నది మనమధ్య తాడిమళ్ళ\nరాజగోపాల రావయ్య రమణి గూడ.	true	గాన నీయొక్క ప్రజ్ఞలు గట్టిపెట్టి\nరాజసముతోడ నుండుడు తేజమలర\nతగవులున్నది మనమధ్య తాడిమళ్ళ\nరాజగోపాల రావయ్య రమణి గూడ.	[]	[]														pdy-r-00586		
pdy-teytageethi-0556	teytageethi	upajaathi	""	train	మదనశతకోటిలావణ్యమహీతుడైన\nచిన్నికృష్ణుని దేరమ్మ చెలియలార\nమన్మథుని గన్న శ్రీతాడిమళ్ళవాస\nరాజగోపాల రావన్న రమణి గూడ.	false	మదనశతకోటిలావణ్యమహితుడైన\nచిన్నికృష్ణుని దేరమ్మ చెలియలార\nమన్మథుని గన్న శ్రీతాడిమళ్ళవాస\nరాజగోపాల రావన్న రమణి గూడ.	["seq"]	["seq"]	17	ి	ీ	lengthen	0	11	మదనశతకోటిలావణ్యమహీతుడైన	false	0	3	10	|U|	["మ","హీ","తు"]	pdy-r-00587		
pdy-teytageethi-0557	teytageethi	upajaathi	""	train	కమలనాభుండ నామీదఁ గరుణయుంచి\nవేగ నిను రమ్మనుచు విన్నవించెనన్న\nతరుణీ నీవేగి యిచటికి తాడిమళ్ళ\nరాజగోపాలు దేగదే రాజవదన.	false	కమలనాభుండ నామీదఁ గరుణయుంచి\nవేగ నిను రమ్మనుచు విన్నవించెనన్న\nతరుణి నీవేగి యిచటికి తాడిమళ్ళ\nరాజగోపాలు దేగదే రాజవదన.	["seq"]	["seq"]	64	ి	ీ	lengthen	2	2	తరుణీ	true	2	0	28	||U	["త","రు","ణీ"]	pdy-r-00588		
pdy-teytageethi-0560	teytageethi	upajaathi	""	train	నిత్యమును నిన్ను బ్రార్థింతు నీలవర్ణ\nనాదు కోరిక లీడేర్చు నళీననాభ\nతరుణి నీవేగి యిచటికి తాడిమళ్ళ\nరాజగోపాలు దేగదే రాజవదన.	false	నిత్యమును నిన్ను బ్రార్థింతు నీలవర్ణ\nనాదు కోరిక లీడేర్చు నళిననాభ\nతరుణి నీవేగి యిచటికి తాడిమళ్ళ\nరాజగోపాలు దేగదే రాజవదన.	["seq"]	["seq"]	59	ి	ీ	lengthen	1	9	నళీననాభ	false	1	3	21	|U|	["న","ళీ","న"]	pdy-r-00589		
pdy-teytageethi-0561	teytageethi	upajaathi	""	dev	వందనము నీకు సతతము యిందిరేశ\nనందనందన శ్రిధర కుందరదన\nతరుణి నీవేగి యిచటికి తాడిమళ్ళ\nరాజగోపాలు దేగదే రాజవదన.	false	వందనము నీకు సతతము యిందిరేశ\nనందనందన శ్రీధర కుందరదన\nతరుణి నీవేగి యిచటికి తాడిమళ్ళ\nరాజగోపాలు దేగదే రాజవదన.	["seq"]	["corr","seq"]	38	ీ	ి	shorten	1	5	శ్రిధర	false	2	0	29	|UU	["ణి","నీ","వే"]	pdy-r-00590		
pdy-aataveladi-0001	aataveladi	upajaathi	""	train	వేమననగ యోగి వెలసె లోకములోనఁ\nబూజలిడుఁడూ, పుణ్య పురుషులార\nపూజలిడిన యంత, భుక్తి ముక్తుల నిచ్చు\nవిశ్వదాభిరామ వినర వేమ.	false	వేమననగ యోగి వెలసె లోకములోనఁ\nబూజలిడుఁడు, పుణ్య పురుషులార\nపూజలిడిన యంత, భుక్తి ముక్తుల నిచ్చు\nవిశ్వదాభిరామ వినర వేమ.	["seq"]	["seq"]	37	ు	ూ	lengthen	1	4	బూజలిడుఁడూ	false	1	1	17	||U	["లి","డు","డూ"]	pdy-r-00591		
pdy-aataveladi-0003	aataveladi	upajaathi	""	train	ఆత్మశుద్ధి లేని యాచారమది యేల\nభాండ శుద్ధి లేని పాక మేల\nచిత్త శుద్ధి లేని శివపూజ లేలరా\nవిశ్వదాభిరామ వినర వేమ.	true	ఆత్మశుద్ధి లేని యాచారమది యేల\nభాండ శుద్ధి లేని పాక మేల\nచిత్త శుద్ధి లేని శివపూజ లేలరా\nవిశ్వదాభిరామ వినర వేమ.	[]	[]														pdy-r-00592		
pdy-aataveladi-0004	aataveladi	upajaathi	""	train	నిక్కమైన మంచి నిల మొక్కటి చాలు\nతళుకు బెళుకు రాళ్లు తట్టె డేల?\nచదువఁ బద్య మరయఁ జాలదా యొక్కటి\nవిశ్వదాభిరామ వినర వేమ.	false	నిక్కమైన మంచి నీల మొక్కటి చాలు\nతళుకు బెళుకు రాళ్లు తట్టె డేల?\nచదువఁ బద్య మరయఁ జాలదా యొక్కటి\nవిశ్వదాభిరామ వినర వేమ.	["seq"]	["corr","seq"]	15	ీ	ి	shorten	0	6	నిల	true	0	4	10	|U||	["టి","చా","లు","త"]	pdy-r-00593		
pdy-aataveladi-0009	aataveladi	upajaathi	""	train	పెట్టి పోయ లేని వట్టి నరులు భూమి\nపుట్ట నేమి? వారూ గిట్ట నేమి?\nపుట్టలోనఁ జెదలు పుట్టదా గిట్టదా?\nవిశ్వదాభిరామ వినర వేమ.	false	పెట్టి పోయ లేని వట్టి నరులు భూమి\nపుట్ట నేమి? వారు గిట్ట నేమి?\nపుట్టలోనఁ జెదలు పుట్టదా గిట్టదా?\nవిశ్వదాభిరామ వినర వేమ.	["seq"]	["corr","seq"]	48	ు	ూ	lengthen	1	5	వారూ	false	1	2	17	UUU	["వా","రూ","గి"]	pdy-r-00594		
pdy-aataveladi-0010	aataveladi	upajaathi	""	train	తాము గన్న వారు తముఁ గన్న వారును\nచచ్చు టెల్ల, తమకు సాక్షి గాదే?\nబ్రతుకు టెల్ల తమకు బ్రహ్మ కల్పంబులా?\nవిశ్వదాభిరామ వినర వేమ.	false	తాము గన్న వారు తముఁ గన్న వారును\nచచ్చు టెల్ల, తమకు సాక్షి గాదె?\nబ్రతుకు టెల్ల తమకు బ్రహ్మ కల్పంబులా?\nవిశ్వదాభిరామ వినర వేమ.	["seq"]	["corr","seq"]	60	ె	ే	lengthen	1	10	గాదే	true	1	4	22	UU|	["గా","దే","బ్ర"]	pdy-r-00595		
pdy-aataveladi-0012	aataveladi	upajaathi	""	dev	కుటికి నెడఁ బాసి కూర్చున్న మనుజుఁడు\nవెలఁదులఁ గనుగొన్న వెతలఁ జిక్కు\nచెలఁగి యగ్నిఁ జూచు శలభంబు చాడ్పున\nవిశ్వదాభిరామ వినర వేమ.	false	కూటికి నెడఁ బాసి కూర్చున్న మనుజుఁడు\nవెలఁదులఁ గనుగొన్న వెతలఁ జిక్కు\nచెలఁగి యగ్నిఁ జూచు శలభంబు చాడ్పున\nవిశ్వదాభిరామ వినర వేమ.	["seq"]	["corr","seq"]	1	ూ	ు	shorten	0	0	కుటికి	false	0	1	3	||U	["నె","డ","బా"]	pdy-r-00596		
pdy-aataveladi-0013	aataveladi	upajaathi	""	train	కసువుఁ బసికిఁజేసె, గాలి ఫణికిఁ జేసె;\nమన్నెఱలకుఁ జేసె, మఱవ కెట్లూ;\nకుంభిని జనులకును కూడట్లు చేసెరా\nవిశ్వదాభిరామ వినర వేమ.	false	కసువుఁ బసికిఁజేసె, గాలి ఫణికిఁ జేసె;\nమన్నెఱలకుఁ జేసె, మఱవ కెట్లు;\nకుంభిని జనులకును కూడట్లు చేసెరా\nవిశ్వదాభిరామ వినర వేమ.	["seq"]	["corr","seq"]	63	ు	ూ	lengthen	1	11	కెట్లూ	false	1	4	25	UUU	["కె","ట్లూ","కుం"]	pdy-r-00597		
pdy-aataveladi-0017	aataveladi	upajaathi	""	test	జీవి పోక ముందె జీవ వస్తువు లిచ్చి\nజీవి నిలుప వలయు జీవనముగ\nజీవి తొలఁగు వెనుక జీవ వస్తువూ లేల?\nవిశ్వదాభిరామ వినర వేమ.	false	జీవి పోక ముందె జీవ వస్తువు లిచ్చి\nజీవి నిలుప వలయు జీవనముగ\nజీవి తొలఁగు వెనుక జీవ వస్తువు లేల?\nవిశ్వదాభిరామ వినర వేమ.	["seq"]	["seq"]	86	ు	ూ	lengthen	2	12	వస్తువూ	false	2	4	37	|UU|	["స్తు","వూ","లే","ల"]	pdy-r-00598		
pdy-kandamu-0535	kandamu	jaathi	""	train	తన మదిఁ గపటము గలిగిన\nతనవలెనే కపట ముండు, తగ జీవులకు\nన్‌ తన మది కపటము విడిచినఁ\nదన కెవ్వడు కపటి లెఁడు ధరలో వేమా!	false	తన మదిఁ గపటము గలిగిన\nతనవలెనే కపట ముండు, తగ జీవులకు\nన్‌ తన మది కపటము విడిచినఁ\nదన కెవ్వడు కపటి లేఁడు ధరలో వేమా!	["seq"]	["corr","seq"]	94	ే	ె	shorten	3	8	లెఁడు	false	3	3	51	|UUU	["ర","లో","వే","మా"]	pdy-r-00599		
pdy-aataveladi-0026	aataveladi	upajaathi	""	test	కులము లొ నొకండు గుణవంతు డుండెనా\nకులము వెలయు వాని గుణముచేత\nవెలయ వనము లోన మలయజంబున్నట్లు\nవిశ్వదాభిరామ వినర వేమ.	false	కులము లో నొకండు గుణవంతు డుండెనా\nకులము వెలయు వాని గుణముచేత\nవెలయ వనము లోన మలయజంబున్నట్లు\nవిశ్వదాభిరామ వినర వేమ.	["seq"]	["corr","seq"]	7	ో	ొ	shorten	0	3	లొ	true	0	1	3	||U	["లొ","నొ","కం"]	pdy-r-00600		
pdy-aataveladi-0031	aataveladi	upajaathi	""	dev	గంగ పారు చుండు కదలని గతి తోడ\nమూఱికి కాల్వ పారు మ్రోఁత తోడ\nదాత యోర్చునట్లధము డోర్వఁగా లేఁడు\nవిశ్వదాభిరామ వినర వేమ.	false	గంగ పారు చుండు కదలని గతి తోడ\nముఱికి కాల్వ పారు మ్రోఁత తోడ\nదాత యోర్చునట్లధము డోర్వఁగా లేఁడు\nవిశ్వదాభిరామ వినర వేమ.	["seq"]	["seq"]	30	ు	ూ	lengthen	1	0	మూఱికి	false	1	1	16	|U|	["కి","కా","ల్వ"]	pdy-r-00601		
pdy-aataveladi-0033	aataveladi	upajaathi	""	train	పిసిని వానీ యింట పీనుఁగు వెడలిన\nకట్ట కోలలకును కాసు లిచ్చి\nవెచ్చ మాయె నంచు వెక్కి వెక్కేడ్చురా\nవిశ్వదాభిరామ వినర వేమ.	false	పిసిని వాని యింట పీనుఁగు వెడలిన\nకట్ట కోలలకును కాసు లిచ్చి\nవెచ్చ మాయె నంచు వెక్కి వెక్కేడ్చురా\nవిశ్వదాభిరామ వినర వేమ.	["seq"]	["corr","seq"]	10	ి	ీ	lengthen	0	4	వానీ	false	0	1	3	UUU	["వా","నీ","యిం"]	pdy-r-00602		
pdy-aataveladi-0034	aataveladi	upajaathi	""	train	కష్ట లోభి వాని కలీమికి నాశించి\nబడుగు వాఁడు దిరిగి పరిణమించు\nతగరు వెంట నక్క దగిలిన చందంబు\nవిశ్వదాభిరామ వినర వేమ.	false	కష్ట లోభి వాని కలిమికి నాశించి\nబడుగు వాఁడు దిరిగి పరిణమించు\nతగరు వెంట నక్క దగిలిన చందంబు\nవిశ్వదాభిరామ వినర వేమ.	["seq"]	["seq"]	17	ి	ీ	lengthen	0	7	కలీమికి	false	0	3	6	|U||	["క","లీ","మి","కి"]	pdy-r-00603		
pdy-aataveladi-0036	aataveladi	upajaathi	""	train	మాట లెల్ల కల్ల, మన సెల్ల దొంగకె\nనేటి ప్రాణ మింక నేటి బ్రతుకు?\nమాట సత్యమైన మఱీ శతాయుష్యంబు\nవిశ్వదాభిరామ వినర వేమ.	false	మాట లెల్ల కల్ల, మన సెల్ల దొంగకె\nనేటి ప్రాణ మింక నేటి బ్రతుకు?\nమాట సత్యమైన మఱి శతాయుష్యంబు\nవిశ్వదాభిరామ వినర వేమ.	["seq"]	["seq"]	76	ి	ీ	lengthen	2	7	మఱీ	false	2	3	30	|U|U	["మ","ఱీ","శ","తా"]	pdy-r-00604		
pdy-aataveladi-0037	aataveladi	upajaathi	""	train	కలిమి నాఁడు నరుఁడు కానఁడు మదమున\nలేమి నాఁడు మొదలె లేదు పెట్టఁ\nగలిమి లేమి లేని కాలంబు గలుగునా?\nవిశ్వదాభిరామ వినర వెమ.	false	కలిమి నాఁడు నరుఁడు కానఁడు మదమున\nలేమి నాఁడు మొదలె లేదు పెట్టఁ\nగలిమి లేమి లేని కాలంబు గలుగునా?\nవిశ్వదాభిరామ వినర వేమ.	["seq"]	["seq"]	112	ే	ె	shorten	3	9	వెమ	false	3	4	49	||	["వె","మ"]	pdy-r-00605		
pdy-aataveladi-0039	aataveladi	upajaathi	""	train	తీర్ప నార్ప లేని తీర్పరితన మేల?\nకూర్ప విప్ప లేనీ నేర్ప దేల?\nపెట్టి పొయ్య లేని వట్టి బీరము లేల?\nవిశ్వదాభిరామ వినర వేమ.	false	తీర్ప నార్ప లేని తీర్పరితన మేల?\nకూర్ప విప్ప లేని నేర్ప దేల?\nపెట్టి పొయ్య లేని వట్టి బీరము లేల?\nవిశ్వదాభిరామ వినర వేమ.	["seq"]	["corr","seq"]	47	ి	ీ	lengthen	1	5	లేనీ	false	1	2	17	UUU	["లే","నీ","నే"]	pdy-r-00606		
pdy-aataveladi-0040	aataveladi	upajaathi	""	train	తాను గుడువలేఁడు, తగ వేది యాప్తుల\nజేర నివ్వఁడ ట్టి చెనటి గోవు\nచేని లోన బొమ్మఁ జేసి కట్టిన యట్లు\nవిశ్వదాభిరామ వినర వేమ.	true	తాను గుడువలేఁడు, తగ వేది యాప్తుల\nజేర నివ్వఁడ ట్టి చెనటి గోవు\nచేని లోన బొమ్మఁ జేసి కట్టిన యట్లు\nవిశ్వదాభిరామ వినర వేమ.	[]	[]														pdy-r-00607		
pdy-aataveladi-0042	aataveladi	upajaathi	""	train	చమురు గలుగు దివ్వె సరవితో మండును\nచమురు లేని దివ్వె సమసి పోవు\nతనువు తీఱె నేనీ తలపు తోడనె తీరు\nవిశ్వదాభిరామ వినర వేమ.	false	చమురు గలుగు దివ్వె సరవితో మండును\nచమురు లేని దివ్వె సమసి పోవు\nతనువు తీఱె నేని తలపు తోడనె తీరు\nవిశ్వదాభిరామ వినర వేమ.	["seq"]	["corr","seq"]	75	ి	ీ	lengthen	2	6	నేనీ	true	2	2	32	UU|	["నే","నీ","త"]	pdy-r-00608		
pdy-aataveladi-0043	aataveladi	upajaathi	""	test	భూపతి కృప నమ్మి భూమి జెఱుచు వాఁడు\nప్రజల యుసురు దాకి పడును పిదప\nయెగర వేయ బంతీ యెందాక నిల్చురా\nవిశ్వదాభిరామ వినర వేమ.	false	భూపతి కృప నమ్మి భూమి జెఱుచు వాఁడు\nప్రజల యుసురు దాకి పడును పిదప\nయెగర వేయ బంతి యెందాక నిల్చురా\nవిశ్వదాభిరామ వినర వేమ.	["seq"]	["corr","seq"]	75	ి	ీ	lengthen	2	6	బంతీ	false	2	2	33	UUU	["బం","తీ","యెం"]	pdy-r-00609		
pdy-aataveladi-0049	aataveladi	upajaathi	""	train	ఇనుము విఱిగె నేనీ యినుమాఱు ముమ్మాఱు\nకాచియతుక నేర్చు కమ్మరీడు\nమనసు విఱిగెనేని మఱియంట నేర్చునా?\nవిశ్వదాభిరామ వినర వేమ.	false	ఇనుము విఱిగె నేని యినుమాఱు ముమ్మాఱు\nకాచియతుక నేర్చు కమ్మరీడు\nమనసు విఱిగెనేని మఱియంట నేర్చునా?\nవిశ్వదాభిరామ వినర వేమ.	["seq"]	["corr","seq"]	16	ి	ీ	lengthen	0	7	నేనీ	true	0	2	6	UU|	["నే","నీ","యి"]	pdy-r-00610		
pdy-kandamu-0536	kandamu	jaathi	""	test	పరనారి దూరగుడై\nపరధనముల కాసపడక పరహితదారై\nపరులలిగిన దానలుగక\nపరులెన్నగ బ్రతుకువాఁడు ప్రాజ్ఞుఁడు వేమా.	false	పరనారీ దూరగుడై\nపరధనముల కాసపడక పరహితదారై\nపరులలిగిన దానలుగక\nపరులెన్నగ బ్రతుకువాఁడు ప్రాజ్ఞుఁడు వేమా.	["seq"]	["corr","seq"]	5	ీ	ి	shorten	0	3	పరనారి	false	0	2	6	|U||	["గు","డై","ప","ర"]	pdy-r-00611		
pdy-aataveladi-0051	aataveladi	upajaathi	""	dev	బొంది యెవరిసొమ్ము పోషింపఁ బలుమారు\nప్రాణ మెవరిసొమ్ము భక్తిసేయ\nధనమ దెవరి సొమ్ము ధర్మమే తనసొమ్ము\nవిశ్వదాభిరామ వినర వేమ.	true	బొంది యెవరిసొమ్ము పోషింపఁ బలుమారు\nప్రాణ మెవరిసొమ్ము భక్తిసేయ\nధనమ దెవరి సొమ్ము ధర్మమే తనసొమ్ము\nవిశ్వదాభిరామ వినర వేమ.	[]	[]														pdy-r-00612		
pdy-aataveladi-0052	aataveladi	upajaathi	""	train	నమశివ యనవచ్చు నారాయ ణనవచ్చు\nమేలువారి నమ్మి మెచ్చవచ్చు\nకొంగుకాసు విడిచి గొబ్బున నీరాదు\nవిశ్వదాభిరామ వినర వేమ.	true	నమశివ యనవచ్చు నారాయ ణనవచ్చు\nమేలువారి నమ్మి మెచ్చవచ్చు\nకొంగుకాసు విడిచి గొబ్బున నీరాదు\nవిశ్వదాభిరామ వినర వేమ.	[]	[]														pdy-r-00613		
pdy-aataveladi-0053	aataveladi	upajaathi	""	test	మేడిపండు చూడ మెలిమైయుండును\nబొట్టవిచ్చి చూడఁ బురుగులుండుఁ\nబెరుకువాని మదిని బింక మీలాగురా\nవిశ్వదాభిరామ వినర వేమ.	false	మేడిపండు చూడ మేలిమైయుండును\nబొట్టవిచ్చి చూడఁ బురుగులుండుఁ\nబెరుకువాని మదిని బింక మీలాగురా\nవిశ్వదాభిరామ వినర వేమ.	["seq"]	["corr","seq"]	14	ే	ె	shorten	0	6	మెలిమైయుండును	false	0	3	6	||UU	["మె","లి","మై","యుం"]	pdy-r-00614		
pdy-aataveladi-0054	aataveladi	upajaathi	""	dev	ఉసురు లేనితిత్తి యీసుమంత నూదిన\nపంచలోహములును భస్మమౌను\nపెద్ద లుసురుమన్న పెనుమంట లెగయవా\nవిశ్వదాభిరామ వినర వేమ.	false	ఉసురు లేనితిత్తి యిసుమంత నూదిన\nపంచలోహములును భస్మమౌను\nపెద్ద లుసురుమన్న పెనుమంట లెగయవా\nవిశ్వదాభిరామ వినర వేమ.	["seq"]	["corr","seq"]	18	ి	ీ	lengthen	0	7	యీసుమంత	false	0	4	10	|U||	["త","నూ","ది","న"]	pdy-r-00615		
pdy-kandamu-0538	kandamu	jaathi	""	train	మందుదినఁ బోటు మానును\nమందూ దినగ జేయఁ బొలఁతి మహిలో వలచు\nన్‌ మందుదిన కుదురు రోగము\nమందుదినం గలదు పుష్టి మహిలో వేమా.	false	మందుదినఁ బోటు మానును\nమందు దినగ జేయఁ బొలఁతి మహిలో వలచు\nన్‌ మందుదిన కుదురు రోగము\nమందుదినం గలదు పుష్టి మహిలో వేమా.	["seq"]	["seq"]	24	ు	ూ	lengthen	1	1	మందూ	true	1	1	11	|||U	["ది","న","గ","జే"]	pdy-r-00616		
pdy-aataveladi-0057	aataveladi	upajaathi	""	train	కూలినాలిచేసి గుల్లాముపనిచేసి\nతెచ్చిపెట్ట నాలు మెచ్చనేర్చు\nలెమిఁజిక్కువిభుని వేమాఱు దిట్టును\nవిశ్వదాభిరామ వినర వేమ.	false	కూలినాలిచేసి గుల్లాముపనిచేసి\nతెచ్చిపెట్ట నాలు మెచ్చనేర్చు\nలేమిఁజిక్కువిభుని వేమాఱు దిట్టును\nవిశ్వదాభిరామ వినర వేమ.	["seq"]	["corr","seq"]	59	ే	ె	shorten	2	0	లెమిఁజిక్కువిభుని	false	2	0	23	||U	["లె","మి","జి"]	pdy-r-00617		
pdy-kandamu-0540	kandamu	jaathi	""	train	తన గూణము తనకు నుండఁగ\nనెనయంగా నొరునిగుణము నెంచును మదిలో\nతన గుణముఁదాను దెలియక\nపనరి యొరుని ననెడువాఁడు భ్రష్టుఁడు వేమా.	false	తన గుణము తనకు నుండఁగ\nనెనయంగా నొరునిగుణము నెంచును మదిలో\nతన గుణముఁదాను దెలియక\nపనరి యొరుని ననెడువాఁడు భ్రష్టుఁడు వేమా.	["seq"]	["seq"]	4	ు	ూ	lengthen	0	2	గూణము	false	0	2	7	|U||	["కు","నుం","డ","గ"]	pdy-r-00618		
pdy-aataveladi-0059	aataveladi	upajaathi	""	train	తావసించుచోటఁ దగనల్గు డాయెనా\nసౌఖ్యభూమి కపుడు జరుగవలయు\nకొలఁకు లింకెనేని కొంగ లందుండునా\nవిశ్వదాభిరామ వినర వేమ.	true	తావసించుచోటఁ దగనల్గు డాయెనా\nసౌఖ్యభూమి కపుడు జరుగవలయు\nకొలఁకు లింకెనేని కొంగ లందుండునా\nవిశ్వదాభిరామ వినర వేమ.	[]	[]														pdy-r-00619		
pdy-aataveladi-0069	aataveladi	upajaathi	""	train	తత్వ మెఱూఁగువాడు దైవంబు నెఱుఁగును\nసర్వసారములను జావఁ జేయు\nకదళిమ్రింగునట్లు గరళంబు మ్రింగునా\nవిశ్వదాభిరామ వినర వేమ.	false	తత్వ మెఱుఁగువాడు దైవంబు నెఱుఁగును\nసర్వసారములను జావఁ జేయు\nకదళిమ్రింగునట్లు గరళంబు మ్రింగునా\nవిశ్వదాభిరామ వినర వేమ.	["seq"]	["seq"]	8	ు	ూ	lengthen	0	3	మెఱూఁగువాడు	false	0	1	2	|U|	["మె","ఱూ","గు"]	pdy-r-00620		
pdy-aataveladi-0075	aataveladi	upajaathi	""	test	కుండ పగిలెనేని క్రొత్తది కొనవచ్చు\nభూతలంబునందు బొందుగాను\nకూలబడిన నరూఁడు కుదురుట యరుదయా\nవిశ్వదాభిరామ వినర వేమ.	false	కుండ పగిలెనేని క్రొత్తది కొనవచ్చు\nభూతలంబునందు బొందుగాను\nకూలబడిన నరుఁడు కుదురుట యరుదయా\nవిశ్వదాభిరామ వినర వేమ.	["seq"]	["seq"]	66	ు	ూ	lengthen	2	6	నరూఁడు	false	2	2	29	|U|	["న","రూ","డు"]	pdy-r-00621		
pdy-aataveladi-0080	aataveladi	upajaathi	""	train	దొంగమాటలాడ దొరుకునె మోక్షంబు\nచేతగానికూత చెల్ల దెపుడు\nగురూవుపద్దు గాదు గుణహీన మగుఁగాక\nవిశ్వదాభిరామ వినర వేమ.	false	దొంగమాటలాడ దొరుకునె మోక్షంబు\nచేతగానికూత చెల్ల దెపుడు\nగురువుపద్దు గాదు గుణహీన మగుఁగాక\nవిశ్వదాభిరామ వినర వేమ.	["seq"]	["seq"]	56	ు	ూ	lengthen	2	1	గురూవుపద్దు	false	2	0	24	|U|	["గు","రూ","వు"]	pdy-r-00622		
pdy-aataveladi-0082	aataveladi	upajaathi	""	train	మంటలోహమునలు మ్రాను చీలలయందు\nపటముగోడలందూఁ బరగ నిసుక\nబెట్టనంటునట్ల పెనఁగు దేహముజీవి\nవిశ్వదాభిరామ వినర వేమ.	false	మంటలోహమునలు మ్రాను చీలలయందు\nపటముగోడలందుఁ బరగ నిసుక\nబెట్టనంటునట్ల పెనఁగు దేహముజీవి\nవిశ్వదాభిరామ వినర వేమ.	["seq"]	["corr","seq"]	38	ు	ూ	lengthen	1	6	పటముగోడలందూఁ	false	1	2	19	UU|	["లం","దూ","బ"]	pdy-r-00623		
pdy-aataveladi-0085	aataveladi	upajaathi	""	train	స్థూలము కనుగ్రుడ్డు సూక్ష్మంబు కన్పాప\nకంటిపాప నుండు కారణంబు\nకారణమున బ్రహ్మకళ నేఱుంగఁగవలె\nవిశ్వదాభిరామ వినర వేమ.	false	స్థూలము కనుగ్రుడ్డు సూక్ష్మంబు కన్పాప\nకంటిపాప నుండు కారణంబు\nకారణమున బ్రహ్మకళ నెఱుంగఁగవలె\nవిశ్వదాభిరామ వినర వేమ.	["seq"]	["seq"]	78	ె	ే	lengthen	2	9	నేఱుంగఁగవలె	false	2	3	30	||UU	["క","ళ","నే","ఱుం"]	pdy-r-00624		
pdy-aataveladi-0086	aataveladi	upajaathi	""	train	తేనెతెరలజాడ తెనెటీఁగ యెఱుంగు\nసుమరసంబుజాడ భ్రమర మెఱుఁగు\nపరమయోగి జాడభక్తుం డెఱుంగును\nవిశ్వదాభిరామ వినర వేమ.	false	తేనెతెరలజాడ తేనెటీఁగ యెఱుంగు\nసుమరసంబుజాడ భ్రమర మెఱుఁగు\nపరమయోగి జాడభక్తుం డెఱుంగును\nవిశ్వదాభిరామ వినర వేమ.	["seq"]	["corr","seq"]	13	ే	ె	shorten	0	7	తెనెటీఁగ	false	0	4	11	|U||	["యె","ఱుం","గు","సు"]	pdy-r-00625		
pdy-aataveladi-0092	aataveladi	upajaathi	""	dev	కడుపునిండ సుధను గ్రమముతోఁ ద్రావిన\nబాలమీఁద నెల పాఱు మనసు?\nతత్వ మెఱుఁగువెనుక తన్వంగు లేటికో?\nవిశ్వదాభిరామ వినర వేమ.	false	కడుపునిండ సుధను గ్రమముతోఁ ద్రావిన\nబాలమీఁద నేల పాఱు మనసు?\nతత్వ మెఱుఁగువెనుక తన్వంగు లేటికో?\nవిశ్వదాభిరామ వినర వేమ.	["seq"]	["corr","seq"]	43	ే	ె	shorten	1	4	నెల	true	1	2	19	||U	["నె","ల","పా"]	pdy-r-00626		
pdy-aataveladi-0094	aataveladi	upajaathi	""	train	హృదయమందు నున్నయీశుని దెలియక\nశిలలనెల్ల మ్రొక్కుజీవులార\nశిలల నేమియుండు జీవులందే కాక\nవిశ్వదాభిరామ వీనర వేమ.	false	హృదయమందు నున్నయీశుని దెలియక\nశిలలనెల్ల మ్రొక్కుజీవులార\nశిలల నేమియుండు జీవులందే కాక\nవిశ్వదాభిరామ వినర వేమ.	["seq"]	["seq"]	96	ి	ీ	lengthen	3	6	వీనర	false	3	4	46	|U|	["ర","వే","మ"]	pdy-r-00627		
pdy-aataveladi-0095	aataveladi	upajaathi	""	dev	గంగగోవుపాలు గరిటెడైనను జాలు\nకడివెడైననేమీ ఖరముపాలు\nభక్తిగలుగుకూడు పట్టెడైనను జాలు\nవిశ్వదాభిరామ వినర వేమ.	false	గంగగోవుపాలు గరిటెడైనను జాలు\nకడివెడైననేమి ఖరముపాలు\nభక్తిగలుగుకూడు పట్టెడైనను జాలు\nవిశ్వదాభిరామ వినర వేమ.	["seq"]	["corr","seq"]	39	ి	ీ	lengthen	1	6	కడివెడైననేమీ	false	1	2	19	UU|	["నే","మీ","ఖ"]	pdy-r-00628		
pdy-aataveladi-0096	aataveladi	upajaathi	""	train	బండమీఁద చెలమ పాటించిత్రవ్విన\nనలయి కెక్కుడౌను నాశలేదు\nగుంటపట్టు చెలమ కులముద్ధరించురా\nవిశ్వదాభిరామ వీనర వేమ.	false	బండమీఁద చెలమ పాటించిత్రవ్విన\nనలయి కెక్కుడౌను నాశలేదు\nగుంటపట్టు చెలమ కులముద్ధరించురా\nవిశ్వదాభిరామ వినర వేమ.	["seq"]	["seq"]	98	ి	ీ	lengthen	3	6	వీనర	false	3	4	46	|U|	["ర","వే","మ"]	pdy-r-00629		
pdy-aataveladi-0099	aataveladi	upajaathi	""	train	మనసునందు ముక్తిమలయుచు నుండంగ\nమనసు లెఱుఁగలెక మనుజులెల్ల\nమనసు నంటలేక మాయమై పోదురు\nవిశ్వదాభిరామ వినర వేమ.	false	మనసునందు ముక్తిమలయుచు నుండంగ\nమనసు లెఱుఁగలేక మనుజులెల్ల\nమనసు నంటలేక మాయమై పోదురు\nవిశ్వదాభిరామ వినర వేమ.	["seq"]	["corr","seq"]	41	ే	ె	shorten	1	6	లెఱుఁగలెక	false	1	3	23	||U	["ను","జు","లె"]	pdy-r-00630		
pdy-aataveladi-0102	aataveladi	upajaathi	""	train	బ్రహ్మమును నెఱుఁగవు భావమందుండిన\nతనువు గుడిగఁ జేసి తన్ను నిలీపి\nలోకబుద్ధివిడిచి లోఁజూపు చూడరా\nవిశ్వదాభిరామ వినర వేమ.	false	బ్రహ్మమును నెఱుఁగవు భావమందుండిన\nతనువు గుడిగఁ జేసి తన్ను నిలిపి\nలోకబుద్ధివిడిచి లోఁజూపు చూడరా\nవిశ్వదాభిరామ వినర వేమ.	["seq"]	["seq"]	59	ి	ీ	lengthen	1	11	నిలీపి	false	1	4	24	|U|	["ని","లీ","పి"]	pdy-r-00631		
pdy-aataveladi-0105	aataveladi	upajaathi	""	train	వెదక వెదకఁ దొఱకు వేదాంతవేద్యుండు\nవేదకువానిఁ దాను వెదకుచుండు\nవెదకనేర్చునట్టి వెరవరుల్‌ గలరొకో\nవిశ్వదాభిరామ వినర వేమ.	false	వెదక వెదకఁ దొఱకు వేదాంతవేద్యుండు\nవెదకువానిఁ దాను వెదకుచుండు\nవెదకనేర్చునట్టి వెరవరుల్‌ గలరొకో\nవిశ్వదాభిరామ వినర వేమ.	["seq"]	["seq"]	34	ె	ే	lengthen	1	0	వేదకువానిఁ	false	1	1	17	|U|	["కు","వా","ని"]	pdy-r-00632		
pdy-kandamu-0543	kandamu	jaathi	""	test	తను వలచినఁదా వలచును\nదనూ వలవక యున్నఁదన్ను దా వలవడిల\nన్‌ దనదు పటాటోపంబులు\nతనమాయలు పనికిరావు ధరలో వేమా.	false	తను వలచినఁదా వలచును\nదను వలవక యున్నఁదన్ను దా వలవడిల\nన్‌ దనదు పటాటోపంబులు\nతనమాయలు పనికిరావు ధరలో వేమా.	["seq"]	["seq"]	22	ు	ూ	lengthen	1	1	దనూ	true	1	1	14	|||U	["ల","వ","క","యు"]	pdy-r-00633		
pdy-aataveladi-0108	aataveladi	upajaathi	""	train	పురుషుఁడెన్నిగతులఁబుట్టువు మొదలుగఁ\nబాపచింతఁజేయు జాపలమున\nమహిని కుంటినక్క మాంసముదిన్నట్లు\nవిశ్వదాభిరామ వీనర వేమ.	false	పురుషుఁడెన్నిగతులఁబుట్టువు మొదలుగఁ\nబాపచింతఁజేయు జాపలమున\nమహిని కుంటినక్క మాంసముదిన్నట్లు\nవిశ్వదాభిరామ వినర వేమ.	["seq"]	["seq"]	102	ి	ీ	lengthen	3	6	వీనర	false	3	4	47	|U|	["ర","వే","మ"]	pdy-r-00634		
pdy-aataveladi-0110	aataveladi	upajaathi	""	test	మొదటఁ బోయునీవు మొగిబీజముల కెక్కి\nమొదటి కుఱుకువేగ మొలక లెత్తు\nమొలక పృథివిఁ బెరిగి వెలయును వృక్షంబు\nవిశ్వదాభీరామ వినర వేమ.	false	మొదటఁ బోయునీవు మొగిబీజముల కెక్కి\nమొదటి కుఱుకువేగ మొలక లెత్తు\nమొలక పృథివిఁ బెరిగి వెలయును వృక్షంబు\nవిశ్వదాభిరామ వినర వేమ.	["seq"]	["corr","seq"]	106	ి	ీ	lengthen	3	3	విశ్వదాభీరామ	false	3	1	46	UUU	["దా","భీ","రా"]	pdy-r-00635		
pdy-aataveladi-0114	aataveladi	upajaathi	""	test	సజ్జనముల చెలిమి చాలింపఁగా రాదు\nప్రకృతి నెఱూఁగకున్న భక్తిలేదు\nపలువ లెట్టిరీతి భక్తి సల్పుదురయా\nవిశ్వదాభిరామ వినర వేమ.	false	సజ్జనముల చెలిమి చాలింపఁగా రాదు\nప్రకృతి నెఱుఁగకున్న భక్తిలేదు\nపలువ లెట్టిరీతి భక్తి సల్పుదురయా\nవిశ్వదాభిరామ వినర వేమ.	["seq"]	["seq"]	42	ు	ూ	lengthen	1	4	నెఱూఁగకున్న	false	1	1	17	|U|	["నె","ఱూ","గ"]	pdy-r-00636		
pdy-aataveladi-0116	aataveladi	upajaathi	""	train	దూలములనుబోలు దురవస్థలనునెల్ల\nరోసి యాసలన్ని గోసివేసి\nవాసనను దెలిసినవాఁడేపో బ్రహ్మంబు\nవిశ్వదాభిరామ వినర వేమ.	false	దూలములనుబోలు దురవస్థలనునెల్ల\nరోసి యాసలన్ని గోసివేసి\nవాసనను దెలిసినవాఁడెపో బ్రహ్మంబు\nవిశ్వదాభిరామ వినర వేమ.	["seq"]	["corr","seq"]	70	ె	ే	lengthen	2	9	దెలిసినవాఁడేపో	false	2	3	33	UUUU	["వా","డే","పో","బ్ర"]	pdy-r-00637		
pdy-aataveladi-0117	aataveladi	upajaathi	""	train	మన్నునూ దినమన్న మండేరు జనులార\nమంటిలోనిమేలు మఱువనేల\nనీళ్లలోనిమేలు నిఖిలమై యుండురా\nవిశ్వదాభిరామ వినర వేమ.	false	మన్నును దినమన్న మండేరు జనులార\nమంటిలోనిమేలు మఱువనేల\nనీళ్లలోనిమేలు నిఖిలమై యుండురా\nవిశ్వదాభిరామ వినర వేమ.	["seq"]	["seq"]	6	ు	ూ	lengthen	0	2	మన్నునూ	false	0	2	4	|U|	["న","మ","న్న"]	pdy-r-00638		
pdy-aataveladi-0119	aataveladi	upajaathi	""	dev	ధనము గూడఁబెట్టి ధర్మంబు సేయక\nతాను దినకలెస్స దాచుగాఁక\nతేనే నీఁగె కూర్చి తెరువర్ల కియ్యదా\nవిశ్వదాభిరామ వినర వేమ.	false	ధనము గూడఁబెట్టి ధర్మంబు సేయక\nతాను దినకలెస్స దాచుగాఁక\nతేనె నీఁగె కూర్చి తెరువర్ల కియ్యదా\nవిశ్వదాభిరామ వినర వేమ.	["seq"]	["corr","seq"]	56	ె	ే	lengthen	2	1	తేనే	false	2	0	24	UUU	["తే","నే","నీ"]	pdy-r-00639		
pdy-kandamu-0545	kandamu	jaathi	""	dev	ఇచ్చెడి వారలసంపద\nహెచ్చూనదేకాని లేమి యేలా కలుగు\nన్‌ అచ్చెలమ నీళ్లుచల్లిన\nవిచ్చలవిడి నూరుచుండు వినరా వేమా	false	ఇచ్చెడి వారలసంపద\nహెచ్చునదేకాని లేమి యేలా కలుగు\nన్‌ అచ్చెలమ నీళ్లుచల్లిన\nవిచ్చలవిడి నూరుచుండు వినరా వేమా	["seq"]	["corr","seq"]	22	ు	ూ	lengthen	1	1	హెచ్చూనదేకాని	false	1	1	11	|UU|	["న","దే","కా","ని"]	pdy-r-00640		
pdy-aataveladi-0124	aataveladi	upajaathi	""	dev	పరగ రాతిగుండు పగులఁగొట్టఁగ వచ్చుఁ\nగొండలన్ని పిండిగొట్టవచ్చూ\nకఠినచిత్తు మనసు కరగింప రాదయా\nవిశ్వదాభిరామ వినర వేమ.	false	పరగ రాతిగుండు పగులఁగొట్టఁగ వచ్చుఁ\nగొండలన్ని పిండిగొట్టవచ్చు\nకఠినచిత్తు మనసు కరగింప రాదయా\nవిశ్వదాభిరామ వినర వేమ.	["seq"]	["corr","seq"]	58	ు	ూ	lengthen	1	9	పిండిగొట్టవచ్చూ	false	1	4	23	UU|	["వ","చ్చూ","క"]	pdy-r-00641		
pdy-aataveladi-0125	aataveladi	upajaathi	""	train	అంత కొఱత దీఱి అతిశయకాముఁడై\nనిన్ను నమ్మిచాల నిష్ఠతోడ\nనిన్నుఁగొల్వ ముక్తి నిశ్చయముగఁ గల్గూ\nవిశ్వదాభిరామ వినర వేమ.	false	అంత కొఱత దీఱి అతిశయకాముఁడై\nనిన్ను నమ్మిచాల నిష్ఠతోడ\nనిన్నుఁగొల్వ ముక్తి నిశ్చయముగఁ గల్గు\nవిశ్వదాభిరామ వినర వేమ.	["seq"]	["seq"]	87	ు	ూ	lengthen	2	12	గల్గూ	false	2	4	33	||UU	["ము","గ","గ","ల్గూ"]	pdy-r-00642		
pdy-aataveladi-0126	aataveladi	upajaathi	""	train	తత్వము తిరమైన తావుల వెదకుచుఁ\nదాను తత్వమగును తత్త్వయోగి\nతలఁపులన్ని యుడూగఁ దానెపో తత్వంబు\nవిశ్వదాభిరామ వినర వేమ.	false	తత్వము తిరమైన తావుల వెదకుచుఁ\nదాను తత్వమగును తత్త్వయోగి\nతలఁపులన్ని యుడుగఁ దానెపో తత్వంబు\nవిశ్వదాభిరామ వినర వేమ.	["seq"]	["seq"]	69	ు	ూ	lengthen	2	6	యుడూగఁ	false	2	2	30	|U|	["యు","డూ","గ"]	pdy-r-00643		
pdy-aataveladi-0128	aataveladi	upajaathi	""	train	వెలఁది చక్కఁదనము వెరపైన యీడును\nవిభుని కరుణలేక వితగనుండు\nనీదూకరుణలేక నేర్పులు కొఱగావు\nవిశ్వదాభిరామ వినర వేమ.	false	వెలఁది చక్కఁదనము వెరపైన యీడును\nవిభుని కరుణలేక వితగనుండు\nనీదుకరుణలేక నేర్పులు కొఱగావు\nవిశ్వదాభిరామ వినర వేమ.	["seq"]	["corr","seq"]	59	ు	ూ	lengthen	2	1	నీదూకరుణలేక	false	2	0	28	UU|	["నీ","దూ","క"]	pdy-r-00644		
pdy-aataveladi-0129	aataveladi	upajaathi	""	dev	ఎంతకష్ట ముండు నంత పాపపుఁజింత\nచింతచేత మిగులఁ జివుకు మనసు\nచింతలేకయున్న చెడనిసంపదఁజూచు\nవిశ్వదాభిరామ వినర వేమ.	true	ఎంతకష్ట ముండు నంత పాపపుఁజింత\nచింతచేత మిగులఁ జివుకు మనసు\nచింతలేకయున్న చెడనిసంపదఁజూచు\nవిశ్వదాభిరామ వినర వేమ.	[]	[]														pdy-r-00645		
pdy-aataveladi-0131	aataveladi	upajaathi	""	train	శిష్యవర్గమూనకు శివుఁ జూపనేరక\nకానిమతములోని గలుగునట్టి\nగురునియెఱుక నరయ గ్రుడ్డెద్దు చేనురా\nవిశ్వదాభిరామ వినర వేమ.	false	శిష్యవర్గమునకు శివుఁ జూపనేరక\nకానిమతములోని గలుగునట్టి\nగురునియెఱుక నరయ గ్రుడ్డెద్దు చేనురా\nవిశ్వదాభిరామ వినర వేమ.	["seq"]	["corr","seq"]	10	ు	ూ	lengthen	0	4	శిష్యవర్గమూనకు	false	0	4	10	|U||	["ప","నే","ర","క"]	pdy-r-00646		
pdy-aataveladi-0134	aataveladi	upajaathi	""	train	మిఱపగింజఁ జూడ మీఁద నల్లగనుండుఁ\nగొఱికిచూడలోన చుఱుకుమనును\nసజ్జను లగువారీ సారమిట్టుల నుండు\nవిశ్వదాభిరామ వినర వేమ.	false	మిఱపగింజఁ జూడ మీఁద నల్లగనుండుఁ\nగొఱికిచూడలోన చుఱుకుమనును\nసజ్జను లగువారి సారమిట్టుల నుండు\nవిశ్వదాభిరామ వినర వేమ.	["seq"]	["corr","seq"]	69	ి	ీ	lengthen	2	6	లగువారీ	false	2	2	32	UUU	["వా","రీ","సా"]	pdy-r-00647		
pdy-aataveladi-0135	aataveladi	upajaathi	""	train	పర్వత వనవాసి పరిణామ వర్తన\nకూపవాసి కెట్టు గుఱుతుపడూను\nబ్రహ్మవిష్ణువెంటఁ బ్రాకృతుఁ డరుగునా\nవిశ్వదాభిరామ వినర వేమ.	false	పర్వత వనవాసి పరిణామ వర్తన\nకూపవాసి కెట్టు గుఱుతుపడును\nబ్రహ్మవిష్ణువెంటఁ బ్రాకృతుఁ డరుగునా\nవిశ్వదాభిరామ వినర వేమ.	["seq"]	["seq"]	49	ు	ూ	lengthen	1	10	గుఱుతుపడూను	false	1	4	23	|U|	["ప","డూ","ను"]	pdy-r-00648		
pdy-aataveladi-0140	aataveladi	upajaathi	""	train	కాలవశముఁ బట్టి కర్మజీవులపిండు\nమత్తులగుచునూ మదమత్తులైరి\nమత్తులయిన జనుల మనసేటి మనసయా\nవిశ్వదాభిరామ వినర వేమ.	false	కాలవశముఁ బట్టి కర్మజీవులపిండు\nమత్తులగుచును మదమత్తులైరి\nమత్తులయిన జనుల మనసేటి మనసయా\nవిశ్వదాభిరామ వినర వేమ.	["seq"]	["corr","seq"]	41	ు	ూ	lengthen	1	5	మత్తులగుచునూ	false	1	3	21	|U|	["ద","మ","త్తు"]	pdy-r-00649		
pdy-aataveladi-0142	aataveladi	upajaathi	""	dev	పాలలోన బులుసు లీలతోఁ గలిసిన\nవిఱిసి తునుక లగును విరివిగాను\nతెలివి మనసులోన దివ్యతత్త్వము తేట\nవిశ్వదాభిరామ వినర వేమ.	true	పాలలోన బులుసు లీలతోఁ గలిసిన\nవిఱిసి తునుక లగును విరివిగాను\nతెలివి మనసులోన దివ్యతత్త్వము తేట\nవిశ్వదాభిరామ వినర వేమ.	[]	[]														pdy-r-00650		
pdy-kandamu-0552	kandamu	jaathi	""	train	నిత్యంబు కానియొడలికీ\nనిత్యము దుఃఖమునఁబడును నిరతము ధరలో\nనిత్యానందపు పదవికి\nనిత్యంబును దుఃఖపడఁగ నేరదు వేమా.	false	నిత్యంబు కానియొడలికి\nనిత్యము దుఃఖమునఁబడును నిరతము ధరలో\nనిత్యానందపు పదవికి\nనిత్యంబును దుఃఖపడఁగ నేరదు వేమా.	["seq"]	["seq"]	19	ి	ీ	lengthen	0	8	కానియొడలికీ	false	0	2	5	|||U	["యొ","డ","లి","కీ"]	pdy-r-00651		
pdy-aataveladi-0148	aataveladi	upajaathi	""	test	కన్నులందు మదమూ గప్పి కానరుగాని\nనిరుడు మీదటేఁడు నిన్న మొన్న\nదగ్ధులయిన వారు తమకంటెఁ దక్కువా\nవిశ్వదాభిరామ వినర వేమ.	false	కన్నులందు మదము గప్పి కానరుగాని\nనిరుడు మీదటేఁడు నిన్న మొన్న\nదగ్ధులయిన వారు తమకంటెఁ దక్కువా\nవిశ్వదాభిరామ వినర వేమ.	["seq"]	["seq"]	13	ు	ూ	lengthen	0	6	మదమూ	false	0	2	4	||U	["మ","ద","మూ"]	pdy-r-00652		
pdy-aataveladi-0150	aataveladi	upajaathi	""	train	మంటికుండవంటి మాయాశరిరంబు\nచచ్చు నెన్నడయినఁ జావఁ డాత్మ\nఘటము లెన్నియైన గగనంబదేకమే\nవిశ్వదాభిరామ వినర వేమ.	false	మంటికుండవంటి మాయాశరీరంబు\nచచ్చు నెన్నడయినఁ జావఁ డాత్మ\nఘటము లెన్నియైన గగనంబదేకమే\nవిశ్వదాభిరామ వినర వేమ.	["seq"]	["corr","seq"]	19	ీ	ి	shorten	0	9	మాయాశరిరంబు	false	0	4	9	|U|U	["రి","రం","బు","చ"]	pdy-r-00653		
pdy-aataveladi-0154	aataveladi	upajaathi	""	train	మనసుసూచి గెల్చి మనసులో సుఖియించి\nకడకు మోక్షపదము గనునువాఁడు\nచెట్టుఁబెట్టూ ఫలము చేకూర కుండునా\nవిశ్వదాభిరామ వినర వేమ.	false	మనసుసూచి గెల్చి మనసులో సుఖియించి\nకడకు మోక్షపదము గనునువాఁడు\nచెట్టుఁబెట్టు ఫలము చేకూర కుండునా\nవిశ్వదాభిరామ వినర వేమ.	["seq"]	["corr","seq"]	71	ు	ూ	lengthen	2	3	చెట్టుఁబెట్టూ	false	2	1	30	UU|	["బె","ట్టూ","ఫ"]	pdy-r-00654		
pdy-kandamu-0556	kandamu	jaathi	""	train	గురుఁడనఁగా మొదలంతకు\nగురుశిష్యు లనంగ నెల్లకొమ్మలుకాగా\nగురువును గానగఁ జాలరూ\nధరలోపల మనుజులెల్లఁ దలఁపరు వేమా.	false	గురుఁడనఁగా మొదలంతకు\nగురుశిష్యు లనంగ నెల్లకొమ్మలుకాగా\nగురువును గానగఁ జాలరు\nధరలోపల మనుజులెల్లఁ దలఁపరు వేమా.	["seq"]	["corr","seq"]	72	ు	ూ	lengthen	2	9	జాలరూ	false	2	2	31	U|U|	["జా","ల","రూ","ధ"]	pdy-r-00655		
pdy-kandamu-0557	kandamu	jaathi	""	train	గూరుఁ డనఁగా పరమాత్ముఁడు\nపరగంగా శిష్యుఁడనఁగఁ బటుజీవుఁడగు\nన్‌ గురుశిష్య జీవసంపద\nగురుతరముగఁ గూర్చు నతఁడు గురువగు వేమా.	false	గురుఁ డనఁగా పరమాత్ముఁడు\nపరగంగా శిష్యుఁడనఁగఁ బటుజీవుఁడగు\nన్‌ గురుశిష్య జీవసంపద\nగురుతరముగఁ గూర్చు నతఁడు గురువగు వేమా.	["seq"]	["seq"]	1	ు	ూ	lengthen	0	0	గూరుఁ	false	0	2	6	|U||	["ర","మా","త్ము","డు"]	pdy-r-00656		
pdy-kandamu-0558	kandamu	jaathi	""	train	భయమూసుమీ యజ్ఞానము\nభయముడిగిన నిశ్చయంబు పరమార్థంబౌ\nలయముసుమీ యీ దేహము\nజయముసుమీ జీవుఁడనుచుఁ జాటర వేమా.	false	భయముసుమీ యజ్ఞానము\nభయముడిగిన నిశ్చయంబు పరమార్థంబౌ\nలయముసుమీ యీ దేహము\nజయముసుమీ జీవుఁడనుచుఁ జాటర వేమా.	["seq"]	["corr","seq"]	3	ు	ూ	lengthen	0	2	భయమూసుమీ	false	0	1	3	|UUU	["సు","మీ","య","జ్ఞా"]	pdy-r-00657		
pdy-aataveladi-0164	aataveladi	upajaathi	""	test	బ్రహ్మమేడ ననుచు పలుమాఱూ లాడేరు\nవెఱ్ఱిమూర్ఖ జనుల విధముఁజూడ\nబ్రహ్మ మన్నిటందుఁ బరిపూర్ణమైయుండు\nవిశ్వదాభిరామ వినర వేమ.	false	బ్రహ్మమేడ ననుచు పలుమాఱు లాడేరు\nవెఱ్ఱిమూర్ఖ జనుల విధముఁజూడ\nబ్రహ్మ మన్నిటందుఁ బరిపూర్ణమైయుండు\nవిశ్వదాభిరామ వినర వేమ.	["seq"]	["seq"]	22	ు	ూ	lengthen	0	10	పలుమాఱూ	false	0	3	7	||UU	["ప","లు","మా","ఱూ"]	pdy-r-00658		
pdy-aataveladi-0165	aataveladi	upajaathi	""	train	పసులవన్నె వేఱు పాలెల్లనొక్కటి\nపుష్పజాతి వేఱు పూజయొకటి\nదర్శనంబు వేఱు దైవంబ యొక్కటి\nవిశ్వదాభిరామ వినర వేమ.	true	పసులవన్నె వేఱు పాలెల్లనొక్కటి\nపుష్పజాతి వేఱు పూజయొకటి\nదర్శనంబు వేఱు దైవంబ యొక్కటి\nవిశ్వదాభిరామ వినర వేమ.	[]	[]														pdy-r-00659		
pdy-aataveladi-0166	aataveladi	upajaathi	""	train	పనితొడవులు వేఱు బంగార మొక్కటి\nపరగ ఘటమూ వేఱు ప్రాణమొకటి\nఅరయఁ దిండ్లు వేఱు ఆఁకలి యొక్కటి\nవిశ్వదాభిరామ వినర వేమ.	false	పనితొడవులు వేఱు బంగార మొక్కటి\nపరగ ఘటము వేఱు ప్రాణమొకటి\nఅరయఁ దిండ్లు వేఱు ఆఁకలి యొక్కటి\nవిశ్వదాభిరామ వినర వేమ.	["seq"]	["seq"]	37	ు	ూ	lengthen	1	5	ఘటమూ	false	1	1	17	||U	["ఘ","ట","మూ"]	pdy-r-00660		
pdy-aataveladi-0176	aataveladi	upajaathi	""	dev	శ్రీకరశివతత్వశిలుఁడౌ వేమన\nప్రాకటముగ వేయు పద్యములను\nలోకమందుఁ జదివెలోవెతఁ బాయరో\nవిశ్వదాభిరామ వినర వేమ.	false	శ్రీకరశివతత్వశీలుఁడౌ వేమన\nప్రాకటముగ వేయు పద్యములను\nలోకమందుఁ జదివెలోవెతఁ బాయరో\nవిశ్వదాభిరామ వినర వేమ.	["seq"]	["corr","seq"]	14	ీ	ి	shorten	0	7	శ్రీకరశివతత్వశిలుఁడౌ	false	0	3	7	||UU	["శి","లు","డౌ","వే"]	pdy-r-00661		
pdy-aataveladi-0177	aataveladi	upajaathi	""	train	వేయుపద్యముల వివేకియై భక్తితోఁ\nబఠనఁ జేసినట్టి భక్తులకును\nబాయకుండు మోక్షపద మరచేతిదై\nవిశ్వదాభిరామ వినర వేమ.	true	వేయుపద్యముల వివేకియై భక్తితోఁ\nబఠనఁ జేసినట్టి భక్తులకును\nబాయకుండు మోక్షపద మరచేతిదై\nవిశ్వదాభిరామ వినర వేమ.	[]	[]														pdy-r-00662		
pdy-kandamu-0559	kandamu	jaathi	""	train	శతసంఖ్యపదమ్ముల నే\nమతిమంతుఁడు పఠనసేయూ మమతులు దీరు\nన్నతఁడే నాలుగుపదముల\nశితికంఠునిపదముఁ జేరు సిద్ధము వేమా.	false	శతసంఖ్యపదమ్ముల నే\nమతిమంతుఁడు పఠనసేయు మమతులు దీరు\nన్నతఁడే నాలుగుపదముల\nశితికంఠునిపదముఁ జేరు సిద్ధము వేమా.	["seq"]	["corr","seq"]	35	ు	ూ	lengthen	1	9	పఠనసేయూ	false	1	2	16	|UU|	["న","సే","యూ","మ"]	pdy-r-00663		
pdy-champakamaala-0307	champakamaala	vruttamu	""	train	తలపఁగ మూలమందు పరతత్త్వము దెల్పఁగ పాటుగాదు లో\nబలిమిని నాత్మగుట్టు మది భావననెంచగ బ్రహ్మకల్పము\nన్‌ గలుగును ముక్తి జీవులకుఁ గావున నాత్మవిధానదృశ్య మీ\nసలలిత శక్తిరూపు నిను సన్నుతి వెమన చేసె కల్పమున్‌.	false	తలపఁగ మూలమందు పరతత్త్వము దెల్పఁగ పాటుగాదు లో\nబలిమిని నాత్మగుట్టు మది భావననెంచగ బ్రహ్మకల్పము\nన్‌ గలుగును ముక్తి జీవులకుఁ గావున నాత్మవిధానదృశ్య మీ\nసలలిత శక్తిరూపు నిను సన్నుతి వేమన చేసె కల్పమున్‌.	["seq"]	["seq"]	175	ే	ె	shorten	3	13	వెమన	false	3	4	75	|||	["తి","వె","మ"]	pdy-r-00664		
pdy-kandamu-0563	kandamu	jaathi	""	dev	విషయమూలు తెరలపొలుపున\nవిషయము లంటక మహాత్ము విధమున ధరలో\nవిషసంసారము లన్నియు\nవిషయము లన్నియును గెల్వ వేమన నేర్చున్‌.	false	విషయములు తెరలపొలుపున\nవిషయము లంటక మహాత్ము విధమున ధరలో\nవిషసంసారము లన్నియు\nవిషయము లన్నియును గెల్వ వేమన నేర్చున్‌.	["seq"]	["seq"]	5	ు	ూ	lengthen	0	3	విషయమూలు	false	0	0	0	|||U	["వి","ష","య","మూ"]	pdy-r-00665		
pdy-aataveladi-0181	aataveladi	upajaathi	""	test	దేవుఁడనఁగ వేఱు దేశమం దున్నాఁడె\nదేహితోడ నెపుడు దేహమందె\nవాహనమూల నెక్కి వడిఁదోలు మన్నాఁడు\nవిశ్వదాభిరామ వినర వేమ.	false	దేవుఁడనఁగ వేఱు దేశమం దున్నాఁడె\nదేహితోడ నెపుడు దేహమందె\nవాహనముల నెక్కి వడిఁదోలు మన్నాఁడు\nవిశ్వదాభిరామ వినర వేమ.	["seq"]	["seq"]	59	ు	ూ	lengthen	2	3	వాహనమూల	false	2	1	26	|U|	["న","మూ","ల"]	pdy-r-00666		
pdy-aataveladi-0185	aataveladi	upajaathi	""	train	పిల్లి యెలుకబట్టఁ బ్రియమున నుండగ\nనదియు కోడిఁబట్ట ననుగమించు\nమమత విడువకున్న మానూనా మోహంబు\nవిశ్వదాభిరామ వినర వేమ.	false	పిల్లి యెలుకబట్టఁ బ్రియమున నుండగ\nనదియు కోడిఁబట్ట ననుగమించు\nమమత విడువకున్న మానునా మోహంబు\nవిశ్వదాభిరామ వినర వేమ.	["seq"]	["corr","seq"]	77	ు	ూ	lengthen	2	9	మానూనా	false	2	3	34	UUUU	["మా","నూ","నా","మో"]	pdy-r-00667		
pdy-aataveladi-0186	aataveladi	upajaathi	""	train	మహినీ దధిని ఘృతము మ్రానులం దనలంబు\nసౌరుసుమములందు సౌరభంబు\nతిలలఁ దైలమట్ల తేజరిల్లుఁ జిదాత్మ\nవిశ్వదాభిరామ వినర వేమ.	false	మహిని దధిని ఘృతము మ్రానులం దనలంబు\nసౌరుసుమములందు సౌరభంబు\nతిలలఁ దైలమట్ల తేజరిల్లుఁ జిదాత్మ\nవిశ్వదాభిరామ వినర వేమ.	["seq"]	["seq"]	4	ి	ీ	lengthen	0	2	మహినీ	false	0	0	0	||U	["మ","హి","నీ"]	pdy-r-00668		
pdy-aataveladi-0187	aataveladi	upajaathi	""	train	తరువఁ దరువఁ బుట్టు దరువున ననలంబు\nతరువఁ దరువఁ బుట్టు దధినీ ఘృతము\nతలఁప దలపఁ బుట్టు తనువునఁ దత్వంబు\nవిశ్వదాభిరామ వినర వేమ.	false	తరువఁ దరువఁ బుట్టు దరువున ననలంబు\nతరువఁ దరువఁ బుట్టు దధిని ఘృతము\nతలఁప దలపఁ బుట్టు తనువునఁ దత్వంబు\nవిశ్వదాభిరామ వినర వేమ.	["seq"]	["seq"]	56	ి	ీ	lengthen	1	10	దధినీ	false	1	3	24	||U	["ద","ధి","నీ"]	pdy-r-00669		
pdy-aataveladi-0192	aataveladi	upajaathi	""	train	వెదకి కానలేఁడు వేదాంతవేద్యుని\nతత్వవేత్తలేఁడు ధరణిలోనఁ\nగలిగెనేని యతఁడు కనఁబోఁడు మఱివేఱే\nవిశ్వదాభిరామ వినర వేమ.	false	వెదకి కానలేఁడు వేదాంతవేద్యుని\nతత్వవేత్తలేఁడు ధరణిలోనఁ\nగలిగెనేని యతఁడు కనఁబోఁడు మఱివేఱె\nవిశ్వదాభిరామ వినర వేమ.	["seq"]	["seq"]	85	ె	ే	lengthen	2	15	మఱివేఱే	false	2	4	36	||UU	["మ","ఱి","వే","ఱే"]	pdy-r-00670		
pdy-kandamu-0568	kandamu	jaathi	""	train	విషయములఁ బొరలీ రోయక\nవిషమంటినగతిని జూచి విముఖత ధరలో\nవిష సమమాయా సుఖముల\nవిషయములన్‌ గూడకుండ్రు వేత్తలు వేమా.	false	విషయములఁ బొరలి రోయక\nవిషమంటినగతిని జూచి విముఖత ధరలో\nవిష సమమాయా సుఖముల\nవిషయములన్‌ గూడకుండ్రు వేత్తలు వేమా.	["seq"]	["seq"]	13	ి	ీ	lengthen	0	7	బొరలీ	false	0	1	4	|||U	["ల","బొ","ర","లీ"]	pdy-r-00671		
pdy-aataveladi-0196	aataveladi	upajaathi	""	train	సిగ్గు విడువకున్న శివసౌఖ్యమేలేదు\nతగ్గ మొగ్గకున్న సిగ్గు విడదు\nసిగ్గు విడుచువాఁడు చిరకాల జీవీరా\nవిశ్వదాభిరామ వినర వేమ.	false	సిగ్గు విడువకున్న శివసౌఖ్యమేలేదు\nతగ్గ మొగ్గకున్న సిగ్గు విడదు\nసిగ్గు విడుచువాఁడు చిరకాల జీవిరా\nవిశ్వదాభిరామ వినర వేమ.	["seq"]	["corr","seq"]	91	ి	ీ	lengthen	2	12	జీవీరా	false	2	4	36	UUUU	["జీ","వీ","రా","వి"]	pdy-r-00672		
pdy-aataveladi-0200	aataveladi	upajaathi	""	train	సొమ్ములున్నచోటు శోధింపఁగలుగును\nసొమ్ములేనిచోట శోధనెల\nయంజనంబులేక యా సొమ్ము తెలియదు\nవిశ్వదాభిరామ వినర వేమ.	false	సొమ్ములున్నచోటు శోధింపఁగలుగును\nసొమ్ములేనిచోట శోధనేల\nయంజనంబులేక యా సొమ్ము తెలియదు\nవిశ్వదాభిరామ వినర వేమ.	["seq"]	["corr","seq"]	49	ే	ె	shorten	1	8	శోధనెల	false	1	4	21	||U	["నె","ల","యం"]	pdy-r-00673		
pdy-aataveladi-0206	aataveladi	upajaathi	""	train	తానె తత్వమనుచు తన్నెఱుంగక లేక\nమాయతత్వమనుచు మఱుగుచుండు\nధర్మకర్మములను తగరోయ దత్వమౌ\nవిశ్వదాభిరామ వినర వెమ.	false	తానె తత్వమనుచు తన్నెఱుంగక లేక\nమాయతత్వమనుచు మఱుగుచుండు\nధర్మకర్మములను తగరోయ దత్వమౌ\nవిశ్వదాభిరామ వినర వేమ.	["seq"]	["seq"]	100	ే	ె	shorten	3	9	వెమ	false	3	4	49	||	["వె","మ"]	pdy-r-00674		
pdy-aataveladi-0208	aataveladi	upajaathi	""	dev	త్రాడుపామతంచుఁ దాఁజూచి భయపడి\nతెలిసి త్రాడటన్నఁ దీఱు భయము\nభయము దీఱినపుడె బ్రహ్మంబు నంగురా\nవిశ్వదాభిరామ వినర వేమ.	true	త్రాడుపామతంచుఁ దాఁజూచి భయపడి\nతెలిసి త్రాడటన్నఁ దీఱు భయము\nభయము దీఱినపుడె బ్రహ్మంబు నంగురా\nవిశ్వదాభిరామ వినర వేమ.	[]	[]														pdy-r-00675		
pdy-aataveladi-0209	aataveladi	upajaathi	""	train	చూచువారికెల్లఁ జూడ వేఱైయుండు\nచూపుఁజూచి దెలీయఁ జూచువారు\nచూచి తాముచూపుచూపె తామగుదురు\nవిశ్వదాభిరామ వినర వేమ.	false	చూచువారికెల్లఁ జూడ వేఱైయుండు\nచూపుఁజూచి దెలియఁ జూచువారు\nచూచి తాముచూపుచూపె తామగుదురు\nవిశ్వదాభిరామ వినర వేమ.	["seq"]	["seq"]	42	ి	ీ	lengthen	1	5	దెలీయఁ	false	1	2	16	|U|	["దె","లీ","య"]	pdy-r-00676		
pdy-kandamu-0578	kandamu	jaathi	""	train	మనసున నెఱుకను మరుపునఁ\nగని విని చూడంగలేరు కదిసినపిదప\nన్‌ పెనగొని పట్టినచోనది\nమనచోటను మాయమౌను మహిలో వేమా.	true	మనసున నెఱుకను మరుపునఁ\nగని విని చూడంగలేరు కదిసినపిదప\nన్‌ పెనగొని పట్టినచోనది\nమనచోటను మాయమౌను మహిలో వేమా.	[]	[]														pdy-r-00677		
pdy-aataveladi-0218	aataveladi	upajaathi	""	train	బ్రతుకులెల్ల మాయ భవబంధములు మాయ\nతెలివి మాయ తన్నుఁ దెలియ మాయ\nమాయ దేలియువాఁడు మర్మజ్ఞుఁడగు యోగి\nవిశ్వదాభిరామ వినర వేమ.	false	బ్రతుకులెల్ల మాయ భవబంధములు మాయ\nతెలివి మాయ తన్నుఁ దెలియ మాయ\nమాయ దెలియువాఁడు మర్మజ్ఞుఁడగు యోగి\nవిశ్వదాభిరామ వినర వేమ.	["seq"]	["seq"]	64	ె	ే	lengthen	2	2	దేలియువాఁడు	false	2	2	31	|U|	["యు","వా","డు"]	pdy-r-00678		
pdy-aataveladi-0219	aataveladi	upajaathi	""	train	మాయలోక మన్న మర్మంబూ దెలియక\nమాయఁజిక్కి యంత మాయఁబడిరి\nమాయ దెలియ దివ్వె మాయదా జన్మంబు\nవిశ్వదాభిరామ వినర వేమ.	false	మాయలోక మన్న మర్మంబు దెలియక\nమాయఁజిక్కి యంత మాయఁబడిరి\nమాయ దెలియ దివ్వె మాయదా జన్మంబు\nవిశ్వదాభిరామ వినర వేమ.	["seq"]	["corr","seq"]	18	ు	ూ	lengthen	0	8	మర్మంబూ	false	0	3	6	UUU|	["మ","ర్మం","బూ","దె"]	pdy-r-00679		
pdy-aataveladi-0220	aataveladi	upajaathi	""	train	సతులు సుతులు మాయ సంసారములు మాయ\nధనము ఘనము మాయ తనువు మాయ\nమాయ గెల్చువాఁడు మర్మజ్ఞుఁడగు యోగి\nవిశ్వదాభిరామ వినర వేమ.	true	సతులు సుతులు మాయ సంసారములు మాయ\nధనము ఘనము మాయ తనువు మాయ\nమాయ గెల్చువాఁడు మర్మజ్ఞుఁడగు యోగి\nవిశ్వదాభిరామ వినర వేమ.	[]	[]														pdy-r-00680		
pdy-aataveladi-0226	aataveladi	upajaathi	""	train	మోదమూనను గురుని ముఖ్యకరుణచేతఁ\nదొమ్మిదిస్థలముల దొడ్డు పాయ\nసర్వజీవుఁడాయె సర్వమ్ముఁ దానాయె\nవిశ్వదాభిరామ వినర వేమ.	false	మోదమునను గురుని ముఖ్యకరుణచేతఁ\nదొమ్మిదిస్థలముల దొడ్డు పాయ\nసర్వజీవుఁడాయె సర్వమ్ముఁ దానాయె\nవిశ్వదాభిరామ వినర వేమ.	["seq"]	["corr","seq"]	4	ు	ూ	lengthen	0	2	మోదమూనను	false	0	3	7	|U||	["ని","ము","ఖ్య","క"]	pdy-r-00681		
pdy-aataveladi-0229	aataveladi	upajaathi	""	train	తన్ను వెదకిచూడఁ దానెపో జీవుండు\nతత్వ మరసిచూడఁ దానే యాత్మ\nమన్ను మిన్ను లేదు మాయరా లేదయా\nవిశ్వదాభిరామ వినర వేమ.	false	తన్ను వెదకిచూడఁ దానెపో జీవుండు\nతత్వ మరసిచూడఁ దానె యాత్మ\nమన్ను మిన్ను లేదు మాయరా లేదయా\nవిశ్వదాభిరామ వినర వేమ.	["seq"]	["corr","seq"]	48	ె	ే	lengthen	1	8	దానే	true	1	3	20	UUU	["దా","నే","యా"]	pdy-r-00682		
pdy-aataveladi-0232	aataveladi	upajaathi	""	train	మ్రానుఁ గాలవేసి మహిమీఁద నొకజాణ\nపూని తిరుగుచుండుఁ బొందుగాను\nకాలవేయు మ్రాను కడురమ్యమైయుండు\nవిశ్వదాభిరామ వినర వేమ.	true	మ్రానుఁ గాలవేసి మహిమీఁద నొకజాణ\nపూని తిరుగుచుండుఁ బొందుగాను\nకాలవేయు మ్రాను కడురమ్యమైయుండు\nవిశ్వదాభిరామ వినర వేమ.	[]	[]														pdy-r-00683		
pdy-kandamu-0583	kandamu	jaathi	""	train	బయలున బంధము గప్పను\nబయలునఁ బరమాత్మునకును బంధమూ తొలఁగు\nన్‌ బయలున బంధము లూడిన\nనయవర్తన ముక్తిఁగాంచు నరుఁడటు వేమా.	false	బయలున బంధము గప్పను\nబయలునఁ బరమాత్మునకును బంధము తొలఁగు\nన్‌ బయలున బంధము లూడిన\nనయవర్తన ముక్తిఁగాంచు నరుఁడటు వేమా.	["seq"]	["corr","seq"]	44	ు	ూ	lengthen	1	13	బంధమూ	false	1	3	21	U|U|	["బం","ధ","మూ","తొ"]	pdy-r-00684		
pdy-aataveladi-0233	aataveladi	upajaathi	""	train	మాట లుడుగకున్న మంత్రంబు దొరకదు\nమంత్ర మూడుగకున్న మనసు నిలదు\nమనసు నిలుపకున్న మఱి ముక్తి లేదయా\nవిశ్వదాభిరామ వినర వేమ.	false	మాట లుడుగకున్న మంత్రంబు దొరకదు\nమంత్ర ముడుగకున్న మనసు నిలదు\nమనసు నిలుపకున్న మఱి ముక్తి లేదయా\nవిశ్వదాభిరామ వినర వేమ.	["seq"]	["seq"]	38	ు	ూ	lengthen	1	2	మూడుగకున్న	false	1	2	18	|U|	["గ","కు","న్న"]	pdy-r-00685		
pdy-kandamu-0584	kandamu	jaathi	""	dev	రెప్పలూ మూసియు మూయఁగఁ\nదప్పక తనమనమునందుఁ దత్వము గూడు\nన్‌ ఎప్పుడు చూచెడువానికిఁ\nజొప్పెడు నెచ్చోట ముక్తి సులభము వేమా.	false	రెప్పలు మూసియు మూయఁగఁ\nదప్పక తనమనమునందుఁ దత్వము గూడు\nన్‌ ఎప్పుడు చూచెడువానికిఁ\nజొప్పెడు నెచ్చోట ముక్తి సులభము వేమా.	["seq"]	["corr","seq"]	6	ు	ూ	lengthen	0	2	రెప్పలూ	false	0	0	0	U|UU	["రె","ప్ప","లూ","మూ"]	pdy-r-00686		
pdy-kandamu-0585	kandamu	jaathi	""	dev	తలఁచిన దత్వంబగునా\nతలఁపక తా నూరకున్నఁ దత్వంబగునా\nతలఁచుట తలఁపమీ రెండును\nదలఁపక తానుండెనేని దత్వము వేమా.	false	తలఁచిన దత్వంబగునా\nతలఁపక తా నూరకున్నఁ దత్వంబగునా\nతలఁచుట తలఁపమి రెండును\nదలఁపక తానుండెనేని దత్వము వేమా.	["seq"]	["seq"]	60	ి	ీ	lengthen	2	7	తలఁపమీ	false	2	1	27	|||U	["త","ల","ప","మీ"]	pdy-r-00687		
pdy-aataveladi-0238	aataveladi	upajaathi	""	train	నాసికంబునడుమ ననుఁజూచు యోగికి\nవాసి వన్నె లేదు వసుధలోన\nకాశినాథునైనఁ గనఁగలఁ డాయోగి\nవిశ్వదాభిరామ వినర వెమ.	false	నాసికంబునడుమ ననుఁజూచు యోగికి\nవాసి వన్నె లేదు వసుధలోన\nకాశినాథునైనఁ గనఁగలఁ డాయోగి\nవిశ్వదాభిరామ వినర వేమ.	["seq"]	["seq"]	99	ే	ె	shorten	3	9	వెమ	false	3	4	47	||	["వె","మ"]	pdy-r-00688		
pdy-kandamu-0586	kandamu	jaathi	""	train	తలఁచినను శూన్యతత్వము\nతలఁపక యుండినను శూన్యతత్వం బదియౌ\nతలఁచీన తలఁపీడేఱును\nదలఁచకయుండినను దానె తత్వము వేమా.	false	తలఁచినను శూన్యతత్వము\nతలఁపక యుండినను శూన్యతత్వం బదియౌ\nతలఁచిన తలఁపీడేఱును\nదలఁచకయుండినను దానె తత్వము వేమా.	["seq"]	["seq"]	57	ి	ీ	lengthen	2	2	తలఁచీన	false	2	1	28	|||U	["న","త","ల","పీ"]	pdy-r-00689		
pdy-kandamu-0587	kandamu	jaathi	""	train	తా నొకటి దెలియునన్నది\nతానట్టిది లేక యెల్లతావులు దానై\nతానేగి పరిణమించిన\nమానవూనకు ముక్తి గలదు మహిలో వేమా.	false	తా నొకటి దెలియునన్నది\nతానట్టిది లేక యెల్లతావులు దానై\nతానేగి పరిణమించిన\nమానవునకు ముక్తి గలదు మహిలో వేమా.	["seq"]	["corr","seq"]	75	ు	ూ	lengthen	3	2	మానవూనకు	false	3	0	32	U|U|	["మా","న","వూ","న"]	pdy-r-00690		
pdy-aataveladi-0247	aataveladi	upajaathi	""	train	రోయవచ్చుఁ బరము రూఢిగాఁ దెలిసిన\nగానవచ్చు గ్రుడ్డు కదలకున్న\nరెప్పలార్పకున్న రెంటి సందుననుండి\nవిశ్వదాభిరామ వినర వేమ.	true	రోయవచ్చుఁ బరము రూఢిగాఁ దెలిసిన\nగానవచ్చు గ్రుడ్డు కదలకున్న\nరెప్పలార్పకున్న రెంటి సందుననుండి\nవిశ్వదాభిరామ వినర వేమ.	[]	[]														pdy-r-00691		
pdy-aataveladi-0249	aataveladi	upajaathi	""	train	దర్శనంబులందు ధర షణ్మతములందు\nవర్ణకాశ్రమముల వదల కెపుడూ\nతిరుగుచున్నవాఁడు ధరలోన నధముండు\nవిశ్వదాభిరామ వినర వేమ.	false	దర్శనంబులందు ధర షణ్మతములందు\nవర్ణకాశ్రమముల వదల కెపుడు\nతిరుగుచున్నవాఁడు ధరలోన నధముండు\nవిశ్వదాభిరామ వినర వేమ.	["seq"]	["seq"]	51	ు	ూ	lengthen	1	12	కెపుడూ	false	1	4	24	||U	["కె","పు","డూ"]	pdy-r-00692		
pdy-aataveladi-0250	aataveladi	upajaathi	""	test	బ్రహ్మ మనగవేఱె పరదేశమున లేదు\nబ్రహ్మ మనగ దానే బట్టబయలు\nతన్నుదా నెఱిఁగినఁ దానెపో బ్రహ్మంబు\nవిశ్వదాభిరామ వినర వేమ.	false	బ్రహ్మ మనగవేఱె పరదేశమున లేదు\nబ్రహ్మ మనగ దానె బట్టబయలు\nతన్నుదా నెఱిఁగినఁ దానెపో బ్రహ్మంబు\nవిశ్వదాభిరామ వినర వేమ.	["seq"]	["corr","seq"]	43	ె	ే	lengthen	1	6	దానే	true	1	2	20	UUU	["దా","నే","బ"]	pdy-r-00693		
pdy-aataveladi-0252	aataveladi	upajaathi	""	train	వెన్న చేతఁబట్టి వివరంబు దెలియక\nఘృతముఁ గోరూనట్టి యతనిభంగి\nతాను దైవమయ్యు దైవంబుఁ దలఁచును\nవిశ్వదాభిరామ వినర వేమ.	false	వెన్న చేతఁబట్టి వివరంబు దెలియక\nఘృతముఁ గోరునట్టి యతనిభంగి\nతాను దైవమయ్యు దైవంబుఁ దలఁచును\nవిశ్వదాభిరామ వినర వేమ.	["seq"]	["corr","seq"]	41	ు	ూ	lengthen	1	4	గోరూనట్టి	false	1	1	17	UUU	["గో","రూ","న"]	pdy-r-00694		
pdy-aataveladi-0254	aataveladi	upajaathi	""	dev	తన్నెఱుఁగనివాఁడు తానె తానై యుండుఁ\nదన్నేఱుంగువాఁడు తానె తాను\nతనువులేనివాఁడు తానె తానౌనయా\nవిశ్వదాభిరామ వినర వేమ.	false	తన్నెఱుఁగనివాఁడు తానె తానై యుండుఁ\nదన్నెఱుంగువాఁడు తానె తాను\nతనువులేనివాఁడు తానె తానౌనయా\nవిశ్వదాభిరామ వినర వేమ.	["seq"]	["corr","seq"]	38	ె	ే	lengthen	1	1	దన్నేఱుంగువాఁడు	false	1	0	13	UUU	["ద","న్నే","ఱుం"]	pdy-r-00695		
pdy-kandamu-0590	kandamu	jaathi	""	test	తానును సమస్తభూవనము\nలోనసువుల యంగఁదెలిసి లోనను వెలయు\nన్‌ దానై వెలుఁగఁగ నేర్చిన\nమానవునకు ముక్తి గలుగు మహిలో వేమా.	false	తానును సమస్తభువనము\nలోనసువుల యంగఁదెలిసి లోనను వెలయు\nన్‌ దానై వెలుఁగఁగ నేర్చిన\nమానవునకు ముక్తి గలుగు మహిలో వేమా.	["seq"]	["corr","seq"]	13	ు	ూ	lengthen	0	6	సమస్తభూవనము	false	1	1	12	|||U	["సు","వు","ల","యం"]	pdy-r-00696		
pdy-aataveladi-0257	aataveladi	upajaathi	""	train	నిజము వరుస నెఱిఁగి నిత్యుండూ గావలె\nపలుకులోనిపలుకు పదిలపఱపు\nపలుకుఁజూడ నెవరొ పరికించి చూడరా\nవిశ్వదాభిరామ వినర వేమ.	false	నిజము వరుస నెఱిఁగి నిత్యుండు గావలె\nపలుకులోనిపలుకు పదిలపఱపు\nపలుకుఁజూడ నెవరొ పరికించి చూడరా\nవిశ్వదాభిరామ వినర వేమ.	["seq"]	["corr","seq"]	27	ు	ూ	lengthen	0	11	నిత్యుండూ	false	0	3	9	UUUU	["ని","త్యుం","డూ","గా"]	pdy-r-00697		
pdy-aataveladi-0264	aataveladi	upajaathi	""	test	వాయువందె పుట్టి వాయువందె పెఱిగి\nవాయువందు మేలు వరుసఁ దెలియ\nవాయువందు ప్రాణవాయువు తత్వంబు\nవిశ్వదాభిరామ వినర వేమ.	true	వాయువందె పుట్టి వాయువందె పెఱిగి\nవాయువందు మేలు వరుసఁ దెలియ\nవాయువందు ప్రాణవాయువు తత్వంబు\nవిశ్వదాభిరామ వినర వేమ.	[]	[]														pdy-r-00698		
pdy-aataveladi-0266	aataveladi	upajaathi	""	train	తలపులోని తలఁపు దలఁపోసి తెలియకా\nతలఁపులెల్ల విడిచి తగినభంగి\nతలఁపూలోనితలఁపె తత్వంబు నాత్మరా\nవిశ్వదాభిరామ వినర వేమ.	false	తలపులోని తలఁపు దలఁపోసి తెలియకా\nతలఁపులెల్ల విడిచి తగినభంగి\nతలఁపులోనితలఁపె తత్వంబు నాత్మరా\nవిశ్వదాభిరామ వినర వేమ.	["seq"]	["seq"]	62	ు	ూ	lengthen	2	2	తలఁపూలోనితలఁపె	false	2	0	29	||U	["త","ల","పూ"]	pdy-r-00699		
pdy-aataveladi-0268	aataveladi	upajaathi	""	train	సర్వ మొకటిఁ జూడ సమకూరును ధ్రువంబు\nరెప్పవేయఁబోక రేయిఁబగలు\nపగలూలోని పగలు పరమాత్మ చూడరా\nవిశ్వదాభిరామ వినర వేమ.	false	సర్వ మొకటిఁ జూడ సమకూరును ధ్రువంబు\nరెప్పవేయఁబోక రేయిఁబగలు\nపగలులోని పగలు పరమాత్మ చూడరా\nవిశ్వదాభిరామ వినర వేమ.	["seq"]	["seq"]	60	ు	ూ	lengthen	2	2	పగలూలోని	false	2	0	26	||U	["ప","గ","లూ"]	pdy-r-00700		
pdy-aataveladi-0269	aataveladi	upajaathi	""	train	రూపడఁగక జీవరూపంబుఁ గనరాదు\nనట్టిరూప మడగ నలవిగాదు\nబ్రహ్మ మడఁగకున్న బ్రహ్మంబుఁ గనఁరాదూ\nవిశ్వదాభిరామ వినర వేమ.	false	రూపడఁగక జీవరూపంబుఁ గనరాదు\nనట్టిరూప మడగ నలవిగాదు\nబ్రహ్మ మడఁగకున్న బ్రహ్మంబుఁ గనఁరాదు\nవిశ్వదాభిరామ వినర వేమ.	["seq"]	["seq"]	82	ు	ూ	lengthen	2	13	గనఁరాదూ	false	2	4	36	||UU	["గ","న","రా","దూ"]	pdy-r-00701		
pdy-aataveladi-0271	aataveladi	upajaathi	""	train	భూమిలొనఁ బుట్టు భూభార మెల్లను\nతనువులోనఁ బుట్టు దత్వమెల్ల\nశ్రమములోనఁ బుట్టు సర్వంబుఁ దానౌను\nవిశ్వదాభిరామ వినర వేమ.	false	భూమిలోనఁ బుట్టు భూభార మెల్లను\nతనువులోనఁ బుట్టు దత్వమెల్ల\nశ్రమములోనఁ బుట్టు సర్వంబుఁ దానౌను\nవిశ్వదాభిరామ వినర వేమ.	["seq"]	["corr","seq"]	5	ో	ొ	shorten	0	2	భూమిలొనఁ	false	0	1	2	||U	["లొ","న","బు"]	pdy-r-00702		
pdy-aataveladi-0272	aataveladi	upajaathi	""	train	కాయముఁదగఁ గూడి కడఁగి యోగిగనున్న\nకాయ ముండికాని ఘనుఁడు గాఁడు\nకాయమునను ముక్తిగతి కేగవలెనయా\nవిశ్వదాభిరామ వినర వేమ.	true	కాయముఁదగఁ గూడి కడఁగి యోగిగనున్న\nకాయ ముండికాని ఘనుఁడు గాఁడు\nకాయమునను ముక్తిగతి కేగవలెనయా\nవిశ్వదాభిరామ వినర వేమ.	[]	[]														pdy-r-00703		
pdy-aataveladi-0276	aataveladi	upajaathi	""	test	లోను చూడఁజూడ లోకాభిరామంబు\nబయలు చూడఁజూడ బంధనంబూ\nతన్నుఁజూడఁజూడ తారక బ్రహ్మంబు\nవిశ్వదాభిరామ వినర వేమ.	false	లోను చూడఁజూడ లోకాభిరామంబు\nబయలు చూడఁజూడ బంధనంబు\nతన్నుఁజూడఁజూడ తారక బ్రహ్మంబు\nవిశ్వదాభిరామ వినర వేమ.	["seq"]	["corr","seq"]	45	ు	ూ	lengthen	1	10	బంధనంబూ	false	1	4	21	UUU	["నం","బూ","త"]	pdy-r-00704		
pdy-kandamu-0596	kandamu	jaathi	""	train	తనుసంరక్షణ కొఱకయి\nమనమున కార్యములు మానుమనూ తత్వముచే\nదినదినము తిరిగి తిరిగియు\nతనువునఁ గనుగొన్న నాత్మ తత్వము వేమా.	false	తనుసంరక్షణ కొఱకయి\nమనమున కార్యములు మానుమను తత్వముచే\nదినదినము తిరిగి తిరిగియు\nతనువునఁ గనుగొన్న నాత్మ తత్వము వేమా.	["seq"]	["corr","seq"]	40	ు	ూ	lengthen	1	11	మానుమనూ	false	1	3	20	|UU|	["మ","నూ","త","త్వ"]	pdy-r-00705		
pdy-kandamu-0598	kandamu	jaathi	""	train	నిఖిలాకారుం డాతఁడు\nనిఖిలాత్ముఁడు సర్వసాక్షి నిజముగఁ దానై\nనిఖిలంబు నిందుజూఁడగ\nనిఖిలంబై యుండు నిచ్చ నిజముగ వేమా.	true	నిఖిలాకారుం డాతఁడు\nనిఖిలాత్ముఁడు సర్వసాక్షి నిజముగఁ దానై\nనిఖిలంబు నిందుజూఁడగ\nనిఖిలంబై యుండు నిచ్చ నిజముగ వేమా.	[]	[]														pdy-r-00706		
pdy-aataveladi-0285	aataveladi	upajaathi	""	train	జీవసంజ్ఞ గలుగు జీవుని తత్వంబ\nజీవపరుని గురుని జెందఁజేసి\nతన్ను నిల్పువాఁడు తానే తత్వజ్ఞుఁడౌ\nవిశ్వదాభిరామ వినర వేమ.	false	జీవసంజ్ఞ గలుగు జీవుని తత్వంబ\nజీవపరుని గురుని జెందఁజేసి\nతన్ను నిల్పువాఁడు తానె తత్వజ్ఞుఁడౌ\nవిశ్వదాభిరామ వినర వేమ.	["seq"]	["corr","seq"]	76	ె	ే	lengthen	2	7	తానే	true	2	3	31	UUUU	["తా","నే","త","త్వ"]	pdy-r-00707		
pdy-aataveladi-0286	aataveladi	upajaathi	""	test	తాను దానే యనెడి తత్వాల లోపల\nనన్య మెఱుఁగకుండు నబ్బతోడు\nతానెతానునయిన దల్లడం బేలరా\nవిశ్వదాభిరామ వినర వేమ.	false	తాను దానె యనెడి తత్వాల లోపల\nనన్య మెఱుఁగకుండు నబ్బతోడు\nతానెతానునయిన దల్లడం బేలరా\nవిశ్వదాభిరామ వినర వేమ.	["seq"]	["corr","seq"]	8	ె	ే	lengthen	0	3	దానే	true	0	1	2	UU|	["దా","నే","య"]	pdy-r-00708		
pdy-kandamu-0605	kandamu	jaathi	""	train	తన నిజరూపముఁ జూడఁగ\nతన మాయను సిద్ధులయినఁ దపముల మాయ\nన్‌ తానెంతటి ఘనుఁడయీనను\nతనిసినవాఁడైన జూడ ధరలో వేమా.	false	తన నిజరూపముఁ జూడఁగ\nతన మాయను సిద్ధులయినఁ దపముల మాయ\nన్‌ తానెంతటి ఘనుఁడయినను\nతనిసినవాఁడైన జూడ ధరలో వేమా.	["seq"]	["seq"]	69	ి	ీ	lengthen	2	7	ఘనుఁడయీనను	false	2	2	32	|U||	["డ","యీ","న","ను"]	pdy-r-00709		
pdy-aataveladi-0295	aataveladi	upajaathi	""	train	తాను పుట్టుచోటు తాఁజూచి పలికెనా\nతాను బుద్ధిదిరుగు ధరణిలోన\nతాను బుట్టుచోటు తత్వంబు తలపోయ\nవిశ్వదాభిరామ వినర వేమ.	true	తాను పుట్టుచోటు తాఁజూచి పలికెనా\nతాను బుద్ధిదిరుగు ధరణిలోన\nతాను బుట్టుచోటు తత్వంబు తలపోయ\nవిశ్వదాభిరామ వినర వేమ.	[]	[]														pdy-r-00710		
pdy-kandamu-0606	kandamu	jaathi	""	train	అనలంబున జనియించియూ\nననలంబున సలిలమగును నాకాశమున\nన్‌ గనిపించి పుట్టుఁదానే\nజనకుఁడు లేనట్టిదాయె చరితము వేమా.	false	అనలంబున జనియించియు\nననలంబున సలిలమగును నాకాశమున\nన్‌ గనిపించి పుట్టుఁదానే\nజనకుఁడు లేనట్టిదాయె చరితము వేమా.	["seq"]	["corr","seq"]	17	ు	ూ	lengthen	0	9	జనియించియూ	false	0	2	7	U|U|	["యిం","చి","యూ","న"]	pdy-r-00711		
pdy-aataveladi-0297	aataveladi	upajaathi	""	train	కర్మగుణమూ లన్ని కడఁబెట్టి నడువక\nతత్వమేల దన్ను దగులుకొనును\nనూనెలేక దివ్వె నువ్వులమండునా\nవిశ్వదాభిరామ వినర వేమ.	false	కర్మగుణము లన్ని కడఁబెట్టి నడువక\nతత్వమేల దన్ను దగులుకొనును\nనూనెలేక దివ్వె నువ్వులమండునా\nవిశ్వదాభిరామ వినర వేమ.	["seq"]	["seq"]	8	ు	ూ	lengthen	0	4	కర్మగుణమూ	false	0	1	2	||U	["గు","ణ","మూ"]	pdy-r-00712		
pdy-aataveladi-0298	aataveladi	upajaathi	""	test	కర్మమయుఁడుగాక ధర్మంబు దెలీయఁడు\nకర్మజీవి మేలు గానలేఁడు\nనీరుచొరక లోతు నికరము దెలియదు\nవిశ్వదాభిరామ వినర వేమ.	false	కర్మమయుఁడుగాక ధర్మంబు దెలియఁడు\nకర్మజీవి మేలు గానలేఁడు\nనీరుచొరక లోతు నికరము దెలియదు\nవిశ్వదాభిరామ వినర వేమ.	["seq"]	["seq"]	25	ి	ీ	lengthen	0	11	దెలీయఁడు	false	0	4	10	|U||	["దె","లీ","య","డు"]	pdy-r-00713		
pdy-aataveladi-0299	aataveladi	upajaathi	""	train	కర్మఫలములన్ని కపటంబుగాఁ జూచి\nధర్మఫలములన్ని దగిలియుండు\nధర్మమర్మములను దాటుట ముక్తిరా\nవిశ్వదాభీరామ వినర వేమ.	false	కర్మఫలములన్ని కపటంబుగాఁ జూచి\nధర్మఫలములన్ని దగిలియుండు\nధర్మమర్మములను దాటుట ముక్తిరా\nవిశ్వదాభిరామ వినర వేమ.	["seq"]	["corr","seq"]	91	ి	ీ	lengthen	3	3	విశ్వదాభీరామ	false	3	1	41	UUU	["దా","భీ","రా"]	pdy-r-00714		
pdy-kandamu-0610	kandamu	jaathi	""	train	హరివిధిసూరిమును లాదిని\nమెరసియు జన్మించి పిదప మేలులకెడగా\nజరయందు మరణమందును\nవరుస న్వర్తిలిరి మాయవాసన వేమా.	false	హరివిధిసురిమును లాదిని\nమెరసియు జన్మించి పిదప మేలులకెడగా\nజరయందు మరణమందును\nవరుస న్వర్తిలిరి మాయవాసన వేమా.	["seq"]	["seq"]	8	ు	ూ	lengthen	0	4	హరివిధిసూరిమును	false	0	2	7	|U||	["ను","లా","ది","ని"]	pdy-r-00715		
pdy-aataveladi-0303	aataveladi	upajaathi	""	train	ముల మెవ్వ రనుచు ముగ్గురిలోపల\nమూల మెఱుఁగలేరు మూఢజనులు\nమూలమందఱకును ముఖ్యమౌఁ గర్మము\nవిశ్వదాభిరామ వినర వేమ.	false	మూల మెవ్వ రనుచు ముగ్గురిలోపల\nమూల మెఱుఁగలేరు మూఢజనులు\nమూలమందఱకును ముఖ్యమౌఁ గర్మము\nవిశ్వదాభిరామ వినర వేమ.	["seq"]	["corr","seq"]	1	ూ	ు	shorten	0	0	ముల	false	0	0	0	||U	["ము","ల","మె"]	pdy-r-00716		
pdy-kandamu-0611	kandamu	jaathi	""	train	విధికృతములందు రన్నియు\nవిధికిని విధి లెస్సయయ్యె విష్ణు జపింప\nన్‌ విధియుభవురూప మందెను\nవీధి బ్రహ్మము సుమ్ముదలప వినరా వేమా.	false	విధికృతములందు రన్నియు\nవిధికిని విధి లెస్సయయ్యె విష్ణు జపింప\nన్‌ విధియుభవురూప మందెను\nవిధి బ్రహ్మము సుమ్ముదలప వినరా వేమా.	["seq"]	["corr","seq"]	85	ి	ీ	lengthen	3	0	వీధి	true	3	0	35	U|U|	["వీ","ధి","బ్ర","హ్మ"]	pdy-r-00717		
pdy-aataveladi-0307	aataveladi	upajaathi	""	train	ఆకు కానవచ్చు హరిహరాదులకును\nకొమ్మ గానరాదు కోరిచూడ\nకొమ్మగానరాగఁ గొనీయాడ కుండురా\nవిశ్వదాభిరామ వినర వేమ.	false	ఆకు కానవచ్చు హరిహరాదులకును\nకొమ్మ గానరాదు కోరిచూడ\nకొమ్మగానరాగఁ గొనియాడ కుండురా\nవిశ్వదాభిరామ వినర వేమ.	["seq"]	["seq"]	65	ి	ీ	lengthen	2	7	గొనీయాడ	false	2	3	30	|UU|	["గొ","నీ","యా","డ"]	pdy-r-00718		
pdy-aataveladi-0308	aataveladi	upajaathi	""	dev	వాఁడు వాఁడూ వాఁడు వానిలోపల నుండు\nవాఁడు వాఁడు వాఁడు వాఁడుగాఁడు\nవాని వానిగూర్చువాఁడెపో బ్రహ్మంబు\nవిశ్వదాభిరామ వినర వేమ.	false	వాఁడు వాఁడు వాఁడు వానిలోపల నుండు\nవాఁడు వాఁడు వాఁడు వాఁడుగాఁడు\nవాని వానిగూర్చువాఁడెపో బ్రహ్మంబు\nవిశ్వదాభిరామ వినర వేమ.	["seq"]	["corr","seq"]	10	ు	ూ	lengthen	0	3	వాఁడూ	false	0	1	2	UUU	["వా","డూ","వా"]	pdy-r-00719		
pdy-kandamu-0614	kandamu	jaathi	""	test	ఘంటారావము మదిలో\nవింటిన్నే కంటఁగంటి విమలపుకాంతి\nన్‌ వెంటాడక బ్రహ్మంబును\nగంటీని వగ కాదు నన్నుఁ గనుగొన వేమా.	false	ఘంటారావము మదిలో\nవింటిన్నే కంటఁగంటి విమలపుకాంతి\nన్‌ వెంటాడక బ్రహ్మంబును\nగంటిని వగ కాదు నన్నుఁ గనుగొన వేమా.	["seq"]	["seq"]	74	ి	ీ	lengthen	3	1	గంటీని	false	3	1	31	|||U	["ని","వ","గ","కా"]	pdy-r-00720		
pdy-aataveladi-0325	aataveladi	upajaathi	""	dev	మొదలు చూచిచూచి తుదిఁ జూడకుండెనా\nచుపు తప్పినపుడె సొరగవలెను\nసొరగకున్నవానిఁ జులకగాఁ జూతురు\nవిశ్వదాభిరామ వినర వేమ.	false	మొదలు చూచిచూచి తుదిఁ జూడకుండెనా\nచూపు తప్పినపుడె సొరగవలెను\nసొరగకున్నవానిఁ జులకగాఁ జూతురు\nవిశ్వదాభిరామ వినర వేమ.	["seq"]	["corr","seq"]	33	ూ	ు	shorten	1	0	చుపు	false	1	0	14	||U	["చు","పు","త"]	pdy-r-00721		
pdy-aataveladi-0329	aataveladi	upajaathi	""	train	సూక్ష్మరూప మెఱిగి సుఖమొందగా లేక\nబహుళముగను జదువఁబడుచు నరుఁడు\nచావూచేటెఱుఁగని చదువేల చదువునో\nవిశ్వదాభిరామ వినర వేమ.	false	సూక్ష్మరూప మెఱిగి సుఖమొందగా లేక\nబహుళముగను జదువఁబడుచు నరుఁడు\nచావుచేటెఱుఁగని చదువేల చదువునో\nవిశ్వదాభిరామ వినర వేమ.	["seq"]	["corr","seq"]	63	ు	ూ	lengthen	2	1	చావూచేటెఱుఁగని	false	2	0	29	UUU	["చా","వూ","చే"]	pdy-r-00722		
pdy-aataveladi-0331	aataveladi	upajaathi	""	train	తనూవ దెవరిసొమ్ము తనదని పోషింప\nధనమదెవరిసొమ్ము దాచుకొనఁగ\nప్రాణ మెవరిసొమ్ము పాయకుండఁగ నిల్ప\nవిశ్వదాభిరామ వినర వేమ.	false	తనువ దెవరిసొమ్ము తనదని పోషింప\nధనమదెవరిసొమ్ము దాచుకొనఁగ\nప్రాణ మెవరిసొమ్ము పాయకుండఁగ నిల్ప\nవిశ్వదాభిరామ వినర వేమ.	["seq"]	["seq"]	2	ు	ూ	lengthen	0	1	తనూవ	false	0	0	0	|U|	["త","నూ","వ"]	pdy-r-00723		
pdy-aataveladi-0332	aataveladi	upajaathi	""	train	జీవిఁజంపుటెల్ల శివభక్తి తప్పుట\nజీవు నరసిచూడ శివుఁడు గాదే\nజీవుఁడు శివుఁడగును సిద్ధంబు దెలియరో\nవిశ్వదాభిరామ వినర వేమ.	false	జీవిఁజంపుటెల్ల శివభక్తి తప్పుట\nజీవు నరసిచూడ శివుఁడు గాదె\nజీవుఁడు శివుఁడగును సిద్ధంబు దెలియరో\nవిశ్వదాభిరామ వినర వేమ.	["seq"]	["corr","seq"]	55	ె	ే	lengthen	1	11	గాదే	true	1	4	23	UUU	["గా","దే","జీ"]	pdy-r-00724		
pdy-aataveladi-0338	aataveladi	upajaathi	""	train	మగఁడు మదనుఁడైన మంచికాఁపురమైన\nసహజ మెల మాను జారకాంత\nపాలుద్రావు కుక్క బడిబడి పోవదా\nవిశ్వదాభిరామ వినర వేమ.	false	మగఁడు మదనుఁడైన మంచికాఁపురమైన\nసహజ మేల మాను జారకాంత\nపాలుద్రావు కుక్క బడిబడి పోవదా\nవిశ్వదాభిరామ వినర వేమ.	["seq"]	["corr","seq"]	34	ే	ె	shorten	1	3	మెల	false	1	1	18	||U	["మె","ల","మా"]	pdy-r-00725		
pdy-aataveladi-0340	aataveladi	upajaathi	""	train	ఆలి వంచలేక యధమత్వముననుండి\nవెనుక వంతుననుట వెఱ్ఱితనము\nచెట్టుముదర నిచ్చి చిదిమినఁ బోవునా\nవిశ్వదాభిరామ వినర వేమ.	true	ఆలి వంచలేక యధమత్వముననుండి\nవెనుక వంతుననుట వెఱ్ఱితనము\nచెట్టుముదర నిచ్చి చిదిమినఁ బోవునా\nవిశ్వదాభిరామ వినర వేమ.	[]	[]														pdy-r-00726		
pdy-aataveladi-0344	aataveladi	upajaathi	""	train	మాటవిననియాలు మగనికి మృత్యువు\nయోటిపడవ సర్ప మొంటిగృహమూ\nతనకుఁగానియాలు దానవురాలయా\nవిశ్వదాభిరామ వినర వేమ.	false	మాటవిననియాలు మగనికి మృత్యువు\nయోటిపడవ సర్ప మొంటిగృహము\nతనకుఁగానియాలు దానవురాలయా\nవిశ్వదాభిరామ వినర వేమ.	["seq"]	["seq"]	51	ు	ూ	lengthen	1	11	మొంటిగృహమూ	false	1	4	23	||U	["గృ","హ","మూ"]	pdy-r-00727		
pdy-aataveladi-0362	aataveladi	upajaathi	""	train	తొత్తుతోడిపొందు తొఱ్ఱిపెసలమూట\nముచ్చుతోడిపొందు తెచ్చునింద\nతలవరింటిపొందు తలతోటీదీరురా\nవిశ్వదాభిరామ వినర వేమ.	false	తొత్తుతోడిపొందు తొఱ్ఱిపెసలమూట\nముచ్చుతోడిపొందు తెచ్చునింద\nతలవరింటిపొందు తలతోటిదీరురా\nవిశ్వదాభిరామ వినర వేమ.	["seq"]	["seq"]	76	ి	ీ	lengthen	2	10	తలతోటీదీరురా	false	2	3	30	||UU	["త","ల","తో","టీ"]	pdy-r-00728		
pdy-aataveladi-0365	aataveladi	upajaathi	""	dev	తరుణీ సొగసుఁగన్న తనయుని గన్నను\nమరునికళల మించి మనము పాఱు\nపాపజాతి మనము పట్టంగ రాదయా\nవిశ్వదాభిరామ వినర వేమ.	false	తరుణి సొగసుఁగన్న తనయుని గన్నను\nమరునికళల మించి మనము పాఱు\nపాపజాతి మనము పట్టంగ రాదయా\nవిశ్వదాభిరామ వినర వేమ.	["seq"]	["seq"]	4	ి	ీ	lengthen	0	2	తరుణీ	true	0	0	0	||U	["త","రు","ణీ"]	pdy-r-00729		
pdy-aataveladi-0368	aataveladi	upajaathi	""	train	పదుగు రాడుమాట పాటియై ధరఁజెల్లు\nనొక్కఁడాడుమాట యెక్కదెందూ\nనూరకాడుకాని కూరెల్ల నోపదు\nవిశ్వదాభిరామ వినర వేమ.	false	పదుగు రాడుమాట పాటియై ధరఁజెల్లు\nనొక్కఁడాడుమాట యెక్కదెందు\nనూరకాడుకాని కూరెల్ల నోపదు\nవిశ్వదాభిరామ వినర వేమ.	["seq"]	["corr","seq"]	54	ు	ూ	lengthen	1	9	యెక్కదెందూ	false	1	4	22	UUU	["దెం","దూ","నూ"]	pdy-r-00730		
pdy-aataveladi-0370	aataveladi	upajaathi	""	train	పతిని విడువరాదు పదివేలకైనను\nపెట్టి చెప్పరాదు పెదకైన\nపతిని దిట్టరాదు పతి రూపవతియైన\nవిశ్వదాభిరామ వినర వేమ.	false	పతిని విడువరాదు పదివేలకైనను\nపెట్టి చెప్పరాదు పేదకైన\nపతిని దిట్టరాదు పతి రూపవతియైన\nవిశ్వదాభిరామ వినర వేమ.	["seq"]	["corr","seq"]	46	ే	ె	shorten	1	6	పెదకైన	false	1	3	21	||U	["పె","ద","కై"]	pdy-r-00731		
pdy-aataveladi-0371	aataveladi	upajaathi	""	test	సుతులు పతులు మాయ సుఖదుఃఖములు మాయ\nసంస్మృతీయును మాయ జాతిమాయ\nమాయబ్రతుకుకింత మాయ గల్పించెరా\nవిశ్వదాభిరామ వినర వేమ.	false	సుతులు పతులు మాయ సుఖదుఃఖములు మాయ\nసంస్మృతియును మాయ జాతిమాయ\nమాయబ్రతుకుకింత మాయ గల్పించెరా\nవిశ్వదాభిరామ వినర వేమ.	["seq"]	["seq"]	40	ి	ీ	lengthen	1	2	సంస్మృతీయును	false	1	2	20	|U|	["ను","మా","య"]	pdy-r-00732		
pdy-aataveladi-0375	aataveladi	upajaathi	""	train	లేని కాలమునకు లేమిమనము నొందు\nనీనిన పులిరీతి నేఱుఁగకుండు\nకఠినబుద్ధి కిట్లు కలిమేమి గల్గురా\nవిశ్వదాభిరామ వినర వేమ.	false	లేని కాలమునకు లేమిమనము నొందు\nనీనిన పులిరీతి నెఱుఁగకుండు\nకఠినబుద్ధి కిట్లు కలిమేమి గల్గురా\nవిశ్వదాభిరామ వినర వేమ.	["seq"]	["seq"]	45	ె	ే	lengthen	1	7	నేఱుఁగకుండు	false	1	4	23	|U|	["గ","కుం","డు"]	pdy-r-00733		
pdy-aataveladi-0378	aataveladi	upajaathi	""	train	తన్నుఁ దానెఱుఁగఁడు తా నెవ్వరికి నేర్పు\nప్రాలుమాలితిరుగు పశువుకొడుకు\nకాసులకొఱకైన కర్మముల్‌ గట్టురా\nవిశ్వదాభిరామ వినర వేమ.	true	తన్నుఁ దానెఱుఁగఁడు తా నెవ్వరికి నేర్పు\nప్రాలుమాలితిరుగు పశువుకొడుకు\nకాసులకొఱకైన కర్మముల్‌ గట్టురా\nవిశ్వదాభిరామ వినర వేమ.	[]	[]														pdy-r-00734		
pdy-kandamu-0615	kandamu	jaathi	""	train	మొదటను మతమును వదలక\nతుద నెవ్వరిమతమునైన దూషింపకయు\nన్‌ పదిలుఁడయి కోర్కెఁగోరక\nముదమునఁ జరియించువాఁడె ముఖ్యూఁడు వేమా.	false	మొదటను మతమును వదలక\nతుద నెవ్వరిమతమునైన దూషింపకయు\nన్‌ పదిలుఁడయి కోర్కెఁగోరక\nముదమునఁ జరియించువాఁడె ముఖ్యుఁడు వేమా.	["seq"]	["seq"]	101	ు	ూ	lengthen	3	11	ముఖ్యూఁడు	false	3	4	49	|UU	["డు","వే","మా"]	pdy-r-00735		
pdy-aataveladi-0381	aataveladi	upajaathi	""	train	తిరిపెగాని మిగూల దీపించఁ గనరాదు\nవెఱ్ఱివానిమాట వినఁగ రాదు\nవెఱ్ఱికుక్కఁ బట్టి వేటాడ వచ్చునా\nవిశ్వదాభిరామ వినర వేమ.	false	తిరిపెగాని మిగుల దీపించఁ గనరాదు\nవెఱ్ఱివానిమాట వినఁగ రాదు\nవెఱ్ఱికుక్కఁ బట్టి వేటాడ వచ్చునా\nవిశ్వదాభిరామ వినర వేమ.	["seq"]	["seq"]	14	ు	ూ	lengthen	0	6	మిగూల	false	0	2	5	|U|	["మి","గూ","ల"]	pdy-r-00736		
pdy-aataveladi-0385	aataveladi	upajaathi	""	train	కొండెగాఁడు చావఁ గొంపదనుకఁ బోక\nవంతూ కింతెకాని వగపులేదు\nకొంకనక్క చావ గొఱ్ఱెలేమిటి కేడ్చు\nవిశ్వదాభిరామ వినర వేమ.	false	కొండెగాఁడు చావఁ గొంపదనుకఁ బోక\nవంతు కింతెకాని వగపులేదు\nకొంకనక్క చావ గొఱ్ఱెలేమిటి కేడ్చు\nవిశ్వదాభిరామ వినర వేమ.	["seq"]	["corr","seq"]	33	ు	ూ	lengthen	1	1	వంతూ	false	1	0	13	UUU	["వం","తూ","కిం"]	pdy-r-00737		
pdy-aataveladi-0388	aataveladi	upajaathi	""	train	నిజములాడువాని నిందించూ జగమెల్ల\nనిజము లాడరాదు నీచుతోడ\nనిజమహాత్ముఁగూడ నిజమాడవలయురా\nవిశ్వదాభిరామ వినర వేమ.	false	నిజములాడువాని నిందించు జగమెల్ల\nనిజము లాడరాదు నీచుతోడ\nనిజమహాత్ముఁగూడ నిజమాడవలయురా\nవిశ్వదాభిరామ వినర వేమ.	["seq"]	["corr","seq"]	21	ు	ూ	lengthen	0	9	నిందించూ	false	0	3	7	UUU|	["నిం","దిం","చూ","జ"]	pdy-r-00738		
pdy-kandamu-0617	kandamu	jaathi	""	train	ఇచ్చకము భువిని వశ్యము\nకుచ్చిత మీలోకనింద కోవిదునకు నీ\nతుచ్చమున హాని వచ్చునూ\nమచ్చరమే తన్నుఁ జెఱచు మహిలో వేమా.	false	ఇచ్చకము భువిని వశ్యము\nకుచ్చిత మీలోకనింద కోవిదునకు నీ\nతుచ్చమున హాని వచ్చును\nమచ్చరమే తన్నుఁ జెఱచు మహిలో వేమా.	["seq"]	["corr","seq"]	73	ు	ూ	lengthen	2	8	వచ్చునూ	false	2	2	30	U|UU	["వ","చ్చు","నూ","మ"]	pdy-r-00739		
pdy-aataveladi-0394	aataveladi	upajaathi	""	train	చూపువలనఁ బుట్టు సుఖదుఃఖములు రెండు\nపతికి సతికిఁ బుట్ట పరగ సుతుఁడు\nసతికి సుతునివలన సౌఖ్యంబు గలుగును\nవిశ్వదాభిరామ వినర వేమ.	true	చూపువలనఁ బుట్టు సుఖదుఃఖములు రెండు\nపతికి సతికిఁ బుట్ట పరగ సుతుఁడు\nసతికి సుతునివలన సౌఖ్యంబు గలుగును\nవిశ్వదాభిరామ వినర వేమ.	[]	[]														pdy-r-00740		
pdy-aataveladi-0398	aataveladi	upajaathi	""	dev	కలీమినాఁడు మగని కామిని చూచును\nలేమిఁజిక్కునాఁడు లేవకుండు\nమనినమగనినైన మడియంగఁ జూచును\nవిశ్వదాభిరామ వినర వేమ.	false	కలిమినాఁడు మగని కామిని చూచును\nలేమిఁజిక్కునాఁడు లేవకుండు\nమనినమగనినైన మడియంగఁ జూచును\nవిశ్వదాభిరామ వినర వేమ.	["seq"]	["seq"]	2	ి	ీ	lengthen	0	1	కలీమినాఁడు	false	0	0	0	|U|	["క","లీ","మి"]	pdy-r-00741		
pdy-aataveladi-0399	aataveladi	upajaathi	""	train	పాలు పంచదార పాపరపండ్లలో\nచాలఁబోసి పండ్లఁ జవికిరావు\nకుటిలమానవులకు గుణ మేల కలుగురా\nవిశ్వదాభిరామ వీనర వేమ.	false	పాలు పంచదార పాపరపండ్లలో\nచాలఁబోసి పండ్లఁ జవికిరావు\nకుటిలమానవులకు గుణ మేల కలుగురా\nవిశ్వదాభిరామ వినర వేమ.	["seq"]	["seq"]	94	ి	ీ	lengthen	3	6	వీనర	false	3	4	47	|U|	["ర","వే","మ"]	pdy-r-00742		
pdy-aataveladi-0400	aataveladi	upajaathi	""	train	భూమి నాదియన్న భూమి ఫక్కున నవ్వు\nదానహీనుఁ జూచి ధనము నవ్వు\nకదన భీతుఁ జూచి కాలుండు నవ్వును\nవిశ్వదాభిరామ వినర వెమ.	false	భూమి నాదియన్న భూమి ఫక్కున నవ్వు\nదానహీనుఁ జూచి ధనము నవ్వు\nకదన భీతుఁ జూచి కాలుండు నవ్వును\nవిశ్వదాభిరామ వినర వేమ.	["seq"]	["seq"]	107	ే	ె	shorten	3	9	వెమ	false	3	4	46	||	["వె","మ"]	pdy-r-00743		
pdy-aataveladi-0402	aataveladi	upajaathi	""	train	పంకజాక్షిఁ గన్న బంగరు పొడగన్న\nదిమ్ముబట్టియుండు తెలివి కెల్ల\nమనుజులకును తత్వమహి మెట్టూ గల్గురా\nవిశ్వదాభిరామ వినర వేమ.	false	పంకజాక్షిఁ గన్న బంగరు పొడగన్న\nదిమ్ముబట్టియుండు తెలివి కెల్ల\nమనుజులకును తత్వమహి మెట్టు గల్గురా\nవిశ్వదాభిరామ వినర వేమ.	["seq"]	["seq"]	84	ు	ూ	lengthen	2	11	మెట్టూ	false	2	3	32	||UU	["మ","హి","మె","ట్టూ"]	pdy-r-00744		
pdy-aataveladi-0403	aataveladi	upajaathi	""	train	దాతగానివాని తఱచుగా వేఁడిన\nవాడుఁ దాతయగునె వసుధలోన\nఅవురు దర్భ యౌనె యబ్ధిలో ముంచిన\nవిశ్వదాభిరామ వినర వెమ.	false	దాతగానివాని తఱచుగా వేఁడిన\nవాడుఁ దాతయగునె వసుధలోన\nఅవురు దర్భ యౌనె యబ్ధిలో ముంచిన\nవిశ్వదాభిరామ వినర వేమ.	["seq"]	["seq"]	99	ే	ె	shorten	3	9	వెమ	false	3	4	47	||	["వె","మ"]	pdy-r-00745		
pdy-aataveladi-0404	aataveladi	upajaathi	""	dev	మొండివాని కేల ముంజేతి కడియాలు\nతొఱ్ఱివాని కేల కఱ్ఱపండ్లు\nగాడిదలకు నెల గడ్డముల్‌ మీసము\nల్‌ విశ్వదాభిరామ వినర వేమ.	false	మొండివాని కేల ముంజేతి కడియాలు\nతొఱ్ఱివాని కేల కఱ్ఱపండ్లు\nగాడిదలకు నేల గడ్డముల్‌ మీసము\nల్‌ విశ్వదాభిరామ వినర వేమ.	["seq"]	["corr","seq"]	66	ే	ె	shorten	2	5	నెల	true	2	2	28	||U	["నె","ల","గ"]	pdy-r-00746		
pdy-aataveladi-0406	aataveladi	upajaathi	""	train	పట్టనేర్చు పాము పడగ నోరఁగఁజేయు\nచెఱుపఁజూచువాఁడు చెలిమిఁజేయు\nచంపఁ దలఁచురాజుచనువిచ్చు చూడరా\nవిశ్వదాభిరామ వీనర వేమ.	false	పట్టనేర్చు పాము పడగ నోరఁగఁజేయు\nచెఱుపఁజూచువాఁడు చెలిమిఁజేయు\nచంపఁ దలఁచురాజుచనువిచ్చు చూడరా\nవిశ్వదాభిరామ వినర వేమ.	["seq"]	["seq"]	103	ి	ీ	lengthen	3	6	వీనర	false	3	4	48	|U|	["ర","వే","మ"]	pdy-r-00747		
pdy-aataveladi-0408	aataveladi	upajaathi	""	train	మొదల క్రియను దప్పీ మోసంబుచేసియు\nపొట్టకొఱకు మనసుఁ బొందుపఱచి\nబీద కుక్కరీతి పెరుగును మనుజుండు\nవిశ్వదాభిరామ వినర వేమ.	false	మొదల క్రియను దప్పి మోసంబుచేసియు\nపొట్టకొఱకు మనసుఁ బొందుపఱచి\nబీద కుక్కరీతి పెరుగును మనుజుండు\nవిశ్వదాభిరామ వినర వేమ.	["seq"]	["corr","seq"]	17	ి	ీ	lengthen	0	7	దప్పీ	false	0	2	6	UUU	["ద","ప్పీ","మో"]	pdy-r-00748		
pdy-kandamu-0618	kandamu	jaathi	""	train	చక్కెర గలిపియు తినఁగా\nముక్కీన తవుడైన లెస్స మోహము గలుగ\nన్‌ వెక్కురు బానిసయైన\nన్‌ మక్కువఁ గను దివ్యభామ మహిలో వేమా.	false	చక్కెర గలిపియు తినఁగా\nముక్కిన తవుడైన లెస్స మోహము గలుగ\nన్‌ వెక్కురు బానిసయైన\nన్‌ మక్కువఁ గను దివ్యభామ మహిలో వేమా.	["seq"]	["seq"]	27	ి	ీ	lengthen	1	1	ముక్కీన	false	1	1	12	|||U	["న","త","వు","డై"]	pdy-r-00749		
pdy-aataveladi-0410	aataveladi	upajaathi	""	train	ఎట్టివానికైనఁ బుట్టును మోహంబూ\nపుట్టు మోహమెల్లబ్రోవఁద్రొక్కి\nగట్టిచేసి చూడఁ గాన్పించు బ్రహ్మంబు\nవిశ్వదాభిరామ వినర వేమ.	false	ఎట్టివానికైనఁ బుట్టును మోహంబు\nపుట్టు మోహమెల్లబ్రోవఁద్రొక్కి\nగట్టిచేసి చూడఁ గాన్పించు బ్రహ్మంబు\nవిశ్వదాభిరామ వినర వేమ.	["seq"]	["corr","seq"]	28	ు	ూ	lengthen	0	11	మోహంబూ	false	0	4	9	UUUU	["మో","హం","బూ","పు"]	pdy-r-00750		
pdy-aataveladi-0414	aataveladi	upajaathi	""	train	చేటు వచ్చెనేని చెడనాడు దైవంబు\nమేలూ వచ్చెనేని మెచ్చుఁ దన్ను\nచేటు మేలుతలఁపుఁ జేసినకర్మము\nల్‌ విశ్వదాభిరామ వినర వేమ.	false	చేటు వచ్చెనేని చెడనాడు దైవంబు\nమేలు వచ్చెనేని మెచ్చుఁ దన్ను\nచేటు మేలుతలఁపుఁ జేసినకర్మము\nల్‌ విశ్వదాభిరామ వినర వేమ.	["seq"]	["corr","seq"]	33	ు	ూ	lengthen	1	1	మేలూ	false	1	0	13	UUU	["మే","లూ","వ"]	pdy-r-00751		
pdy-kandamu-0620	kandamu	jaathi	""	train	వేలయాలి వలనఁ గూరిమి\nకలుగదు, మఱి కలిగెనేని కడతేరదురా\nపలువురు నడిచెడి తెరువున\nపులు మొలవదు, మొలిచెనేని పొదలదు వేమా.	false	వెలయాలి వలనఁ గూరిమి\nకలుగదు, మఱి కలిగెనేని కడతేరదురా\nపలువురు నడిచెడి తెరువున\nపులు మొలవదు, మొలిచెనేని పొదలదు వేమా.	["seq"]	["corr","seq"]	1	ె	ే	lengthen	0	0	వేలయాలి	false	0	0	0	U|U|	["వే","ల","యా","లి"]	pdy-r-00752		
pdy-aataveladi-0432	aataveladi	upajaathi	""	train	మనసులోన నున్న మమత లన్నియుఁ గోసి\nదృఢముఁ జేసి మనసు తేటఁబఱచి\nఘటము నిల్పువాఁడు ఘనతరయోగిరా\nవిశ్వదాభిరామ వినర వేమ.	true	మనసులోన నున్న మమత లన్నియుఁ గోసి\nదృఢముఁ జేసి మనసు తేటఁబఱచి\nఘటము నిల్పువాఁడు ఘనతరయోగిరా\nవిశ్వదాభిరామ వినర వేమ.	[]	[]														pdy-r-00753		
pdy-aataveladi-0433	aataveladi	upajaathi	""	train	పచ్చవిల్తుచేత గ్రచ్చఱ జను లెల్ల\nతచ్చవాడఁ బడిరి ధరణిలోన\nకులజుఁ డెవ్వఁ డిందుఁ గులహీనూఁ డెవ్వడు\nవిశ్వదాభిరామ వినర వేమ.	false	పచ్చవిల్తుచేత గ్రచ్చఱ జను లెల్ల\nతచ్చవాడఁ బడిరి ధరణిలోన\nకులజుఁ డెవ్వఁ డిందుఁ గులహీనుఁ డెవ్వడు\nవిశ్వదాభిరామ వినర వేమ.	["seq"]	["seq"]	82	ు	ూ	lengthen	2	10	గులహీనూఁ	false	2	3	32	||UU	["గు","ల","హీ","నూ"]	pdy-r-00754		
pdy-aataveladi-0434	aataveladi	upajaathi	""	train	కాఁగల పను లెల్లగా కెట్లుపోవును\nకాని పనులు భువిని కానె కావు\nమహిమవేఱె యుండు మనతోడ నున్నదా\nవిశ్వదాభిరామ వినర వేమ.	true	కాఁగల పను లెల్లగా కెట్లుపోవును\nకాని పనులు భువిని కానె కావు\nమహిమవేఱె యుండు మనతోడ నున్నదా\nవిశ్వదాభిరామ వినర వేమ.	[]	[]														pdy-r-00755		
pdy-aataveladi-0437	aataveladi	upajaathi	""	dev	మొదట నాకుఁ బెట్టి తుది లేదు పొమ్మను\nపరమలోభులైన పాపులకును\nవారియుసురు దాకి వగచెడి పోవరా\nవిశ్వదాభిరామ వినర వెమ.	false	మొదట నాకుఁ బెట్టి తుది లేదు పొమ్మను\nపరమలోభులైన పాపులకును\nవారియుసురు దాకి వగచెడి పోవరా\nవిశ్వదాభిరామ వినర వేమ.	["seq"]	["seq"]	105	ే	ె	shorten	3	9	వెమ	false	3	4	49	||	["వె","మ"]	pdy-r-00756		
pdy-aataveladi-0439	aataveladi	upajaathi	""	train	తుంటవింటివాని తూపుల ఘాతకు\nమింటి మంట నడుమ మిడుకఁ దరమె\nయింటియాలి విడిచి యెట్లుండవచ్చురా\nవిశ్వదాభిరామ వినర వేమ.	true	తుంటవింటివాని తూపుల ఘాతకు\nమింటి మంట నడుమ మిడుకఁ దరమె\nయింటియాలి విడిచి యెట్లుండవచ్చురా\nవిశ్వదాభిరామ వినర వేమ.	[]	[]														pdy-r-00757		
pdy-aataveladi-0446	aataveladi	upajaathi	""	train	తగినకులజూఁడైన తలయెత్తు ధనమైన\nభాగ్యపురుషునేల పట్టనెంచు\nపరమసాధ్వి చూడ పరులనంటదు సుమీ\nవిశ్వదాభిరామ వినర వేమ.	false	తగినకులజుఁడైన తలయెత్తు ధనమైన\nభాగ్యపురుషునేల పట్టనెంచు\nపరమసాధ్వి చూడ పరులనంటదు సుమీ\nవిశ్వదాభిరామ వినర వేమ.	["seq"]	["seq"]	8	ు	ూ	lengthen	0	5	తగినకులజూఁడైన	false	0	1	3	||U	["కు","ల","జూ"]	pdy-r-00758		
pdy-aataveladi-0454	aataveladi	upajaathi	""	train	అన్నీజాడ లుడిగి యానందగాముఁడై\nనిన్ను నమ్మఁజూచు నిష్ఠతోడ\nనిన్ను నమ్మ ముక్తి నిక్కంబు నీయాన\nవిశ్వదాభిరామ వినర వేమ.	false	అన్నిజాడ లుడిగి యానందగాముఁడై\nనిన్ను నమ్మఁజూచు నిష్ఠతోడ\nనిన్ను నమ్మ ముక్తి నిక్కంబు నీయాన\nవిశ్వదాభిరామ వినర వేమ.	["seq"]	["corr","seq"]	4	ి	ీ	lengthen	0	1	అన్నీజాడ	false	0	0	0	UUU	["అ","న్నీ","జా"]	pdy-r-00759		
pdy-aataveladi-0455	aataveladi	upajaathi	""	train	ఆలిమాటలు వీని యన్నదమ్ముల రోసి\nవేఱుపడెడువాఁడు వెఱ్ఱివాఁడు\nకుక్కతోఁకఁ బట్టి గోదావ రీఁదునా\nవిశ్వదాభిరామ వినర వేమ.	false	ఆలిమాటలు విని యన్నదమ్ముల రోసి\nవేఱుపడెడువాఁడు వెఱ్ఱివాఁడు\nకుక్కతోఁకఁ బట్టి గోదావ రీఁదునా\nవిశ్వదాభిరామ వినర వేమ.	["seq"]	["seq"]	10	ి	ీ	lengthen	0	5	వీని	true	0	2	4	|U|	["లు","వీ","ని"]	pdy-r-00760		
pdy-aataveladi-0458	aataveladi	upajaathi	""	train	చిప్పలోనఁ బడ్డ చినుకు ముత్యం బాయే\nనీళ్ళలోనఁగలిసి నీరె యాయె\nప్రాప్తము గలచోట ఫలమేల దప్పురా\nవిశ్వదాభిరామ వినర వేమ.	false	చిప్పలోనఁ బడ్డ చినుకు ముత్యం బాయె\nనీళ్ళలోనఁగలిసి నీరె యాయె\nప్రాప్తము గలచోట ఫలమేల దప్పురా\nవిశ్వదాభిరామ వినర వేమ.	["seq"]	["corr","seq"]	32	ె	ే	lengthen	0	12	బాయే	false	0	4	10	UUUU	["త్యం","బా","యే","నీ"]	pdy-r-00761		
pdy-aataveladi-0460	aataveladi	upajaathi	""	train	కానివాని తోడఁ గలసి వర్తించెనా\nహాని వచ్చు నెంతవాని కైన\nతాటిక్రింద పాలూ ద్రాగిన చందమౌ\nవిశ్వదాభిరామ వినర వేమ.	false	కానివాని తోడఁ గలసి వర్తించెనా\nహాని వచ్చు నెంతవాని కైన\nతాటిక్రింద పాలు ద్రాగిన చందమౌ\nవిశ్వదాభిరామ వినర వేమ.	["seq"]	["corr","seq"]	68	ు	ూ	lengthen	2	5	పాలూ	false	2	2	27	UUU	["పా","లూ","ద్రా"]	pdy-r-00762		
pdy-aataveladi-0461	aataveladi	upajaathi	""	train	కరఁగకరగఁబుట్టు కనకంబునకు వన్నె\nపెనఁగ పెనఁగబుట్టు ప్రేమసతికి\nముదియ ముదీయఁ బుట్టు మోహంబు లోభంబు\nవిశ్వదాభిరామ వినర వేమ.	false	కరఁగకరగఁబుట్టు కనకంబునకు వన్నె\nపెనఁగ పెనఁగబుట్టు ప్రేమసతికి\nముదియ ముదియఁ బుట్టు మోహంబు లోభంబు\nవిశ్వదాభిరామ వినర వేమ.	["seq"]	["seq"]	69	ి	ీ	lengthen	2	4	ముదీయఁ	false	2	1	32	|U|	["ము","దీ","య"]	pdy-r-00763		
pdy-aataveladi-0463	aataveladi	upajaathi	""	train	గొడ్డుటావూఁ బితుకకుండఁ గొంపోయిన\nపండ్లు నూడఁదన్నుఁ బాలు రావు\nలోభివాని నడుగ లాభంబు లేదయా\nవిశ్వదాభిరామ వినర వేమ.	false	గొడ్డుటావుఁ బితుకకుండఁ గొంపోయిన\nపండ్లు నూడఁదన్నుఁ బాలు రావు\nలోభివాని నడుగ లాభంబు లేదయా\nవిశ్వదాభిరామ వినర వేమ.	["seq"]	["corr","seq"]	9	ు	ూ	lengthen	0	3	గొడ్డుటావూఁ	false	0	1	2	UU|	["టా","వూ","బి"]	pdy-r-00764		
pdy-aataveladi-0464	aataveladi	upajaathi	""	train	కులము లెనివాఁడు కలిమిచే వెలయును\nకలిమిలేనివాని కులము దిగును\nకులముకన్న మిగులకలిమి ప్రధానంబు\nవిశ్వదాభిరామ వినర వేమ.	false	కులము లేనివాఁడు కలిమిచే వెలయును\nకలిమిలేనివాని కులము దిగును\nకులముకన్న మిగులకలిమి ప్రధానంబు\nవిశ్వదాభిరామ వినర వేమ.	["seq"]	["corr","seq"]	7	ే	ె	shorten	0	3	లెనివాఁడు	false	0	1	3	||U	["లె","ని","వా"]	pdy-r-00765		
pdy-aataveladi-0474	aataveladi	upajaathi	""	train	ధార్మికునకుఁ గాని ధర్మంబుఁ గనరాదు\nకష్టజీవి కెట్లు కానఁబడును\nనీరుచొరకలోతు నిజముగాఁ దెలీయదు\nవిశ్వదాభిరామ వినర వేమ.	false	ధార్మికునకుఁ గాని ధర్మంబుఁ గనరాదు\nకష్టజీవి కెట్లు కానఁబడును\nనీరుచొరకలోతు నిజముగాఁ దెలియదు\nవిశ్వదాభిరామ వినర వేమ.	["seq"]	["seq"]	85	ి	ీ	lengthen	2	12	దెలీయదు	false	2	4	36	|U||	["దె","లీ","య","దు"]	pdy-r-00766		
pdy-aataveladi-0475	aataveladi	upajaathi	""	train	మొగముఁ జూచినపుడె మోహంబు ఘన మౌను\nధనముఁ జూచినపూడె తగులు మనసు\nకూలినప్పు డరయకుసులెల్ల విఱుగును\nవిశ్వదాభిరామ వినర వేమ.	false	మొగముఁ జూచినపుడె మోహంబు ఘన మౌను\nధనముఁ జూచినపుడె తగులు మనసు\nకూలినప్పు డరయకుసులెల్ల విఱుగును\nవిశ్వదాభిరామ వినర వేమ.	["seq"]	["seq"]	44	ు	ూ	lengthen	1	6	జూచినపూడె	false	1	2	20	|U|	["న","పూ","డె"]	pdy-r-00767		
pdy-aataveladi-0479	aataveladi	upajaathi	""	train	ధర్మమన్న వినరు తము నమ్మి భూనరు\nల్‌ యమునివారూ వచ్చి యడలు నించి\nచొచ్చి కట్టఁదారు చొరఁబారఁ గలరొకో\nవిశ్వదాభిరామ వినర వేమ.	false	ధర్మమన్న వినరు తము నమ్మి భూనరు\nల్‌ యమునివారు వచ్చి యడలు నించి\nచొచ్చి కట్టఁదారు చొరఁబారఁ గలరొకో\nవిశ్వదాభిరామ వినర వేమ.	["seq"]	["corr","seq"]	43	ు	ూ	lengthen	1	4	యమునివారూ	false	1	1	17	UUU	["వా","రూ","వ"]	pdy-r-00768		
pdy-aataveladi-0484	aataveladi	upajaathi	""	train	పాల నీడిగింటఁ గ్రోలుచు నుండెనా\nమనుజు లెల్లగూడి మద్యమండ్రు\nనిలువఁదగనిచోట నిలువ నిందలు వచ్చూ\nవిశ్వదాభిరామ వినర వేమ.	false	పాల నీడిగింటఁ గ్రోలుచు నుండెనా\nమనుజు లెల్లగూడి మద్యమండ్రు\nనిలువఁదగనిచోట నిలువ నిందలు వచ్చు\nవిశ్వదాభిరామ వినర వేమ.	["seq"]	["seq"]	89	ు	ూ	lengthen	2	15	వచ్చూ	false	2	4	35	||UU	["ద","లు","వ","చ్చూ"]	pdy-r-00769		
pdy-kandamu-0622	kandamu	jaathi	""	train	వచ్చెడీది పోయెడిది మఱి\nచచ్చెడిదియుఁ గనకలేక సహజము లనుచు\nన్‌ విచ్చలవిడిగాఁ దిరుగుట\nచిచ్చునఁబడునట్టి మిడుత చెలువము వేమా.	false	వచ్చెడిది పోయెడిది మఱి\nచచ్చెడిదియుఁ గనకలేక సహజము లనుచు\nన్‌ విచ్చలవిడిగాఁ దిరుగుట\nచిచ్చునఁబడునట్టి మిడుత చెలువము వేమా.	["seq"]	["corr","seq"]	6	ి	ీ	lengthen	0	2	వచ్చెడీది	false	0	0	0	U|U|	["వ","చ్చె","డీ","ది"]	pdy-r-00770		
pdy-aataveladi-0489	aataveladi	upajaathi	""	train	తల్లిదండ్రి చావఁ దనయుఁడు తానేడ్చు\nమగఁడు చావ నాలు వగచుచుండు\nకార్యవశము గానీ కలుగదు మోహంబు\nవిశ్వదాభిరామ వినర వేమ.	false	తల్లిదండ్రి చావఁ దనయుఁడు తానేడ్చు\nమగఁడు చావ నాలు వగచుచుండు\nకార్యవశము గాని కలుగదు మోహంబు\nవిశ్వదాభిరామ వినర వేమ.	["seq"]	["corr","seq"]	72	ి	ీ	lengthen	2	6	గానీ	true	2	2	30	UU|	["గా","నీ","క"]	pdy-r-00771		
pdy-aataveladi-0490	aataveladi	upajaathi	""	test	మనసులోని ముక్తి మఱియొక్క చోటను\nవెదుకఁబోవువాఁడు వెఱ్ఱివాఁడు\nగొఱ్ఱెఁ జింకఁ బెట్టి గొల్ల వెదూకురీతి\nవిశ్వదాభిరామ వినర వేమ.	false	మనసులోని ముక్తి మఱియొక్క చోటను\nవెదుకఁబోవువాఁడు వెఱ్ఱివాఁడు\nగొఱ్ఱెఁ జింకఁ బెట్టి గొల్ల వెదుకురీతి\nవిశ్వదాభిరామ వినర వేమ.	["seq"]	["corr","seq"]	89	ు	ూ	lengthen	2	9	వెదూకురీతి	false	3	0	37	|U|	["తి","వి","శ్వ"]	pdy-r-00772		
pdy-aataveladi-0492	aataveladi	upajaathi	""	train	తత్వహిను లుండ్రు తఱుచుగా భువిలోన\nతత్త్వ మెఱుగువారు తఱుచులేరు\nకలిగిలేనివారు కనిపింపరారయా\nవిశ్వదాభిరామ వినర వేమ.	false	తత్వహీను లుండ్రు తఱుచుగా భువిలోన\nతత్త్వ మెఱుగువారు తఱుచులేరు\nకలిగిలేనివారు కనిపింపరారయా\nవిశ్వదాభిరామ వినర వేమ.	["seq"]	["corr","seq"]	5	ీ	ి	shorten	0	2	తత్వహిను	false	0	1	2	||U	["హి","ను","లుం"]	pdy-r-00773		
pdy-aataveladi-0496	aataveladi	upajaathi	""	train	వారకాంత లెల్ల వలచి యేతెంతురా\nపొందుఁజేసి ధనము పుచ్చుకొఱకు\nమాచలమ్మ వచ్చి మఱి యిల్లువెళ్లురా\nవిశ్వదాభిరామ వీనర వేమ.	false	వారకాంత లెల్ల వలచి యేతెంతురా\nపొందుఁజేసి ధనము పుచ్చుకొఱకు\nమాచలమ్మ వచ్చి మఱి యిల్లువెళ్లురా\nవిశ్వదాభిరామ వినర వేమ.	["seq"]	["seq"]	104	ి	ీ	lengthen	3	6	వీనర	false	3	4	46	|U|	["ర","వే","మ"]	pdy-r-00774		
pdy-kandamu-0624	kandamu	jaathi	""	train	లలితశివ తత్వపదమునఁ\nగలసిన శీవయోగియేల కలియును జనుల\nన్‌ జలబిందువు ముత్తియమై\nకలియునె తొల్లింటి నీటఁగనరా వేమా.	false	లలితశివ తత్వపదమునఁ\nగలసిన శివయోగియేల కలియును జనుల\nన్‌ జలబిందువు ముత్తియమై\nకలియునె తొల్లింటి నీటఁగనరా వేమా.	["seq"]	["corr","seq"]	26	ి	ీ	lengthen	1	4	శీవయోగియేల	false	1	1	15	U|U|	["శీ","వ","యో","గి"]	pdy-r-00775		
pdy-aataveladi-0501	aataveladi	upajaathi	""	train	మూఁడువేళలందు ముదముతో శివు నాత్మఁ\nబూజచేయువాఁడు పుణ్యమూర్తి\nపూజలేక మోక్షభోగంబు దొరకునా\nవిశ్వదాభిరామ వినర వేమ.	true	మూఁడువేళలందు ముదముతో శివు నాత్మఁ\nబూజచేయువాఁడు పుణ్యమూర్తి\nపూజలేక మోక్షభోగంబు దొరకునా\nవిశ్వదాభిరామ వినర వేమ.	[]	[]														pdy-r-00776		
pdy-aataveladi-0506	aataveladi	upajaathi	""	train	సకల శాస్త్రములను జదివియు వ్రాసియు\nతెలియఁగలరు చావు దెలియ లేరు\nచావు తెలియలేని చదువులవేలరా\nవిశ్వదాభిరామ వీనర వేమ.	false	సకల శాస్త్రములను జదివియు వ్రాసియు\nతెలియఁగలరు చావు దెలియ లేరు\nచావు తెలియలేని చదువులవేలరా\nవిశ్వదాభిరామ వినర వేమ.	["seq"]	["seq"]	102	ి	ీ	lengthen	3	6	వీనర	false	3	4	50	|U|	["ర","వే","మ"]	pdy-r-00777		
pdy-aataveladi-0508	aataveladi	upajaathi	""	train	కులమువలనఁ గొంత బలిమివలనఁ గొంత\nకలిమివలనఁ గొంత గర్వమునకు\nఱంకు చదూవు చదివి ఱంకునఁ బడుదురు\nవిశ్వదాభిరామ వినర వేమ.	false	కులమువలనఁ గొంత బలిమివలనఁ గొంత\nకలిమివలనఁ గొంత గర్వమునకు\nఱంకు చదువు చదివి ఱంకునఁ బడుదురు\nవిశ్వదాభిరామ వినర వేమ.	["seq"]	["seq"]	62	ు	ూ	lengthen	2	3	చదూవు	false	2	1	31	|U|	["చ","దూ","వు"]	pdy-r-00778		
pdy-aataveladi-0509	aataveladi	upajaathi	""	train	విశ్వము నడుపంగ విశ్వేశ్వరుం డుండ\nబ్రహ్మలకునునేల పాటిదక్కె\nవనములోని క్రోతి వసుమతి నడుపునా\nవిశ్వదాభీరామ వినర వేమ.	false	విశ్వము నడుపంగ విశ్వేశ్వరుం డుండ\nబ్రహ్మలకునునేల పాటిదక్కె\nవనములోని క్రోతి వసుమతి నడుపునా\nవిశ్వదాభిరామ వినర వేమ.	["seq"]	["corr","seq"]	97	ి	ీ	lengthen	3	3	విశ్వదాభీరామ	false	3	1	41	UUU	["దా","భీ","రా"]	pdy-r-00779		
pdy-aataveladi-0510	aataveladi	upajaathi	""	test	చదువువానికన్న చాకలి తా మేలు\nకులము వేల్పుకన్న కుక్క మేలు\nసర్వసురలకన్న సకలేశ్వరుఁడు మేలు\nవిశ్వదాభిరామ వినర వేమ.	true	చదువువానికన్న చాకలి తా మేలు\nకులము వేల్పుకన్న కుక్క మేలు\nసర్వసురలకన్న సకలేశ్వరుఁడు మేలు\nవిశ్వదాభిరామ వినర వేమ.	[]	[]														pdy-r-00780		
pdy-aataveladi-0512	aataveladi	upajaathi	""	train	అద నెఱీఁగిన మగువ యనువెర్గు చనువెర్గు\nముదముతోడ మగని మోహ మెఱుఁగు\nవిభుని శ్రేష్ఠగుణము వేశ్యతా నెఱుఁగునా\nవిశ్వదాభిరామ వినర వేమ.	false	అద నెఱిఁగిన మగువ యనువెర్గు చనువెర్గు\nముదముతోడ మగని మోహ మెఱుఁగు\nవిభుని శ్రేష్ఠగుణము వేశ్యతా నెఱుఁగునా\nవిశ్వదాభిరామ వినర వేమ.	["seq"]	["corr","seq"]	6	ి	ీ	lengthen	0	3	నెఱీఁగిన	false	1	1	19	|U|	["ము","తో","డ"]	pdy-r-00781		
pdy-kandamu-0626	kandamu	jaathi	""	train	త్రాసును పడియును లంజయు\nభాసురగతి నొక్కరూపూ పరికింపంగా\nవీసంబధికంబిచ్చిన\nవాసరమున నొక్కవంక వారలు వేమా.	false	త్రాసును పడియును లంజయు\nభాసురగతి నొక్కరూపు పరికింపంగా\nవీసంబధికంబిచ్చిన\nవాసరమున నొక్కవంక వారలు వేమా.	["seq"]	["corr","seq"]	40	ు	ూ	lengthen	1	8	నొక్కరూపూ	false	1	2	16	|UU|	["క్క","రూ","పూ","ప"]	pdy-r-00782		
pdy-kandamu-0627	kandamu	jaathi	""	train	నిరుపెదల రక్షించెడు\nసరసుఁడు నెఱవాతగాక సంపన్నులఁ దా\nభరియించువాఁడు దాతయె\nమెరమెచ్చులదాత యతఁడు మేదిని వేమా.	false	నిరుపేదల రక్షించెడు\nసరసుఁడు నెఱవాతగాక సంపన్నులఁ దా\nభరియించువాఁడు దాతయె\nమెరమెచ్చులదాత యతఁడు మేదిని వేమా.	["seq"]	["corr","seq"]	5	ే	ె	shorten	0	2	నిరుపెదల	false	0	1	4	|UU|	["ల","ర","క్షిం","చె"]	pdy-r-00783		
pdy-aataveladi-0519	aataveladi	upajaathi	""	dev	అధిక సూక్ష్మమైన యానంద మెఱుఁగక\nమతియు లేక చదివి మగ్నూఁ డయ్యె\nనతిరహస్య మెల్ల నాజనుఁ డెఱుఁగునా\nవిశ్వదాభిరామ వినర వేమ.	false	అధిక సూక్ష్మమైన యానంద మెఱుఁగక\nమతియు లేక చదివి మగ్నుఁ డయ్యె\nనతిరహస్య మెల్ల నాజనుఁ డెఱుఁగునా\nవిశ్వదాభిరామ వినర వేమ.	["seq"]	["corr","seq"]	50	ు	ూ	lengthen	1	9	మగ్నూఁ	false	1	3	22	UUU	["మ","గ్నూ","డ"]	pdy-r-00784		
pdy-aataveladi-0520	aataveladi	upajaathi	""	train	కడక నఖిలమునకు నడినాళమం దున్న\nవేఁగుచుక్కవంటీ వెలుఁగు దిక్కు\nవెలుఁగుకన్న దిక్కు వేఱెవ్వ రున్నారు\nవిశ్వదాభిరామ వినర వేమ.	false	కడక నఖిలమునకు నడినాళమం దున్న\nవేఁగుచుక్కవంటి వెలుఁగు దిక్కు\nవెలుఁగుకన్న దిక్కు వేఱెవ్వ రున్నారు\nవిశ్వదాభిరామ వినర వేమ.	["seq"]	["corr","seq"]	42	ి	ీ	lengthen	1	5	వేఁగుచుక్కవంటీ	false	1	2	20	UU|	["వం","టీ","వె"]	pdy-r-00785		
pdy-aataveladi-0522	aataveladi	upajaathi	""	train	కలిమి కల్గనేమి కరుణలేకుండేనా\nకలిమి యేలనల్ప కర్ములకును\nతేనెఁగూర్చి యీఁగ తెరువునఁ బోవదా\nవిశ్వదాభిరామ వినర వేమ.	false	కలిమి కల్గనేమి కరుణలేకుండెనా\nకలిమి యేలనల్ప కర్ములకును\nతేనెఁగూర్చి యీఁగ తెరువునఁ బోవదా\nవిశ్వదాభిరామ వినర వేమ.	["seq"]	["corr","seq"]	25	ె	ే	lengthen	0	12	కరుణలేకుండేనా	false	0	4	11	UUU|	["కుం","డే","నా","క"]	pdy-r-00786		
pdy-aataveladi-0523	aataveladi	upajaathi	""	train	తుమ్మచెట్ల ముండ్లు తోడనెపుట్టును\nవిత్తులోననుండి వెడలినట్లూ\nమూర్ఖునకును బుద్ధి ముందుగాఁ బుట్టును\nవిశ్వదాభిరామ వినర వేమ.	false	తుమ్మచెట్ల ముండ్లు తోడనెపుట్టును\nవిత్తులోననుండి వెడలినట్లు\nమూర్ఖునకును బుద్ధి ముందుగాఁ బుట్టును\nవిశ్వదాభిరామ వినర వేమ.	["seq"]	["corr","seq"]	57	ు	ూ	lengthen	1	10	వెడలినట్లూ	false	1	4	21	UUU	["న","ట్లూ","మూ"]	pdy-r-00787		
pdy-aataveladi-0524	aataveladi	upajaathi	""	train	కామి కానివాఁడు కవి గాఁడు రవీ గాడు\nకామిగాక మోక్షకామి గాఁడు\nకామియైనవాఁడు కవియగు రవియగు\nవిశ్వదాభిరామ వినర వేమ.	false	కామి కానివాఁడు కవి గాఁడు రవి గాడు\nకామిగాక మోక్షకామి గాఁడు\nకామియైనవాఁడు కవియగు రవియగు\nవిశ్వదాభిరామ వినర వేమ.	["seq"]	["seq"]	27	ి	ీ	lengthen	0	11	రవీ	false	0	4	10	|UU|	["ర","వీ","గా","డు"]	pdy-r-00788		
pdy-aataveladi-0528	aataveladi	upajaathi	""	train	బ్రహ్మవేత్తల మని పౌరుష మాడేరు\nబ్రహ్మ మనఁగ దాని భావమేమి\nతెలుపొ నలుపొ యెఱుపొ తెలిసినఁ బలుకుఁడీ\nవిశ్వదాభిరామ వినర వేమ.	true	బ్రహ్మవేత్తల మని పౌరుష మాడేరు\nబ్రహ్మ మనఁగ దాని భావమేమి\nతెలుపొ నలుపొ యెఱుపొ తెలిసినఁ బలుకుఁడీ\nవిశ్వదాభిరామ వినర వేమ.	[]	[]														pdy-r-00789		
pdy-aataveladi-0532	aataveladi	upajaathi	""	train	మునిజనములు కలఁగ మునిఁగి వెళ్ళిన బావి\nబ్రహ్మకుఁ దలయెత్తరాని బావి\nమొలల బంటిగానుముంచు నెవ్వరినైన\nవిశ్వదాభిరామ వినర వేమ.	true	మునిజనములు కలఁగ మునిఁగి వెళ్ళిన బావి\nబ్రహ్మకుఁ దలయెత్తరాని బావి\nమొలల బంటిగానుముంచు నెవ్వరినైన\nవిశ్వదాభిరామ వినర వేమ.	[]	[]														pdy-r-00790		
pdy-aataveladi-0535	aataveladi	upajaathi	""	train	వెలయ పరమతత్వ విభవంబు దెలియక\nబాహ్యవిద్యచేత బరఁగు టెల్ల\nపూరి మెసవఁగ హరి పోయినచందంబూ\nవిశ్వదాభిరామ వినర వేమ.	false	వెలయ పరమతత్వ విభవంబు దెలియక\nబాహ్యవిద్యచేత బరఁగు టెల్ల\nపూరి మెసవఁగ హరి పోయినచందంబు\nవిశ్వదాభిరామ వినర వేమ.	["seq"]	["corr","seq"]	80	ు	ూ	lengthen	2	13	పోయినచందంబూ	false	2	4	38	UUUU	["చం","దం","బూ","వి"]	pdy-r-00791		
pdy-aataveladi-0538	aataveladi	upajaathi	""	dev	సతులఁ బడయ రాదు సుతులఁ బడయరాదు\nవెతలఁ బడినవాఁడు వెఱ్ఱివాఁడూ\nనేలనున్న ఱాయి నెత్తి కెత్తినయట్లు\nవిశ్వదాభిరామ వినర వేమ.	false	సతులఁ బడయ రాదు సుతులఁ బడయరాదు\nవెతలఁ బడినవాఁడు వెఱ్ఱివాఁడు\nనేలనున్న ఱాయి నెత్తి కెత్తినయట్లు\nవిశ్వదాభిరామ వినర వేమ.	["seq"]	["corr","seq"]	56	ు	ూ	lengthen	1	11	వెఱ్ఱివాఁడూ	false	1	4	26	UUU	["వా","డూ","నే"]	pdy-r-00792		
pdy-aataveladi-0539	aataveladi	upajaathi	""	train	ద్వార బంధముననూ తనయులు సంపద\nబంధువర్గ మెల్ల ప్రహరిగోడ\nమూఢులైన నరులు మొక్కలి కాండ్రయా\nవిశ్వదాభిరామ వినర వేమ.	false	ద్వార బంధమునను తనయులు సంపద\nబంధువర్గ మెల్ల ప్రహరిగోడ\nమూఢులైన నరులు మొక్కలి కాండ్రయా\nవిశ్వదాభిరామ వినర వేమ.	["seq"]	["seq"]	13	ు	ూ	lengthen	0	6	బంధముననూ	false	0	2	4	||U	["ము","న","నూ"]	pdy-r-00793		
pdy-aataveladi-0543	aataveladi	upajaathi	""	train	కల్లునీళ్లు ద్రాగీ కడుపెద్ద వారిలో\nచీర విడిచి తిరుగు సిద్ధురాలు\nపనులు దీరువెనుక పాతలు గట్టురా\nవిశ్వదాభిరామ వినర వేమ.	false	కల్లునీళ్లు ద్రాగి కడుపెద్ద వారిలో\nచీర విడిచి తిరుగు సిద్ధురాలు\nపనులు దీరువెనుక పాతలు గట్టురా\nవిశ్వదాభిరామ వినర వేమ.	["seq"]	["corr","seq"]	17	ి	ీ	lengthen	0	5	ద్రాగీ	false	0	2	4	UU|	["ద్రా","గీ","క"]	pdy-r-00794		
pdy-aataveladi-0548	aataveladi	upajaathi	""	train	లంజ లంజకానిలాగెల్లఁ గొనియాడు\nలంజతల్లివాని లజ్జ గడుగు\nతల్లి గలుగులంజఁ దగులుట దొషంబు\nవిశ్వదాభిరామ వినర వేమ.	false	లంజ లంజకానిలాగెల్లఁ గొనియాడు\nలంజతల్లివాని లజ్జ గడుగు\nతల్లి గలుగులంజఁ దగులుట దోషంబు\nవిశ్వదాభిరామ వినర వేమ.	["seq"]	["corr","seq"]	77	ో	ొ	shorten	2	11	దొషంబు	false	2	4	35	|U|U	["దొ","షం","బు","వి"]	pdy-r-00795		
pdy-kandamu-0634	kandamu	jaathi	""	dev	రతిలేక ముదియు నంగన\nరతీ కలిగిన ముదియు నశ్వరత్నము ధరలో\nసతతము భ్రాంతిని చేసెడు\nతతిరతిచే ముదియు నరుఁడు తథ్యము వేమా.	false	రతిలేక ముదియు నంగన\nరతి కలిగిన ముదియు నశ్వరత్నము ధరలో\nసతతము భ్రాంతిని చేసెడు\nతతిరతిచే ముదియు నరుఁడు తథ్యము వేమా.	["seq"]	["seq"]	21	ి	ీ	lengthen	1	1	రతీ	true	1	2	17	||U|	["ది","యు","న","శ్వ"]	pdy-r-00796		
pdy-aataveladi-0549	aataveladi	upajaathi	""	train	దొమ్మరీనిలంజతోఁ గూడ దోషంబు\nపాపియైన మనసుఁ బట్టరాదు\nవీడు గదలిపోవ వెళ్లుదు రెటులనో\nవిశ్వదాభిరామ వీనర వేమ.	false	దొమ్మరీనిలంజతోఁ గూడ దోషంబు\nపాపియైన మనసుఁ బట్టరాదు\nవీడు గదలిపోవ వెళ్లుదు రెటులనో\nవిశ్వదాభిరామ వినర వేమ.	["seq"]	["seq"]	94	ి	ీ	lengthen	3	6	వీనర	false	3	4	45	|U|	["ర","వే","మ"]	pdy-r-00797		
pdy-aataveladi-0551	aataveladi	upajaathi	""	train	యోనియందె పుట్టి యోనికి రుచిఁజేయు\nచన్నుగూడిచి పెరిగి చన్నుఁబట్టు\nసృష్టిలోన నడఁగు సిగ్గెఱుగని జీవి\nవిశ్వదాభిరామ వినర వేమ.	false	యోనియందె పుట్టి యోనికి రుచిఁజేయు\nచన్నుగుడిచి పెరిగి చన్నుఁబట్టు\nసృష్టిలోన నడఁగు సిగ్గెఱుగని జీవి\nవిశ్వదాభిరామ వినర వేమ.	["seq"]	["corr","seq"]	39	ు	ూ	lengthen	1	2	చన్నుగూడిచి	false	1	3	20	|U|	["గి","చ","న్ను"]	pdy-r-00798		
pdy-aataveladi-0552	aataveladi	upajaathi	""	train	మొలక చనులనాఁడు మూఁడు కోటులు చేయు\nకులుకు చనులనాఁడు కోటిసేయు\nతటుకుచనులనాఁడు దమ్మిడి చేయదో\nవిశ్వదాభిరామ వినర వేమ.	true	మొలక చనులనాఁడు మూఁడు కోటులు చేయు\nకులుకు చనులనాఁడు కోటిసేయు\nతటుకుచనులనాఁడు దమ్మిడి చేయదో\nవిశ్వదాభిరామ వినర వేమ.	[]	[]														pdy-r-00799		
pdy-aataveladi-0554	aataveladi	upajaathi	""	train	పండువలనఁ బుట్టె పరఁగ ప్రపంచంబు\nపండువలనఁ బుట్టె పరము నిహము\nపండు కాసపడిరీ బ్రహ్మాది సురలెల్ల\nవిశ్వదాభిరామ వినర వేమ.	false	పండువలనఁ బుట్టె పరఁగ ప్రపంచంబు\nపండువలనఁ బుట్టె పరము నిహము\nపండు కాసపడిరి బ్రహ్మాది సురలెల్ల\nవిశ్వదాభిరామ వినర వేమ.	["seq"]	["seq"]	70	ి	ీ	lengthen	2	6	కాసపడిరీ	false	2	2	31	||U	["ప","డి","రీ"]	pdy-r-00800		
pdy-aataveladi-0562	aataveladi	upajaathi	""	dev	ప్రళయకాలమందు ప్రమధులచేతను\nనష్టమైరిగాదె నాటిజనులు\nతెలియనేరరైరి దేవుని ద్విజులెల్ల\nవిశ్వదాభిరామ వినర వేమ.	true	ప్రళయకాలమందు ప్రమధులచేతను\nనష్టమైరిగాదె నాటిజనులు\nతెలియనేరరైరి దేవుని ద్విజులెల్ల\nవిశ్వదాభిరామ వినర వేమ.	[]	[]														pdy-r-00801		
pdy-aataveladi-0564	aataveladi	upajaathi	""	train	బ్రహ్మ యెవనీకొడుకు పరికింపఁగా భువి\nవిష్ణు వెవనికొడుకు వెలయఁజూడ\nశివుఁడు నెవనికొడుకు సిగ్గెఱుఁగరు జను\nల్‌ విశ్వదాభిరామ వినర వేమ.	false	బ్రహ్మ యెవనికొడుకు పరికింపఁగా భువి\nవిష్ణు వెవనికొడుకు వెలయఁజూడ\nశివుఁడు నెవనికొడుకు సిగ్గెఱుఁగరు జను\nల్‌ విశ్వదాభిరామ వినర వేమ.	["seq"]	["seq"]	11	ి	ీ	lengthen	0	4	యెవనీకొడుకు	false	0	1	2	||U	["యె","వ","నీ"]	pdy-r-00802		
pdy-aataveladi-0567	aataveladi	upajaathi	""	train	చచ్చూవారిఁజూచి చావని పుట్టని\nతత్వ మెల్ల నాత్మఁ దలఁపుఁ జేసి\nయరసి చూచినట్టి యతనికి మోక్షంబు\nవిశ్వదాభిరామ వినర వేమ.	false	చచ్చువారిఁజూచి చావని పుట్టని\nతత్వ మెల్ల నాత్మఁ దలఁపుఁ జేసి\nయరసి చూచినట్టి యతనికి మోక్షంబు\nవిశ్వదాభిరామ వినర వేమ.	["seq"]	["corr","seq"]	4	ు	ూ	lengthen	0	1	చచ్చూవారిఁజూచి	false	0	0	0	UUU	["చ","చ్చూ","వా"]	pdy-r-00803		
pdy-kandamu-0637	kandamu	jaathi	""	train	కప్పయు పామును బోరఁగ\nకప్పను నాపాముమ్రింగె కడువేడుకతో\nకప్పను చెడలందిగిచెడి\nవిప్పను నా చొప్పు దెలియ వేమననేర్చున్‌.	true	కప్పయు పామును బోరఁగ\nకప్పను నాపాముమ్రింగె కడువేడుకతో\nకప్పను చెడలందిగిచెడి\nవిప్పను నా చొప్పు దెలియ వేమననేర్చున్‌.	[]	[]														pdy-r-00804		
pdy-aataveladi-0572	aataveladi	upajaathi	""	train	బ్రహ్మ గుఱ్ఱ మాయె భవుఁడూ పల్లం బాయె\nనాదివిష్ణువెన్న నంకె మాయె\nనందు మీఁదివాఁడు నాఁడుదో మగవాఁడొ\nవిశ్వదాభిరామ వినర వేమ.	false	బ్రహ్మ గుఱ్ఱ మాయె భవుఁడు పల్లం బాయె\nనాదివిష్ణువెన్న నంకె మాయె\nనందు మీఁదివాఁడు నాఁడుదో మగవాఁడొ\nవిశ్వదాభిరామ వినర వేమ.	["seq"]	["seq"]	23	ు	ూ	lengthen	0	8	భవుఁడూ	false	0	3	6	||UU	["భ","వు","డూ","ప"]	pdy-r-00805		
pdy-aataveladi-0587	aataveladi	upajaathi	""	train	తనువు లస్థీరములు ధర్మము నిత్యము\nచేయుధర్మమెల్ల చెడని పదవి\nకనివిని మఱి తెలియఁ గానరు నరపశు\nల్‌ విశ్వదాభిరామ వినర వేమ.	false	తనువు లస్థిరములు ధర్మము నిత్యము\nచేయుధర్మమెల్ల చెడని పదవి\nకనివిని మఱి తెలియఁ గానరు నరపశు\nల్‌ విశ్వదాభిరామ వినర వేమ.	["seq"]	["corr","seq"]	10	ి	ీ	lengthen	0	4	లస్థీరములు	false	0	1	3	UU|	["ల","స్థీ","ర"]	pdy-r-00806		
pdy-aataveladi-0600	aataveladi	upajaathi	""	test	కట్టెపైన నున్న కట్టెకు ఘనమేమి\nచెట్టు పైననున్నఁ జేరు ఘనము\nకట్టెచెట్టుగూడి గలసె దైవంబులో\nవిశ్వదాభిరామ వినర వేమ.	true	కట్టెపైన నున్న కట్టెకు ఘనమేమి\nచెట్టు పైననున్నఁ జేరు ఘనము\nకట్టెచెట్టుగూడి గలసె దైవంబులో\nవిశ్వదాభిరామ వినర వేమ.	[]	[]														pdy-r-00807		
pdy-aataveladi-0603	aataveladi	upajaathi	""	train	పొట్లకాయ రాయి పొడవు త్రాటను గట్ట\nలీలతోడ వంక లేక పెరుఁగు\nకుక్కతోఁక గట్టఁ జక్కఁగా వచ్చూనా\nవిశ్వదాభిరామ వినర వేమ.	false	పొట్లకాయ రాయి పొడవు త్రాటను గట్ట\nలీలతోడ వంక లేక పెరుఁగు\nకుక్కతోఁక గట్టఁ జక్కఁగా వచ్చునా\nవిశ్వదాభిరామ వినర వేమ.	["seq"]	["corr","seq"]	84	ు	ూ	lengthen	2	10	వచ్చూనా	false	2	4	34	UUUU	["వ","చ్చూ","నా","వి"]	pdy-r-00808		
pdy-vutpalamaala-0199	vutpalamaala	vruttamu	""	test	కూటికి లేనివానివలెఁ గోపములేకయూ నెల్లతావుల\nన్‌ మాటికిమాటికిన్‌ మఱియు మాటకుమాటకు పద్యపద్ధతి\nన్‌ ధాటి నెఱుంగఁ జెప్పుచును ధారుణిలో శివరూపధారియై\nమాటికి నున్న వేమన సమానము నెవ్వరు గల్గు వేమనా.	false	కూటికి లేనివానివలెఁ గోపములేకయు నెల్లతావుల\nన్‌ మాటికిమాటికిన్‌ మఱియు మాటకుమాటకు పద్యపద్ధతి\nన్‌ ధాటి నెఱుంగఁ జెప్పుచును ధారుణిలో శివరూపధారియై\nమాటికి నున్న వేమన సమానము నెవ్వరు గల్గు వేమనా.	["seq"]	["seq"]	29	ు	ూ	lengthen	0	14	గోపములేకయూ	false	0	4	12	U|U	["లే","క","యూ"]	pdy-r-00809		
pdy-aataveladi-0606	aataveladi	upajaathi	""	train	వీనియు వినకయుండు వెఱ్ఱివాఁడై యుండు\nకనియుఁ గానకుండు కడఁగి యోగి\nమనుజవరులచేత మఱిపూజఁ గొనుచుండు\nవిశ్వదాభిరామ వినర వేమ.	false	వినియు వినకయుండు వెఱ్ఱివాఁడై యుండు\nకనియుఁ గానకుండు కడఁగి యోగి\nమనుజవరులచేత మఱిపూజఁ గొనుచుండు\nవిశ్వదాభిరామ వినర వేమ.	["seq"]	["seq"]	1	ి	ీ	lengthen	0	0	వీనియు	false	0	2	5	|U|	["క","యుం","డు"]	pdy-r-00810		
pdy-aataveladi-0610	aataveladi	upajaathi	""	train	విటునిఁగన్నయంత విశదమై వలపుండూ\nబోటిఁజూడకట్టిపాటి గలదె\nకంటిలోనిపాప కన నెంతవాఁడురా\nవిశ్వదాభిరామ వినర వేమ.	false	విటునిఁగన్నయంత విశదమై వలపుండు\nబోటిఁజూడకట్టిపాటి గలదె\nకంటిలోనిపాప కన నెంతవాఁడురా\nవిశ్వదాభిరామ వినర వేమ.	["seq"]	["seq"]	28	ు	ూ	lengthen	0	14	వలపుండూ	false	0	4	11	||UU	["వ","ల","పుం","డూ"]	pdy-r-00811		
pdy-aataveladi-0615	aataveladi	upajaathi	""	dev	ఆరయ నాస్తి యనక యడ్డుమాటాడక\nతట్టుపడక మదిని తన్నుకోక\nతన్నుఁ దాఁ గనుగొని తాఁ బెట్టినది పెట్టు\nవిశ్వదాభిరామ వినర వేమ.	false	అరయ నాస్తి యనక యడ్డుమాటాడక\nతట్టుపడక మదిని తన్నుకోక\nతన్నుఁ దాఁ గనుగొని తాఁ బెట్టినది పెట్టు\nవిశ్వదాభిరామ వినర వేమ.	["seq"]	["seq"]	0	అ	ఆ	lengthen	0	0	ఆరయ	true	0	1	2	|U|	["య","నా","స్తి"]	pdy-r-00812		
pdy-aataveladi-0626	aataveladi	upajaathi	""	train	బాలచనులఁ బూలబంతులఁ బోల్తురు\nప్రాలుమాలినట్టి భ్రష్టూ లవని\nమాంసఖండమందు మఱియేమియున్నది\nవిశ్వదాభిరామ వినర వేమ.	false	బాలచనులఁ బూలబంతులఁ బోల్తురు\nప్రాలుమాలినట్టి భ్రష్టు లవని\nమాంసఖండమందు మఱియేమియున్నది\nవిశ్వదాభిరామ వినర వేమ.	["seq"]	["corr","seq"]	50	ు	ూ	lengthen	1	7	భ్రష్టూ	false	1	3	19	UU|	["భ్ర","ష్టూ","ల"]	pdy-r-00813		
pdy-aataveladi-0628	aataveladi	upajaathi	""	dev	పరగ నీవఱకును పడినపా ట్లెఱుగక\nఘనుఁడుగాగ మనుజుఁ డనఁగఁ బుట్టి\nకీడు మె లెఱుఁగక క్రిందాయెఁ జూడరా\nవిశ్వదాభిరామ వినర వేమ.	false	పరగ నీవఱకును పడినపా ట్లెఱుగక\nఘనుఁడుగాగ మనుజుఁ డనఁగఁ బుట్టి\nకీడు మే లెఱుఁగక క్రిందాయెఁ జూడరా\nవిశ్వదాభిరామ వినర వేమ.	["seq"]	["corr","seq"]	65	ే	ె	shorten	2	2	మె	true	2	2	34	||U	["గ","క","క్రిం"]	pdy-r-00814		
pdy-kandamu-0649	kandamu	jaathi	""	test	అనఘ పురూషుండు నొక్కఁడు\nవిను నిత్య మనిత్యమనెడివిధ మిట్టి దగు\nన్‌ తన సంకల్పమె బంధము\nతన సంకల్పక్షయంబె తత్వము వేమా.	false	అనఘ పురుషుండు నొక్కఁడు\nవిను నిత్య మనిత్యమనెడివిధ మిట్టి దగు\nన్‌ తన సంకల్పమె బంధము\nతన సంకల్పక్షయంబె తత్వము వేమా.	["seq"]	["seq"]	7	ు	ూ	lengthen	0	4	పురూషుండు	false	0	2	6	|U||	["డు","నొ","క్క","డు"]	pdy-r-00815		
pdy-aataveladi-0649	aataveladi	upajaathi	""	dev	తపముజపములెన్నొ ధాత్రిజనుల కెల్ల\nనొనర శివునిఁజూడ నుపమగలదూ\nమనసుఁజెదరనీక మదిలోనఁజూడరో\nవిశ్వదాభిరామ వినర వేమ.	false	తపముజపములెన్నొ ధాత్రిజనుల కెల్ల\nనొనర శివునిఁజూడ నుపమగలదు\nమనసుఁజెదరనీక మదిలోనఁజూడరో\nవిశ్వదాభిరామ వినర వేమ.	["seq"]	["seq"]	55	ు	ూ	lengthen	1	13	నుపమగలదూ	false	1	4	26	||U	["గ","ల","దూ"]	pdy-r-00816		
pdy-aataveladi-0650	aataveladi	upajaathi	""	train	మతము లెన్నియైన సతముగా నుండవు\nసతము కర్మముండు జగతి నొకటి\nఆమతముల విడిచి యా బ్రహ్మమరయుము\nవిశ్వదాభిరామ వీనర వేమ.	false	మతము లెన్నియైన సతముగా నుండవు\nసతము కర్మముండు జగతి నొకటి\nఆమతముల విడిచి యా బ్రహ్మమరయుము\nవిశ్వదాభిరామ వినర వేమ.	["seq"]	["seq"]	99	ి	ీ	lengthen	3	6	వీనర	false	3	4	50	|U|	["ర","వే","మ"]	pdy-r-00817		
pdy-kandamu-0651	kandamu	jaathi	""	train	నే నెఁవడను తలపెట్టఁగ\nమానసమునఁ దలపకున్న మనుజుని కకటా\nకానఁబడు పడకముందే\nమానుగఁ గనుగొనఁగవలయు మహిలో వెమా.	false	నే నెఁవడను తలపెట్టఁగ\nమానసమునఁ దలపకున్న మనుజుని కకటా\nకానఁబడు పడకముందే\nమానుగఁ గనుగొనఁగవలయు మహిలో వేమా.	["seq"]	["seq"]	96	ే	ె	shorten	3	14	వెమా	false	3	4	50	|U	["వె","మా"]	pdy-r-00818		
pdy-kandamu-0652	kandamu	jaathi	""	train	మనసనలము రెంటీకినిల\nఘనమును కొంచెంబుఁ దెలియఁగావలె సుమ్మీ\nకనుమూసి తెరచినంతనె\nఘనమై విహరించుమనసుఁగానరు వేమా.	false	మనసనలము రెంటికినిల\nఘనమును కొంచెంబుఁ దెలియఁగావలె సుమ్మీ\nకనుమూసి తెరచినంతనె\nఘనమై విహరించుమనసుఁగానరు వేమా.	["seq"]	["corr","seq"]	12	ి	ీ	lengthen	0	7	రెంటీకినిల	false	1	1	14	|UU|	["ను","కొం","చెం","బు"]	pdy-r-00819		
pdy-aataveladi-0669	aataveladi	upajaathi	""	train	దేవభూములందు దేవాలయములందు\nదేవుఁడంచుఁ జెప్పి తెరువుఁజూపె\nతెలియ విశ్వమెల్ల దేవాది దేవుఁడౌ\nవిశ్వదాభీరామ వినర వేమ.	false	దేవభూములందు దేవాలయములందు\nదేవుఁడంచుఁ జెప్పి తెరువుఁజూపె\nతెలియ విశ్వమెల్ల దేవాది దేవుఁడౌ\nవిశ్వదాభిరామ వినర వేమ.	["seq"]	["corr","seq"]	95	ి	ీ	lengthen	3	3	విశ్వదాభీరామ	false	3	1	39	UUU	["దా","భీ","రా"]	pdy-r-00820		
pdy-aataveladi-0670	aataveladi	upajaathi	""	train	గంపెడంత తవుడు గంపలోఁ బెట్టక\nచన్నుఁ బట్టనీదూ కొన్నబఱ్ఱె\nవారకాంత లేల వలతురు నూరక\nవిశ్వదాభిరామ వినర వేమ.	false	గంపెడంత తవుడు గంపలోఁ బెట్టక\nచన్నుఁ బట్టనీదు కొన్నబఱ్ఱె\nవారకాంత లేల వలతురు నూరక\nవిశ్వదాభిరామ వినర వేమ.	["seq"]	["corr","seq"]	42	ు	ూ	lengthen	1	5	బట్టనీదూ	false	1	2	17	UUU	["నీ","దూ","కొ"]	pdy-r-00821		
pdy-aataveladi-0671	aataveladi	upajaathi	""	train	తివిరి లేమియుంట తిరీపెకాఁ డెఱుగునె\nమొఱ్ఱబెట్టి నెత్తి మొత్తుఁగాని\nపతిస ధర్మ మెన్నపడుచు కత్తెఱుఁగునా\nవిశ్వదాభిరామ వినర వేమ.	false	తివిరి లేమియుంట తిరిపెకాఁ డెఱుగునె\nమొఱ్ఱబెట్టి నెత్తి మొత్తుఁగాని\nపతిస ధర్మ మెన్నపడుచు కత్తెఱుఁగునా\nవిశ్వదాభిరామ వినర వేమ.	["seq"]	["seq"]	19	ి	ీ	lengthen	0	8	తిరీపెకాఁ	false	0	3	7	|U|U	["తి","రీ","పె","కా"]	pdy-r-00822		
pdy-aataveladi-0675	aataveladi	upajaathi	""	train	వాని గననివాఁడు వాఁడు కానేకాఁడు\nవానిలోనివాఁడు వాఁడు సుమ్మి\nవాని గన్నవాఁడు వాఁడేపో యోగిరా\nవిశ్వదాభిరామ వినర వేమ.	false	వాని గననివాఁడు వాఁడు కానేకాఁడు\nవానిలోనివాఁడు వాఁడు సుమ్మి\nవాని గన్నవాఁడు వాఁడెపో యోగిరా\nవిశ్వదాభిరామ వినర వేమ.	["seq"]	["corr","seq"]	77	ె	ే	lengthen	2	7	వాఁడేపో	false	2	3	29	UUUU	["వా","డే","పో","యో"]	pdy-r-00823		
pdy-aataveladi-0678	aataveladi	upajaathi	""	train	జ్ఞానవంతూఁ జూచి సహకర్మబుద్ధులు\nవెఱ్ఱియండ్రు ప్రకృతి విడువలేరు\nవెఱ్ఱి కవనిఁ బ్రకృతి వెదకినఁ గల్గునా\nవిశ్వదాభిరామ వినర వేమ.	false	జ్ఞానవంతుఁ జూచి సహకర్మబుద్ధులు\nవెఱ్ఱియండ్రు ప్రకృతి విడువలేరు\nవెఱ్ఱి కవనిఁ బ్రకృతి వెదకినఁ గల్గునా\nవిశ్వదాభిరామ వినర వేమ.	["seq"]	["corr","seq"]	8	ు	ూ	lengthen	0	3	జ్ఞానవంతూఁ	false	0	1	2	UUU	["వం","తూ","జూ"]	pdy-r-00824		
pdy-aataveladi-0681	aataveladi	upajaathi	""	train	బందెత్రాళ్ళఁ దెచ్చి బంధించీ కట్టంగ\nలింగఁడేమి దొంగిలించినాఁడొ\nయాత్మలింగ మేల యర్చింపఁజూడరో\nవిశ్వదాభిరామ వినర వేమ.	false	బందెత్రాళ్ళఁ దెచ్చి బంధించి కట్టంగ\nలింగఁడేమి దొంగిలించినాఁడొ\nయాత్మలింగ మేల యర్చింపఁజూడరో\nవిశ్వదాభిరామ వినర వేమ.	["seq"]	["corr","seq"]	26	ి	ీ	lengthen	0	8	బంధించీ	false	0	3	6	UUUU	["బం","ధిం","చీ","క"]	pdy-r-00825		
pdy-aataveladi-0693	aataveladi	upajaathi	""	test	పరమహంస ననుచు వరవఁ గట్టుక భూమి\nపరధనముల కాసపఁడెను వాఁడు\nపరమహంస గాఁడు పరమహింసుఁ డటండ్రు\nవిశ్వదాభీరామ వినర వేమ.	false	పరమహంస ననుచు వరవఁ గట్టుక భూమి\nపరధనముల కాసపఁడెను వాఁడు\nపరమహంస గాఁడు పరమహింసుఁ డటండ్రు\nవిశ్వదాభిరామ వినర వేమ.	["seq"]	["corr","seq"]	93	ి	ీ	lengthen	3	3	విశ్వదాభీరామ	false	3	1	46	UUU	["దా","భీ","రా"]	pdy-r-00826		
pdy-aataveladi-0702	aataveladi	upajaathi	""	train	శీవుని భక్తులెల్ల భువి మంటిపాలైరి\nవాదమేల దైవభేదమేల\nవిష్ణుభక్తులెల్ల వెలిబూదిపాలైరి\nవిశ్వదాభిరామ వినర వేమ.	false	శివుని భక్తులెల్ల భువి మంటిపాలైరి\nవాదమేల దైవభేదమేల\nవిష్ణుభక్తులెల్ల వెలిబూదిపాలైరి\nవిశ్వదాభిరామ వినర వేమ.	["seq"]	["corr","seq"]	1	ి	ీ	lengthen	0	0	శీవుని	false	0	1	2	|U|	["ని","భ","క్తు"]	pdy-r-00827		
pdy-aataveladi-0704	aataveladi	upajaathi	""	train	వేముఁడిట్లు చెప్పె వేల పద్యంబులు\nతప్పు లెన్నియున్న నొప్పియుండు\nతత్తఱపడ కందుఁ జిత్తము నిల్పుము\nవిశ్వదాభిరామ వినర వేమ.	true	వేముఁడిట్లు చెప్పె వేల పద్యంబులు\nతప్పు లెన్నియున్న నొప్పియుండు\nతత్తఱపడ కందుఁ జిత్తము నిల్పుము\nవిశ్వదాభిరామ వినర వేమ.	[]	[]														pdy-r-00828		
pdy-aataveladi-0705	aataveladi	upajaathi	""	dev	వెఱ్ఱినక్కలవలె వేదముల్‌ చదివెద\nరాశయంబు లెఱుఁగరయ్య వారు\nవేదసారమంత వేమన యెఱూఁగును\nవిశ్వదాభిరామ వినర వేమ.	false	వెఱ్ఱినక్కలవలె వేదముల్‌ చదివెద\nరాశయంబు లెఱుఁగరయ్య వారు\nవేదసారమంత వేమన యెఱుఁగును\nవిశ్వదాభిరామ వినర వేమ.	["seq"]	["seq"]	73	ు	ూ	lengthen	2	10	యెఱూఁగును	false	2	4	34	|U||	["యె","ఱూ","గు","ను"]	pdy-r-00829		
pdy-aataveladi-0708	aataveladi	upajaathi	""	test	ముక్కుత్రాళ్ళ గ్రుచ్చి ముఱికిపోవఁగఁ దోమి\nకచ్చనీరు నించి కడిగి కడిగి\nడొక్క దోమినంత దొరకునా తత్వంబు\nవిశ్వదాభిరామ వినర వేమ.	true	ముక్కుత్రాళ్ళ గ్రుచ్చి ముఱికిపోవఁగఁ దోమి\nకచ్చనీరు నించి కడిగి కడిగి\nడొక్క దోమినంత దొరకునా తత్వంబు\nవిశ్వదాభిరామ వినర వేమ.	[]	[]														pdy-r-00830		
pdy-aataveladi-0710	aataveladi	upajaathi	""	train	మదమువలనఁ గల్గు మాటల బహుపల్కి\nమ్రుచ్చుసుద్దులఁ గొని మోసపుచ్చీ\nకాసురాఁబెనగెడు కష్టుండుగురుఁ డౌనె\nవిశ్వదాభిరామ వినర వేమ.	false	మదమువలనఁ గల్గు మాటల బహుపల్కి\nమ్రుచ్చుసుద్దులఁ గొని మోసపుచ్చి\nకాసురాఁబెనగెడు కష్టుండుగురుఁ డౌనె\nవిశ్వదాభిరామ వినర వేమ.	["seq"]	["corr","seq"]	59	ి	ీ	lengthen	1	10	మోసపుచ్చీ	false	1	4	24	UUU	["పు","చ్చీ","కా"]	pdy-r-00831		
pdy-aataveladi-0711	aataveladi	upajaathi	""	train	పేరు సోమయాజి పెనుసింహబలూఁడయా\nమేఁకపోతుఁబట్టి మెడలువిఱవఁ\nగానిక్రతువువంకఁ గలుగునా మోక్షంబు\nవిశ్వదాభిరామ వినర వేమ.	false	పేరు సోమయాజి పెనుసింహబలుఁడయా\nమేఁకపోతుఁబట్టి మెడలువిఱవఁ\nగానిక్రతువువంకఁ గలుగునా మోక్షంబు\nవిశ్వదాభిరామ వినర వేమ.	["seq"]	["seq"]	23	ు	ూ	lengthen	0	11	పెనుసింహబలూఁడయా	false	0	4	10	|U|U	["బ","లూ","డ","యా"]	pdy-r-00832		
pdy-kandamu-0658	kandamu	jaathi	""	train	కుక్కల దీని కడుబాపలు\nనక్కను భుజియించువారు నాకేశులగు\nన్‌ చొక్కముగ జీవహత్యల\nమిక్కుటముగఁ జేసి తమిని మించిరి వేమా.	false	కుక్కల దిని కడుబాపలు\nనక్కను భుజియించువారు నాకేశులగు\nన్‌ చొక్కముగ జీవహత్యల\nమిక్కుటముగఁ జేసి తమిని మించిరి వేమా.	["seq"]	["seq"]	8	ి	ీ	lengthen	0	3	దీని	true	0	2	6	|U||	["డు","బా","ప","లు"]	pdy-r-00833		
pdy-aataveladi-0713	aataveladi	upajaathi	""	train	అరయఁదోచునాఁడు గురువని తా నెంచీ\nతిరుగువాఁడు తన్ను నరయలేఁడు\nపనికిమాలినట్టి బానిసె కొడుకురా\nవిశ్వదాభిరామ వినర వేమ.	false	అరయఁదోచునాఁడు గురువని తా నెంచి\nతిరుగువాఁడు తన్ను నరయలేఁడు\nపనికిమాలినట్టి బానిసె కొడుకురా\nవిశ్వదాభిరామ వినర వేమ.	["seq"]	["corr","seq"]	29	ి	ీ	lengthen	0	13	నెంచీ	false	0	4	11	UUU|	["తా","నెం","చీ","తి"]	pdy-r-00834		
pdy-aataveladi-0717	aataveladi	upajaathi	""	train	చీరగట్టి రాత్రి సిగ్గును నెఱిఁగుండు\nపగలు చీరవిడుచు పను లదేల\nచేడె గాదుర యిది చేవాడికత్తెర\nవిశ్వదాభిరామ వినర వెమ.	false	చీరగట్టి రాత్రి సిగ్గును నెఱిఁగుండు\nపగలు చీరవిడుచు పను లదేల\nచేడె గాదుర యిది చేవాడికత్తెర\nవిశ్వదాభిరామ వినర వేమ.	["seq"]	["seq"]	108	ే	ె	shorten	3	9	వెమ	false	3	4	48	||	["వె","మ"]	pdy-r-00835		
pdy-aataveladi-0719	aataveladi	upajaathi	""	train	బ్రహ్మనృపతి వైశ్యపతులును శూద్రులు\nబ్రహ్మవిష్ణుహరులు పశువు లెన్న\nబ్రహ్మముం దెలియక బహురూపులైరిట్లు\nవిశ్వదాభిరామ వినర వేమ.	true	బ్రహ్మనృపతి వైశ్యపతులును శూద్రులు\nబ్రహ్మవిష్ణుహరులు పశువు లెన్న\nబ్రహ్మముం దెలియక బహురూపులైరిట్లు\nవిశ్వదాభిరామ వినర వేమ.	[]	[]														pdy-r-00836		
pdy-aataveladi-0721	aataveladi	upajaathi	""	train	తనువునందు నగ్ని దఱికొని కాల్పంగ\nకాల్చుకొనుట యేమీ కర్మమునకు\nకాల్చుకొన్న యంత ఘనుఁడు తానాయెనా\nవిశ్వదాభిరామ వినర వేమ.	false	తనువునందు నగ్ని దఱికొని కాల్పంగ\nకాల్చుకొనుట యేమి కర్మమునకు\nకాల్చుకొన్న యంత ఘనుఁడు తానాయెనా\nవిశ్వదాభిరామ వినర వేమ.	["seq"]	["corr","seq"]	47	ి	ీ	lengthen	1	6	యేమీ	true	1	2	19	UUU	["యే","మీ","క"]	pdy-r-00837		
pdy-aataveladi-0722	aataveladi	upajaathi	""	train	త్రాడు మేడనువేసి తనదు శూద్రత్వంబు\nపోయె ననెడి దెల్ల బుద్ధి కొదువ\nమనసులకును త్రాడు మఱివన్నెఁ దెచ్చునా\nవిశ్వదాభిరామ వినర వేమ.	false	త్రాడు మెడనువేసి తనదు శూద్రత్వంబు\nపోయె ననెడి దెల్ల బుద్ధి కొదువ\nమనసులకును త్రాడు మఱివన్నెఁ దెచ్చునా\nవిశ్వదాభిరామ వినర వేమ.	["seq"]	["seq"]	8	ె	ే	lengthen	0	2	మేడనువేసి	false	0	2	4	|U|	["ను","వే","సి"]	pdy-r-00838		
pdy-aataveladi-0724	aataveladi	upajaathi	""	test	కసవు నేరీ తినెడు పసరపు మైఁ దిన\nమాలఁడండ్రు వాని మహిని నరులు\nపట్టికోడిఁ దిన్న ప్రాజ్ఞులందురు జను\nల్‌ విశ్వదాభిరామ వినర వేమ.	false	కసవు నేరి తినెడు పసరపు మైఁ దిన\nమాలఁడండ్రు వాని మహిని నరులు\nపట్టికోడిఁ దిన్న ప్రాజ్ఞులందురు జను\nల్‌ విశ్వదాభిరామ వినర వేమ.	["seq"]	["corr","seq"]	8	ి	ీ	lengthen	0	4	నేరీ	false	0	1	3	UU|	["నే","రీ","తి"]	pdy-r-00839		
pdy-aataveladi-0741	aataveladi	upajaathi	""	test	మనసు గెలచి పూని మన్నసుజ్ఞానులు\nకడఁక మోక్షపదముఁ గనుచునుండ్రు\nచెట్టుఁబెట్ట ఫలము చేకూర కుండునా\nవిశ్వదాభీరామ వినర వేమ.	false	మనసు గెలచి పూని మన్నసుజ్ఞానులు\nకడఁక మోక్షపదముఁ గనుచునుండ్రు\nచెట్టుఁబెట్ట ఫలము చేకూర కుండునా\nవిశ్వదాభిరామ వినర వేమ.	["seq"]	["corr","seq"]	100	ి	ీ	lengthen	3	3	విశ్వదాభీరామ	false	3	1	42	UUU	["దా","భీ","రా"]	pdy-r-00840		
pdy-kandamu-0661	kandamu	jaathi	""	dev	మోహము తీఱక యుండిన\nదాహంబై దేహమంత దల్లడపడ నీ\nగేహములోఁ బోరాడక\nదేహమూనం దున్న శివునిఁ దెలియర వేమా.	false	మోహము తీఱక యుండిన\nదాహంబై దేహమంత దల్లడపడ నీ\nగేహములోఁ బోరాడక\nదేహమునం దున్న శివునిఁ దెలియర వేమా.	["seq"]	["corr","seq"]	63	ు	ూ	lengthen	3	2	దేహమూనం	false	3	0	30	U|UU	["దే","హ","మూ","నం"]	pdy-r-00841		
pdy-aataveladi-0742	aataveladi	upajaathi	""	dev	లింగ మంగమునను లీలఁ దెలియువెన్క\nమనసు లింగమందు మరులుకొనును\nమనసు నిల్పనందె మఱీలింగ ముండురా\nవిశ్వదాభిరామ వినర వేమ.	false	లింగ మంగమునను లీలఁ దెలియువెన్క\nమనసు లింగమందు మరులుకొనును\nమనసు నిల్పనందె మఱిలింగ ముండురా\nవిశ్వదాభిరామ వినర వేమ.	["seq"]	["seq"]	74	ి	ీ	lengthen	2	8	మఱీలింగ	false	2	3	34	|UU|	["మ","ఱీ","లిం","గ"]	pdy-r-00842		
pdy-aataveladi-0744	aataveladi	upajaathi	""	train	అగ్ని చేతఁబట్టి యాపరమేశుని\nనిండఁజేసి నరులు నీఱుగారె\nదక్షుక్రతువులోని తల్లడ మెఱుఁగరా\nవిశ్వదాభిరామ వినర వేమ.	true	అగ్ని చేతఁబట్టి యాపరమేశుని\nనిండఁజేసి నరులు నీఱుగారె\nదక్షుక్రతువులోని తల్లడ మెఱుఁగరా\nవిశ్వదాభిరామ వినర వేమ.	[]	[]														pdy-r-00843		
pdy-aataveladi-0747	aataveladi	upajaathi	""	train	పొంకమూలకు మనసుఁ బోనీక సర్వేశు\nవంక నిలుపువాఁడు వంశపరుఁడు\nవంక నిల్పకున్న వచ్చునా పదవులు\nవిశ్వదాభిరామ వినర వేమ.	false	పొంకములకు మనసుఁ బోనీక సర్వేశు\nవంక నిలుపువాఁడు వంశపరుఁడు\nవంక నిల్పకున్న వచ్చునా పదవులు\nవిశ్వదాభిరామ వినర వేమ.	["seq"]	["corr","seq"]	5	ు	ూ	lengthen	0	2	పొంకమూలకు	false	0	3	7	|UU|	["సు","బో","నీ","క"]	pdy-r-00844		
pdy-aataveladi-0753	aataveladi	upajaathi	""	train	లేఁడు లేఁడనినను లేఁడు లేనేలేఁడు\nకాఁడు కాఁడటన్న కానెకాఁడు\nతోడు తోడనినను తోడనే తోడౌను\nవిశ్వదాభిరామ వినర వేమ.	true	లేఁడు లేఁడనినను లేఁడు లేనేలేఁడు\nకాఁడు కాఁడటన్న కానెకాఁడు\nతోడు తోడనినను తోడనే తోడౌను\nవిశ్వదాభిరామ వినర వేమ.	[]	[]														pdy-r-00845		
pdy-aataveladi-0756	aataveladi	upajaathi	""	train	లోభమోహములును ప్రాభవములూదప్పు\nదలఁచిన పనులెల్లఁ దప్పిచనును\nతా మొకటి దలంప దైవమొక్కటిఁదల్చు\nవిశ్వదాభిరామ వినర వేమ.	false	లోభమోహములును ప్రాభవములుదప్పు\nదలఁచిన పనులెల్లఁ దప్పిచనును\nతా మొకటి దలంప దైవమొక్కటిఁదల్చు\nవిశ్వదాభిరామ వినర వేమ.	["seq"]	["seq"]	22	ు	ూ	lengthen	0	11	ప్రాభవములూదప్పు	false	0	4	10	|UU|	["ము","లూ","ద","ప్పు"]	pdy-r-00846		
pdy-aataveladi-0764	aataveladi	upajaathi	""	train	తాము బలిమిఁబెట్ట తమకు తామే కల్గు\nనడుగనిడినఁ దాము నడుగఁగలుగు\nవిందునీనివాని కెందునులేదయా\nవిశ్వదాభిరామ వినర వేమ.	true	తాము బలిమిఁబెట్ట తమకు తామే కల్గు\nనడుగనిడినఁ దాము నడుగఁగలుగు\nవిందునీనివాని కెందునులేదయా\nవిశ్వదాభిరామ వినర వేమ.	[]	[]														pdy-r-00847		
pdy-aataveladi-0765	aataveladi	upajaathi	""	train	తాము గడనసేయు ధనము తమదియని\nనమ్మియుండ్రు వెఱ్ఱి నరులు భువిని\nతాము నొకరి కిచ్చుధన మింతియేకాక\nకడమదీ తనకేల గలుగు వేమ.	false	తాము గడనసేయు ధనము తమదియని\nనమ్మియుండ్రు వెఱ్ఱి నరులు భువిని\nతాము నొకరి కిచ్చుధన మింతియేకాక\nకడమది తనకేల గలుగు వేమ.	["seq"]	["seq"]	94	ి	ీ	lengthen	3	3	కడమదీ	false	3	2	46	|U|	["న","కే","ల"]	pdy-r-00848		
pdy-aataveladi-0767	aataveladi	upajaathi	""	train	రానీధనమునకును దానును కొడుకును\nవాంఛఁబడుటె కాని వట్టి భ్రమలు\nభాగ్యహీనునకును ఫలము లభించునా\nవిశ్వదాభిరామ వినర వేమ.	false	రానిధనమునకును దానును కొడుకును\nవాంఛఁబడుటె కాని వట్టి భ్రమలు\nభాగ్యహీనునకును ఫలము లభించునా\nవిశ్వదాభిరామ వినర వేమ.	["seq"]	["corr","seq"]	3	ి	ీ	lengthen	0	1	రానీధనమునకును	false	0	0	0	UU|	["రా","నీ","ధ"]	pdy-r-00849		
pdy-aataveladi-0772	aataveladi	upajaathi	""	train	పరుల కుపకరింప పాపక్షయంబగు\nపరుల కుపకరింపఁ బట్టుకొమ్మ\nపరూల కుపకరింపఁ బరలోక సిద్ధియు\nపరుల కుపకరింప బలిమి వేమ.	false	పరుల కుపకరింప పాపక్షయంబగు\nపరుల కుపకరింపఁ బట్టుకొమ్మ\nపరుల కుపకరింపఁ బరలోక సిద్ధియు\nపరుల కుపకరింప బలిమి వేమ.	["seq"]	["seq"]	54	ు	ూ	lengthen	2	1	పరూల	false	2	0	26	|U|	["ప","రూ","ల"]	pdy-r-00850		
pdy-aataveladi-0776	aataveladi	upajaathi	""	train	ధర్మమునకుఁ గీడు తలఁచినవాఁడు తా\nదుష్టమార్గుఁ డవును ద్రోవ చెడును\nగురువుపత్నిగవయఁ గోరెడువాఁడు తా\nమొదలెచేడును ముప్పు మొనసి వేమ.	false	ధర్మమునకుఁ గీడు తలఁచినవాఁడు తా\nదుష్టమార్గుఁ డవును ద్రోవ చెడును\nగురువుపత్నిగవయఁ గోరెడువాఁడు తా\nమొదలెచెడును ముప్పు మొనసి వేమ.	["seq"]	["seq"]	100	ె	ే	lengthen	3	3	మొదలెచేడును	false	3	2	45	|U|	["ను","ము","ప్పు"]	pdy-r-00851		
pdy-aataveladi-0777	aataveladi	upajaathi	""	train	అలయఁజేసి మలఁచి యడిగండ్లు మలిగండ్లు\nతిరిపెమీడెడు కటికిదేబెలెల్ల\nనెలమి మన్నుదినెడు నెఱ్ఱలౌదురు సుమీ\nవిశ్వదాభిరామ వినర వేమ.	false	అలయఁజేసి మలఁచి యడిగండ్లు మలిగండ్లు\nతిరిపెమిడెడు కటికిదేబెలెల్ల\nనెలమి మన్నుదినెడు నెఱ్ఱలౌదురు సుమీ\nవిశ్వదాభిరామ వినర వేమ.	["seq"]	["corr","seq"]	42	ి	ీ	lengthen	1	3	తిరిపెమీడెడు	false	1	3	24	|U|	["కి","దే","బె"]	pdy-r-00852		
pdy-aataveladi-0779	aataveladi	upajaathi	""	train	దానధర్మములును దయయు సత్యము నీతి\nవినయ ధైర్య శౌర్య వీతరణములు\nరాజుపాలిటి కివి రాజయోగంబులు\nవిశ్వదాభిరామ వినర వేమ.	false	దానధర్మములును దయయు సత్యము నీతి\nవినయ ధైర్య శౌర్య వితరణములు\nరాజుపాలిటి కివి రాజయోగంబులు\nవిశ్వదాభిరామ వినర వేమ.	["seq"]	["corr","seq"]	49	ి	ీ	lengthen	1	7	వీతరణములు	false	2	0	27	|U|	["లు","రా","జు"]	pdy-r-00853		
pdy-aataveladi-0781	aataveladi	upajaathi	""	train	లోక మరసినట్టి లోకోపకారులు\nభోగభాగ్యములను బొంది తుదను\nపూర్వవాసన విడీపురహరు తావున\nమ్రోగుచుంద్రు తారు మొనసి వేమ.	false	లోక మరసినట్టి లోకోపకారులు\nభోగభాగ్యములను బొంది తుదను\nపూర్వవాసన విడిపురహరు తావున\nమ్రోగుచుంద్రు తారు మొనసి వేమ.	["seq"]	["seq"]	65	ి	ీ	lengthen	2	6	విడీపురహరు	false	2	2	29	||U	["న","వి","డీ"]	pdy-r-00854		
pdy-kandamu-0664	kandamu	jaathi	""	train	నే నెవ్వండని వలపడు\nమానసమునఁ బుడమిలోని మనుజుండటరా\nకానడూ తనశవమును దా\nమానుగఁ గనుగొనుట యెట్లు మహిలో వేమా.	false	నే నెవ్వండని వలపడు\nమానసమునఁ బుడమిలోని మనుజుండటరా\nకానడు తనశవమును దా\nమానుగఁ గనుగొనుట యెట్లు మహిలో వేమా.	["seq"]	["corr","seq"]	53	ు	ూ	lengthen	2	2	కానడూ	false	2	0	25	U|U|	["కా","న","డూ","త"]	pdy-r-00855		
pdy-aataveladi-0785	aataveladi	upajaathi	""	train	మంటలోహమందు మ్రాకులు శిలలందు\nపటము గోడలందుఁ బ్రతిమలందు\nతన్నుఁ దెలియుకొఱకు తగూలదా పరమాత్మ\nవిశ్వదాభిరామ వినర వేమ.	false	మంటలోహమందు మ్రాకులు శిలలందు\nపటము గోడలందుఁ బ్రతిమలందు\nతన్నుఁ దెలియుకొఱకు తగులదా పరమాత్మ\nవిశ్వదాభిరామ వినర వేమ.	["seq"]	["seq"]	74	ు	ూ	lengthen	2	9	తగూలదా	false	2	3	33	|U|U	["త","గూ","ల","దా"]	pdy-r-00856		
pdy-aataveladi-0787	aataveladi	upajaathi	""	train	మాటలోనివాని మహిమఁ దాఁ దెలియక\nమాటబయలె లేక మమతఁ జిక్కె\nమాట దెలిసెనెని మఱియాత్మ యోగిరా\nవిశ్వదాభిరామ వినర వేమ.	false	మాటలోనివాని మహిమఁ దాఁ దెలియక\nమాటబయలె లేక మమతఁ జిక్కె\nమాట దెలిసెనేని మఱియాత్మ యోగిరా\nవిశ్వదాభిరామ వినర వేమ.	["seq"]	["corr","seq"]	64	ే	ె	shorten	2	5	దెలిసెనెని	false	2	3	34	|U|U	["ఱి","యా","త్మ","యో"]	pdy-r-00857		
pdy-aataveladi-0789	aataveladi	upajaathi	""	train	వంటదప్పునపుడు వంటకము వీషంబు\nకంటఁ జూడఁగానె కంటగించుఁ\nగంటకమునఁ దిన్నకడి గండమైవచ్చు\nవిశ్వదాభిరామ వినర వేమ.	false	వంటదప్పునపుడు వంటకము విషంబు\nకంటఁ జూడఁగానె కంటగించుఁ\nగంటకమునఁ దిన్నకడి గండమైవచ్చు\nవిశ్వదాభిరామ వినర వేమ.	["seq"]	["seq"]	22	ి	ీ	lengthen	0	11	వీషంబు	false	0	4	10	|UU|	["ము","వీ","షం","బు"]	pdy-r-00858		
pdy-aataveladi-0790	aataveladi	upajaathi	""	train	వండివచ్చునపుడు వంటక మమృతంబు\nకంటికింపుగానూ కానుపించు\nనొడలతినినదిండి వడిమించ గడిదేఱు\nవిశ్వదాభిరామ వినర వేమ.	false	వండివచ్చునపుడు వంటక మమృతంబు\nకంటికింపుగాను కానుపించు\nనొడలతినినదిండి వడిమించ గడిదేఱు\nవిశ్వదాభిరామ వినర వేమ.	["seq"]	["corr","seq"]	40	ు	ూ	lengthen	1	5	కంటికింపుగానూ	false	1	2	18	UUU	["గా","నూ","కా"]	pdy-r-00859		
pdy-aataveladi-0794	aataveladi	upajaathi	""	train	దూరదృష్టిఁ గనరు దుడుకుడువదలక\nబారప ట్టెఱుగరు పడినదనుక\nదండసాధ్యు లయిరి ధర్మసాధ్యులూగాక\nభూమిజనులు వెఱ్ఱిబుద్ధి వేమ.	false	దూరదృష్టిఁ గనరు దుడుకుడువదలక\nబారప ట్టెఱుగరు పడినదనుక\nదండసాధ్యు లయిరి ధర్మసాధ్యులుగాక\nభూమిజనులు వెఱ్ఱిబుద్ధి వేమ.	["seq"]	["seq"]	80	ు	ూ	lengthen	2	11	ధర్మసాధ్యులూగాక	false	2	4	38	|UU|	["ధ్యు","లూ","గా","క"]	pdy-r-00860		
pdy-aataveladi-0795	aataveladi	upajaathi	""	train	ముష్టి వేపచెట్టు మొదలుగా ప్రజలకు\nపరఁగ మూలికలకు పనికివచ్చు\nనిర్దయాత్మకుండు నీచుఁడెందునకును\nపనికీరాఁడు గదర పరఁగ వేమ.	false	ముష్టి వేపచెట్టు మొదలుగా ప్రజలకు\nపరఁగ మూలికలకు పనికివచ్చు\nనిర్దయాత్మకుండు నీచుఁడెందునకును\nపనికిరాఁడు గదర పరఁగ వేమ.	["seq"]	["seq"]	94	ి	ీ	lengthen	3	2	పనికీరాఁడు	false	3	0	40	||U	["ప","ని","కీ"]	pdy-r-00861		
pdy-aataveladi-0797	aataveladi	upajaathi	""	train	తిట్టెనేని మొట్టు మొట్టినఁ గొట్టును\nకొట్టెనేని యముఁడు కొద్దిపఱచూఁ\nగోప మెంచ చెడ్డపాపము నరహత్య\nవిశ్వదాభిరామ వినర వేమ.	false	తిట్టెనేని మొట్టు మొట్టినఁ గొట్టును\nకొట్టెనేని యముఁడు కొద్దిపఱచుఁ\nగోప మెంచ చెడ్డపాపము నరహత్య\nవిశ్వదాభిరామ వినర వేమ.	["seq"]	["seq"]	63	ు	ూ	lengthen	1	11	కొద్దిపఱచూఁ	false	1	4	21	||U	["ప","ఱ","చూ"]	pdy-r-00862		
pdy-aataveladi-0798	aataveladi	upajaathi	""	train	కోపమునను ఘనత కొంచెమై పోవును\nకోపమునను మిగుల గోడుఁజెందుఁ\nగొపమడచెనేని గోరిక లీడేరు\nవిశ్వదాభిరామ వినర వేమ.	false	కోపమునను ఘనత కొంచెమై పోవును\nకోపమునను మిగుల గోడుఁజెందుఁ\nగోపమడచెనేని గోరిక లీడేరు\nవిశ్వదాభిరామ వినర వేమ.	["seq"]	["corr","seq"]	56	ో	ొ	shorten	2	0	గొపమడచెనేని	false	2	1	29	||U	["డ","చె","నే"]	pdy-r-00863		
pdy-aataveladi-0799	aataveladi	upajaathi	""	dev	కోపమునను నరక కూపముఁ జెందును\nకోపమునను గుణము కొంచె మగును\nకోపమునను బ్రతుకు కొంచేమై పోవును\nవిశ్వదాభిరామ వినర వేమ.	false	కోపమునను నరక కూపముఁ జెందును\nకోపమునను గుణము కొంచె మగును\nకోపమునను బ్రతుకు కొంచెమై పోవును\nవిశ్వదాభిరామ వినర వేమ.	["seq"]	["corr","seq"]	76	ె	ే	lengthen	2	9	కొంచేమై	false	2	3	35	UUUU	["కొం","చే","మై","పో"]	pdy-r-00864		
pdy-aataveladi-0801	aataveladi	upajaathi	""	train	పరఁగ లేమిచేత బంధువుల్‌ పగవారు\nపరఁగ లేమిచేతఁ బరము తప్పు\nపరఁగ లేమిచేతఁ బరపతి దప్పురా\nవిశ్వదాభిరామ వీనర వేమ.	false	పరఁగ లేమిచేత బంధువుల్‌ పగవారు\nపరఁగ లేమిచేతఁ బరము తప్పు\nపరఁగ లేమిచేతఁ బరపతి దప్పురా\nవిశ్వదాభిరామ వినర వేమ.	["seq"]	["seq"]	97	ి	ీ	lengthen	3	6	వీనర	false	3	4	48	|U|	["ర","వే","మ"]	pdy-r-00865		
pdy-aataveladi-0802	aataveladi	upajaathi	""	train	నేర్చి నడుతునన్న నేరమి తా వచ్చు\nనోర్చీ నడతునన్న నోర్పురాదు\nకూర్చి నడతునన్నఁ గూడంగ నీయదు\nవిశ్వదాభిరామ వినర వేమ.	false	నేర్చి నడుతునన్న నేరమి తా వచ్చు\nనోర్చి నడతునన్న నోర్పురాదు\nకూర్చి నడతునన్నఁ గూడంగ నీయదు\nవిశ్వదాభిరామ వినర వేమ.	["seq"]	["corr","seq"]	37	ి	ీ	lengthen	1	1	నోర్చీ	false	1	0	13	UU|	["నో","ర్చీ","న"]	pdy-r-00866		
pdy-aataveladi-0803	aataveladi	upajaathi	""	train	ధనము లేమి యనెడు దావానలం బది\nతన్నుఁ జెఱచూను దరిదాపుఁ జెఱచు\nధనములేమి చూడఁదలఁచగా పాపంబు\nవిశ్వదాభిరామ వినర వేమ.	false	ధనము లేమి యనెడు దావానలం బది\nతన్నుఁ జెఱచును దరిదాపుఁ జెఱచు\nధనములేమి చూడఁదలఁచగా పాపంబు\nవిశ్వదాభిరామ వినర వేమ.	["seq"]	["seq"]	39	ు	ూ	lengthen	1	4	జెఱచూను	false	1	1	16	||U	["జె","ఱ","చూ"]	pdy-r-00867		
pdy-aataveladi-0807	aataveladi	upajaathi	""	train	దోపునిచ్చువాఁడు తులలేని నెఱదాత\nదోఁచుకొన్నవాఁడు ద్రోహి యయ్యె\nప్రాపుఁ జూపువాఁడు పరమపుణ్యుం డయ్యె\nప్రాపుఁజెఱచువాఁడూ పశువు వేమ.	false	దోపునిచ్చువాఁడు తులలేని నెఱదాత\nదోఁచుకొన్నవాఁడు ద్రోహి యయ్యె\nప్రాపుఁ జూపువాఁడు పరమపుణ్యుం డయ్యె\nప్రాపుఁజెఱచువాఁడు పశువు వేమ.	["seq"]	["corr","seq"]	111	ు	ూ	lengthen	3	6	ప్రాపుఁజెఱచువాఁడూ	false	3	2	42	UU|	["వా","డూ","ప"]	pdy-r-00868		
pdy-aataveladi-0808	aataveladi	upajaathi	""	test	కూటవాసి యగుచు గుణములఁ బచరించి\nనీటనీడవలెను నిలిచియుండు\nనుదకఘటములందు నొగిఁదోఁచుటే గానీ\nసూర్యుఁడొకఁడు గాఁడె చూడ వేమ.	false	కూటవాసి యగుచు గుణములఁ బచరించి\nనీటనీడవలెను నిలిచియుండు\nనుదకఘటములందు నొగిఁదోఁచుటే గాని\nసూర్యుఁడొకఁడు గాఁడె చూడ వేమ.	["seq"]	["corr","seq"]	83	ి	ీ	lengthen	2	14	గానీ	true	2	4	39	UUUU	["టే","గా","నీ","సూ"]	pdy-r-00869		
pdy-aataveladi-0811	aataveladi	upajaathi	""	dev	మనసు నిల్పినట్టి మర్మజ్ఞులగువారూ\nగరిమ మోక్షపదముఁ గన్నవారు\nచెట్టుఁబెట్ట ఫలము చేకొనఁడాతాను\nవిశ్వదాభిరామ వినర వేమ.	false	మనసు నిల్పినట్టి మర్మజ్ఞులగువారు\nగరిమ మోక్షపదముఁ గన్నవారు\nచెట్టుఁబెట్ట ఫలము చేకొనఁడాతాను\nవిశ్వదాభిరామ వినర వేమ.	["seq"]	["seq"]	31	ు	ూ	lengthen	0	13	మర్మజ్ఞులగువారూ	false	0	4	10	||UU	["ల","గు","వా","రూ"]	pdy-r-00870		
pdy-aataveladi-0818	aataveladi	upajaathi	""	dev	చెఱకులోననైనఁ జెడ్డగుణం బున్నఁ\nదీసివేయకున్నఁ దినగఁ బోసగ\nదంతిపురము ద్రోహి యాతఁడెట్లుండురా\nవిశ్వదాభిరామ వినర వేమ.	false	చెఱకులోననైనఁ జెడ్డగుణం బున్నఁ\nదీసివేయకున్నఁ దినగఁ బొసగ\nదంతిపురము ద్రోహి యాతఁడెట్లుండురా\nవిశ్వదాభిరామ వినర వేమ.	["seq"]	["corr","seq"]	51	ొ	ో	lengthen	1	9	బోసగ	false	2	0	24	|U|	["గ","దం","తి"]	pdy-r-00871		
pdy-aataveladi-0819	aataveladi	upajaathi	""	train	తనకు లేనివాఁడు దైవముందూఱును\nతనకుఁ గలీగెనేని దైవ మేల\nతనకు దైవమునకుఁ దగులాటమేశాంతి\nవిశ్వదాభిరామ వినర వేమ.	false	తనకు లేనివాఁడు దైవముందూఱును\nతనకుఁ గలిగెనేని దైవ మేల\nతనకు దైవమునకుఁ దగులాటమేశాంతి\nవిశ్వదాభిరామ వినర వేమ.	["seq"]	["seq"]	36	ి	ీ	lengthen	1	4	గలీగెనేని	false	1	1	16	|U|	["గ","లీ","గె"]	pdy-r-00872		
pdy-aataveladi-0821	aataveladi	upajaathi	""	train	తన్నుఁ దెలియువారు దైవజ్ఞు లెంతయు\nనిన్నుఁ దెలీయరేని నిలువరైరి\nమాయఁ దెలియకుండ మంటపాలైరయా\nవిశ్వదాభిరామ వినర వేమ.	false	తన్నుఁ దెలియువారు దైవజ్ఞు లెంతయు\nనిన్నుఁ దెలియరేని నిలువరైరి\nమాయఁ దెలియకుండ మంటపాలైరయా\nవిశ్వదాభిరామ వినర వేమ.	["seq"]	["seq"]	44	ి	ీ	lengthen	1	3	దెలీయరేని	false	1	1	15	|U|	["దె","లీ","య"]	pdy-r-00873		
pdy-aataveladi-0823	aataveladi	upajaathi	""	train	నీవుగలుగుచోటు నెళువు దెలియువాఁడు\nవసుధయందు త్రోవ వదలఁ డెందుఁ\nకాలు కదలనీక గ్రక్కునఁ జెరురా\nవిశ్వదాభిరామ వినర వేమ.	false	నీవుగలుగుచోటు నెళువు దెలియువాఁడు\nవసుధయందు త్రోవ వదలఁ డెందుఁ\nకాలు కదలనీక గ్రక్కునఁ జేరురా\nవిశ్వదాభిరామ వినర వేమ.	["seq"]	["corr","seq"]	83	ే	ె	shorten	2	10	జెరురా	false	2	4	37	||UU	["జె","రు","రా","వి"]	pdy-r-00874		
pdy-aataveladi-0824	aataveladi	upajaathi	""	test	నీవు నిలిచియుండు నిఖిలంబు నిలువదు\nనిలిచియుండు నెండు నీరువలెను\nనీవు నిశ్చయంబు నిఖిలంబు మాయయౌ\nవిశ్వదాభీరామ వినర వేమ.	false	నీవు నిలిచియుండు నిఖిలంబు నిలువదు\nనిలిచియుండు నెండు నీరువలెను\nనీవు నిశ్చయంబు నిఖిలంబు మాయయౌ\nవిశ్వదాభిరామ వినర వేమ.	["seq"]	["corr","seq"]	100	ి	ీ	lengthen	3	3	విశ్వదాభీరామ	false	3	1	42	UUU	["దా","భీ","రా"]	pdy-r-00875		
pdy-aataveladi-0827	aataveladi	upajaathi	""	train	చిక్కియున్న వెళ సింహంబునైనను\nబక్కకుక్క చేరి బాధచేయు\nబలిమిలేనివేళఁ బంతంబు చెల్లదు\nవిశ్వదాభిరామ వినర వేమ.	false	చిక్కియున్న వేళ సింహంబునైనను\nబక్కకుక్క చేరి బాధచేయు\nబలిమిలేనివేళఁ బంతంబు చెల్లదు\nవిశ్వదాభిరామ వినర వేమ.	["seq"]	["corr","seq"]	13	ే	ె	shorten	0	4	వెళ	false	0	2	4	||U	["వె","ళ","సిం"]	pdy-r-00876		
pdy-aataveladi-0828	aataveladi	upajaathi	""	train	జ్ఞానుల మని యెంచి చపలాత్ము లగువారు\nతెలివిలేక తమ్ముఁ దెలియలేరు\nకష్టగహనమందు కాడ్పడియున్నారు\nవిశ్వదాభిరామ వినర వేమ.	true	జ్ఞానుల మని యెంచి చపలాత్ము లగువారు\nతెలివిలేక తమ్ముఁ దెలియలేరు\nకష్టగహనమందు కాడ్పడియున్నారు\nవిశ్వదాభిరామ వినర వేమ.	[]	[]														pdy-r-00877		
pdy-aataveladi-0830	aataveladi	upajaathi	""	train	పెద్దల వచనములఁ బ్రేమతోఁ జూచి తా\nనటుల నడవఁబోవ ననువుపడదు\nపులిని చూచి నక్క పూతఁపూసిన యట్లు\nవిశ్వదాభిరామ వీనర వేమ.	false	పెద్దల వచనములఁ బ్రేమతోఁ జూచి తా\nనటుల నడవఁబోవ ననువుపడదు\nపులిని చూచి నక్క పూతఁపూసిన యట్లు\nవిశ్వదాభిరామ వినర వేమ.	["seq"]	["seq"]	102	ి	ీ	lengthen	3	6	వీనర	false	3	4	50	|U|	["ర","వే","మ"]	pdy-r-00878		
pdy-kandamu-0669	kandamu	jaathi	""	test	వినుకలి కనుకలి గోరము\nకనుకలియాకాంతగూడి కవయగ గోరు\nన్‌ గనుగొని ప్రేమన్బొరలును\nఘనతరమోహంబూచోటు గదరా వేమా.	false	వినుకలి కనుకలి గోరము\nకనుకలియాకాంతగూడి కవయగ గోరు\nన్‌ గనుగొని ప్రేమన్బొరలును\nఘనతరమోహంబుచోటు గదరా వేమా.	["seq"]	["corr","seq"]	84	ు	ూ	lengthen	3	6	ఘనతరమోహంబూచోటు	false	3	2	42	UU||	["బూ","చో","టు","గ"]	pdy-r-00879		
pdy-kandamu-0670	kandamu	jaathi	""	train	మఱవవలె భావసంగతి\nమఱవంగావలెను దూరము మఱి విశ్వములో\nమఱవవలెఁ బరులనేరము\nమఱవంగా వలదు మేలు మహిలో వేమా.	false	మఱవవలె భావసంగతి\nమఱవంగావలెను దురము మఱి విశ్వములో\nమఱవవలెఁ బరులనేరము\nమఱవంగా వలదు మేలు మహిలో వేమా.	["seq"]	["corr","seq"]	29	ు	ూ	lengthen	1	7	దూరము	true	1	3	19	|||U	["ము","మ","ఱి","వి"]	pdy-r-00880		
pdy-aataveladi-0834	aataveladi	upajaathi	""	train	కడుపులోనిరోఁత కడు నోటీయెంగిలి\nకడుగ వశమె బ్రహ్మకొడుకుకైన\nసత్యమున్న కొంత జగతిపై సిద్ధించు\nవిశ్వదాభిరామ వినర వేమ.	false	కడుపులోనిరోఁత కడు నోటియెంగిలి\nకడుగ వశమె బ్రహ్మకొడుకుకైన\nసత్యమున్న కొంత జగతిపై సిద్ధించు\nవిశ్వదాభిరామ వినర వేమ.	["seq"]	["seq"]	21	ి	ీ	lengthen	0	10	నోటీయెంగిలి	false	0	3	7	||UU	["క","డు","నో","టీ"]	pdy-r-00881		
pdy-aataveladi-0837	aataveladi	upajaathi	""	train	గీము విడిచి సుగుడి గిక్కురుమన కుండూ\nజీవు విడుచువేళ శివునిఁ దలఁచు\nమనసు గొల్పకయును మాయచేఁ బొరలెడు\nపాపనరుల కేటి పరము వేమ.	false	గీము విడిచి సుగుడి గిక్కురుమన కుండు\nజీవు విడుచువేళ శివునిఁ దలఁచు\nమనసు గొల్పకయును మాయచేఁ బొరలెడు\nపాపనరుల కేటి పరము వేమ.	["seq"]	["seq"]	34	ు	ూ	lengthen	0	14	కుండూ	false	0	4	11	||UU	["మ","న","కుం","డూ"]	pdy-r-00882		
pdy-aataveladi-0846	aataveladi	upajaathi	""	train	సకలవిద్య లరసి సంతోషపడవచ్చుఁ\nజెయ్యిసాచి కాసు లియ్యఁలేడు\nచెలఁగీ యొరులకైన చెప్పవచ్చునుగాని\nతాను చేయలేఁడు ధరను వేమ.	false	సకలవిద్య లరసి సంతోషపడవచ్చుఁ\nజెయ్యిసాచి కాసు లియ్యఁలేడు\nచెలఁగి యొరులకైన చెప్పవచ్చునుగాని\nతాను చేయలేఁడు ధరను వేమ.	["seq"]	["seq"]	60	ి	ీ	lengthen	2	2	చెలఁగీ	false	2	0	25	||U	["చె","ల","గీ"]	pdy-r-00883		
pdy-aataveladi-0847	aataveladi	upajaathi	""	test	ధర్మసత్యములను దప్పకచేయని\nకర్మజీవీ మేలుఁ గానఁలేఁడు\nనిర్మలహృదయుండు నీరూపమున నుండు\nవిశ్వదాభిరామ వినర వేమ.	false	ధర్మసత్యములను దప్పకచేయని\nకర్మజీవి మేలుఁ గానఁలేఁడు\nనిర్మలహృదయుండు నీరూపమున నుండు\nవిశ్వదాభిరామ వినర వేమ.	["seq"]	["corr","seq"]	32	ి	ీ	lengthen	1	3	కర్మజీవీ	false	1	1	15	UUU	["జీ","వీ","మే"]	pdy-r-00884		
pdy-aataveladi-0848	aataveladi	upajaathi	""	train	ధనములేమి కులము తక్కువపడవచ్చు\nధనములేమి కీర్తి దలఁగిపోవు\nధనములేమి శుచినీ దగఁబుట్టనియ్యదు\nధనములేమి ఘనత తప్పు వేమ.	false	ధనములేమి కులము తక్కువపడవచ్చు\nధనములేమి కీర్తి దలఁగిపోవు\nధనములేమి శుచిని దగఁబుట్టనియ్యదు\nధనములేమి ఘనత తప్పు వేమ.	["seq"]	["seq"]	69	ి	ీ	lengthen	2	7	శుచినీ	false	2	2	32	||U	["శు","చి","నీ"]	pdy-r-00885		
pdy-aataveladi-0849	aataveladi	upajaathi	""	train	ధనములేమి సుతులు తప్పుల నిడుదురు\nధనమూలేమి పత్నిఁ దాకరాదు\nధనములే మెవరికి తాళిక యుండదు\nవిశ్వదాభిరామ వినర వేమ.	false	ధనములేమి సుతులు తప్పుల నిడుదురు\nధనములేమి పత్నిఁ దాకరాదు\nధనములే మెవరికి తాళిక యుండదు\nవిశ్వదాభిరామ వినర వేమ.	["seq"]	["seq"]	35	ు	ూ	lengthen	1	2	ధనమూలేమి	false	1	0	15	||U	["ధ","న","మూ"]	pdy-r-00886		
pdy-aataveladi-0852	aataveladi	upajaathi	""	dev	పెట్టువార లెవరు పెట్టకుందు రెవరు\nపెట్టిపుట్టినట్టిదిట్ట లెవరూ\nపట్టుదప్పకుండ భావించి చూడరా\nవిశ్వదాభిరామ వినర వేమ.	false	పెట్టువార లెవరు పెట్టకుందు రెవరు\nపెట్టిపుట్టినట్టిదిట్ట లెవరు\nపట్టుదప్పకుండ భావించి చూడరా\nవిశ్వదాభిరామ వినర వేమ.	["seq"]	["seq"]	60	ు	ూ	lengthen	1	10	లెవరూ	false	1	4	22	||U	["లె","వ","రూ"]	pdy-r-00887		
pdy-aataveladi-0854	aataveladi	upajaathi	""	train	కట్టువార లేరి కట్టినవారేరి\nకట్టికట్ట లేని కర్ము లేరి\nగట్టిపఱచిలెస్స గనుగల్గి చూడరా\nవిశ్వదాభిరామ వినర వేమ.	true	కట్టువార లేరి కట్టినవారేరి\nకట్టికట్ట లేని కర్ము లేరి\nగట్టిపఱచిలెస్స గనుగల్గి చూడరా\nవిశ్వదాభిరామ వినర వేమ.	[]	[]														pdy-r-00888		
pdy-aataveladi-0859	aataveladi	upajaathi	""	train	రోగియైనవాఁడు రోగి నెఱుంగును\nరోగి నరసిచూచి రూఢిగాను\nరోగీ కిడినవానిరాగి బంగా రౌను\nవిశ్వదాభిరామ వినర వేమ.	false	రోగియైనవాఁడు రోగి నెఱుంగును\nరోగి నరసిచూచి రూఢిగాను\nరోగి కిడినవానిరాగి బంగా రౌను\nవిశ్వదాభిరామ వినర వేమ.	["seq"]	["corr","seq"]	54	ి	ీ	lengthen	2	1	రోగీ	false	2	0	23	UU|	["రో","గీ","కి"]	pdy-r-00889		
pdy-aataveladi-0864	aataveladi	upajaathi	""	dev	పలుగువానీ కేల పరసమృద్ధి దలంప\nపలుగువాని కేల భక్తిపదము\nపలుగువాని కేల పరమార్థ తత్వంబు\nవిశ్వదాభిరామ వినర వేమ.	false	పలుగువాని కేల పరసమృద్ధి దలంప\nపలుగువాని కేల భక్తిపదము\nపలుగువాని కేల పరమార్థ తత్వంబు\nవిశ్వదాభిరామ వినర వేమ.	["seq"]	["corr","seq"]	8	ి	ీ	lengthen	0	4	పలుగువానీ	false	0	1	3	UUU	["వా","నీ","కే"]	pdy-r-00890		
pdy-aataveladi-0867	aataveladi	upajaathi	""	train	ధైర్యయుతుని కితరధనమైన నదురేమి\nదాన మిచ్చునపుడె తనకూఁదక్కె\nనెలమి మించుపనికినెవ రేమిసేయుదు\nరడుగుదప్ప తప్పు పిడుగు వేమ.	false	ధైర్యయుతుని కితరధనమైన నదురేమి\nదాన మిచ్చునపుడె తనకుఁదక్కె\nనెలమి మించుపనికినెవ రేమిసేయుదు\nరడుగుదప్ప తప్పు పిడుగు వేమ.	["seq"]	["seq"]	49	ు	ూ	lengthen	1	9	తనకూఁదక్కె	false	1	3	23	||U	["త","న","కూ"]	pdy-r-00891		
pdy-aataveladi-0876	aataveladi	upajaathi	""	train	కండకావరమునఁ గానఁడు మరణంబు\nమదముచెతఁ దత్వమహిమఁ గనఁడు\nభోగవాంఛచేతఁ బుణ్యంబుఁ గానఁడు\nవిశ్వదాభిరామ వినర వేమ.	false	కండకావరమునఁ గానఁడు మరణంబు\nమదముచేతఁ దత్వమహిమఁ గనఁడు\nభోగవాంఛచేతఁ బుణ్యంబుఁ గానఁడు\nవిశ్వదాభిరామ వినర వేమ.	["seq"]	["corr","seq"]	31	ే	ె	shorten	1	3	మదముచెతఁ	false	1	1	17	||U	["చె","త","ద"]	pdy-r-00892		
pdy-aataveladi-0877	aataveladi	upajaathi	""	train	తెలుపు మాపుచేసి దిట్టతనంబునఁ\nదెలుపు భస్మముగను దేటపఱుచు\nవిధముకన్నఁ బరూసవేదియు లేదురా\nవిశ్వదాభిరామ వినర వేమ.	false	తెలుపు మాపుచేసి దిట్టతనంబునఁ\nదెలుపు భస్మముగను దేటపఱుచు\nవిధముకన్నఁ బరుసవేదియు లేదురా\nవిశ్వదాభిరామ వినర వేమ.	["seq"]	["seq"]	68	ు	ూ	lengthen	2	6	బరూసవేదియు	false	2	2	31	|U|	["బ","రూ","స"]	pdy-r-00893		
pdy-aataveladi-0879	aataveladi	upajaathi	""	train	పుట్టుదుఃఖమూనను పొరలుదుఃఖమునను\nగిట్టుదుఃఖమునను క్రిం దగుదురు\nమనుజదుఃఖమువలె మఱిలేదు దుఃఖంబు\nవిశ్వదాభిరామ వినర వేమ.	false	పుట్టుదుఃఖమునను పొరలుదుఃఖమునను\nగిట్టుదుఃఖమునను క్రిం దగుదురు\nమనుజదుఃఖమువలె మఱిలేదు దుఃఖంబు\nవిశ్వదాభిరామ వినర వేమ.	["seq"]	["corr","seq"]	11	ు	ూ	lengthen	0	4	పుట్టుదుఃఖమూనను	false	1	0	13	||U	["న","ను","గి"]	pdy-r-00894		
pdy-aataveladi-0880	aataveladi	upajaathi	""	train	పెట్టినంత ఫలము పెక్కండ్ర కుపహతిఁ\nజెయకున్నఁ దాను జెఱుపకున్న\nపెండ్లిసేయునట్టి పెద్దఫలంబురా\nవిశ్వదాభిరామ వినర వేమ.	false	పెట్టినంత ఫలము పెక్కండ్ర కుపహతిఁ\nజేయకున్నఁ దాను జెఱుపకున్న\nపెండ్లిసేయునట్టి పెద్దఫలంబురా\nవిశ్వదాభిరామ వినర వేమ.	["seq"]	["corr","seq"]	34	ే	ె	shorten	1	0	జెయకున్నఁ	false	1	0	14	||U	["జె","య","కు"]	pdy-r-00895		
pdy-aataveladi-0881	aataveladi	upajaathi	""	test	మేకఁ జంకఁబెట్టి మెలఁగుచు మందలో\nబ్రమసి తిరుగూ గొల్లపగిది గాక\nదైవ మెఱుఁగక పరదైవముల్‌ దలఁచును\nవిశ్వదాభిరామ వినర వేమ.	false	మేకఁ జంకఁబెట్టి మెలఁగుచు మందలో\nబ్రమసి తిరుగు గొల్లపగిది గాక\nదైవ మెఱుఁగక పరదైవముల్‌ దలఁచును\nవిశ్వదాభిరామ వినర వేమ.	["seq"]	["seq"]	43	ు	ూ	lengthen	1	5	తిరుగూ	false	1	1	16	||U	["తి","రు","గూ"]	pdy-r-00896		
pdy-aataveladi-0882	aataveladi	upajaathi	""	train	వేడబంబువానీ వినయంబు లధికంబు\nచెడ్డముండ ముసుఁగు చెలఁగిపెట్టు\nచెడిపెకొడుకు మిగులచేయు నాచారంబు\nవిశ్వదాభిరామ వినర వేమ.	false	వేడబంబువాని వినయంబు లధికంబు\nచెడ్డముండ ముసుఁగు చెలఁగిపెట్టు\nచెడిపెకొడుకు మిగులచేయు నాచారంబు\nవిశ్వదాభిరామ వినర వేమ.	["seq"]	["corr","seq"]	10	ి	ీ	lengthen	0	5	వేడబంబువానీ	false	0	2	4	UU|	["వా","నీ","వి"]	pdy-r-00897		
pdy-aataveladi-0884	aataveladi	upajaathi	""	train	ఇమ్ము దప్పువేళ నెమ్మెలన్నియుఁ దక్కి\nకాల మొక్క రీతిఁ గడూపవలయు\nవిజయుఁ డనువుదప్పి విరటుని గొలువఁడా\nవిశ్వదాభిరామ వినర వేమ.	false	ఇమ్ము దప్పువేళ నెమ్మెలన్నియుఁ దక్కి\nకాల మొక్క రీతిఁ గడుపవలయు\nవిజయుఁ డనువుదప్పి విరటుని గొలువఁడా\nవిశ్వదాభిరామ వినర వేమ.	["seq"]	["seq"]	54	ు	ూ	lengthen	1	7	గడూపవలయు	false	1	3	19	|U|	["గ","డూ","ప"]	pdy-r-00898		
pdy-aataveladi-0891	aataveladi	upajaathi	""	dev	నొసలు బత్తుఁడయ్యె నోరు తోడే లయ్యె\nమనసు భూతమువలె మలయఁగాను\nశివునిఁ గనియె నన్నసిగ్గెట్లూ గాదొకొ\nవిశ్వదాభిరామ వినర వేమ.	false	నొసలు బత్తుఁడయ్యె నోరు తోడే లయ్యె\nమనసు భూతమువలె మలయఁగాను\nశివునిఁ గనియె నన్నసిగ్గెట్లు గాదొకొ\nవిశ్వదాభిరామ వినర వేమ.	["seq"]	["corr","seq"]	84	ు	ూ	lengthen	2	10	నన్నసిగ్గెట్లూ	false	2	3	34	UUUU	["సి","గ్గె","ట్లూ","గా"]	pdy-r-00899		
pdy-aataveladi-0900	aataveladi	upajaathi	""	train	భూతి దేహమందుఁ బూసిన నాయెనా\nనిష్ఠ శివునియందె నిలుపవలయుఁ\nగానీ భస్మమందు గాడిదె పొర్లదా\nవిశ్వదాభిరామ వినర వేమ.	false	భూతి దేహమందుఁ బూసిన నాయెనా\nనిష్ఠ శివునియందె నిలుపవలయుఁ\nగాని భస్మమందు గాడిదె పొర్లదా\nవిశ్వదాభిరామ వినర వేమ.	["seq"]	["corr","seq"]	58	ి	ీ	lengthen	2	1	గానీ	true	2	0	25	UUU	["గా","నీ","భ"]	pdy-r-00900		
pdy-aataveladi-0902	aataveladi	upajaathi	""	train	బోడితలల జడల బూడిదెపూఁతల\nభాషణాసనముల వేషములనూ\nయోగిగాఁడు లోన బాగుగాకుండెనా\nవిశ్వదాభిరామ వినర వేమ.	false	బోడితలల జడల బూడిదెపూఁతల\nభాషణాసనముల వేషములను\nయోగిగాఁడు లోన బాగుగాకుండెనా\nవిశ్వదాభిరామ వినర వేమ.	["seq"]	["seq"]	42	ు	ూ	lengthen	1	11	వేషములనూ	false	1	4	23	||U	["ము","ల","నూ"]	pdy-r-00901		
pdy-aataveladi-0903	aataveladi	upajaathi	""	train	కాయగూరలుతిని కాషాయవస్త్రము\nల్‌ బోడినెత్తి గలిగి పొరయుచుండ్రు\nతలలు బోడులైనఁ దలఁపులు బోడులా\nవిశ్వదాభిరామ వినర వేమ.	true	కాయగూరలుతిని కాషాయవస్త్రము\nల్‌ బోడినెత్తి గలిగి పొరయుచుండ్రు\nతలలు బోడులైనఁ దలఁపులు బోడులా\nవిశ్వదాభిరామ వినర వేమ.	[]	[]														pdy-r-00902		
pdy-aataveladi-0905	aataveladi	upajaathi	""	train	కావిపంచె గట్టికడుయోగివలెనుండి\nవెదకి కోర్కులెల్ల విడీచిపెట్టి\nతొడరి తిరుగువాఁడు దొంగసన్యాసిరా\nవిశ్వదాభిరామ వినర వేమ.	false	కావిపంచె గట్టికడుయోగివలెనుండి\nవెదకి కోర్కులెల్ల విడిచిపెట్టి\nతొడరి తిరుగువాఁడు దొంగసన్యాసిరా\nవిశ్వదాభిరామ వినర వేమ.	["seq"]	["seq"]	51	ి	ీ	lengthen	1	8	విడీచిపెట్టి	false	1	3	21	|U|	["వి","డీ","చి"]	pdy-r-00903		
pdy-aataveladi-0908	aataveladi	upajaathi	""	dev	జీవలింగపూజఁ జేసినవారికి\nశిలలరూపమందుఁ జింతయేల\nచెలఁగి మధువు గ్రోలఁజెదు రుచించునా\nవిశ్వదాభిరామ వినర వేమ.	false	జీవలింగపూజఁ జేసినవారికి\nశిలలరూపమందుఁ జింతయేల\nచెలఁగి మధువు గ్రోలఁజేదు రుచించునా\nవిశ్వదాభిరామ వినర వేమ.	["seq"]	["corr","seq"]	65	ే	ె	shorten	2	8	గ్రోలఁజెదు	false	2	4	35	|UU|	["చు","నా","వి","శ్వ"]	pdy-r-00904		
pdy-aataveladi-0909	aataveladi	upajaathi	""	dev	శివుఁడు గలఁడటంచు శిలలకు మ్రొక్కెడి\nవెఱ్ఱిజీవులార వెతల విడుడి\nజీవులందే కాక శిలల నేమున్నది\nవిశ్వదాభిరామ వినర వేమ.	false	శివుఁడు గలఁడటంచు శిలలకు మ్రొక్కెడి\nవెఱ్ఱిజీవులార వెతల విడుడి\nజీవులందె కాక శిలల నేమున్నది\nవిశ్వదాభిరామ వినర వేమ.	["seq"]	["corr","seq"]	68	ె	ే	lengthen	2	3	జీవులందే	true	2	1	29	UUU	["లం","దే","కా"]	pdy-r-00905		
pdy-aataveladi-0910	aataveladi	upajaathi	""	train	రాతిప్రతిమ దెచ్చి రాజసంబుననుంచి\nపూజసేయు నరుఁడు బుద్ధిమాలి\nభావమందుఁ బరము భావించ నేరఁడు\nవిశ్వదాభిరామ వీనర వేమ.	false	రాతిప్రతిమ దెచ్చి రాజసంబుననుంచి\nపూజసేయు నరుఁడు బుద్ధిమాలి\nభావమందుఁ బరము భావించ నేరఁడు\nవిశ్వదాభిరామ వినర వేమ.	["seq"]	["seq"]	100	ి	ీ	lengthen	3	6	వీనర	false	3	4	46	|U|	["ర","వే","మ"]	pdy-r-00906		
pdy-aataveladi-0911	aataveladi	upajaathi	""	train	జంగమాఖ్య భక్తి సంధివేఱుగలేదు\nసగుణభావ మదియ శాస్త్ర విధియు\nనిర్గుణంబు వీడు నెఱినేదియెఱుఁగఁడు\nవిశ్వదాభిరామ వినర వేమ.	true	జంగమాఖ్య భక్తి సంధివేఱుగలేదు\nసగుణభావ మదియ శాస్త్ర విధియు\nనిర్గుణంబు వీడు నెఱినేదియెఱుఁగఁడు\nవిశ్వదాభిరామ వినర వేమ.	[]	[]														pdy-r-00907		
pdy-aataveladi-0913	aataveladi	upajaathi	""	test	జాతిమతము విడిచి చని యోగిగా మేలు\nజాతితొనెయుండె నీతులెల్ల\nమతముఁబట్టి జాతి మానకుంట కొఱంత\nవిశ్వదాభిరామ వినర వేమ.	false	జాతిమతము విడిచి చని యోగిగా మేలు\nజాతితోనెయుండె నీతులెల్ల\nమతముఁబట్టి జాతి మానకుంట కొఱంత\nవిశ్వదాభిరామ వినర వేమ.	["seq"]	["corr","seq"]	37	ో	ొ	shorten	1	2	జాతితొనెయుండె	false	1	1	17	||U	["తొ","నె","యుం"]	pdy-r-00908		
pdy-aataveladi-0915	aataveladi	upajaathi	""	train	వెదవిద్యలెల్ల వేశ్యలవంటివి\nభ్రమలపెట్టి తేటపడగ నీవు\nగుప్తవిద్య యొకటె కులకాంతవంటిది\nవిశ్వదాభిరామ వినర వేమ.	false	వేదవిద్యలెల్ల వేశ్యలవంటివి\nభ్రమలపెట్టి తేటపడగ నీవు\nగుప్తవిద్య యొకటె కులకాంతవంటిది\nవిశ్వదాభిరామ వినర వేమ.	["seq"]	["corr","seq"]	1	ే	ె	shorten	0	0	వెదవిద్యలెల్ల	false	0	0	0	||U	["వె","ద","వి"]	pdy-r-00909		
pdy-aataveladi-0919	aataveladi	upajaathi	""	train	ప్రేతయన్న మనుచుఁ బ్రీతీతోఁ బిలిపించి\nకాకులకును బెట్టు కర్ములార\nకాకులందు నేమి ఘనులకుఁ బెట్టుఁడీ\nవిశ్వదాభిరామ వినర వేమ.	false	ప్రేతయన్న మనుచుఁ బ్రీతితోఁ బిలిపించి\nకాకులకును బెట్టు కర్ములార\nకాకులందు నేమి ఘనులకుఁ బెట్టుఁడీ\nవిశ్వదాభిరామ వినర వేమ.	["seq"]	["corr","seq"]	22	ి	ీ	lengthen	0	8	బ్రీతీతోఁ	false	0	3	7	UUU|	["బ్రీ","తీ","తో","బి"]	pdy-r-00910		
pdy-aataveladi-0920	aataveladi	upajaathi	""	train	పిండములను జేసి పితరులఁదలపోసి\nకాకులకును బెట్టూ గాడ్దెలార\nపెంటఁదినెడు కాకి పితరుఁ డెట్లాయెనో\nవిశ్వదాభిరామ వినర వేమ.	false	పిండములను జేసి పితరులఁదలపోసి\nకాకులకును బెట్టు గాడ్దెలార\nపెంటఁదినెడు కాకి పితరుఁ డెట్లాయెనో\nవిశ్వదాభిరామ వినర వేమ.	["seq"]	["corr","seq"]	44	ు	ూ	lengthen	1	6	బెట్టూ	false	1	2	20	UUU	["బె","ట్టూ","గా"]	pdy-r-00911		
pdy-aataveladi-0922	aataveladi	upajaathi	""	dev	కంబళములఁ గట్టి గంటలు గజ్జలు\nబోడితలలు కావి బొంతచీటికె\nలాత్మదేవపూజ లవి సేయనేరవు\nవిశ్వదాభిరామ వినర వేమ.	false	కంబళములఁ గట్టి గంటలు గజ్జలు\nబోడితలలు కావి బొంతచిటికె\nలాత్మదేవపూజ లవి సేయనేరవు\nవిశ్వదాభిరామ వినర వేమ.	["seq"]	["corr","seq"]	47	ి	ీ	lengthen	1	9	బొంతచీటికె	false	2	0	24	|U|	["కె","లా","త్మ"]	pdy-r-00912		
pdy-kandamu-0675	kandamu	jaathi	""	train	హృదయమూ పదిలంబైనను\nగుదికొను సన్యాసమునకుఁ గొమ్మలు గలవా\nయిదియెఱుఁగరు చదువరులటు\nమది ముక్తికి నాస్పదంబు మహిలో వేమా.	false	హృదయము పదిలంబైనను\nగుదికొను సన్యాసమునకుఁ గొమ్మలు గలవా\nయిదియెఱుఁగరు చదువరులటు\nమది ముక్తికి నాస్పదంబు మహిలో వేమా.	["seq"]	["seq"]	5	ు	ూ	lengthen	0	3	హృదయమూ	false	0	0	0	|||U	["హృ","ద","య","మూ"]	pdy-r-00913		
pdy-aataveladi-0926	aataveladi	upajaathi	""	train	కడుపు బోరగించి కన్నులు ముకుళించి\nబిఱ్ఱబిగిసికొన్న బీదయోగి\nయమునిబాఱిగొఱ్ఱె యతఁ డేమిసేయును\nవిశ్వదాభిరామ వినర వేమ.	true	కడుపు బోరగించి కన్నులు ముకుళించి\nబిఱ్ఱబిగిసికొన్న బీదయోగి\nయమునిబాఱిగొఱ్ఱె యతఁ డేమిసేయును\nవిశ్వదాభిరామ వినర వేమ.	[]	[]														pdy-r-00914		
pdy-kandamu-0677	kandamu	jaathi	""	train	పడిపడి మ్రొక్కఁగ నేటికి\nగుడిలోపలి కఠినశిలల గుణములు చెడునా\nగూడి దేహ మాత్మదేవుఁడు\nచెడురాళ్ళకు వట్టిపూజ సేయకు వేమా.	false	పడిపడి మ్రొక్కఁగ నేటికి\nగుడిలోపలి కఠినశిలల గుణములు చెడునా\nగుడి దేహ మాత్మదేవుఁడు\nచెడురాళ్ళకు వట్టిపూజ సేయకు వేమా.	["seq"]	["corr","seq"]	59	ు	ూ	lengthen	2	0	గూడి	true	2	0	28	U|U|	["గూ","డి","దే","హ"]	pdy-r-00915		
pdy-aataveladi-0930	aataveladi	upajaathi	""	dev	వ్రాఁత వెంటఁగానీ వరమీడు దైవంబు\nసేఁతకొలదిగాని వ్రాఁతగాదు\nవ్రాఁతకజుఁడు కర్త చేఁతకుఁ దాఁగర్త\nవిశ్వదాభిరామ వినర వేమ.	false	వ్రాఁత వెంటఁగాని వరమీడు దైవంబు\nసేఁతకొలదిగాని వ్రాఁతగాదు\nవ్రాఁతకజుఁడు కర్త చేఁతకుఁ దాఁగర్త\nవిశ్వదాభిరామ వినర వేమ.	["seq"]	["corr","seq"]	15	ి	ీ	lengthen	0	5	వెంటఁగానీ	false	0	2	4	UU|	["గా","నీ","వ"]	pdy-r-00916		
pdy-aataveladi-0933	aataveladi	upajaathi	""	train	తాను విమలుఁడైనఁ దనగుణ మంతయు\nశివుని కీనిగురువు చెడుగురుండు\nగ్రుడ్డిగుఱ్ఱ మెక్కీ గుడి దిరిగినటుల\nవిశ్వదాభిరామ వినర వేమ.	false	తాను విమలుఁడైనఁ దనగుణ మంతయు\nశివుని కీనిగురువు చెడుగురుండు\nగ్రుడ్డిగుఱ్ఱ మెక్కి గుడి దిరిగినటుల\nవిశ్వదాభిరామ వినర వేమ.	["seq"]	["corr","seq"]	77	ి	ీ	lengthen	2	5	మెక్కీ	false	2	2	31	UU|	["మె","క్కీ","గు"]	pdy-r-00917		
pdy-aataveladi-0934	aataveladi	upajaathi	""	train	జార పురుషుమీఁద సద్భక్తి నిలుపుచు\nపతికి నిచ్చకంబు బడయుభంగి\nపరముకొఱకు యోగి పాటించు దేహంబు\nవిశ్వదాభిరామ వినర వేమ.	true	జార పురుషుమీఁద సద్భక్తి నిలుపుచు\nపతికి నిచ్చకంబు బడయుభంగి\nపరముకొఱకు యోగి పాటించు దేహంబు\nవిశ్వదాభిరామ వినర వేమ.	[]	[]														pdy-r-00918		
pdy-aataveladi-0936	aataveladi	upajaathi	""	train	చదువులందు లేదు శాస్త్రంబులను లేదు\nవేదములను దైవభేదములను\nబైటనున్న ముక్తీ పాటించ లేఁడయా\nవిశ్వదాభిరామ వినర వేమ.	false	చదువులందు లేదు శాస్త్రంబులను లేదు\nవేదములను దైవభేదములను\nబైటనున్న ముక్తి పాటించ లేఁడయా\nవిశ్వదాభిరామ వినర వేమ.	["seq"]	["corr","seq"]	69	ి	ీ	lengthen	2	5	ముక్తీ	false	2	2	30	UUU	["ము","క్తీ","పా"]	pdy-r-00919		
pdy-aataveladi-0940	aataveladi	upajaathi	""	dev	తప్పురూపు గట్టి ధరలోనఁ దిరిగెడు\nసేఁతలెల్ల మిత్తిఁజేరుకొఱకె\nకడుపునిండ నింత కష్టంబు లేలరా\nవిశ్వదాభిరామ వినర వెమ.	false	తప్పురూపు గట్టి ధరలోనఁ దిరిగెడు\nసేఁతలెల్ల మిత్తిఁజేరుకొఱకె\nకడుపునిండ నింత కష్టంబు లేలరా\nవిశ్వదాభిరామ వినర వేమ.	["seq"]	["seq"]	107	ే	ె	shorten	3	9	వెమ	false	3	4	47	||	["వె","మ"]	pdy-r-00920		
pdy-aataveladi-0941	aataveladi	upajaathi	""	train	వాక్కుశుద్ధి లేనివాఁడు చండాలుండు\nప్రేమశుద్ధిలేని పెట్టులేల\nనొసలు భక్తుఁడైన నోరూ తోడేలయా\nవిశ్వదాభిరామ వినర వేమ.	false	వాక్కుశుద్ధి లేనివాఁడు చండాలుండు\nప్రేమశుద్ధిలేని పెట్టులేల\nనొసలు భక్తుఁడైన నోరు తోడేలయా\nవిశ్వదాభిరామ వినర వేమ.	["seq"]	["corr","seq"]	78	ు	ూ	lengthen	2	8	నోరూ	false	2	3	29	UUUU	["నో","రూ","తో","డే"]	pdy-r-00921		
pdy-aataveladi-0945	aataveladi	upajaathi	""	test	చావు వచ్చినపుడు సన్యసించునదెట్లు\nకడకు మొదటీకులము చెడినదగును\nపాప మొకటి గలదు ఫలమేమి లేదయా\nవిశ్వదాభిరామ వినర వేమ.	false	చావు వచ్చినపుడు సన్యసించునదెట్లు\nకడకు మొదటికులము చెడినదగును\nపాప మొకటి గలదు ఫలమేమి లేదయా\nవిశ్వదాభిరామ వినర వేమ.	["seq"]	["seq"]	42	ి	ీ	lengthen	1	5	మొదటీకులము	false	1	1	17	||U	["మొ","ద","టీ"]	pdy-r-00922		
pdy-kandamu-0681	kandamu	jaathi	""	train	ధర గిరులూ జలధు లన్నియు\nపరికింపగఁ బ్రళయమునను భస్మావృతులౌ\nసురలును మునులును జనఁగా\nనెరయోగులు నుండఁగలరె నేర్పున వేమా.	false	ధర గిరులు జలధు లన్నియు\nపరికింపగఁ బ్రళయమునను భస్మావృతులౌ\nసురలును మునులును జనఁగా\nనెరయోగులు నుండఁగలరె నేర్పున వేమా.	["seq"]	["seq"]	8	ు	ూ	lengthen	0	4	గిరులూ	false	0	2	7	|U||	["ధు","ల","న్ని","యు"]	pdy-r-00923		
pdy-aataveladi-0958	aataveladi	upajaathi	""	train	గట్టురాళ్ళఁ దెచ్చి కాళ్ళచేతులఁ ద్రొక్కి\nకాసెయులులచేతఁ గాసిఁజేసి\nమొఱుపురాళ్ళ కెఱగుమొప్పెల నేమందు\nవిశ్వదాభిరామ వినర వేమ.	true	గట్టురాళ్ళఁ దెచ్చి కాళ్ళచేతులఁ ద్రొక్కి\nకాసెయులులచేతఁ గాసిఁజేసి\nమొఱుపురాళ్ళ కెఱగుమొప్పెల నేమందు\nవిశ్వదాభిరామ వినర వేమ.	[]	[]														pdy-r-00924		
pdy-aataveladi-0959	aataveladi	upajaathi	""	train	తోలుకడుపులోన దొడ్డవాఁ డుండఁగ\nరాతిగుళ్ళలోన రాశిఁబోయ\nరాళ్లుదేవుఁడైన రాసుల మ్రింగవా\nవిశ్వదాభిరామ వీనర వేమ.	false	తోలుకడుపులోన దొడ్డవాఁ డుండఁగ\nరాతిగుళ్ళలోన రాశిఁబోయ\nరాళ్లుదేవుఁడైన రాసుల మ్రింగవా\nవిశ్వదాభిరామ వినర వేమ.	["seq"]	["seq"]	95	ి	ీ	lengthen	3	6	వీనర	false	3	4	43	|U|	["ర","వే","మ"]	pdy-r-00925		
pdy-aataveladi-0961	aataveladi	upajaathi	""	train	మన్నుమెత్తి కడిగి మఱిరూపు గావించి\nగుంతనిండఁ బూడ్చి గుఱుతు నిల్పి\nమనుజులెల్లఁ గుడి మఱిదేవుఁ డందురు\nవిశ్వదాభిరామ వినర వేమ.	false	మన్నుమెత్తి కడిగి మఱిరూపు గావించి\nగుంతనిండఁ బూడ్చి గుఱుతు నిల్పి\nమనుజులెల్లఁ గూడి మఱిదేవుఁ డందురు\nవిశ్వదాభిరామ వినర వేమ.	["seq"]	["corr","seq"]	78	ూ	ు	shorten	2	5	గుడి	true	2	3	33	|U|U	["ఱి","దే","వు","డం"]	pdy-r-00926		
pdy-aataveladi-0969	aataveladi	upajaathi	""	dev	నాణెమైన చెడిప నయ మెఱింగి తిరుగు\nవిటుని కుస్తరించు వివర మెఱుఁగు\nబానిసైనతొత్తు పాటింపరాదయా\nవిశ్వదాభిరామ వినర వేమ.	true	నాణెమైన చెడిప నయ మెఱింగి తిరుగు\nవిటుని కుస్తరించు వివర మెఱుఁగు\nబానిసైనతొత్తు పాటింపరాదయా\nవిశ్వదాభిరామ వినర వేమ.	[]	[]														pdy-r-00927		
pdy-aataveladi-0970	aataveladi	upajaathi	""	train	పంద నధికుఁ జేసి బవరంబునకుఁ బంపఁ\nబాఱిపోవుఁ గార్యభంగమౌను\nపాఱునట్టిబంటు పనికిరాఁ డెందును\nవిశ్వదాభిరామ వీనర వేమ.	false	పంద నధికుఁ జేసి బవరంబునకుఁ బంపఁ\nబాఱిపోవుఁ గార్యభంగమౌను\nపాఱునట్టిబంటు పనికిరాఁ డెందును\nవిశ్వదాభిరామ వినర వేమ.	["seq"]	["seq"]	100	ి	ీ	lengthen	3	6	వీనర	false	3	4	46	|U|	["ర","వే","మ"]	pdy-r-00928		
pdy-aataveladi-0974	aataveladi	upajaathi	""	dev	గొప్పపిఱుఁదు గన్న కుచకుంభములఁ గన్న\nచెప్పరానిచోటి చెలూవుగన్న\nముప్పిరి గొనునయ్య మొనసిన మోహంబు\nవిశ్వదాభిరామ వినర వేమ.	false	గొప్పపిఱుఁదు గన్న కుచకుంభములఁ గన్న\nచెప్పరానిచోటి చెలువుగన్న\nముప్పిరి గొనునయ్య మొనసిన మోహంబు\nవిశ్వదాభిరామ వినర వేమ.	["seq"]	["seq"]	52	ు	ూ	lengthen	1	7	చెలూవుగన్న	false	1	3	21	|U|	["చె","లూ","వు"]	pdy-r-00929		
pdy-aataveladi-0979	aataveladi	upajaathi	""	train	కుంటికుక్క కెల కుందేటిపరువులు\nపిరికిబంటుకేల బిరుదుగొడుగు\nముసలిముండ కేల ముసిముసినవ్వులు\nవిశ్వదాభిరామ వినర వేమ.	false	కుంటికుక్క కేల కుందేటిపరువులు\nపిరికిబంటుకేల బిరుదుగొడుగు\nముసలిముండ కేల ముసిముసినవ్వులు\nవిశ్వదాభిరామ వినర వేమ.	["seq"]	["corr","seq"]	12	ే	ె	shorten	0	4	కెల	false	0	2	4	||U	["కె","ల","కుం"]	pdy-r-00930		
pdy-aataveladi-0983	aataveladi	upajaathi	""	test	తొడలమెఱుపుసొంపూ తోరంపుకుచములు\nవారకొప్పుగలుగు వనితఁజూచి\nవిటుఁడు నిలుచుటెట్లు విరహాగ్ని కొగ్గును\nవిశ్వదాభిరామ వినర వేమ.	false	తొడలమెఱుపుసొంపు తోరంపుకుచములు\nవారకొప్పుగలుగు వనితఁజూచి\nవిటుఁడు నిలుచుటెట్లు విరహాగ్ని కొగ్గును\nవిశ్వదాభిరామ వినర వేమ.	["seq"]	["corr","seq"]	14	ు	ూ	lengthen	0	7	తొడలమెఱుపుసొంపూ	false	0	2	6	UUU	["సొం","పూ","తో"]	pdy-r-00931		
pdy-aataveladi-0984	aataveladi	upajaathi	""	train	కాశినీళ్ళు మోసి కాళ్లు మొగము వాచి\nయెందు సుఖము లేక యెండి యెండి\nచచ్చివెనుక ముక్తి సాధించఁగలరొకో\nవిశ్వదాభిరామ వీనర వేమ.	false	కాశినీళ్ళు మోసి కాళ్లు మొగము వాచి\nయెందు సుఖము లేక యెండి యెండి\nచచ్చివెనుక ముక్తి సాధించఁగలరొకో\nవిశ్వదాభిరామ వినర వేమ.	["seq"]	["seq"]	108	ి	ీ	lengthen	3	6	వీనర	false	3	4	46	|U|	["ర","వే","మ"]	pdy-r-00932		
pdy-aataveladi-0986	aataveladi	upajaathi	""	test	కచ్చమీఁద నాస కనకంబుపై నాస\nలేనివాఁడు పుడమి లేనివాఁడు\nకలిగెనేనీ యతఁడు గానంగ రాఁడయా\nవిశ్వదాభిరామ వినర వేమ.	false	కచ్చమీఁద నాస కనకంబుపై నాస\nలేనివాఁడు పుడమి లేనివాఁడు\nకలిగెనేని యతఁడు గానంగ రాఁడయా\nవిశ్వదాభిరామ వినర వేమ.	["seq"]	["corr","seq"]	60	ి	ీ	lengthen	2	4	కలిగెనేనీ	false	2	1	27	UU|	["నే","నీ","య"]	pdy-r-00933		
pdy-aataveladi-0990	aataveladi	upajaathi	""	train	చదువు చదువ నెల సన్యాసి గానేల\nషణ్మతములఁజిక్కి చావ నేల\nఅతని భజనఁజేసి యాత్మలోఁ దెలియుఁడీ\nవిశ్వదాభిరామ వినర వేమ.	false	చదువు చదువ నేల సన్యాసి గానేల\nషణ్మతములఁజిక్కి చావ నేల\nఅతని భజనఁజేసి యాత్మలోఁ దెలియుఁడీ\nవిశ్వదాభిరామ వినర వేమ.	["seq"]	["corr","seq"]	12	ే	ె	shorten	0	6	నెల	true	0	2	6	||U	["నె","ల","స"]	pdy-r-00934		
pdy-aataveladi-0991	aataveladi	upajaathi	""	train	మనములోనఁ బుట్టు మఱికోర్కులన్నియు\nకోర్కులందు ముక్తి కుదురుపడదు\nమనము బ్రహ్మమనుచు మదినేఱుంగఁగ లేరు\nవిశ్వదాభిరామ వినర వేమ.	false	మనములోనఁ బుట్టు మఱికోర్కులన్నియు\nకోర్కులందు ముక్తి కుదురుపడదు\nమనము బ్రహ్మమనుచు మదినెఱుంగఁగ లేరు\nవిశ్వదాభిరామ వినర వేమ.	["seq"]	["seq"]	83	ె	ే	lengthen	2	10	మదినేఱుంగఁగ	false	2	3	34	||UU	["మ","ది","నే","ఱుం"]	pdy-r-00935		
pdy-aataveladi-0992	aataveladi	upajaathi	""	dev	చదువులన్ని చదివి చాలవివేకియౌ\nకపటికెన్న నెట్లూ కలుగుముక్తి\nదాలిగుంటఁగుక్క తలఁచిన చందము\nవిశ్వదాభిరామ వినర వేమ.	false	చదువులన్ని చదివి చాలవివేకియౌ\nకపటికెన్న నెట్లు కలుగుముక్తి\nదాలిగుంటఁగుక్క తలఁచిన చందము\nవిశ్వదాభిరామ వినర వేమ.	["seq"]	["corr","seq"]	44	ు	ూ	lengthen	1	6	నెట్లూ	false	1	2	19	UU|	["నె","ట్లూ","క"]	pdy-r-00936		
pdy-vutpalamaala-0201	vutpalamaala	vruttamu	""	train	శ్రీసతీ నీల జాంబవతి శ్రీయమునాసతి సత్యభామ ధా\nత్రీసతి రుక్మిణీరమణి దేవియిలాసతి వీర లందఱు\nన్‌ జేసినసేవ చేసెదను జేకొను శ్రీయలమేలుమంగ నీ\nమూసినముత్యమై యురము ముంగిటఁ జెంగట వేంకటేశ్వరా!	false	శ్రీసతి నీల జాంబవతి శ్రీయమునాసతి సత్యభామ ధా\nత్రీసతి రుక్మిణీరమణి దేవియిలాసతి వీర లందఱు\nన్‌ జేసినసేవ చేసెదను జేకొను శ్రీయలమేలుమంగ నీ\nమూసినముత్యమై యురము ముంగిటఁ జెంగట వేంకటేశ్వరా!	["seq"]	["seq"]	6	ి	ీ	lengthen	0	2	శ్రీసతీ	false	0	0	0	U|U	["శ్రీ","స","తీ"]	pdy-r-00937		
pdy-vutpalamaala-0205	vutpalamaala	vruttamu	""	train	కూరిమి సానవట్టీన చకోరపుఁ గన్నుఁగొనన్‌ దళుక్కున\nన్‌ జేరువ మించులై మెఱయఁ జిమ్ములబొమ్మలఁ బంపు నవ్వు దై\nవారఁగఁ గాంచి నీతరుణి వన్నెల శ్రీయలమేలుమంగ నీ\nసారపు నేర్పుఁ జక్కగొనెఁ జక్కని మోమున వేంకటేశ్వరా!	false	కూరిమి సానవట్టిన చకోరపుఁ గన్నుఁగొనన్‌ దళుక్కున\nన్‌ జేరువ మించులై మెఱయఁ జిమ్ములబొమ్మలఁ బంపు నవ్వు దై\nవారఁగఁ గాంచి నీతరుణి వన్నెల శ్రీయలమేలుమంగ నీ\nసారపు నేర్పుఁ జక్కగొనెఁ జక్కని మోమున వేంకటేశ్వరా!	["seq"]	["seq"]	14	ి	ీ	lengthen	0	6	సానవట్టీన	false	0	2	6	U||	["ట్టీ","న","చ"]	pdy-r-00938		
pdy-vutpalamaala-0208	vutpalamaala	vruttamu	""	train	నించిన పంచదారలును నేతుఁలు దేనెలు గమ్మ గాఁగఁ దా\nలించినకూరలున్‌ బరిమళించగ నయ్యలమేలుమంగ వ\nడ్డించిన నిర్మలాన్నములు డెంద మెలర్పఁగ నారగింతు ని\nమించిన వేయుచేతులును మేలములాడుచు వేంకటేశ్వరా!	false	నించిన పంచదారలును నేతుఁలు దేనెలు గమ్మ గాఁగఁ దా\nలించినకూరలున్‌ బరిమళించగ నయ్యలమేలుమంగ వ\nడ్డించిన నిర్మలాన్నములు డెంద మెలర్పఁగ నారగింతు నీ\nమించిన వేయుచేతులును మేలములాడుచు వేంకటేశ్వరా!	["seq"]	["seq"]	135	ీ	ి	shorten	2	19	ని	true	2	6	58	||	["తు","ని"]	pdy-r-00939		
pdy-vutpalamaala-0210	vutpalamaala	vruttamu	""	test	లోలవిలోలనేత్రకుఁ దళుక్కున ఱెప్పలు వంచి యెత్తిన\nన్‌ మేలిమిఁ జెక్కుటద్దముల మేలములై యలమేలుమంగకు\nన్‌ నీలపయోదపుందుఱూము నిగ్గుతటిల్లతలే యటంచు ను\nన్మీలనిమీలనంబులకె మెత్తువు నీవును వేంకటేశ్వరా!	false	లోలవిలోలనేత్రకుఁ దళుక్కున ఱెప్పలు వంచి యెత్తిన\nన్‌ మేలిమిఁ జెక్కుటద్దముల మేలములై యలమేలుమంగకు\nన్‌ నీలపయోదపుందుఱుము నిగ్గుతటిల్లతలే యటంచు ను\nన్మీలనిమీలనంబులకె మెత్తువు నీవును వేంకటేశ్వరా!	["seq"]	["seq"]	110	ు	ూ	lengthen	2	7	నీలపయోదపుందుఱూము	false	2	2	46	|U|	["దు","ఱూ","ము"]	pdy-r-00940		
pdy-vutpalamaala-0211	vutpalamaala	vruttamu	""	dev	పక్ష్మలనేత్ర! యోచిలుకుపల్కులకల్కి! సరోజవల్లి! యొ\nలక్ష్మి! లతాంగి! యోబహుకళావతి! యోయలమేలుమంగ! నీ\nసూక్ష్మవివేకలీలలకుఁ జొక్కితి నంచు నఖేందువల్లికా\nలక్ష్మివికాసతన్‌ సతిఁ జెలంగఁగఁజేతువు వేంకటేశ్వరా!	false	పక్ష్మలనేత్ర! యోచిలుకుపల్కులకల్కి! సరోజవల్లి! యో\nలక్ష్మి! లతాంగి! యోబహుకళావతి! యోయలమేలుమంగ! నీ\nసూక్ష్మవివేకలీలలకుఁ జొక్కితి నంచు నఖేందువల్లికా\nలక్ష్మివికాసతన్‌ సతిఁ జెలంగఁగఁజేతువు వేంకటేశ్వరా!	["seq"]	["seq"]	47	ో	ొ	shorten	0	19	యొ	true	0	6	18	||	["ల్లి","యొ"]	pdy-r-00941		
pdy-champakamaala-0318	champakamaala	vruttamu	""	test	లలితపుఁగంకణాంగదకలధ్వని ఘల్లని మ్రోయ నుంగరం\nబులు మణినీల కాంతుల ప్రభుత్వముతో నలమేలుమంగ గు\nబ్బల పెనువ్రేఁగుతోఁ దుఱుముభారముతో నినుఁ జేరవచ్చు నం\nదెలు మొలనూలు ఘంటలుఁ బ్రతిధ్వను లీనఁగ వేంకటేశ్వరా!	true	లలితపుఁగంకణాంగదకలధ్వని ఘల్లని మ్రోయ నుంగరం\nబులు మణినీల కాంతుల ప్రభుత్వముతో నలమేలుమంగ గు\nబ్బల పెనువ్రేఁగుతోఁ దుఱుముభారముతో నినుఁ జేరవచ్చు నం\nదెలు మొలనూలు ఘంటలుఁ బ్రతిధ్వను లీనఁగ వేంకటేశ్వరా!	[]	[]														pdy-r-00942		
pdy-champakamaala-0319	champakamaala	vruttamu	""	train	పరిమళమో కదంబమొ ప్రభల్‌ విడ నించిననిగ్గొ నిర్మలా\nభరణమొ నిత్యవైభవమొ భాగ్యమొ శ్రీయలమేలుమంగ భూ\nధరునకు నాదిలక్ష్మి యని తత్త్వమహత్త్వ రహస్యవేత్తలం\nబరమున నుండి నీవనితఁ బ్రస్తుతి సేతురు వేంకటేశ్వరా!	true	పరిమళమో కదంబమొ ప్రభల్‌ విడ నించిననిగ్గొ నిర్మలా\nభరణమొ నిత్యవైభవమొ భాగ్యమొ శ్రీయలమేలుమంగ భూ\nధరునకు నాదిలక్ష్మి యని తత్త్వమహత్త్వ రహస్యవేత్తలం\nబరమున నుండి నీవనితఁ బ్రస్తుతి సేతురు వేంకటేశ్వరా!	[]	[]														pdy-r-00943		
pdy-champakamaala-0323	champakamaala	vruttamu	""	train	చెఱఁ గిడఁగా నదల్చెదవూ చేరినఁ దిట్టెదు కౌఁగిలించిన\nన్‌ గొఱఁతలె యెన్నఁజూచెదవు కోపము న ద్దలమేలుమంగ నా\nవెఱ పిఁకనైనఁ దీర్పుమని వేడ్కల నీవు మనోజలీలల\nన్‌ దఱితఱి నింతిఁ గూడుటలుఁ దత్తఱపాటులు వేంకటేశ్వరా!	false	చెఱఁ గిడఁగా నదల్చెదవు చేరినఁ దిట్టెదు కౌఁగిలించిన\nన్‌ గొఱఁతలె యెన్నఁజూచెదవు కోపము న ద్దలమేలుమంగ నా\nవెఱ పిఁకనైనఁ దీర్పుమని వేడ్కల నీవు మనోజలీలల\nన్‌ దఱితఱి నింతిఁ గూడుటలుఁ దత్తఱపాటులు వేంకటేశ్వరా!	["seq"]	["seq"]	20	ు	ూ	lengthen	0	9	నదల్చెదవూ	false	0	3	9	UU|	["వూ","చే","రి"]	pdy-r-00944		
pdy-vutpalamaala-0232	vutpalamaala	vruttamu	""	train	చక్కనితల్లికిన్‌ నవరసంబుల వెల్లికిఁ బుష్పవల్లికిం\nజక్కనిమోవిముత్తియపుజల్లికి శ్రీయలమేలుమంగకు\nన్‌ జెక్కూలు మించుటద్దములు చేతులు క్రొత్తమెఱుంగుఁదీగ లా\nక్రిక్కిరిగుబ్బలే పసిఁడికిన్నరకాయలు వేంకటేశ్వరా!	false	చక్కనితల్లికిన్‌ నవరసంబుల వెల్లికిఁ బుష్పవల్లికిం\nజక్కనిమోవిముత్తియపుజల్లికి శ్రీయలమేలుమంగకు\nన్‌ జెక్కులు మించుటద్దములు చేతులు క్రొత్తమెఱుంగుఁదీగ లా\nక్రిక్కిరిగుబ్బలే పసిఁడికిన్నరకాయలు వేంకటేశ్వరా!	["seq"]	["seq"]	102	ు	ూ	lengthen	2	1	జెక్కూలు	false	2	0	40	UU|	["న్జె","క్కూ","లు"]	pdy-r-00945		
pdy-champakamaala-0334	champakamaala	vruttamu	""	test	కులికెడు పండుటామనులఁ గోయిలకూఁతల గుండె ఝల్లన\nన్‌ జెలువము గల్గు రాకలను జెంగట శ్రీయలమేలుమంగ కో\nవిలకలనాదకోటులచవిం బచరింపఁగ నెట్టు లోర్తువో\nవలపులవార్ధిలోన ననివారణఁ దేలుచు వేంకటేశ్వరా!	true	కులికెడు పండుటామనులఁ గోయిలకూఁతల గుండె ఝల్లన\nన్‌ జెలువము గల్గు రాకలను జెంగట శ్రీయలమేలుమంగ కో\nవిలకలనాదకోటులచవిం బచరింపఁగ నెట్టు లోర్తువో\nవలపులవార్ధిలోన ననివారణఁ దేలుచు వేంకటేశ్వరా!	[]	[]														pdy-r-00946		
pdy-champakamaala-0340	champakamaala	vruttamu	""	train	అపు డలమేలుమంగ పొలయల్కలు వద్దని చాఁటి చెప్పిన\nన్‌ గపటపుటల్క లల్లితివి గర్వితనంబునఁ గాంత కోరమే\nరపమునఁ జూతుగా కలుక రాజసలీలల నింత దీఱునా\nవిపులవియోగతాపమూన వేడుకకూటమి వేంకటేశ్వరా!	false	అపు డలమేలుమంగ పొలయల్కలు వద్దని చాఁటి చెప్పిన\nన్‌ గపటపుటల్క లల్లితివి గర్వితనంబునఁ గాంత కోరమే\nరపమునఁ జూతుగా కలుక రాజసలీలల నింత దీఱునా\nవిపులవియోగతాపమున వేడుకకూటమి వేంకటేశ్వరా!	["seq"]	["seq"]	147	ు	ూ	lengthen	3	8	విపులవియోగతాపమూన	false	3	2	69	U|U	["తా","ప","మూ"]	pdy-r-00947		
pdy-champakamaala-0345	champakamaala	vruttamu	""	test	నగ వలమేలుమంగకును నాటవవల్కలు నీకు మాటల\nన్‌ బగ డలమేలుమంగకును బచ్చెనగర్వము నీకుఁ జూపుల\nన్‌ జిగి యలమేలుమంగకును శ్రీమల వేడుక నీకు నిట్ల పొ\nమిగిలిన మోహసంపదలు మీరును మీరును వేంకటేశ్వరా!	false	నగ వలమేలుమంగకును నాటవవల్కలు నీకు మాటల\nన్‌ బగ డలమేలుమంగకును బచ్చెనగర్వము నీకుఁ జూపుల\nన్‌ జిగి యలమేలుమంగకును శ్రీమల వేడుక నీకు నిట్ల పో\nమిగిలిన మోహసంపదలు మీరును మీరును వేంకటేశ్వరా!	["seq"]	["seq"]	132	ో	ొ	shorten	2	20	పొ	true	2	6	60	U||	["ని","ట్ల","పొ"]	pdy-r-00948		
pdy-champakamaala-0352	champakamaala	vruttamu	""	train	నడవకుమమ్మ పాదనలినంబులు గందెడి, మాట బెట్టుగా\nనొడువకుమమ్మ, చెక్కునును నొక్కులతో నలమేలుమంగ ని\nవెడనగ కీమొగంబునకు వెన్నెలలాయె నటంచు నీసతి\nన్‌ బడఁతులు మేలమాడుదురు పల్కుల తేనెల వేంకటేశ్వరా!	false	నడవకుమమ్మ పాదనలినంబులు గందెడి, మాట బెట్టుగా\nనొడువకుమమ్మ, చెక్కునును నొక్కులతో నలమేలుమంగ నీ\nవెడనగ కీమొగంబునకు వెన్నెలలాయె నటంచు నీసతి\nన్‌ బడఁతులు మేలమాడుదురు పల్కుల తేనెల వేంకటేశ్వరా!	["seq"]	["seq"]	89	ీ	ి	shorten	1	20	ని	true	1	6	39	U||	["మం","గ","ని"]	pdy-r-00949		
pdy-vutpalamaala-0244	vutpalamaala	vruttamu	""	train	బూతలబండ్లనే వలపుఁబుక్కిట నించితి వాఁడిగోళ్లనే\nఘాతలు గాఁగఁ జించితివి కాయముపై నలమేలుమంగ నీ\nచేతిదె యంచు నీతరుణి చెంతలఁ దట్టపునుంగుఁ గస్తురి\nన్‌ జాతుదు రోలి నీదూ పరిచారిక కాంతలు వేంకటేశ్వరా!	false	బూతలబండ్లనే వలపుఁబుక్కిట నించితి వాఁడిగోళ్లనే\nఘాతలు గాఁగఁ జించితివి కాయముపై నలమేలుమంగ నీ\nచేతిదె యంచు నీతరుణి చెంతలఁ దట్టపునుంగుఁ గస్తురి\nన్‌ జాతుదు రోలి నీదు పరిచారిక కాంతలు వేంకటేశ్వరా!	["seq"]	["seq"]	156	ు	ూ	lengthen	3	6	నీదూ	false	3	2	66	U||	["దూ","ప","రి"]	pdy-r-00950		
pdy-vutpalamaala-0245	vutpalamaala	vruttamu	""	train	పచ్చల సందిదండలును బాహుపురుల్‌ మణినూపురంబులు\nన్‌ మచ్చరికంబులుం బసిఁడిమట్టెలమ్రోతలుఁ బెల్లు మ్రోయఁగా\nనెచ్చేలు లోలిఁ గొల్వఁ దరుణీమణి శ్రీయలమేలుమంగ నీ\nముచ్చట దీర్చు నొక్కపరి ముందఱ నిల్చిన వేంకటేశ్వరా!	false	పచ్చల సందిదండలును బాహుపురుల్‌ మణినూపురంబులు\nన్‌ మచ్చరికంబులుం బసిఁడిమట్టెలమ్రోతలుఁ బెల్లు మ్రోయఁగా\nనెచ్చెలు లోలిఁ గొల్వఁ దరుణీమణి శ్రీయలమేలుమంగ నీ\nముచ్చట దీర్చు నొక్కపరి ముందఱ నిల్చిన వేంకటేశ్వరా!	["seq"]	["seq"]	104	ె	ే	lengthen	2	1	నెచ్చేలు	false	2	0	40	UU|	["నె","చ్చే","లు"]	pdy-r-00951		
pdy-vutpalamaala-0247	vutpalamaala	vruttamu	""	train	యోగ్యతలేనికష్టుఁడ నయోగ్యుఁడ నన్నిటఁ జూడ గర్భని\nర్భాగ్యుఁడ నీకృపామతికిఁ బ్రాప్తుఁడ నోయలమేలుమంగ నా\nభాగ్యము నీగృపాకరుణఁ బ్రాప్యము కావుమటంచు సారెని\nభాగ్యవతీ శిరోమణినిఁ బ్రస్తుతిసేసెద వేంకటేశ్వరా!	false	యోగ్యతలేనికష్టుఁడ నయోగ్యుఁడ నన్నిటఁ జూడ గర్భని\nర్భాగ్యుఁడ నీకృపామతికిఁ బ్రాప్తుఁడ నోయలమేలుమంగ నా\nభాగ్యము నీగృపాకరుణఁ బ్రాప్యము కావుమటంచు సారెనీ\nభాగ్యవతీ శిరోమణినిఁ బ్రస్తుతిసేసెద వేంకటేశ్వరా!	["seq"]	["seq"]	142	ీ	ి	shorten	2	19	సారెని	false	2	6	58	||	["రె","ని"]	pdy-r-00952		
pdy-champakamaala-0355	champakamaala	vruttamu	""	test	చెఱఁగులు చూపి క్రొవ్విరులు చిందెడు తేనెలు నాల్గువంకల\nన్‌ వఱదలువాఱె ఘర్మములు వాహినులై యలమేలుమంగతోఁ\nగఱఁగుచు నీవు కౌఁగిట సుఖస్థితిఁ గుడుచు బంధుసంగతి\nన్‌ దెఱ దిగనేసి వేడుకలు తెప్పలఁ దేలఁగ వేంకటేశ్వరా!	false	చెఱఁగులు చూపి క్రొవ్విరులు చిందెడు తేనెలు నాల్గువంకల\nన్‌ వఱదలువాఱె ఘర్మములు వాహినులై యలమేలుమంగతోఁ\nగఱఁగుచు నీవు కౌఁగిట సుఖస్థితిఁ గూడుచు బంధుసంగతి\nన్‌ దెఱ దిగనేసి వేడుకలు తెప్పలఁ దేలఁగ వేంకటేశ్వరా!	["seq"]	["seq"]	130	ూ	ు	shorten	2	13	గుడుచు	true	2	4	54	|||	["తి","గు","డు"]	pdy-r-00953		
pdy-teytageethi-0574	teytageethi	upajaathi	""	train	సుందరకపోల విబుధసంస్తుత కౄపాల- ।\nవాల ధృతశైల కాంచనవర్ణచేల\nమదరిపువిఫాల మునిజనహృదయలోల ।\nవేణుగోపాల భక్తసంత్రాణశీల!	false	సుందరకపోల విబుధసంస్తుత కృపాల- ।\nవాల ధృతశైల కాంచనవర్ణచేల\nమదరిపువిఫాల మునిజనహృదయలోల ।\nవేణుగోపాల భక్తసంత్రాణశీల!	["seq"]	["seq"]	24	ృ	ౄ	lengthen	0	12	కౄపాల	false	0	3	10	||U	["స్తు","త","కౄ"]	pdy-r-00954		
pdy-teytageethi-0579	teytageethi	upajaathi	""	train	గురుపదాంబుజముల భక్తి కుదిరి తమ్ముఁ ।\nదా మెఱుంగక ముక్తి లేదవనియందు\nమదరిపువిఫాల మునిజనహృదయలోల ।\nవేణుగోపాల భక్తసంత్రాణశీల!	true	గురుపదాంబుజముల భక్తి కుదిరి తమ్ముఁ ।\nదా మెఱుంగక ముక్తి లేదవనియందు\nమదరిపువిఫాల మునిజనహృదయలోల ।\nవేణుగోపాల భక్తసంత్రాణశీల!	[]	[]														pdy-r-00955		
pdy-teytageethi-0581	teytageethi	upajaathi	""	train	లక్ష్యభావంబుఁ జూడ సలక్షణముగ ।\nబండువెన్నెల గతిఁ గానబడును ముక్తి\nమదరిపువిఫాల మునిజనహృదయలోల ।\nవేణుగోపాల భక్తసంత్రాణశీల!	true	లక్ష్యభావంబుఁ జూడ సలక్షణముగ ।\nబండువెన్నెల గతిఁ గానబడును ముక్తి\nమదరిపువిఫాల మునిజనహృదయలోల ।\nవేణుగోపాల భక్తసంత్రాణశీల!	[]	[]														pdy-r-00956		
pdy-teytageethi-0584	teytageethi	upajaathi	""	train	తనకు గతిలేక యొకఁడిచ్చు తఱిని వారి ।\nమతులు చెరపెడి రండకుఁ గ్రతువులేల\nమదరిపువీఫాల మునిజనహృదయలోల ।\nవేణుగోపాల భక్తసంత్రాణశీల!	false	తనకు గతిలేక యొకఁడిచ్చు తఱిని వారి ।\nమతులు చెరపెడి రండకుఁ గ్రతువులేల\nమదరిపువిఫాల మునిజనహృదయలోల ।\nవేణుగోపాల భక్తసంత్రాణశీల!	["seq"]	["seq"]	75	ి	ీ	lengthen	2	4	మదరిపువీఫాల	false	2	1	34	|UU|	["పు","వీ","ఫా","ల"]	pdy-r-00957		
pdy-teytageethi-0588	teytageethi	upajaathi	""	test	కూటికియ్యని విటకాని పోటు మెండు ।\nమాచకమ్మకు మోహంబు మదిని మెండూ\nమదరిపువిఫాల మునిజనహృదయలోల ।\nవేణుగోపాల భక్తసంత్రాణశీల!	false	కూటికియ్యని విటకాని పోటు మెండు ।\nమాచకమ్మకు మోహంబు మదిని మెండు\nమదరిపువిఫాల మునిజనహృదయలోల ।\nవేణుగోపాల భక్తసంత్రాణశీల!	["seq"]	["corr","seq"]	60	ు	ూ	lengthen	1	12	మెండూ	false	1	4	24	UU|	["మెం","డూ","మ"]	pdy-r-00958		
pdy-teytageethi-0592	teytageethi	upajaathi	""	dev	ననుచుఁ బాత్ర మపాత్రము ననక యిచ్చి ।\nచెప్పుకొందురు మూఢులు సిగ్గులేక\nమదరిపూవిఫాల మునిజనహృదయలోల ।\nవేణుగోపాల భక్తసంత్రాణశీల!	false	ననుచుఁ బాత్ర మపాత్రము ననక యిచ్చి ।\nచెప్పుకొందురు మూఢులు సిగ్గులేక\nమదరిపువిఫాల మునిజనహృదయలోల ।\nవేణుగోపాల భక్తసంత్రాణశీల!	["seq"]	["corr","seq"]	71	ు	ూ	lengthen	2	3	మదరిపూవిఫాల	false	2	4	39	|U|	["య","లో","ల"]	pdy-r-00959		
pdy-teytageethi-0594	teytageethi	upajaathi	""	train	బవరమునఁ జొచ్చి పొడువని బంటుచేతి ।\nదాయుధంబైననేమి తెడ్డయిననేమి\nమదరిపువీఫాల మునిజనహృదయలోల ।\nవేణుగోపాల భక్తసంత్రాణశీల!	false	బవరమునఁ జొచ్చి పొడువని బంటుచేతి ।\nదాయుధంబైననేమి తెడ్డయిననేమి\nమదరిపువిఫాల మునిజనహృదయలోల ।\nవేణుగోపాల భక్తసంత్రాణశీల!	["seq"]	["seq"]	68	ి	ీ	lengthen	2	4	మదరిపువీఫాల	false	2	1	31	|UU|	["పు","వీ","ఫా","ల"]	pdy-r-00960		
pdy-teytageethi-0595	teytageethi	upajaathi	""	train	ఘనతగల్గిన దొరబిడ్డ గాక సుకవి ।\nనోటితిట్లకు వెఱచునా మొటువాడు\nమదరిపువిఫాల మునిజనహృదయలోల ।\nవేణుగోపాల భక్తసంత్రాణశీల!	false	ఘనతగల్గిన దొరబిడ్డ గాక సుకవి ।\nనోటితిట్లకు వెఱచునా మోటువాడు\nమదరిపువిఫాల మునిజనహృదయలోల ।\nవేణుగోపాల భక్తసంత్రాణశీల!	["seq"]	["corr","seq"]	52	ో	ొ	shorten	1	9	మొటువాడు	false	1	3	24	||U	["మొ","టు","వా"]	pdy-r-00961		
pdy-teytageethi-0596	teytageethi	upajaathi	""	train	అనుచు మూర్ఖాళి యీ రీతి ననుదినంబు ।\nభుతలమునందు వచియింత్రు నీతిలేక\nమదరిపువిఫాల మునిజనహృదయలోల ।\nవేణుగోపాల భక్తసంత్రాణశీల!	false	అనుచు మూర్ఖాళి యీ రీతి ననుదినంబు ।\nభూతలమునందు వచియింత్రు నీతిలేక\nమదరిపువిఫాల మునిజనహృదయలోల ।\nవేణుగోపాల భక్తసంత్రాణశీల!	["seq"]	["corr","seq"]	36	ూ	ు	shorten	1	0	భుతలమునందు	false	1	1	17	|U||	["ము","నం","దు","వ"]	pdy-r-00962		
pdy-teytageethi-0597	teytageethi	upajaathi	""	train	తో నరుగుదెంచి బలిని భూదాన మడిగి ।\nతెచ్చి సురపతి కిచ్చితి విచ్చతోడ\nమదరిపువిఫాల మునిజనహృదయలోల ।\nవేణుగోపాల భక్తసంత్రాణశీల!	true	తో నరుగుదెంచి బలిని భూదాన మడిగి ।\nతెచ్చి సురపతి కిచ్చితి విచ్చతోడ\nమదరిపువిఫాల మునిజనహృదయలోల ।\nవేణుగోపాల భక్తసంత్రాణశీల!	[]	[]														pdy-r-00963		
pdy-teytageethi-0599	teytageethi	upajaathi	""	train	నిట్టివారలపైఁ బ్రేమ పెట్టుకొనక ।\nకసరుబెట్టిన మనుజుండు గనఁడు కీర్తి\nమదరిపువిఫాల మునిజనహృదయలోల ।\nవేణుగోపాల భక్తసంత్రాణశీల!	true	నిట్టివారలపైఁ బ్రేమ పెట్టుకొనక ।\nకసరుబెట్టిన మనుజుండు గనఁడు కీర్తి\nమదరిపువిఫాల మునిజనహృదయలోల ।\nవేణుగోపాల భక్తసంత్రాణశీల!	[]	[]														pdy-r-00964		
pdy-teytageethi-0603	teytageethi	upajaathi	""	train	మంచిమాటల నెంత బోధించి చెప్ప ।\nమడియ రండకుని గుణంబు వీడువబోదు\nమదరిపువిఫాల మునిజనహృదయలోల ।\nవేణుగోపాల భక్తసంత్రాణశీల!	false	మంచిమాటల నెంత బోధించి చెప్ప ।\nమడియ రండకుని గుణంబు విడువబోదు\nమదరిపువిఫాల మునిజనహృదయలోల ।\nవేణుగోపాల భక్తసంత్రాణశీల!	["seq"]	["corr","seq"]	51	ి	ీ	lengthen	1	10	వీడువబోదు	false	1	4	24	|U|	["వ","బో","దు"]	pdy-r-00965		
pdy-teytageethi-0605	teytageethi	upajaathi	""	train	చేడి బ్రతికినట్టి శుంఠను జేర్చుకొనిన ।\nవాఁడు చెడు నుంచుకొన్నట్టివాఁడు జెడును\nమదరిపువిఫాల మునిజనహృదయలోల ।\nవేణుగోపాల భక్తసంత్రాణశీల!	false	చెడి బ్రతికినట్టి శుంఠను జేర్చుకొనిన ।\nవాఁడు చెడు నుంచుకొన్నట్టివాఁడు జెడును\nమదరిపువిఫాల మునిజనహృదయలోల ।\nవేణుగోపాల భక్తసంత్రాణశీల!	["seq"]	["seq"]	1	ె	ే	lengthen	0	0	చేడి	false	0	2	6	|U||	["ట్టి","శుం","ఠ","ను"]	pdy-r-00966		
pdy-seesamu-0602	seesamu	upajaathi	""	test	గోవుల నఱకంగఁ గోసి వండుక తిను । మాలమాదిగలు భూపాలురయిరి\nమానాభిమానముల్ మాని ప్రవర్తించు । మంకుగులాములు మంత్రులైరి\nఅక్షరం బెఱుగక యాకారపుష్టిచే । వర్ణసంకరులు విద్వాంసులైరి\nబాజారిఱంకుకైఁ బంచాయతీ చెప్పు । పాతలంజెలు వీరమాతలైరి	true	గోవుల నఱకంగఁ గోసి వండుక తిను । మాలమాదిగలు భూపాలురయిరి\nమానాభిమానముల్ మాని ప్రవర్తించు । మంకుగులాములు మంత్రులైరి\nఅక్షరం బెఱుగక యాకారపుష్టిచే । వర్ణసంకరులు విద్వాంసులైరి\nబాజారిఱంకుకైఁ బంచాయతీ చెప్పు । పాతలంజెలు వీరమాతలైరి	[]	[]														pdy-r-00967		
pdy-teytageethi-0607	teytageethi	upajaathi	""	train	రాజసభలందుఁ బండితరత్నములకూఁ ।\nబనులు చెఱచును నొక్కొక్క ప్రల్లదుండు\nమదరిపువిఫాల మునిజనహృదయలోల ।\nవేణుగోపాల భక్తసంత్రాణశీల!	false	రాజసభలందుఁ బండితరత్నములకుఁ ।\nబనులు చెఱచును నొక్కొక్క ప్రల్లదుండు\nమదరిపువిఫాల మునిజనహృదయలోల ।\nవేణుగోపాల భక్తసంత్రాణశీల!	["seq"]	["seq"]	24	ు	ూ	lengthen	0	13	బండితరత్నములకూఁ	false	0	4	11	||U	["ము","ల","కూ"]	pdy-r-00968		
pdy-teytageethi-0608	teytageethi	upajaathi	""	train	సురభిబదనిక పాముకుఁ జూపినట్లు ।\nదుష్టునకు నీతి వెగటుగాఁ దోఁచునయ్య\nమదరీపువిఫాల మునిజనహృదయలోల ।\nవేణుగోపాల భక్తసంత్రాణశీల!	false	సురభిబదనిక పాముకుఁ జూపినట్లు ।\nదుష్టునకు నీతి వెగటుగాఁ దోఁచునయ్య\nమదరిపువిఫాల మునిజనహృదయలోల ।\nవేణుగోపాల భక్తసంత్రాణశీల!	["seq"]	["seq"]	68	ి	ీ	lengthen	2	2	మదరీపువిఫాల	false	2	0	28	||U	["మ","ద","రీ"]	pdy-r-00969		
pdy-teytageethi-0609	teytageethi	upajaathi	""	dev	గనుక నివియెల్ల నొరులచేఁ గాని భువిని ।\nతమదు శక్తికి మంత్రతంత్రములు లేవు\nమదరిపువిఫాల మునిజనహృదయలోల ।\nవేణుగోపాల భక్తసంత్రాణశిల!	false	గనుక నివియెల్ల నొరులచేఁ గాని భువిని ।\nతమదు శక్తికి మంత్రతంత్రములు లేవు\nమదరిపువిఫాల మునిజనహృదయలోల ।\nవేణుగోపాల భక్తసంత్రాణశీల!	["seq"]	["seq"]	121	ీ	ి	shorten	3	10	భక్తసంత్రాణశిల	false	3	4	56	||	["శి","ల"]	pdy-r-00970		
pdy-teytageethi-0614	teytageethi	upajaathi	""	dev	ముజ్జగము లేలు నా విరాణ్మూర్తీకయినఁ ।\nగాని దుర్వృత్తి దగదెంతవానికైన\nమదరిపువిఫాల మునిజనహృదయలోల ।\nవేణుగోపాల భక్తసంత్రాణశీల!	false	ముజ్జగము లేలు నా విరాణ్మూర్తికయినఁ ।\nగాని దుర్వృత్తి దగదెంతవానికైన\nమదరిపువిఫాల మునిజనహృదయలోల ।\nవేణుగోపాల భక్తసంత్రాణశీల!	["seq"]	["corr","seq"]	28	ి	ీ	lengthen	0	10	విరాణ్మూర్తీకయినఁ	false	0	3	9	UU|	["ణ్మూ","ర్తీ","క"]	pdy-r-00971		
pdy-seesamu-0611	seesamu	upajaathi	""	train	పరదళంబులఁ గాంచి భయముచే నురికిన । రాజుగాఁడతడు గోరాజు గాని\nధర్మంబులకు విఘాతముసేయ మంత్రిశే- । ఖరుఁడు గాఁడతఁడు సంకరుఁడు గానీ\nవిద్యాప్రసంగము ల్విన రసజ్ఞత లేని । ప్రాజ్ఞుల సభగాదు రచ్చ గాని\nపతితోడ కలహించి పడుకొని యేడ్చెడి । దాలుగా దది యెఱ్ఱతేలు గాని	false	పరదళంబులఁ గాంచి భయముచే నురికిన । రాజుగాఁడతడు గోరాజు గాని\nధర్మంబులకు విఘాతముసేయ మంత్రిశే- । ఖరుఁడు గాఁడతఁడు సంకరుఁడు గాని\nవిద్యాప్రసంగము ల్విన రసజ్ఞత లేని । ప్రాజ్ఞుల సభగాదు రచ్చ గాని\nపతితోడ కలహించి పడుకొని యేడ్చెడి । దాలుగా దది యెఱ్ఱతేలు గాని	["seq"]	["corr","seq"]	119	ి	ీ	lengthen	1	26	గానీ	true	3	3	52	UUU	["గా","నీ","వి"]	pdy-r-00972		
pdy-teytageethi-0617	teytageethi	upajaathi	""	train	దాతలకు మోస మచటి విద్వాంసులకును ।\nబ్రాణసంకట మా భూమీఁ బ్రజకుఁ గీడు\nమదరిపువిఫాల మునిజనహృదయలోల ।\nవేణుగోపాల భక్తసంత్రాణశీల!	false	దాతలకు మోస మచటి విద్వాంసులకును ।\nబ్రాణసంకట మా భూమిఁ బ్రజకుఁ గీడు\nమదరిపువిఫాల మునిజనహృదయలోల ।\nవేణుగోపాల భక్తసంత్రాణశీల!	["seq"]	["corr","seq"]	49	ి	ీ	lengthen	1	7	భూమీఁ	false	1	2	20	UUU|	["మా","భూ","మీ","బ్ర"]	pdy-r-00973		
pdy-seesamu-0615	seesamu	upajaathi	""	dev	పూపొదలో దాఁగి పులి యున్నరీతిని । మొగిలిరేకున ముండ్లు మొలచినట్లు\nనందనవనములో నాగుఁబామున్నట్లు । చందురునకు నల్పు చెందినట్లు\nసొగసైన లేమకు సేగరోగమున్నట్లు । మృగనాభిలోఁ బిప్పి తగిలినట్లు\nజలధిలోన విషంబు సంభవంబైనట్లు । కమలాప్తునకు శని గలిగినట్లు పద్మరాగమునకుఁ బటలమేర్పడినట్లు । బుగ్గవాకిటి చుట్టు పుట్టినట్లు	false	పూపొదలో దాఁగి పులి యున్నరీతిని । మొగిలిరేకున ముండ్లు మొలచినట్లు\nనందనవనములో నాగుఁబామున్నట్లు । చందురునకు నల్పు చెందినట్లు\nసొగసైన లేమకు సెగరోగమున్నట్లు । మృగనాభిలోఁ బిప్పి తగిలినట్లు\nజలధిలోన విషంబు సంభవంబైనట్లు । కమలాప్తునకు శని గలిగినట్లు పద్మరాగమునకుఁ బటలమేర్పడినట్లు । బుగ్గవాకిటి చుట్టు పుట్టినట్లు	["seq"]	["corr","seq"]	135	ె	ే	lengthen	2	7	సేగరోగమున్నట్లు	false	4	3	60	|UU|	["గ","ము","న్న","ట్లు"]	pdy-r-00974		
pdy-teytageethi-0619	teytageethi	upajaathi	""	train	ధర్మవిధులైన రాజసంస్థానములను ।\nజెరు నొక్కొక్క చీవాట్లమారిశుంఠ\nమదరిపువిఫాల మునిజనహృదయలోల ।\nవేణుగోపాల భక్తసంత్రాణశీల!	false	ధర్మవిధులైన రాజసంస్థానములను ।\nజేరు నొక్కొక్క చీవాట్లమారిశుంఠ\nమదరిపువిఫాల మునిజనహృదయలోల ।\nవేణుగోపాల భక్తసంత్రాణశీల!	["seq"]	["corr","seq"]	31	ే	ె	shorten	1	0	జెరు	true	1	0	14	||U	["జె","రు","నొ"]	pdy-r-00975		
pdy-teytageethi-0622	teytageethi	upajaathi	""	train	రాజసభలఁ బరోపకారములు తెలుప ।\nశ్రేష్ఠులె కాక దుష్టులు చెప్పఁగలరె\nమదరిపువిఫాల మునిజనహృదయలోల ।\nవేణుగోపాల భక్తసంత్రాణశీల!	false	రాజసభలఁ బరోపకారములు తెలుప ।\nశ్రేష్ఠులే కాక దుష్టులు చెప్పఁగలరె\nమదరిపువిఫాల మునిజనహృదయలోల ।\nవేణుగోపాల భక్తసంత్రాణశీల!	["seq"]	["corr","seq"]	37	ే	ె	shorten	1	2	శ్రేష్ఠులె	false	1	1	17	|U|U	["లె","కా","క","దు"]	pdy-r-00976		
pdy-seesamu-0619	seesamu	upajaathi	""	train	మద్యపాయీలతో మచ్చిక కారాదు । బడవాల గొప్పగాఁ బట్టరాదు\nశాత్రవునింట భోజనము చేయఁగరాదు । సన్యాసులను గేలి సలుపరాదు\nదేవభూసురవృత్తి తెరువు పోవఁగరాదు । పరునాలిపై నాస పడగఁరాదు\nకంకోష్ఠునకు నధికార మియ్యగరాదు । చెలగి లోభీనిఁ జేర బిలువరాదు	false	మద్యపాయీలతో మచ్చిక కారాదు । బడవాల గొప్పగాఁ బట్టరాదు\nశాత్రవునింట భోజనము చేయఁగరాదు । సన్యాసులను గేలి సలుపరాదు\nదేవభూసురవృత్తి తెరువు పోవఁగరాదు । పరునాలిపై నాస పడగఁరాదు\nకంకోష్ఠునకు నధికార మియ్యగరాదు । చెలగి లోభినిఁ జేర బిలువరాదు	["seq"]	["corr","seq"]	206	ి	ీ	lengthen	3	18	లోభీనిఁ	false	7	3	100	|U|	["వ","రా","దు"]	pdy-r-00977		
pdy-teytageethi-0625	teytageethi	upajaathi	""	train	చెలులతో రాజకార్యముల్ చెప్పరాదు ।\nపలువ మంత్రైన దొరలకుఁ బరువులేదు\nమదరిపువిఫాల మునిజనహృదయలొల ।\nవేణుగోపాల భక్తసంత్రాణశీల!	false	చెలులతో రాజకార్యముల్ చెప్పరాదు ।\nపలువ మంత్రైన దొరలకుఁ బరువులేదు\nమదరిపువిఫాల మునిజనహృదయలోల ।\nవేణుగోపాల భక్తసంత్రాణశీల!	["seq"]	["corr","seq"]	87	ో	ొ	shorten	2	14	మునిజనహృదయలొల	false	2	4	42	||U	["లొ","ల","వే"]	pdy-r-00978		
pdy-teytageethi-0627	teytageethi	upajaathi	""	train	అవని సత్కీర్తికోసమై యాశనొందు ।\nరాజవరులకు నివియఁ గారాని పనూలు\nమదరిపువిఫాల మునిజనహృదయలోల ।\nవేణుగోపాల భక్తసంత్రాణశీల!	false	అవని సత్కీర్తికోసమై యాశనొందు ।\nరాజవరులకు నివియఁ గారాని పనులు\nమదరిపువిఫాల మునిజనహృదయలోల ।\nవేణుగోపాల భక్తసంత్రాణశీల!	["seq"]	["seq"]	57	ు	ూ	lengthen	1	13	పనూలు	false	1	4	25	|U|	["ప","నూ","లు"]	pdy-r-00979		
pdy-teytageethi-0630	teytageethi	upajaathi	""	train	నీటుగాఁ బిన్నవై పల్లెకూటమునకూ ।\nనరుగుచున్నట్లె ధేనుకాసురుని బట్టి\nకొట్టి ధరఁ గూలద్రోయవా గుండెలవియ\nమదరిపువిఫాల మునిజనహృదయలోల । వేణుగోపాల భక్తసంత్రాణశీల!	false	నీటుగాఁ బిన్నవై పల్లెకూటమునకు ।\nనరుగుచున్నట్లె ధేనుకాసురుని బట్టి\nకొట్టి ధరఁ గూలద్రోయవా గుండెలవియ\nమదరిపువిఫాల మునిజనహృదయలోల । వేణుగోపాల భక్తసంత్రాణశీల!	["seq"]	["seq"]	28	ు	ూ	lengthen	0	12	పల్లెకూటమునకూ	false	0	4	10	||U	["ము","న","కూ"]	pdy-r-00980		
pdy-teytageethi-0631	teytageethi	upajaathi	""	train	కవిభటుల కార్యములకు విఘ్నములు చేయు ।\nరాయసాల్ పిండమూలు తిను వాయసాలు\nమదరిపువిఫాల మునిజనహృదయలోల ।\nవేణుగోపాల భక్తసంత్రాణశీల!	false	కవిభటుల కార్యములకు విఘ్నములు చేయు ।\nరాయసాల్ పిండములు తిను వాయసాలు\nమదరిపువిఫాల మునిజనహృదయలోల ।\nవేణుగోపాల భక్తసంత్రాణశీల!	["seq"]	["corr","seq"]	49	ు	ూ	lengthen	1	5	పిండమూలు	false	1	3	24	|U|	["ను","వా","య"]	pdy-r-00981		
pdy-teytageethi-0635	teytageethi	upajaathi	""	train	నతూలితంబైన యల పతివ్రతకుఁ గాక ।\nశుద్ధవేశ్యకు మంగళసూత్రమేల\nమదరిపువిఫాల మునిజనహృదయలోల ।\nవేణుగోపాల భక్తసంత్రాణశీల!	false	నతులితంబైన యల పతివ్రతకుఁ గాక ।\nశుద్ధవేశ్యకు మంగళసూత్రమేల\nమదరిపువిఫాల మునిజనహృదయలోల ।\nవేణుగోపాల భక్తసంత్రాణశీల!	["seq"]	["seq"]	2	ు	ూ	lengthen	0	1	నతూలితంబైన	false	0	0	0	|U|	["న","తూ","లి"]	pdy-r-00982		
pdy-teytageethi-0636	teytageethi	upajaathi	""	train	నిట్టి యపకీర్తి మంత్రిని బెట్టఁదగదు ।\nమంచిమాటల జరగఁ బోయించవలయూ\nమదరిపువిఫాల మునిజనహృదయలోల ।\nవేణుగోపాల భక్తసంత్రాణశీల!	false	నిట్టి యపకీర్తి మంత్రిని బెట్టఁదగదు ।\nమంచిమాటల జరగఁ బోయించవలయు\nమదరిపువిఫాల మునిజనహృదయలోల ।\nవేణుగోపాల భక్తసంత్రాణశీల!	["seq"]	["seq"]	61	ు	ూ	lengthen	1	13	బోయించవలయూ	false	1	4	25	||U	["వ","ల","యూ"]	pdy-r-00983		
pdy-teytageethi-0639	teytageethi	upajaathi	""	train	వేదబాహ్యుల విద్యలు వినగ రోత ।\nక్రూరుఁడైయున్న హరిభక్తుఁ గూడ రోత\nమదరిపువిఫాల మునిజనహృదయలోల ।\nవెణుగోపాల భక్తసంత్రాణశీల!	false	వేదబాహ్యుల విద్యలు వినగ రోత ।\nక్రూరుఁడైయున్న హరిభక్తుఁ గూడ రోత\nమదరిపువిఫాల మునిజనహృదయలోల ।\nవేణుగోపాల భక్తసంత్రాణశీల!	["seq"]	["corr","seq"]	92	ే	ె	shorten	3	0	వెణుగోపాల	false	3	0	42	||U	["వె","ణు","గో"]	pdy-r-00984		
pdy-teytageethi-0640	teytageethi	upajaathi	""	dev	పరుల సంపద కనూగొని బ్రమయ రోత ।\nబలము లేనట్టి రాజుల బ్రతుకు రోత\nమదరిపువిఫాల మునిజనహృదయలోల ।\nవేణుగోపాల భక్తసంత్రాణశీల!	false	పరుల సంపద కనుగొని బ్రమయ రోత ।\nబలము లేనట్టి రాజుల బ్రతుకు రోత\nమదరిపువిఫాల మునిజనహృదయలోల ।\nవేణుగోపాల భక్తసంత్రాణశీల!	["seq"]	["seq"]	12	ు	ూ	lengthen	0	7	కనూగొని	false	0	2	6	|U||	["క","నూ","గొ","ని"]	pdy-r-00985		
pdy-teytageethi-0641	teytageethi	upajaathi	""	dev	ప్రాకృతజనంబు లీరీతిఁ బలుకుచుంద్రు ।\nతెలివి యించుక లేకను దేలిసికొనక\nమదరిపువిఫాల మునిజనహృదయలోల ।\nవేణుగోపాల భక్తసంత్రాణశీల!	false	ప్రాకృతజనంబు లీరీతిఁ బలుకుచుంద్రు ।\nతెలివి యించుక లేకను దెలిసికొనక\nమదరిపువిఫాల మునిజనహృదయలోల ।\nవేణుగోపాల భక్తసంత్రాణశీల!	["seq"]	["corr","seq"]	57	ె	ే	lengthen	1	9	దేలిసికొనక	false	2	4	42	|U|	["య","లో","ల"]	pdy-r-00986		
pdy-teytageethi-0646	teytageethi	upajaathi	""	dev	దుర్ణయుల దుర్గుణంబులు ద్రోయరాదు ।\nదానికి ఫలంబు యమసన్నిధానమునను\nదేటపడు గాక యొరులకు దెలుప వశమే\nమదరిపువిఫాల మునిజనహృదయలోల । వేణుగోపాల భక్తసంత్రాణశీల!	false	దుర్ణయుల దుర్గుణంబులు ద్రోయరాదు ।\nదానికి ఫలంబు యమసన్నిధానమునను\nదేటపడు గాక యొరులకు దెలుప వశమె\nమదరిపువిఫాల మునిజనహృదయలోల । వేణుగోపాల భక్తసంత్రాణశీల!	["seq"]	["seq"]	91	ె	ే	lengthen	2	15	వశమే	true	2	4	41	||U	["వ","శ","మే"]	pdy-r-00987		
pdy-seesamu-0643	seesamu	upajaathi	""	dev	కందిరీగల పట్టు కడఁగి రేపఁగవచ్చు । మానిపింపఁగరాదు దానీ పోటు\nచెట్లలో బెబ్బులిఁ జెనకి రావచ్చును । దప్పించుకొనరాదు దాని కాటు\nపఱచునశ్వము తోఁకబట్టి యీడ్వఁగవచ్చు । దప్పించుకోరాదు దాని తన్ను\nకాఁకచే బొరుగిల్లు గాల్చిరావచ్చును । దన యిల్లు కాపాడఁ దరము గాదు	false	కందిరీగల పట్టు కడఁగి రేపఁగవచ్చు । మానిపింపఁగరాదు దాని పోటు\nచెట్లలో బెబ్బులిఁ జెనకి రావచ్చును । దప్పించుకొనరాదు దాని కాటు\nపఱచునశ్వము తోఁకబట్టి యీడ్వఁగవచ్చు । దప్పించుకోరాదు దాని తన్ను\nకాఁకచే బొరుగిల్లు గాల్చిరావచ్చును । దన యిల్లు కాపాడఁ దరము గాదు	["seq"]	["corr","seq"]	52	ి	ీ	lengthen	0	23	దానీ	true	1	2	22	UUU	["దా","నీ","పో"]	pdy-r-00988		
pdy-seesamu-0644	seesamu	upajaathi	""	train	కన్నంబు ద్రవ్వి తస్కరు డింటివానికి । వాడలేదని ముంత వైచి చనునె\nతెరవాటుకాడు చింతించునే కట్టిన । బట్ట నూడ్చిన మానభంగమనూచు\nవలబడ్డ మెకము చూల్ వహియించెనంచును । విడువంగఁ జూచునే వేఁటకాఁడు\nజారుండు పరకాంత శయ్యపై దారిచి । వావి గాదని పల్కి వదలి చనునె	false	కన్నంబు ద్రవ్వి తస్కరు డింటివానికి । వాడలేదని ముంత వైచి చనునె\nతెరవాటుకాడు చింతించునే కట్టిన । బట్ట నూడ్చిన మానభంగమనుచు\nవలబడ్డ మెకము చూల్ వహియించెనంచును । విడువంగఁ జూచునే వేఁటకాఁడు\nజారుండు పరకాంత శయ్యపై దారిచి । వావి గాదని పల్కి వదలి చనునె	["seq"]	["seq"]	115	ు	ూ	lengthen	1	23	మానభంగమనూచు	false	3	3	47	|U|	["మ","నూ","చు"]	pdy-r-00989		
pdy-teytageethi-0657	teytageethi	upajaathi	""	train	గాని వస్తువుఁ బెట్టుకోఁ గాంక్షచేత ।\nబేనఁగుమాత్రంబె కాని లభింపదేమి\nదాని కొడఁబడఁ డింగితజ్ఞానశాలి\nమదరిపువిఫాల మునిజనహృదయలోల । వేణుగోపాల భక్తసంత్రాణశీల!	false	గాని వస్తువుఁ బెట్టుకోఁ గాంక్షచేత ।\nబెనఁగుమాత్రంబె కాని లభింపదేమి\nదాని కొడఁబడఁ డింగితజ్ఞానశాలి\nమదరిపువిఫాల మునిజనహృదయలోల । వేణుగోపాల భక్తసంత్రాణశీల!	["seq"]	["seq"]	37	ె	ే	lengthen	1	0	బేనఁగుమాత్రంబె	false	1	1	14	|UU|	["గు","మా","త్రం","బె"]	pdy-r-00990		
pdy-teytageethi-0659	teytageethi	upajaathi	""	train	గుణము బహుళంబు దోషంబు గొంచమైనఁ ।\nగొదవఁ జెందక యుండు నెక్కుడు గుణంబు\nతాఱుమాఱైన నిదియె పద్ధతి తలంప\nమదరిపువిఫాల మునిజనహృదయలోల । వేణుగోపాల భక్తసంత్రాణశీల!	true	గుణము బహుళంబు దోషంబు గొంచమైనఁ ।\nగొదవఁ జెందక యుండు నెక్కుడు గుణంబు\nతాఱుమాఱైన నిదియె పద్ధతి తలంప\nమదరిపువిఫాల మునిజనహృదయలోల । వేణుగోపాల భక్తసంత్రాణశీల!	[]	[]														pdy-r-00991		
pdy-teytageethi-0660	teytageethi	upajaathi	""	train	ప్రబలపాతకపూర్ణుఁ డల్పంపు సుకృత- ।\nమునను శుద్ధుండు గాకుండుననుట నిక్క-\nమాడు గాకేమి యిచ్చకం బనృతవాది\nమదరీపువిఫాల మునిజనహృదయలోల । వేణుగోపాల భక్తసంత్రాణశీల!	false	ప్రబలపాతకపూర్ణుఁ డల్పంపు సుకృత- ।\nమునను శుద్ధుండు గాకుండుననుట నిక్క-\nమాడు గాకేమి యిచ్చకం బనృతవాది\nమదరిపువిఫాల మునిజనహృదయలోల । వేణుగోపాల భక్తసంత్రాణశీల!	["seq"]	["seq"]	101	ి	ీ	lengthen	3	2	మదరీపువిఫాల	false	3	0	41	||U	["మ","ద","రీ"]	pdy-r-00992		
pdy-teytageethi-0663	teytageethi	upajaathi	""	train	నుభయభ్రష్టత్వములు గాన నుర్విలోన ।\nరాజసభలందూ నెన్నగా రాదు గదర\nమదరిపువిఫాల మునిజనహృదయలోల ।\nవేణుగోపాల భక్తసంత్రాణశీల!	false	నుభయభ్రష్టత్వములు గాన నుర్విలోన ।\nరాజసభలందు నెన్నగా రాదు గదర\nమదరిపువిఫాల మునిజనహృదయలోల ।\nవేణుగోపాల భక్తసంత్రాణశీల!	["seq"]	["seq"]	42	ు	ూ	lengthen	1	5	రాజసభలందూ	false	1	1	16	||UU	["స","భ","లం","దూ"]	pdy-r-00993		
pdy-teytageethi-0664	teytageethi	upajaathi	""	dev	హుంకరించిన నెటువంటి మంకునైనఁ ।\nదిట్టవలయును గవులకు దిట్టమదియె\nమదరిపువిఫాల మునిజనహృదయలోల ।\nవేణుగోపాల భక్తసంత్రాణశీల!	true	హుంకరించిన నెటువంటి మంకునైనఁ ।\nదిట్టవలయును గవులకు దిట్టమదియె\nమదరిపువిఫాల మునిజనహృదయలోల ।\nవేణుగోపాల భక్తసంత్రాణశీల!	[]	[]														pdy-r-00994		
pdy-teytageethi-0665	teytageethi	upajaathi	""	dev	గుడిసెవేటుల నిల్లాలు గుత్తులంజె ।\nగనుక నీ రీతిఁ బెక్కులు గలవు తలప\nమదరిపువిఫాల మునిజనహృదయలొల ।\nవేణుగోపాల భక్తసంత్రాణశీల!	false	గుడిసెవేటుల నిల్లాలు గుత్తులంజె ।\nగనుక నీ రీతిఁ బెక్కులు గలవు తలప\nమదరిపువిఫాల మునిజనహృదయలోల ।\nవేణుగోపాల భక్తసంత్రాణశీల!	["seq"]	["corr","seq"]	89	ో	ొ	shorten	2	14	మునిజనహృదయలొల	false	2	4	42	||U	["లొ","ల","వే"]	pdy-r-00995		
pdy-teytageethi-0669	teytageethi	upajaathi	""	train	బలము గలవాడు దుర్బలు బాఱఁ దఱుమ ।\nదైవమోక ప్రాపు గల్పింపఁ దలఁపకున్నె\nపొరలునే ప్రొద్దహంకారమున నరుండు\nమదరిపువిఫాల మునిజనహృదయలోల । వేణుగోపాల భక్తసంత్రాణశీల!	false	బలము గలవాడు దుర్బలు బాఱఁ దఱుమ ।\nదైవమొక ప్రాపు గల్పింపఁ దలఁపకున్నె\nపొరలునే ప్రొద్దహంకారమున నరుండు\nమదరిపువిఫాల మునిజనహృదయలోల । వేణుగోపాల భక్తసంత్రాణశీల!	["seq"]	["seq"]	36	ొ	ో	lengthen	1	2	దైవమోక	false	1	2	20	|UU|	["పు","గ","ల్పిం","ప"]	pdy-r-00996		
pdy-seesamu-0667	seesamu	upajaathi	""	train	తల్లి ఱంకునఁ దండ్రి ధనము పోయినయట్లు । మూలనిక్షేపంబు మునిఁగినట్లు\nకూఁతురి ముడుపెల్లఁ గొల్లవోయినయట్లు । కాణాచివల్లెలు కాలినట్లు\nతన యాలి గడనెల్ల దండుగ కైనట్లు । దండ్రి తద్దినమేమొ తప్పినట్లు\nచెల్లేపైఁ బడి దొంగ చెఱచిపోయినయట్లు । కొడుకు నప్పుడు తలగొట్టినట్లు	false	తల్లి ఱంకునఁ దండ్రి ధనము పోయినయట్లు । మూలనిక్షేపంబు మునిఁగినట్లు\nకూఁతురి ముడుపెల్లఁ గొల్లవోయినయట్లు । కాణాచివల్లెలు కాలినట్లు\nతన యాలి గడనెల్ల దండుగ కైనట్లు । దండ్రి తద్దినమేమొ తప్పినట్లు\nచెల్లెపైఁ బడి దొంగ చెఱచిపోయినయట్లు । కొడుకు నప్పుడు తలగొట్టినట్లు	["seq"]	["corr","seq"]	192	ె	ే	lengthen	3	1	చెల్లేపైఁ	false	6	0	75	UUU|	["చె","ల్లే","పై","బ"]	pdy-r-00997		
pdy-teytageethi-0673	teytageethi	upajaathi	""	train	ఘనము నీచం బెఱుంగక కలియుగమూన ।\nనవని నడుతురు మూఢులైనట్టి దొరలు\nమదరిపువిఫాల మునిజనహృదయలోల ।\nవేణుగోపాల భక్తసంత్రాణశీల!	false	ఘనము నీచం బెఱుంగక కలియుగమున ।\nనవని నడుతురు మూఢులైనట్టి దొరలు\nమదరిపువిఫాల మునిజనహృదయలోల ।\nవేణుగోపాల భక్తసంత్రాణశీల!	["seq"]	["seq"]	25	ు	ూ	lengthen	0	13	కలియుగమూన	false	0	4	12	|U|	["గ","మూ","న"]	pdy-r-00998		
pdy-seesamu-0670	seesamu	upajaathi	""	train	వసుధాధిపతికి విశ్వాసగుణంబు జా- । రునకు సత్యంబు చోరునకు భయము\nలంజెకు మొమోట పంజకు ధైర్య మెం- । గిలి కెగ్గు మద్యపాయులకు సిగ్గు\nద్రవ్యాధికులకును దానధర్మములపై । దృష్టియు జారిణిస్త్రీకి వావి\nపలుగాకులకు మేలు పందగొడ్డుకుఁ బాలు । మానికిఁ గఱవు కోమటికి బరువు	false	వసుధాధిపతికి విశ్వాసగుణంబు జా- । రునకు సత్యంబు చోరునకు భయము\nలంజెకు మోమోట పంజకు ధైర్య మెం- । గిలి కెగ్గు మద్యపాయులకు సిగ్గు\nద్రవ్యాధికులకును దానధర్మములపై । దృష్టియు జారిణిస్త్రీకి వావి\nపలుగాకులకు మేలు పందగొడ్డుకుఁ బాలు । మానికిఁ గఱవు కోమటికి బరువు	["seq"]	["corr","seq"]	68	ో	ొ	shorten	1	3	మొమోట	false	2	1	30	|U|U	["మొ","మో","ట","పం"]	pdy-r-00999		
pdy-teytageethi-0674	teytageethi	upajaathi	""	train	మేకమెడచన్నులకుఁ బాలు మేడి పులు ।\nలేవు త్రిభువనములను గాలించి చూడ\nమదరిపువిఫాల మునిజనహృదయలోల ।\nవేణుగోపాల భక్తసంత్రాణశీల!	false	మేకమెడచన్నులకుఁ బాలు మేడి పూలు ।\nలేవు త్రిభువనములను గాలించి చూడ\nమదరిపువిఫాల మునిజనహృదయలోల ।\nవేణుగోపాల భక్తసంత్రాణశీల!	["seq"]	["corr","seq"]	27	ూ	ు	shorten	0	12	పులు	true	0	4	12	||U	["పు","లు","లే"]	pdy-r-01000		
pdy-seesamu-0672	seesamu	upajaathi	""	train	సుంకరులకు వర్ణసంకరులకుఁ దన । పొత్తొసంగెడి తొత్తుముండలకూను\nసారాయినీళ్ళకు జాతరగాండ్లకు । బంగుభాయీలకు బందెనకును\nబడవాలకును లేని భడవాలకును ఱంకు- । రాట్నాలకును శుంఠరండలకును\nకలిమిదండుగులకు గారడీవిద్యకుఁ । దోడఁబోతుల కాటదొమ్మరులకు	false	సుంకరులకు వర్ణసంకరులకుఁ దన । పొత్తొసంగెడి తొత్తుముండలకును\nసారాయినీళ్ళకు జాతరగాండ్లకు । బంగుభాయీలకు బందెనకును\nబడవాలకును లేని భడవాలకును ఱంకు- । రాట్నాలకును శుంఠరండలకును\nకలిమిదండుగులకు గారడీవిద్యకుఁ । దోడఁబోతుల కాటదొమ్మరులకు	["seq"]	["seq"]	54	ు	ూ	lengthen	0	24	తొత్తుముండలకూను	false	1	3	23	|U|	["ల","కూ","ను"]	pdy-r-01001		
pdy-teytageethi-0676	teytageethi	upajaathi	""	test	లోభితనమున నేడ్చె నిద్రాభవాని ।\nగడన వీండ్లకె కాక సత్కవులకౌనే\nమదరిపువిఫాల మునిజనహృదయలోల ।\nవేణుగోపాల భక్తసంత్రాణశీల!	false	లోభితనమున నేడ్చె నిద్రాభవాని ।\nగడన వీండ్లకె కాక సత్కవులకౌనె\nమదరిపువిఫాల మునిజనహృదయలోల ।\nవేణుగోపాల భక్తసంత్రాణశీల!	["seq"]	["corr","seq"]	58	ె	ే	lengthen	1	13	సత్కవులకౌనే	false	1	4	25	UU|	["కౌ","నే","మ"]	pdy-r-01002		
pdy-vutpalamaala-0257	vutpalamaala	vruttamu	""	train	భక్తిరసాభిషిక్త! భవపాశవితాన విముక్త! జంగమా\nసక్త! దయాభిషిక్త! తనుసంగతసౌఖ్యవిరక్త! సంతతో\nద్యుక్త గుణానురక్త! పరితోషితభక్త! శివైక్యయుక్త! ప్ర\nవ్యక్తమ నీవే దిక్కు బసవా! బసవా! బసవా! వృషాధిపా!	false	భక్తిరసాభిషిక్త! భవపాశవితాన విముక్త! జంగమా\nసక్త! దయాభిషిక్త! తనుసంగతసౌఖ్యవిరక్త! సంతతో\nద్యుక్త గుణానురక్త! పరితోషితభక్త! శివైక్యయుక్త! ప్ర\nవ్యక్తమ నీవె దిక్కు బసవా! బసవా! బసవా! వృషాధిపా!	["seq"]	["seq"]	150	ె	ే	lengthen	3	4	నీవే	true	3	1	63	UUU	["నీ","వే","ది"]	pdy-r-01003		
pdy-vutpalamaala-0273	vutpalamaala	vruttamu	""	train	శ్రీవిలసత్ప్రభావ! ప్రవిశిష్ట పరాజిత యన్యదైవ! స\nద్భావ! యుత స్వభావ! శివతత్త్వ విశిష్ట మహానుభావ! యం\nహోవనదావ! పాలిత మహోద్ధతశైవ! విభుండవీవ దె\nవా వరదానశీల బసవా! బసవా! బసవా! వృషాధిపా!	false	శ్రీవిలసత్ప్రభావ! ప్రవిశిష్ట పరాజిత యన్యదైవ! స\nద్భావ! యుత స్వభావ! శివతత్త్వ విశిష్ట మహానుభావ! యం\nహోవనదావ! పాలిత మహోద్ధతశైవ! విభుండవీవ దే\nవా వరదానశీల బసవా! బసవా! బసవా! వృషాధిపా!	["seq"]	["seq"]	135	ే	ె	shorten	2	19	దె	true	2	6	58	||	["వ","దె"]	pdy-r-01004		
pdy-vutpalamaala-0285	vutpalamaala	vruttamu	""	train	నందితభక్తబృంద! యవినాశిరదాంశు ముఖారవింద! సా\nనంద వినీతికంద! కరుణామకరంద! రసోపలాలీత\nస్కంద! యుదాత్త భక్తి తరుకంద! యశోజితకుంద! నాకరా\nడ్వందిత! నీవె దిక్కు బసవా! బసవా! బసవా! వృషాధిపా!	false	నందితభక్తబృంద! యవినాశిరదాంశు ముఖారవింద! సా\nనంద వినీతికంద! కరుణామకరంద! రసోపలాలిత\nస్కంద! యుదాత్త భక్తి తరుకంద! యశోజితకుంద! నాకరా\nడ్వందిత! నీవె దిక్కు బసవా! బసవా! బసవా! వృషాధిపా!	["seq"]	["seq"]	77	ి	ీ	lengthen	1	18	రసోపలాలీత	false	1	6	38	UU	["లీ","త"]	pdy-r-01005		
pdy-vutpalamaala-0288	vutpalamaala	vruttamu	""	train	నిర్గతధర్మ కర్మ! యవినీత పునర్చవ యంత్ర తంత్ర! దు\nర్మార్గ విహీనయాన! గుణమాన్య మహావృషసామ్య! సౌమష\nడ్వర్గ విరక్త శక్త! మదడంబర వర్జిత వేషభూష! నీ\nవర్గమునేఁ జుమయ్య బసవా! బసవా! బసవా! వౄషాధిపా!	false	నిర్గతధర్మ కర్మ! యవినీత పునర్చవ యంత్ర తంత్ర! దు\nర్మార్గ విహీనయాన! గుణమాన్య మహావృషసామ్య! సౌమష\nడ్వర్గ విరక్త శక్త! మదడంబర వర్జిత వేషభూష! నీ\nవర్గమునేఁ జుమయ్య బసవా! బసవా! బసవా! వృషాధిపా!	["seq"]	["seq"]	174	ృ	ౄ	lengthen	3	16	వౄషాధిపా	false	3	5	75	UUU	["వా","వౄ","షా"]	pdy-r-01006		
pdy-champakamaala-0367	champakamaala	vruttamu	""	dev	సురవర పూజ్య! పూజ్యగుణశోభిత! శోభితరూప! రూప వి\nస్ఫురతరశీల! శీలగుణపుంగవ! పుంగవ సత్త్వ! సత్త్వసం\nవర పరవాద! వాద భయవర్జిత పాపవిచారచార! ఈ\nశ్వర సమ! నీవే దిక్కు బసవా! బసవా! బసవా! వృషాధిపా!	false	సురవర పూజ్య! పూజ్యగుణశోభిత! శోభితరూప! రూప వి\nస్ఫురతరశీల! శీలగుణపుంగవ! పుంగవ సత్త్వ! సత్త్వసం\nవర పరవాద! వాద భయవర్జిత పాపవిచారచార! ఈ\nశ్వర సమ! నీవె దిక్కు బసవా! బసవా! బసవా! వృషాధిపా!	["seq"]	["seq"]	143	ె	ే	lengthen	3	5	నీవే	true	3	1	66	|UU	["మ","నీ","వే"]	pdy-r-01007		
pdy-vutpalamaala-0296	vutpalamaala	vruttamu	""	dev	చూర్ణిత మన్మథాయ! పరిశోభితభస్మవిలేపనాయ! సం\nపూర్ణమనోరథాయ! గతపూర్వ భవాశ్రిత వర్తనాయ! తే\nవర్ణ నిరాసకాయ! సశివాయ నమో" యని సంతతంబు ని\nన్వర్ణన సెయువాడ బసవా! బసవా! బసవా! వృషాధిపా!	false	చూర్ణిత మన్మథాయ! పరిశోభితభస్మవిలేపనాయ! సం\nపూర్ణమనోరథాయ! గతపూర్వ భవాశ్రిత వర్తనాయ! తే\nవర్ణ నిరాసకాయ! సశివాయ నమో" యని సంతతంబు ని\nన్వర్ణన సేయువాడ బసవా! బసవా! బసవా! వృషాధిపా!	["seq"]	["seq"]	136	ే	ె	shorten	3	3	సెయువాడ	false	3	1	63	||U	["సె","యు","వా"]	pdy-r-01008		
pdy-champakamaala-0372	champakamaala	vruttamu	""	train	పరమనె యన్నె యాండవనె పన్నగతానె యనాథ నాధనే\nపెరియనెపే నివుందనవె పేరు డయాననే పేరు జెప్పనే\nతరి మురియాయనే" యనుచు 'ద్రావిడభాష' నుతింతు మన్మనో\nవరకరుణా విధేయ! బసవా! బసవా! బసవా! వృషాధిపా!	false	పరమనె యన్నె యాండవనె పన్నగతానె యనాథ నాధనే\nపెరియనెపే నివుందనవె పేరు డయాననె పేరు జెప్పనే\nతరి మురియాయనే" యనుచు 'ద్రావిడభాష' నుతింతు మన్మనో\nవరకరుణా విధేయ! బసవా! బసవా! బసవా! వృషాధిపా!	["seq"]	["seq"]	71	ె	ే	lengthen	1	15	డయాననే	false	1	5	36	UU|	["నే","పే","రు"]	pdy-r-01009		
pdy-champakamaala-0377	champakamaala	vruttamu	""	train	బలుపొడ తోలు చీరయును పాపసరుల్‌ గిలుపాడు కన్ను వె\nన్నేల తలఁ జేఁదు కుత్తుకయు నిండినవేలుపుటేఱు పల్గు పూ\nసలు గలఱేని లెంకవని 'జానుఁదెనుంగు'న విన్నవించెద\nన్‌ వలపు మదిన్‌ దలిర్ప బసవా! బసవా! బసవా! వృషాధిపా!	false	బలుపొడ తోలు చీరయును పాపసరుల్‌ గిలుపాడు కన్ను వె\nన్నెల తలఁ జేఁదు కుత్తుకయు నిండినవేలుపుటేఱు పల్గు పూ\nసలు గలఱేని లెంకవని 'జానుఁదెనుంగు'న విన్నవించెద\nన్‌ వలపు మదిన్‌ దలిర్ప బసవా! బసవా! బసవా! వృషాధిపా!	["seq"]	["seq"]	51	ె	ే	lengthen	1	0	న్నేల	true	1	0	21	U||	["న్నే","ల","త"]	pdy-r-01010		
pdy-vutpalamaala-0302	vutpalamaala	vruttamu	""	train	వేఁడిన మిండ జంగమము వెక్కసమందగఁ దత్సభాస్థలి\nన్నాఁడట నారి వల్వొలువ నైజపుమానము దూలకుండఁగాఁ\nబోఁడిమిఁ బట్టుపుట్టములు ప్రోవులు పెట్టిన పుణ్యమూర్తి ని\nవాఁడఁ జుమయ్య జియ్య బసవా! బసవా! బసవా! వృషాధిపా!	false	వేఁడిన మిండ జంగమము వెక్కసమందగఁ దత్సభాస్థలి\nన్నాఁడట నారి వల్వొలువ నైజపుమానము దూలకుండఁగాఁ\nబోఁడిమిఁ బట్టుపుట్టములు ప్రోవులు పెట్టిన పుణ్యమూర్తి నీ\nవాఁడఁ జుమయ్య జియ్య బసవా! బసవా! బసవా! వృషాధిపా!	["seq"]	["seq"]	142	ీ	ి	shorten	2	19	ని	true	2	6	58	||	["ర్తి","ని"]	pdy-r-01011		
pdy-vutpalamaala-0306	vutpalamaala	vruttamu	""	train	కర్ణవతంసమీక పెనఁగన్‌ సతిచెక్కిలి వ్రేయుడున్‌ మహా\nతూర్ణతఁజెంది జంగమము దో స్థలమెత్తి పసిండియాకు సం\nపూర్ణ నికృష్టభక్తి మెయిఁబొల్పుగ నిచ్చిన నిష్ప్రపంచ! నీ\nవర్ణమూ నేఁజుమయ్య బసవా! బసవా! బసవా! వృషాధిపా!	false	కర్ణవతంసమీక పెనఁగన్‌ సతిచెక్కిలి వ్రేయుడున్‌ మహా\nతూర్ణతఁజెంది జంగమము దో స్థలమెత్తి పసిండియాకు సం\nపూర్ణ నికృష్టభక్తి మెయిఁబొల్పుగ నిచ్చిన నిష్ప్రపంచ! నీ\nవర్ణము నేఁజుమయ్య బసవా! బసవా! బసవా! వృషాధిపా!	["seq"]	["seq"]	157	ు	ూ	lengthen	3	2	వర్ణమూ	false	3	0	60	U|U	["వ","ర్ణ","మూ"]	pdy-r-01012		
pdy-vutpalamaala-0309	vutpalamaala	vruttamu	""	dev	తంగెటిజున్ను, ముంగటి నీధానము, పండిన కల్పవల్లి, ముం\nగొంగున ముత్తియంబనఁగ, గూర్మి మనంబునఁ దొంగలింపగా\nజంగమకోటికర్చనలు సల్పుచునున్న యగణ్యపుణ్య! నీ\nవంగడమేఁ జుమయ్య బసవా! బసవా! బసవా! వృషాధిపా!	false	తంగెటిజున్ను, ముంగటి నిధానము, పండిన కల్పవల్లి, ముం\nగొంగున ముత్తియంబనఁగ, గూర్మి మనంబునఁ దొంగలింపగా\nజంగమకోటికర్చనలు సల్పుచునున్న యగణ్యపుణ్య! నీ\nవంగడమేఁ జుమయ్య బసవా! బసవా! బసవా! వృషాధిపా!	["seq"]	["seq"]	22	ి	ీ	lengthen	0	8	నీధానము	false	0	2	6	||U	["గ","టి","నీ"]	pdy-r-01013		
pdy-vutpalamaala-0311	vutpalamaala	vruttamu	""	dev	శంకదలిర్చ నెంతయు వెసన్‌ బరదైవ పతంగ కోట్లకు\nన్‌ బింకమూతోడ ఫాలతట భీమవిలోచన వహ్ని నేర్చు నా\nశంకరదాసి దేవునకు సద్భటుఁడంచు నుతించు నన్ను నీ\nవంకను ద్రిప్పుమయ్య బసవా! బసవా! బసవా! వృషాధిపా!	false	శంకదలిర్చ నెంతయు వెసన్‌ బరదైవ పతంగ కోట్లకు\nన్‌ బింకముతోడ ఫాలతట భీమవిలోచన వహ్ని నేర్చు నా\nశంకరదాసి దేవునకు సద్భటుఁడంచు నుతించు నన్ను నీ\nవంకను ద్రిప్పుమయ్య బసవా! బసవా! బసవా! వృషాధిపా!	["seq"]	["seq"]	52	ు	ూ	lengthen	1	2	బింకమూతోడ	false	1	0	20	U|U	["న్బిం","క","మూ"]	pdy-r-01014		
pdy-vutpalamaala-0318	vutpalamaala	vruttamu	""	test	బల్లిదుఁడై గణాధిపుల పాదజలంబులు కట్టెమోపుపైఁ\nజల్లికడాని గావుడును జంగమకోటికిఁ బంచి యిచ్చుచు\nన్‌ మొల్లపు భక్తిఁ బేర్కొనిన మోళిగ మారయ కూర్మిబంట! మ\nద్వల్లభ! నీవె దిక్కు బసవా! బసవా! బసవా! వృషాధిపా!	true	బల్లిదుఁడై గణాధిపుల పాదజలంబులు కట్టెమోపుపైఁ\nజల్లికడాని గావుడును జంగమకోటికిఁ బంచి యిచ్చుచు\nన్‌ మొల్లపు భక్తిఁ బేర్కొనిన మోళిగ మారయ కూర్మిబంట! మ\nద్వల్లభ! నీవె దిక్కు బసవా! బసవా! బసవా! వృషాధిపా!	[]	[]														pdy-r-01015		
pdy-vutpalamaala-0327	vutpalamaala	vruttamu	""	train	దండితవాదియై శివుఁడ దైవముగా కని కన్నూలిచ్చి తా\nనిండు మనంబుతో నిలువు నిద్దపుఁగన్నులు దాల్చి పొల్చు మా\nపండిత మల్లికార్జునుఁడు ప్రస్తుతి సేయఁగ నేర్చు నిన్ను నె\nవ్వండు నుతింప నేర్చు బసవా! బసవా! బసవా! వృషాధిపా!	false	దండితవాదియై శివుఁడ దైవముగా కని కన్నులిచ్చి తా\nనిండు మనంబుతో నిలువు నిద్దపుఁగన్నులు దాల్చి పొల్చు మా\nపండిత మల్లికార్జునుఁడు ప్రస్తుతి సేయఁగ నేర్చు నిన్ను నె\nవ్వండు నుతింప నేర్చు బసవా! బసవా! బసవా! వృషాధిపా!	["seq"]	["seq"]	35	ు	ూ	lengthen	0	16	కన్నూలిచ్చి	false	0	5	15	UUU	["క","న్నూ","లి"]	pdy-r-01016		
pdy-champakamaala-0386	champakamaala	vruttamu	""	train	వసుమతిఁ బేరుకొన్న నరువత్తురు మువ్వురి కూర్మిబంట! షో\nడసుల సుతుండ! తేరసుల దక్కిన భృత్యుఁడ! వీరలాది గా\nనెసగు మహానుభావులకు నెల్ల ననర్గళమైన భక్తిన\nన్‌ వసిగొని ప్రోవుమయ్య బసవా! బసవా! బసవా! వృషాధిపా!	true	వసుమతిఁ బేరుకొన్న నరువత్తురు మువ్వురి కూర్మిబంట! షో\nడసుల సుతుండ! తేరసుల దక్కిన భృత్యుఁడ! వీరలాది గా\nనెసగు మహానుభావులకు నెల్ల ననర్గళమైన భక్తిన\nన్‌ వసిగొని ప్రోవుమయ్య బసవా! బసవా! బసవా! వృషాధిపా!	[]	[]														pdy-r-01017		
pdy-vutpalamaala-0328	vutpalamaala	vruttamu	""	train	నా యొడయండ! నా వీభుఁడ! నా హృదయేశ్వర! నా మనోరమా!\nనా యిలవేల్ప! నా వరుఁడ! నా గురులింగమ! నాదు జంగమా!\nనా యదినాథ! నా వరద! నన్నుఁ గృపామతిఁ బ్రోవుమయ్య దే\nవా యమిబృందవంద్య! బసవా! బసవా! బసవా! వృషాధిపా!	false	నా యొడయండ! నా విభుఁడ! నా హృదయేశ్వర! నా మనోరమా!\nనా యిలవేల్ప! నా వరుఁడ! నా గురులింగమ! నాదు జంగమా!\nనా యదినాథ! నా వరద! నన్నుఁ గృపామతిఁ బ్రోవుమయ్య దే\nవా యమిబృందవంద్య! బసవా! బసవా! బసవా! వృషాధిపా!	["seq"]	["seq"]	15	ి	ీ	lengthen	0	6	వీభుఁడ	false	0	2	6	U||	["వీ","భు","డ"]	pdy-r-01018		
