padyam_id	meter	meter_class	satakam	split	text	gold_valid	violated	violated_raw	edit.pos	edit.old	edit.new	edit.direction	edit.line	edit.akshara	edit.word	edit.attested	violation.paada	violation.gana	violation.akshara	violation.observed	violation.aksharas	id	edit	violation
pdy-seesamu-0005	seesamu	upajaathi	""	test	శ్రీకాకూళము భక్తలోక చింతామణి- శ్రీకాకుళము సుకృతాకరంబు\nశ్రీకాకుళము ధరాలోక వైకుంఠంబు- శ్రీకాకుళము మర్త్యసేవితంబు\nశ్రీకాకుళము వేదసిద్ధాంత మహిమంబు- శ్రీకాకుళము హతవ్యాకులంబు\nశ్రీకాకుళము మహాక్షేత్రావతంసంబు- శ్రీకాకుళము సర్వసిద్ధికరము	false	["card","seq"]	["card","corr","seq"]	7	ు	ూ	lengthen	0	2	శ్రీకాకూళము	false	0	0	0	UUU|	["శ్రీ","కా","కూ","ళ"]	pdy-v-00000		
pdy-seesamu-0008	seesamu	upajaathi	""	test	వరమిచ్చినట్టి శంకరుని కెగ్గు దలంచు- భస్మాసురుని పేరుఁ బాపినావు\nతనయిల్లుఁ గాచు నుగ్రుని బోరుటకూఁ బిల్చు- బాణుచేతులు తెగఁ బఱికినావు\nతొలుమిన్కు లజుని మ్రుచ్చిలి గొన్న సోమకుఁ- జంపి విద్యలు ధాత కంపినావు\nబలిమి దైత్యులు సుధాకలశము న్గొన వారి- వంచించి సురలకుఁ బంచినావు	false	["seq"]	["seq"]	93	ు	ూ	lengthen	1	12	బోరుటకూఁ	false	2	3	37	|UU|	["ట","కూ","బి","ల్చు"]	pdy-v-00001		
pdy-seesamu-0013	seesamu	upajaathi	""	train	మానితంబుగ గరుత్మద్ధ్వజారోహణం- బెప్పుడొనర్తువో చెప్పుమయ్య!\nగరిమతో నీ తిరుక్కల్యాణసంభ్రమం- బెప్పు డెప్పుడొ వేగ చెప్పు మయ్య\nరమతో మహోన్నతరథ మెక్కి తిరువీథు- లెప్పు డేతెంతువో చెప్పు మయ్య\nధరణి నభ్యాగతదాన ప్రజాబృంద- మెప్పుడు బలియునో చెప్పు మయ్య	true	[]	[]														pdy-v-00002		
pdy-seesamu-0018	seesamu	upajaathi	""	train	అబ్బుకో గలవొ కాయక్లేశ మొనరించుఁ- దేవాసురు లటుండ దివ్యరమను\nదోచుకోఁ గలవొ చే సాచీ లోకము లాచి- బలిమహాదాత వైభవము లెల్ల\nరాఁ దీయఁగలవొ సత్రాజిత్తుఁ డీకున్న- మణిశమంతక మొక మమతఁ గొల్పి\nనాటించఁ గలవొ సన్న కసన్ననె వనంబు- పెట్టు మ్రాన్పెకలించి పెరటిలోనఁ	false	["seq"]	["corr","seq"]	77	ి	ీ	lengthen	1	8	సాచీ	false	2	2	33	UUU|	["సా","చీ","లో","క"]	pdy-v-00003		
pdy-seesamu-0020	seesamu	upajaathi	""	train	కన్నవారల మున్ను గారాగృహంబున- విడిచి పాఱితివి నీ కడిమి యేమి?\nపగవాఁడు పురిటిలోఁ బట్టి నెత్తుకపోవఁ- దమకించుచున్న నీ ధైర్య మేమి?\nముద్దుమన్మని గోప్యముగ నొండు బంధింపఁ- దెలియన ట్లున్న నీ తెగువ యేమి?\nవైరిధాటికి నోడి వనధి మధ్యమునందు- నిలు గట్టుకొన్న నీ బలిమి యేమి?	true	[]	[]														pdy-v-00004		
pdy-seesamu-0022	seesamu	upajaathi	""	train	విమతభూపతు లెట్లు విముఖులై పాఱిరో- రాజపీఠం బెక్కరాని నీకు\nకుంభినీధవు లెట్లు కూఁతుండ్ర నిచ్చిరో- కుల మొల్లకయె నీకు గోపకునకు\nసుందరీమణు లెట్లు చూచి మోహించిరో- క ప్పగు మైచాయ గలుగునీకు\nదాసజనం బెట్లు దాస్యంబు సలిపిరో- తిరియువానిని మారు తిరియు నీకు	true	[]	[]														pdy-v-00005		
pdy-seesamu-0025	seesamu	upajaathi	""	dev	వ్రేపల్లెలో గొల్లవెలఁదులు గొట్ట రా- దొడిదొడి యిల్లిల్లుఁ దూఱలేదొ\nరాసకేళికయందు రమణులా యెందఱో- చుట్టి పట్టినఁ బాఱఁ జూడలేదొ\nపదియాఱు వెల గోపకుమారికలు తేరి- పాఱఁ జూచిన మతి బ్రమయలేదొ\nప్రణయవాదంబున భార్య లా యెనమండ్రు- గసరివేసినఁ గూర్మిఁ గొసరలేదొ	false	["seq"]	["corr","seq"]	130	ే	ె	shorten	2	4	వెల	true	4	2	57	|U||	["కు","మా","రి","క"]	pdy-v-00006		
pdy-seesamu-0031	seesamu	upajaathi	""	test	దూడలలోఁ బెరదుడ మేయఁగఁజూచి- యట్టె పట్టుక చావఁగొట్టవలెనె\nపొడవ రా వేగ నాబోఁతుకొమ్ములు పట్టి- విడువక దానిపే రుడుపవలెనె\nముక్కుతోఁ జెనకిన కొక్కెరాయనిఁ బట్టి- వెర వొప్పఁగా మెడ విఱువవలెనె\nతన్నుఁ బో తని మృగాధమ మంచు నెంచక- తొడరి గార్ధభమును ద్రుంపవలెనె	false	["seq"]	["corr","seq"]	12	ూ	ు	shorten	0	6	బెరదుడ	false	0	3	10	|U|U	["గ","జూ","చి","య"]	pdy-v-00007		
pdy-seesamu-0035	seesamu	upajaathi	""	train	రాజు లెవ్వరుఁ బఙ్క్తిభోజన మిడకున్న- దాసునింట భుజించి తనియలేదొ?\nబంధువు లెవ్వరు గంధ మీ కుండిన- మువ్వంకలది పూయ మురియలేదొ?\nదొర లెవ్వరును బూలసరము లీకుండినఁ- దెలిసి మాలికుఁ డీగ నలరలేదొ?\nప్రభువు లెవ్వరు వస్త్రబహుమాన మీ కున్నఁ- దెచ్చి యిచ్చిన చాకీ మెచ్చలేదొ?	false	["seq"]	["seq"]	238	ి	ీ	lengthen	3	21	చాకీ	false	7	1	96	||UU	["చ్చి","న","చా","కీ"]	pdy-v-00008		
pdy-seesamu-0038	seesamu	upajaathi	""	train	బొచ్చెచేఁపకు నైన మచ్చరం బున్నది- తాఁబేటి కైన సత్త్వంబు గలదు\nడీకొన్న నడవిపందికిఁ గల్గు రోసంబు- తెరనోటినరుఁడైనఁ దెగువ సేయుఁ\nబొట్టీవానికి నైన దిట్టతనం బుండు- బాపని కైన దర్పంబు గలదు\nచుంచురాజున కైన శూరత్వ మున్నది- ముసలికి నైనఁ జేపుష్టి గలదు	false	["seq"]	["corr","seq"]	127	ి	ీ	lengthen	2	1	బొట్టీవానికి	false	4	0	51	UUU|	["బొ","ట్టీ","వా","ని"]	pdy-v-00009		
pdy-seesamu-0040	seesamu	upajaathi	""	dev	పూతనాకుచకుంభపూర్ణ విషస్తన్య- పాయివై బ్రదికిన భాగ్య మేమి?\nకాళియాశీవిషగ్రసన ప్రమాదంబు గడచి జీవించిన ఘనత యేమి?\nచాణూరమల్లదో స్తంభ ఘట్టన కోర్చి- లబ్ధజయుఁడ వైన లాభ మేమి?\nసాళ్వరాజామోఘ శక్తిప్రయోగంబు- మరలించుకొనిన సామర్ధ్యమేమి?	true	[]	[]														pdy-v-00010		
pdy-seesamu-0042	seesamu	upajaathi	""	dev	కడు దొంగతనమునఁ గని తల్లి వైచినఁ- దనబిడ్డనిగ బెంచె నిను యశోద\nజనని గర్భము దించుకొనిన వేఱొకతల్లి- కడుపుఁ జేసికొనంగ గలిగెనన్న\nతండ్రి వివాహయత్నము సేయ నొల్లక- తగులుక వచ్చె నీ ధర్మపత్ని\nయన్న రారాజు కీనున్న నీసోదరి- యింటికి జోగిరా నంటుకొనియె	true	[]	[]														pdy-v-00011		
pdy-seesamu-0043	seesamu	upajaathi	""	train	పక్షంబు గల దండ్రు పాండుపుత్రులయందు- పాండవుల్‌ పడినట్టి పాటులేమి!\nపూర్వజన్మమునందుఁ బూజించె గజ మండ్రు- గజరాజు పొందిన గాసి యేమీ!\nయల కుచేలునకు బాల్యస్నేహితుఁడ వండ్రు- నెఱిఁ గుచేలుఁడు పడ్డనెవ్వ లేమి!\nప్రహ్లాదుఁ డాజన్మభక్తియుక్తుం డండ్రు- ప్రహ్లాదుఁ డొందిన బాధ లేమి!	false	["seq"]	["corr","seq"]	123	ి	ీ	lengthen	1	24	యేమీ	true	3	3	48	UU|	["యే","మీ","య"]	pdy-v-00012		
pdy-seesamu-0049	seesamu	upajaathi	""	dev	నమ్ముదు రేరీతి నారదు నాత్మజు- మానిని జేసిన మాయవానిఁ?\nదలఁతు రేరీతి నల్‌దలలదయము నోలి- బొడ్డుదమ్మినిఁ గన్న పురుషమణిని?\nభూషింతు రేరీతి పుష్పబాణవిరోధి- విషయభ్రమితుఁ జేయు వేసగానీ?\nభాషింతు రేరీతి బ్రహ్మాదిమశకప- ర్యంతంబు గలిగిన వింతవాని?	false	["seq"]	["corr","seq"]	171	ి	ీ	lengthen	2	24	వేసగానీ	false	5	3	73	UUU	["గా","నీ","భా"]	pdy-v-00013		
pdy-seesamu-0059	seesamu	upajaathi	""	train	కొనముట్ట హెచ్చుతగ్గుల ప్రాతఁసుద్దుల- తాతపుస్తక మొకఁ డాతతాయి\nమ్రుచ్చిలి నీటిలోఁ జొచ్చి డాఁగిన వాని- పావన మేమి వెంబడిగఁ బెద్ద\nకోఱమీనంబవై యాఱొండుసంద్రము- ల్నిముసంబులో నీఁది నెమకి వాని\nడొక్క వ్రక్కలుగాఁ గఱుక్కున బరిఁ గోసి- కడ లేనినుడువు లెక్కటికి నోట	true	[]	[]														pdy-v-00014		
pdy-seesamu-0061	seesamu	upajaathi	""	train	ఉక్కునఁ బసిఁడికన్‌ రక్కసుఁ డొకఁడు ప- ల్దిక్కు లోరిచి బొల్లిపక్కి మావు\nనెక్కు రౌ తెక్కడఁ జిక్కెడు నంచు నీ- యిక్కువ లరయంగఁ గిక్కురించి\nనక్కితి విలక్రిందఁ జొక్కపుఁ బంది వై- కొక్కరింపుచు నాతఁ డక్కడికినీ\nమొక్కరింపఁగఁ జొరఁ బొక్కతే కట వాని- డొక్కగఱుక్కునఁ జెక్కిపట్టి	false	["seq"]	["seq"]	197	ి	ీ	lengthen	2	24	డక్కడికినీ	false	5	3	70	||U	["డి","కి","నీ"]	pdy-v-00015		
pdy-seesamu-0066	seesamu	upajaathi	""	train	ధర్మవిఘాత మిద్ధర నీ వొనర్చిన- మూఁడులోకంబులు మ్రోసె నపుడె\nజనకునికూఁతు నిచ్చను బెండ్లి యాడంగ- నరనాథకోటులు నవ్వి రపుడె\nపుణ్యజనంబులఁ బోరి బాధింపంగ- సుర లద్భుతము నొంది చూచి రపుడె\nసంతతాశ్రిత విభీషణు రాజుఁ జేయంగ- నల రవీంద్రులు సాక్షి నిలిచి రపుడె	true	[]	[]														pdy-v-00016		
pdy-seesamu-0070	seesamu	upajaathi	""	test	కులగురుద్వేషి నొజ్జలుగ పెన్కొని కాచి- నిష్ఠురమంత్రము ల్నేర్చినావు\nపూర్వదేవతలు కాపుర మున్నపురియందు- వంచించి యగ్గిఁ బెట్టించినావు\nతాతలతరమునఁ ద్రవ్వించినపయోధీ- పేరుగాఁ గొంత పూడ్పించినావు\nమోస మౌ టెఱుఁగక మోహించి వచ్చిన- యెలనాగముక్కుఁ గోయించినావు	false	["seq"]	["seq"]	154	ి	ీ	lengthen	2	13	ద్రవ్వించినపయోధీ	false	4	3	60	||UU	["న","ప","యో","ధీ"]	pdy-v-00017		
pdy-seesamu-0073	seesamu	upajaathi	""	dev	నీపేరు వినుటకే యోపక చెవిఁ గంట- గట్టుకున్నాతనిఁ గావ నేమి?\nకలన నీతోఁ గత్తిఁ గట్టుక పోరాడు- వాని సోదరుని బ్రోవఁగ బ నేమి?\nబాధింపఁ దగు మహాపాత కుండటుచేరి నీవాఁడ నంటె మన్నింప నేమి?\nమాయవేసముల నీ మర్మ మారయుచున్న- విమత ధూతల బట్టి విడువ నేమి?	true	[]	[]														pdy-v-00018		
pdy-seesamu-0090	seesamu	upajaathi	""	train	సకల వర్ణంబులు సంకరంబులు జేసి- యఖిల ధర్మములు శూన్యములు సేసి\nభూతలంబును బాపభూయిష్ఠముగఁ సేసి-పరగఁ బ్రపంచంబు భ్రష్టు సేసి\nకలి విజృంభించిన కడపటనా నీవు- తురగవాహనుఁడ వై దోర్విరాజి\nఖడ్గచంచద్ధారఁ గలుషాత్ముల వధించి- శిష్టసంరక్షణ సేయు టెల్ల	true	[]	[]														pdy-v-00019		
pdy-seesamu-0098	seesamu	upajaathi	""	train	కైలాస మేరు సంకాశ నాగాశన- స్కంధంబుపై రథోత్సవము గల్గఁ\nజందనమందార సంతానకల్పక- వనముల మృగయోత్సవమ్ము గల్గ\nరంగత్పయఃపయోరాశి వీచికలపై- వర్ణింప డోలోత్సవంబు గల్గ\nబహుఫణారత్న శుంభద్భుజంగమ భోగ- వసతిఁ బర్యంకోత్సవంబు గల్గ	true	[]	[]														pdy-v-00020		
pdy-seesamu-0103	seesamu	upajaathi	""	train	పూర్వకవీంద్రులు పుణ్యఫలం బేమి- సాక్షాత్కరించి యస్మత్పరంబు\nగా గద్యపద్యముల్‌ గల్పించు మనిన వే- వర మొసంగితి వండ్రు వాంఛఁ జేసి\nనేర్చి నట్లూగఁ గూర్చి నేఁటి కవిత్వంబు- నీకంకితముఁ జేసి నెనరు దోఁపఁ\nజేదోయి యొగ్గిన శ్రీపాదరజ మింత- నామీఁదఁ బాఱ నీ వేమి సామి	false	["seq"]	["corr","seq"]	134	ు	ూ	lengthen	2	3	నట్లూగఁ	false	4	2	53	|U||	["ర్చి","నే","టి","క"]	pdy-v-00021		
pdy-seesamu-0104	seesamu	upajaathi	""	train	కావ్యదోషము లెఱుంగని మత్కవిత్వంబు- విద్వన్నుతంబుఁ గావించినావు\nబహిరంత రింద్రియ పరిశుద్ధి లేని నా- తలఁపులోపల వచ్చి నిలచినావు\nపుణ్యకర్మ మొకింత పూని సేయని నన్నూఁ- బెద్దలచేత మెప్పించినావు\nపురుషప్రయత్నంబు గురు తెఱుంగని నన్ను- భుక్తి గల్గఁగ జేసి ప్రోచినావు	false	["seq"]	["seq"]	154	ు	ూ	lengthen	2	13	నన్నూఁ	false	4	3	61	||UU	["య","ని","న","న్నూ"]	pdy-v-00022		
pdy-saardulamu-0004	saardulamu	vruttamu	""	test	వింతల్‍గాఁ గడు మీకు సత్కృతూలు గావింతున్ దుషారాద్రిజా-\nకాంతాక్రాంతజటాంతరాళవిలుఠద్గంగాతరంగచ్ఛటో-\nత్క్రాంతాత్యంత ఝళంఝళన్నినద రంగద్ధాటి మీఱంగ సా-\nమంతా! సంతతశాంతిమంత! జయరామా! భక్తమందారమా!	false	["seq"]	["seq"]	26	ు	ూ	lengthen	0	9	సత్కృతూలు	false	0	3	9	U|U	["తూ","లు","గా"]	pdy-v-00023		
pdy-saardulamu-0006	saardulamu	vruttamu	""	train	నిక్కంబారయఁ దావకాంఘ్రివిలసన్నీరేరుహద్వంద్వమే\nదిక్కెల్లప్పుడు మాకటంచు మదినెంతే వేడ్క భావించెద\nన్ జిక్కుల్ పన్నక నమ్మికిచ్చి సరగం జేపట్టి రక్షింపు స-\nమ్యక్కారుణ్యకటాక్షవీక్ష నను రామా! భక్తమందారమా!	true	[]	[]														pdy-v-00024		
pdy-mattebhamu-0023	mattebhamu	vruttamu	""	train	అరిషడ్వర్గముఁ బాఱఁద్రోలి సకలవ్యామోహముల్ వీడి సు-\nస్థిరయోగాంతరదృష్టి మీ చరణముల్ సేవించు పుణ్యాత్మకు\nల్ వరవైకుంఠపురాంతరాళమున భాస్వల్లీలలన్ ముక్తి తా-\nమరసాక్షీరతికేలిఁ జొక్కుదురు రామా! భక్తమందారమా!	true	[]	[]														pdy-v-00025		
pdy-mattebhamu-0026	mattebhamu	vruttamu	""	train	మొదలంజేసిన పుణ్యపాపములు సన్మోదాతిఖేదంబులై\nయదన న్వచ్చి భుజింపఁ బాలుపడు నాహా! యెవ్వరి న్వేఁడిన\nన్వదలంజాల వవెన్నీచందములఁ దా వారింపఁ జింతించిన\nన్ మదనారాతికినైనఁ దథ్యమిది రామా! భక్తమందారమా!	false	["seq"]	["seq"]	109	ి	ీ	lengthen	2	7	వవెన్నీచందములఁ	false	2	2	46	UUU	["వె","న్నీ","చం"]	pdy-v-00026		
pdy-mattebhamu-0030	mattebhamu	vruttamu	""	train	నిను భక్తిన్ భజియించినన్ గురువుల న్నిత్యంబు సేవించిన\nన్ ధనవంతుండయి గర్వదూరుఁడగుచున్ ధర్మంబు గావించిన\nన్ జనతామోదకపద్ధతి న్మెలఁగినన్ జారుండు గాకుండిన\nన్ మనుజుం డారయ దేవుఁ డిమ్మహిని రామా! భక్తమందారమా!	true	[]	[]														pdy-v-00027		
pdy-mattebhamu-0033	mattebhamu	vruttamu	""	train	వృషలీభర్తయు దేవలుండు నటుఁడున్ వేదాభిశస్తుండూ మా-\nహిషికుం డగ్నిద కుండగోళకులునున్ హింసాపరస్వాంతుడు\nన్ విషదుండుం గొఱగాఁడు పంక్తి కెపుడుర్విన్ భక్తసంఘాతక-\nల్మషమత్తద్విరదౌఘ పంచముఖరామా! భక్తమందారమా!	false	["seq"]	["seq"]	43	ు	ూ	lengthen	0	18	వేదాభిశస్తుండూ	false	0	6	18	UU	["డూ","మా"]	pdy-v-00028		
pdy-saardulamu-0019	saardulamu	vruttamu	""	train	దీనత్వంబునఁ గూడులేక చేడి యెంతే భైక్ష్యముల్ గొంచు ల-\nజ్జానామంబులు లేకయుంబు బలురాజన్యుండు చేపట్టి దా\nనానావస్తువులిచ్చి వైభవమిడన్ న్యాయజ్ఞుఁడై వాఁడిల\nన్ మానం జాలునె తొంటినీచగతి రామా! భక్తమందారమా!	false	["seq"]	["seq"]	21	ె	ే	lengthen	0	9	చేడి	false	0	3	9	U|U	["చే","డి","యెం"]	pdy-v-00029		
pdy-saardulamu-0021	saardulamu	vruttamu	""	train	పద్యంబేల పిసిండి? కీప్సితము దీర్పన్ లేని జేజేకు నై-\nవేద్యంబేల? పదార్థచోరూనకు నుర్విన్ వేదవేదాంతస-\nద్విద్యాభ్యాసకబుద్ధియేల? మది భావింపంగ నెల్లప్పుడు\nన్ మద్యం బానెడువానికేల సుధ? రామా! భక్తమందారమా!	false	["seq"]	["seq"]	72	ు	ూ	lengthen	1	8	పదార్థచోరూనకు	false	1	2	25	|UU	["ర్థ","చో","రూ"]	pdy-v-00030		
pdy-mattebhamu-0041	mattebhamu	vruttamu	""	train	కుజనున్ ధర్మతనూజుఁడంచు నతిమూర్ఖున్ భోజరాజంచు ఘో-\nరజరాభారకురూపకారిని రమారామాకుమారుండటం-\nచు జడత్వంబున వేఁడి కాకవులు కాసుం గానరెన్నంగ సా-\nమజరాజోగ్రవిపద్దశాపహర! రామా! భక్తమందారమా!	true	[]	[]														pdy-v-00031		
pdy-mattebhamu-0045	mattebhamu	vruttamu	""	test	సరసుం డాతఁడు పెద్ద యాతఁడు మహాసౌందర్యవంతుం డతం\nడరిహృద్భీకరశౌర్యధుర్యుఁ డతఁ డుద్యద్దానకర్ణుం డతం\nడురుగోత్రోద్భవుఁ డాత డెవ్వడిల నుద్యోగార్థసంపన్నుఁడౌ\nమరుదీశోపలనీలమూర్తి ధర! రామా! భక్తమందారమా!	true	[]	[]														pdy-v-00032		
pdy-mattebhamu-0057	mattebhamu	vruttamu	""	train	అతికష్టం బొనరించి భూమిజనుఁ డత్యాసక్తి విత్తంబు వి-\nస్తృతభంగిం గడియింపఁగా నెఱిఁగి ధాత్రీకాంతు లుద్దండప-\nద్ధతి వానిం గొనిపోయి కొట్టి మిగులం దండించి యా సొమ్ము స-\nమ్మతిఁ గైకొండ్రు మఱెంత నిర్దయూలొ రామా! భక్తమందారమా!	false	["seq"]	["seq"]	188	ు	ూ	lengthen	3	10	నిర్దయూలొ	false	3	3	69	|U|	["ర్ద","యూ","లొ"]	pdy-v-00033		
pdy-mattebhamu-0072	mattebhamu	vruttamu	""	train	జయ! నారాయణ! భక్తవత్సల! హరే! శౌరే! జగన్నాయకా\nజయ! సీతాహృదయేశ! శేషశయనా! శశ్వద్దయాసాగరా!\nజయ! పీతాంబర! రామచంద్ర! జలదశ్యామాంగ! విష్ణో! నిరా-\nమయ! లీలామనుజావతారధర! రామా! భక్తమందారమా!	true	[]	[]														pdy-v-00034		
pdy-mattebhamu-0094	mattebhamu	vruttamu	""	train	కిరిహంసాకృతులూని వెన్నుఁడును బంకేజాతగర్భుండు నీ\nచరణంబుల్ శిరము న్గనం దలఁచి నిచ్చల్భోగిలోకంబు పు-\nష్కరమార్గంబును రోసి కానక నిరాశం జెందుచో వారలం\nగరుణం బ్రోవవె లింగమూర్తివయి! భర్గా! పార్వతీవల్లభా!	true	[]	[]														pdy-v-00035		
pdy-mattebhamu-0108	mattebhamu	vruttamu	""	train	తలపోయన్ దిలజాలకాంతరమహాతైలంబు చందానఁ బు-\nసలలో దారము పోల్కి నాత్మమయతన్ సర్వాంతరస్థాయివై\nవిలసల్లీలల నిండియుండుకొను నిన్వీక్షంపఁగా నేర్చువా-\nరలె ధన్యుల్ గద ముజ్జగంబులను భర్గా! పార్వతీవల్లభా!	false	["seq"]	["seq"]	37	ూ	ు	shorten	0	19	బు	true	0	6	18	||	["న","బు"]	pdy-v-00036		
pdy-saardulamu-0043	saardulamu	vruttamu	""	train	ఆకుల్ మెక్కదె మేఁక? చెట్టుకొననొయ్యన్ వ్రేలదే పక్షి? పె-\nన్గాకుల్ గ్రుంకవె నీట? గాలిఁ గొనదే నాగంబు? బల్గొందుల\nన్ ఘూకం బుండదె? కోనలం దిరుగదే క్రోడంబు? నిన్గాంచిన\nన్ గాకిన్నింటను ముక్తి చేకుఱునె? భర్గా! పార్వతీవల్లభా!	true	[]	[]														pdy-v-00037		
pdy-mattebhamu-0112	mattebhamu	vruttamu	""	test	తరుణీశుంభదురోజకుంభములపై ధమ్మిల్లబంధంబుపైఁ\nగరమూలంబులపైఁ గపోలములపైఁ గందోయిపై మోముపై\nనిరతంబున్ విహరించు చిత్త మెపుడున్ నీయందొకప్డేనిఁ జే-\nర్పరుగా మూఢు లదేమిదుష్కృతమొ? భర్గా! పార్వతీవల్లభా!	true	[]	[]														pdy-v-00038		
pdy-mattebhamu-0114	mattebhamu	vruttamu	""	test	హరి దైవంబు విరించి సర్వభువనాధ్యక్షుండు బృందారకే-\nశ్వరుఁడాఢ్యుండు హుతాశనుండు పతి భాస్వంతుండు వేల్పండ్రు లో\nనరయ న్నేరరూగా ‘శివాత్పరతరం నాస్తీ’తివాక్యార్థ మే-\nకరణిం గోవిదులైరొ కాని మఱి! భర్గా! పార్వతీవల్లభా!	false	["seq"]	["seq"]	116	ు	ూ	lengthen	2	5	న్నేరరూగా	false	2	1	43	U|U	["న్నే","ర","రూ"]	pdy-v-00039		
pdy-mattebhamu-0116	mattebhamu	vruttamu	""	test	మిము సేవించుటచేతఁ గాదె చిరలక్ష్మీసంగతుల్ శౌరికి\nన్ నముచిద్వేషికి శాశ్వతస్థితమహానాకాధిపత్యంబు వా-\nగ్రమణీభర్త కశేషసృష్టిరచనాప్రావీణ్యమున్ గల్గె నీ\nక్రమ మజ్ఞుల్ గనలేరు గాని భువి భర్గా! పార్వతీవల్లభా!	true	[]	[]														pdy-v-00040		
pdy-mattebhamu-0123	mattebhamu	vruttamu	""	dev	ప్రజలం గాఱియఁబెట్టి పెట్టియల నర్థంబెప్పుడు న్నించుచు\nన్ ద్విజవిద్వత్కవివందిగాయకుల కేదే నొక్కటీలేక య-\nక్కజమొప్పం బలుమూలలం దిరుగు భూకాంతాంళికిం గీర్తిధ-\nర్మజయౌద్ధత్యము లేక్రియం గలుగు? భర్గా! పార్వతీవల్లభా!	true	[]	[]														pdy-v-00041		
pdy-mattebhamu-0126	mattebhamu	vruttamu	""	train	అకటా! జుత్తెఁడు పొట్టకై కృపణమర్త్యాధీశగేహాంగణా-\nవకరక్షోణిరజశ్ఛటావిరతసంవ్యాప్తాంగులై క్రుంగి నె-\nమ్మొకముల్ వెల్వెలఁబాఱ వ్రేలు దురదేమో యెందులం బోవనే-\nరక ధీమజ్జను లెంతబేలలొకొ! భర్గా! పార్వతీవల్లభా!	true	[]	[]														pdy-v-00042		
pdy-mattebhamu-0135	mattebhamu	vruttamu	""	dev	తులువ ల్పెట్ట భుజింపలేక ధనమెంతో నెమ్మదిం గూర్చి మూ-\nలల దట్టంబుగఁ బాఁతుకొన్న నృపతు ల్వాలెంబు నిర్మొహులై\nపలుచందంబులఁ గట్టి కొట్టి మిగుల న్బాధించి రోధించుచుం\nగల సొమ్మెల్ల హరించుచుండ్రు గద! భర్గా! పార్వతీవల్లభా!	false	["seq"]	["seq"]	97	ో	ొ	shorten	1	17	నిర్మొహులై	false	1	5	35	|U|	["బు","ని","ర్మొ"]	pdy-v-00043		
pdy-saardulamu-0056	saardulamu	vruttamu	""	dev	లోకానీకమునందు దుర్గుణులు కల్ముల్ గల్గియున్నప్డు ప-\nల్గాకుల్ దార్కొని మెల్లమెల్లనె దురాలాపంబులం గేరుచుం\nగైకొం డ్రెల్లపదార్థము ల్నిజమహో కార్కూఁతలం గ్రోల్చుచు-\nన్గాకు ల్వేములఁ జేరు చందమున భర్గా! పార్వతీవల్లభా!	true	[]	[]														pdy-v-00044		
pdy-saardulamu-0057	saardulamu	vruttamu	""	dev	పో! పొ! బాఁపఁడ! దోసె డూదలిడినం బోలేక పేరాసల-\nన్వాపోఁ జాగితివేమి! నీ సదువు తిర్నామంబులో! సుద్దులో\nభూపాళంబులొ లంకసత్తెలొ బలా బొల్ల్యావుపోట్లాటలో\nకా! పాటింపనటండ్రు బాలిశులు భర్గా! పార్వతీవల్లభా!	false	["seq"]	["seq"]	5	ో	ొ	shorten	0	1	పొ	true	0	0	0	U|U	["పో","పొ","బా"]	pdy-v-00045		
pdy-mattebhamu-0141	mattebhamu	vruttamu	""	test	ధరలో నెన్నఁగ శాలివాహనశకాబ్దంబు ల్దగ న్యామినీ-\nకరబాణాంగశశాంకసంఖ్యఁ జెలువై కన్పట్టు (సౌమ్యా)హ్వ- య\nస్ఫురదబ్దంబున నిమ్మహాశతక మేఁ బూర్ణంబు గావించి శ్రీ-\nకరలీల న్బుధులెన్న నీకిడితి భర్గా! పార్వతీవల్లభా!	true	[]	[]														pdy-v-00046		
pdy-champakamaala-0006	champakamaala	vruttamu	""	test	అవనివిభుండు నేరుపరియై చరియించినఁ గొల్చువార లె\nట్లవగుణు లైననేమి? పనులన్నియుఁ జేకుఱు వారిచేతనే;\nప్రవీమలనీతిశాలి యగు రాముని కార్యము మర్కటంబులే\nతవిలి యొనర్పవే జలధి దాఁటి సురారులఁ ద్రుంచి భాస్కరా!	false	["seq"]	["seq"]	98	ి	ీ	lengthen	2	1	ప్రవీమలనీతిశాలి	false	2	0	42	|U|	["ప్ర","వీ","మ"]	pdy-v-00047		
pdy-vutpalamaala-0005	vutpalamaala	vruttamu	""	train	ఆరయ నెంత నేరుపరియై చరియించిన వాని దాపున\nన్న్‌ గౌరవమొప్పఁగూర్చు నుపకారి మనుష్యుఁడు లేక మేలు చే\nకూరదదెట్లు; హత్తుగడ గూడునె; చూడఁ బదాఱువన్నె బం\nగారములోన నైన వెలిగారము కూడక యున్న భాస్కరా!	true	[]	[]														pdy-v-00048		
pdy-vutpalamaala-0017	vutpalamaala	vruttamu	""	dev	కట్టడ దప్పి తాము చెడు కార్యముఁ జేయుచు నుండిరేని దోఁ\nబుట్టిన వారినైన విడిపోవుట కార్యము; దౌర్మదాంధ్యముం\nదొట్టిన రావణాసురునితో నెడఁబాసి విభీషణాఖ్యుఁ డా\nపట్టున రాముఁ జేరి చిరపట్టము గట్టుకొనండె భాస్కరా!	true	[]	[]														pdy-v-00049		
pdy-vutpalamaala-0019	vutpalamaala	vruttamu	""	test	కట్టడ లేని కాలమున గాదు శుభం బొరులెంతవారు చె\nపట్టిననైన మర్త్యునకు భాగ్యము రాదనుటెల్లఁ గల్లకా\nదెట్టని పల్కినన్‌; దశరథేశ వసిష్ఠులు రామమూర్తికి\nన్‌ బట్టము కట్టఁ గోరి రది పాయక చేకుఱెనోటు భాస్కరా!	false	["seq"]	["seq"]	42	ే	ె	shorten	0	19	చె	true	0	6	18	||	["రు","చె"]	pdy-v-00050		
pdy-vutpalamaala-0020	vutpalamaala	vruttamu	""	train	కానగ చేరఁ బోలఁ డతికర్ముఁడు నమ్మిక లెన్ని చెసినం\nదానది నమ్మి వానికడ డాయఁగ బోయిన హాని వచ్చు న\nచ్చో నది యెట్లనం; గొఱఁకు చూపుచు నొడ్డిన బోను మేలుగా\nబోనని కానకాసపడి పోవుచుఁ గూలదెఁ గొక్కు భాస్కరా!	false	["seq"]	["seq"]	42	ే	ె	shorten	0	17	చెసినం	false	0	5	15	U||	["లె","న్ని","చె"]	pdy-v-00051		
pdy-vutpalamaala-0025	vutpalamaala	vruttamu	""	test	గిట్టుట కేడఁ గట్టడ లిఖించిన నచ్చటఁ గానీ యెండుచోఁ\nబుట్టదు చావు; జానువుల పున్కల నూడిచి కాశిఁ జావఁగా\nల్గట్టిన శూద్రకున్‌ భ్రమలఁ గప్పుచుఁ దద్విధి గుఱ్ఱమౌచు నా\nపట్టునఁ గొంచు మఱ్ఱికడఁ బ్రాణము దీసెగదయ్య! భాస్కరా!	false	["seq"]	["seq"]	38	ి	ీ	lengthen	0	16	గానీ	true	0	5	15	UUU	["గా","నీ","యెం"]	pdy-v-00052		
pdy-champakamaala-0014	champakamaala	vruttamu	""	dev	ఘనుఁడొకవేళ గీడ్పడిన గ్రమ్మఱ నాతని లేమిఁ బాపఁగా\nగనుగొన నొక్క సత్ప్రభువుఁగాక నరాధము లోపరెందరుం;\nబెనుఁ జెఱువెండినట్టి తఱిఁ బెల్లున మేఘుఁడు గాక నీటితోఁ\nదనూపఁ దుషారముల్‌ శతశతంబులు చాలునటయ్య భాస్కరా!	false	["seq"]	["seq"]	150	ు	ూ	lengthen	3	1	దనూపఁ	false	3	0	63	|U|	["ద","నూ","ప"]	pdy-v-00053		
pdy-champakamaala-0015	champakamaala	vruttamu	""	train	చదువది యెంత గల్గిన రసజ్ఞత యించుక చాలకున్న నా\nచదువు నిరర్థకంబు, గుణ సంయుతులెవ్వరు మెచ్చ రెచ్చటం;\nబదనుగ మంచికూర నలపాకము చేసిననైన నందు నిం\nపొదవెడు నుప్పూ లేక రుచి పుట్టఁగ నేర్చు నటయ్య భాస్కరా!	false	["seq"]	["seq"]	149	ు	ూ	lengthen	3	5	నుప్పూ	false	3	1	66	|UU	["డు","ను","ప్పూ"]	pdy-v-00054		
pdy-vutpalamaala-0030	vutpalamaala	vruttamu	""	train	చేసిన దుష్టచేష్ట నదీ చెప్పక నేర్పునఁ గప్పిపుచ్చి తా\nమూసిన యంతటన్‌ బయలు ముట్టక యుండ దదెట్లు; రాగిపైఁ\nబూసిన బంగరుం జెదరిపోవఁ గడంగిన నాఁడు నాటికి\nన్‌ దాసిన రాగి గానఁబడ దా జనులెల్ల రెఱుంగ భాస్కరా!	false	["seq"]	["seq"]	19	ి	ీ	lengthen	0	8	నదీ	true	0	2	6	||U	["ష్ట","న","దీ"]	pdy-v-00055		
pdy-champakamaala-0017	champakamaala	vruttamu	""	train	తడవగ రాదు దుష్టగుణుఁ దత్వ మెఱుంగక యెవ్వరైన నా\nచెడుగుణ మిట్లు వల్వదని చెప్పిన గ్రక్కున గోపచిత్తుఁడై\nకడుఁ దెఁగఁ జూచుఁగా; మఱుగఁ గాగిన తైలము నీటిబొట్టుపై\nబడునెడ నాక్షణంబెగసి భగ్గున మండక యున్నె భాస్కరా!	true	[]	[]														pdy-v-00056		
pdy-champakamaala-0019	champakamaala	vruttamu	""	dev	తనకు నదృష్టరేఖ విశదంబుగఁ గల్గిన గాని లేనిచో\nజనునకు నెయ్యెడన్‌ బరుల సంపదవల్ల ఫలంబు లేదుగా;\nకనుగవ లెస్సఁగా దెలివి గల్గిన వారికి గాక గ్రుడ్డికి\nన్‌ కనఁబడు నెట్లు వెన్నెలలుఁ గాయగ నందొక రూపూ భాస్కరా!	false	["seq"]	["seq"]	184	ు	ూ	lengthen	3	17	రూపూ	false	3	5	78	|UU	["క","రూ","పూ"]	pdy-v-00057		
pdy-vutpalamaala-0031	vutpalamaala	vruttamu	""	train	తాలిమితోడుతం దగవు దప్పక నేర్పరి యొప్పుదప్పులం\nబాలన సేయఁ గాకట నుపాయ విహీనుఁడు సేయనేర్చునే?\nపాలను నీరు వేఱు పరుపంగ మరాళ మెఱుంగుఁగాని మా\nర్జాలమెఱుంగునే తదురు చారురసజ్ఞత బూన భాస్కరా!	true	[]	[]														pdy-v-00058		
pdy-vutpalamaala-0032	vutpalamaala	vruttamu	""	train	తాలిమితోఁడ గూరిమిఁ గృతఘ్నునకెయ్యెడ నుత్తమోత్తము\nల్‌ మేలొనరించినన్‌ గుణము మిక్కిలి కీడగుఁ, బాముపిల్లకు\nన్‌ బాలిడి పెంచిన న్విషము పాయఁగ నేర్చునె దాని కోఱలం\nజాలఁగ నంతకంత కొక చాయను, హెచ్చును గాక భాస్కరా!	true	[]	[]														pdy-v-00059		
pdy-champakamaala-0020	champakamaala	vruttamu	""	train	తెలియని కార్యమెల్లఁ గడతేర్చుట కొక్క వివేకిఁ జేకొన\nన్‌ వలయు నటైన దిద్దుకొనవచ్చు ప్రయోజన మాంద్య మేమియుం\nగలగదు; ఫాలమందుఁ దిలకం బిడునప్పుడు చేత నద్దముం\nగలిగినఁ జక్కఁ జేసికొనుఁ గాదె నరుండది చూచి భాస్కరా!	true	[]	[]														pdy-v-00060		
pdy-vutpalamaala-0036	vutpalamaala	vruttamu	""	test	దానముఁ జేయనేరని యధార్మికు సంపద యుండి యుండియు\nన్‌ దానె పలాయనంబగుట తథ్యము; బూరుగు మ్రాను గాచిన\nన్‌, దాని ఫలంబులూరక వృథాపడిపోవవె యెండి గాలిచేఁ\nగానలలోన నేమిటికిఁగాక, యభోజ్యములౌట భాస్కరా!	true	[]	[]														pdy-v-00061		
pdy-vutpalamaala-0037	vutpalamaala	vruttamu	""	train	నేరిచి బుద్ధిమంతుఁడతి నీతివివేకము దెల్పినం జెడం\nగారణమున్నవాని కది కైకొనఁగూడదు నిక్కమే; దురా\nచారుఁడు రావణాసురుఁడసహ్యమునొందఁడె చేటుకాలముం\nజేరువయైననాఁడు నిరసించి విభీషణు బుద్ధి భాస్కరా!	true	[]	[]														pdy-v-00062		
pdy-vutpalamaala-0039	vutpalamaala	vruttamu	""	test	పట్టుగ నిక్కుచున్‌ మదముఁ బట్టి మహాత్ములఁ దూలనాడినం\nబట్టిన కార్యముల్‌ చెడును బ్రాణమువోవు నిరర్థదోషము\nల్‌ పుట్టు, మహేశుఁ గాదని కుబుద్ధి నొనర్చిన యజ్ఞ తంత్రము\nల్‌ ముట్టక పోయి దక్షునికి మోసము వచ్చెఁగదయ్య భాస్కరా!	true	[]	[]														pdy-v-00063		
pdy-vutpalamaala-0040	vutpalamaala	vruttamu	""	test	పాపపుఁ ద్రోవవాని కొకపట్టున మేను వికాసమొందిన\nన్‌ లోపల దుర్గుణంబె ప్రబలుం గద! నమ్మగఁ గూడ దాతని\nన్‌; బాపటకాయకున్‌ నునుపు పైపయి గల్గినఁ గల్గుగాక యే\nరూపున దానిలోఁగల విరుద్ధపుఁ జేదు నశించు భాస్కరా!	true	[]	[]														pdy-v-00064		
pdy-vutpalamaala-0043	vutpalamaala	vruttamu	""	train	ప్రల్లదనంబుచే నేఱుక పాటొక యింతయులేక యెచ్చట\nన్‌ బల్లిదుఁడైన సత్ప్రభు నబద్ధములాడినఁ గ్రుంగిపోదు; రె\nట్లల్ల సభాస్థలిం గుమతులై శిశుపాలుఁడు దంతవక్త్రుఁడుం\nగల్లలు గృష్ణునుం బలికి కాదె హతంబగుటెల్ల భాస్కరా!	false	["seq"]	["seq"]	15	ె	ే	lengthen	0	6	నేఱుక	true	0	2	6	U||	["నే","ఱు","క"]	pdy-v-00065		
pdy-vutpalamaala-0044	vutpalamaala	vruttamu	""	test	ప్రేమను గూర్చి యల్పునకుఁ బెద్దతనంబును దొడ్డవానికిం\nదా మతితుచ్ఛపుంబని నెదం బరికింపగ యీయరాదుగా\nవామకరంబుతోడఁ గడువం గుడిచేత నపానమార్గముం\nదోమఁగ వచ్చునే మిగులఁ దోఁచని చేఁతగు గాక భాస్కరా!	true	[]	[]														pdy-v-00066		
pdy-vutpalamaala-0045	vutpalamaala	vruttamu	""	train	బంధుర సద్గుణాఖ్యుఁ డొక పట్టున లంపట నొందియైన దు\nస్సంధిఁ దలంపఁ డన్యులకుఁ జాల హితం బొనరించుఁ గాక, శ్రీ\nగంధపుఁ జెక్క రాగిలిచుఁ గాదె శరీరుల కుత్సవార్థమై\nగంధములాత్మఁ బుట్టఁ దఱుఁగంబడి యుండుటలెల్ల భాస్కరా!	true	[]	[]														pdy-v-00067		
pdy-champakamaala-0030	champakamaala	vruttamu	""	train	భుజబల శౌర్యవంతులగు పుత్త్రుల గాంచిన వారి కెయ్యెడ\nన్‌ నిజహృదయేప్సితార్థములు నిక్కము చేకుఱుఁ గుంతిదేవికి\nన్‌ విజయబలాఢ్యుఁ డర్జునుఁడు వీరపరాక్రమ మొప్ప దేవతా\nగజమును దెచ్చి తల్లి వ్రతకార్యము దీర్పఁడె తొల్లి భాస్కరా!	true	[]	[]														pdy-v-00068		
pdy-vutpalamaala-0047	vutpalamaala	vruttamu	""	train	భూనుతులైన దేవతలు పూర్వము కొందఱు వావివర్తన\nల్‌ మాని చరింపరో యనుచు మానవులట్ల చరింపఁబోల; దం\nభోనిధులన్నియుం దనదు పుక్కిటఁ బట్టె నగస్త్యుఁడంచు నా\nపూనిక కెవ్వఁడోపు నదీ పూర్వమహత్త్వము సుమ్ము భాస్కరా!	false	["seq"]	["seq"]	160	ి	ీ	lengthen	3	8	నదీ	true	3	2	66	||U	["పు","న","దీ"]	pdy-v-00069		
pdy-vutpalamaala-0048	vutpalamaala	vruttamu	""	train	భూపతి కాత్మబుద్ధి మది బుట్టనిచోఁట బ్రధానులెంత ప్ర\nజ్ఞాపరిపూర్ణులైనఁ గొనసాగదు కార్యము; కార్యదక్షులై\nయోపిన ద్రోణ భీష్మ కృప యోధులనేకులు గూడి కౌరవ\nక్ష్మాపతికార్యమేమయినఁ జాలిరె చేయఁగ నాడు భాస్కరా!	true	[]	[]														pdy-v-00070		
pdy-champakamaala-0031	champakamaala	vruttamu	""	train	మదిఁ దనూ నాసపడ్డయెడ మంచిగుణోన్నతుఁడెట్టి హీనుని\nన్‌ వదలఁడు మేలుపట్టున నవశ్యము మున్నుగ నాదరించుఁగా;\nత్రిదశ విమానమధ్యమునఁ దెచ్చి కృపామతి సారమేయము\nన్‌ మొదల నిడండె ధర్మజుఁడు మూఁగి సురావళి చూడ భాస్కరా!	false	["seq"]	["seq"]	7	ు	ూ	lengthen	0	3	దనూ	true	0	1	3	UU|	["నూ","నా","స"]	pdy-v-00071		
pdy-champakamaala-0032	champakamaala	vruttamu	""	train	మునుపొనరించు పాతక మమోఘము జీవూలకెల్లఁ బూని యా\nవెనుకటి జన్మమం దనుభవింపక తీఱదు; రాఘవుండు వా\nలిని బడనేసి తా మగుడ లీల యదూద్భవుఁడై కిరాతుచే\nవినిశిత బాణపాతమున వీడ్కొనఁడే తన మేను భాస్కరా!	false	["seq"]	["seq"]	28	ు	ూ	lengthen	0	14	జీవూలకెల్లఁ	false	0	4	12	|UU	["ము","జీ","వూ"]	pdy-v-00072		
pdy-vutpalamaala-0056	vutpalamaala	vruttamu	""	dev	లోకములోన దుర్జనుల లోఁతు నెఱుంగక చేరరాదు సు\nశ్లోకుఁడు చేరినం గవయఁజూతురు చేయుదు రెక్కసక్కెము\nల్‌ కోకీలఁ గన్నచోట గుమికూడి యసహ్యపుఁ గూతలార్చుచుం\nగాకులు తన్నవే తఱిమి కాయము తల్లడమంద భాస్కరా!	false	["seq"]	["seq"]	98	ి	ీ	lengthen	2	1	కోకీలఁ	false	2	0	40	UU|	["ల్కో","కీ","ల"]	pdy-v-00073		
pdy-vutpalamaala-0057	vutpalamaala	vruttamu	""	train	లోను దృఢంబుగాని పెనులోభిని నమ్మి యసాధ్యకార్యము\nల్‌ కానక పూనునే నతఁడు గ్రక్కునఁ గూలును; నోటిపుట్టిపై\nమానవుఁ డెక్కిపోవ నొకమాటు బుటుక్కున ముంపకుండునే\nతానొకలోఁతునం గెడసి దానిఁ దరింపఁగ లేక భాస్కరా!	true	[]	[]														pdy-v-00074		
pdy-champakamaala-0033	champakamaala	vruttamu	""	dev	వలనుగఁ గానలందుఁ బ్రతివర్షమునం బులి నాలుగైదు పి\nల్లలఁ గను దూడనొక్కటి నిలం గను ధేనువు రెండుమూఁడు నేఁ\nడుల కటులైన బెబ్బులి కుటుంబము లల్పములాయె నాలమం\nదలు గడువృద్ధిఁ జెందవె యధర్మము ధర్మముఁ దెల్ప భాస్కరా!	true	[]	[]														pdy-v-00075		
pdy-champakamaala-0034	champakamaala	vruttamu	""	train	వలవదు క్రూరసంగతి యవశ్య మొకప్పుడు సేయఁబడ్డచోఁ\nగొలదియెఁ గాని యెక్కువలు గూడవు; తమ్ములపాకు లోపలం\nగలసిన సున్నమించుకయ కాక మఱించుక యెక్కువైనచో\nనలుగడఁ జుఱ్ఱుచుఱ్ఱుమని నాలుక పొక్కక యున్నె భాస్కరా!	true	[]	[]														pdy-v-00076		
pdy-vutpalamaala-0062	vutpalamaala	vruttamu	""	train	సారవివేకవర్తనల సన్నుతికెక్కిన వారిలోపలం\nజేరినయంత మూఢులకుఁ జేపడ దానడ; యెట్టులన్నఁ గా\nసారములోన హంసముల సంగతి నుండెడి కొంగపిట్ట కే\nతీరునఁ గల్గ నేర్చును దదీయగతుల్‌ దలపోయ భాస్కరా!	true	[]	[]														pdy-v-00077		
pdy-champakamaala-0042	champakamaala	vruttamu	""	train	స్ఫురతర కీర్తిమంతులగు పుత్త్రుల గాంచినఁగాక మూఢము\nష్కరులఁ గనంగఁ దేజములు గల్గవుగా; మణికీలితాంగుళా\nభరణము లంగుళంబుల శుభస్థితిఁ బెట్టినఁగాక గాజు టుం\nగరములు పెట్టినందున వికాసము గల్గునటయ్య? భాస్కరా!	true	[]	[]														pdy-v-00078		
pdy-champakamaala-0043	champakamaala	vruttamu	""	train	సిరిమగఁడున్ బితామహుఁడుఁ జేరి భజింపఁగ వెండికొండపై\nసరస నవేందుకాంతమణిసౌధమునందుఁ బసిండిగద్దెపై\nగిరిసుతఁ గూడి వేడుకలఁ గేరెడు నిన్ను మదిన్ దలంచెద\nన్ చిరవిభవా! భవా! విజితచిత్తభవా! యభవా! మహాభవా!	true	[]	[]														pdy-v-00079		
pdy-champakamaala-0048	champakamaala	vruttamu	""	train	మరలని భక్తితోడ మును మల్హణబిల్హణముఖ్యసత్కవీ-\nశ్వరులు కవిత్వవైఖరిని సారెకు నిన్ బ్రణూతించి ధన్యులై\nబరగిరటంచు నేను నినుఁ బద్యముఖంబుగ సంస్మరించెద\nన్ చిరవిభవా! భవా! విజితచిత్తభవా! యభవా! మహాభవా!	false	["seq"]	["seq"]	82	ు	ూ	lengthen	1	15	బ్రణూతించి	false	1	5	36	UU|	["ణూ","తిం","చి"]	pdy-v-00080		
pdy-champakamaala-0050	champakamaala	vruttamu	""	train	శరశరదిందుకుందహరిచందనహారతుషారతారకా-\nదరఘనసారవర్ణ వరదండశుకాంబుజపాణి వాణి యా-\nదరమునఁ బ్రోచుచోఁ గవికదంబము నిన్బ్రణుతించు ధన్యమై\nచిరవిభవా! భవా! విజితచిత్తభవా! యభవా! మహాభవా!	true	[]	[]														pdy-v-00081		
pdy-champakamaala-0052	champakamaala	vruttamu	""	dev	గురుతరలీలఁ బీఠపురి కుక్కుటలింగమహాప్రభుండవై\nబరగెడు నిన్ను నేనిపుడు భక్తి దలర్పఁగ నాశ్రయింతు నీ\nవరకరుణానిరీక్షణము వాలెము నాపయి నిల్పి ప్రోవవే\nచిరవిభవా! భవా! విజితచిత్తభవా! యభవా! మహాభవా!	true	[]	[]														pdy-v-00082		
pdy-champakamaala-0058	champakamaala	vruttamu	""	train	శరధిశయాంబకాయ రవిచంద్రకృపీటభవాంబకాయ గో-\nపరివృఢకేతనాయ సితపర్వతకూటనికేతనాయ సు-\nస్థిరకరుణామతే భగవతే శివ తే నమ యంచు మొక్కెద\nన్ చిరవిభవా! భవా! విజితచిత్తభవా! యభవా! మహాభవా!	true	[]	[]														pdy-v-00083		
pdy-champakamaala-0060	champakamaala	vruttamu	""	train	శిరములు వేయిగల్గు నహిశేఖరుఁడైన చతుర్ముఖంబుల\nన్ బరగు విధాతయైన సులభంబుగ నొక్కిసుమంతయైన నీ\nచరితము లెన్నఁజాలరట శక్తులమే మముబోంట్ల మెన్నఁగాఁ\nజిరవిభవా! భవా! విజీతచిత్తభవా! యభవా! మహాభవా!	false	["seq"]	["seq"]	154	ి	ీ	lengthen	3	8	విజీతచిత్తభవా	false	3	2	69	U|U	["వా","వి","జీ"]	pdy-v-00084		
pdy-champakamaala-0063	champakamaala	vruttamu	""	train	ధరణి రథంబుగా శృతివితానము వాజులుగా రమామనో-\nహరుఁడు శరంబుగా మరుదహార్యము సింగిణిగా బిలేశయే-\nశ్వరుఁడు గుణంబుగా నలువ సారథిగాఁ దిగప్రోళ్లఁ గూల్చితౌ\nచిరవీభవా! భవా! విజితచిత్తభవా! యభవా! మహాభవా!	false	["seq"]	["seq"]	145	ి	ీ	lengthen	3	2	చిరవీభవా	false	3	0	63	||U	["చి","ర","వీ"]	pdy-v-00085		
pdy-champakamaala-0069	champakamaala	vruttamu	""	dev	శరధిశయానుఁడైన హరి సారసబంధుకూలంబునందు దా-\nశరథి యనం జనించి బహుసంఖ్యలు మీఱిన లింగమూర్తుల\nన్ సరవిఁ బ్రతిష్ఠఁ జేసెనఁట శక్యమె నీ యధికత్వమెన్నఁగాఁ\nజిరవిభవా! భవా! విజితచిత్తభవా! యభవా! మహాభవా!	false	["seq"]	["seq"]	27	ు	ూ	lengthen	0	15	సారసబంధుకూలంబునందు	false	0	5	15	UU|	["కూ","లం","బు"]	pdy-v-00086		
pdy-champakamaala-0081	champakamaala	vruttamu	""	dev	మెరమేర లేక నీవు మును మేదరిసెట్టియు బోయలెంకయు\nన్ బెరసుకులంపు చాకలియు బెట్టిన యోగిర మారగించితౌ\nసరిసరి నిన్ను నర్చనలు సల్పెడుచో నియమంబులేలయా\nచిరవిభవా! భవా! విజితచిత్తభవా! యభవా! మహాభవా!	false	["seq"]	["seq"]	4	ె	ే	lengthen	0	2	మెరమేర	false	0	0	0	||U	["మె","ర","మే"]	pdy-v-00087		
pdy-champakamaala-0092	champakamaala	vruttamu	""	test	పరుసము సోకి లోహము శుభస్థితి బంగరమైన రీతి స-\nద్గురుకరుణానిరీక్షణ మకుంఠితలీల నొకింత సోకిన\nన్ నరుఁడు మహాత్ముఁడై బుధజనస్తుతుఁడై నినుఁ జెందుఁబో తుది\nన్ చిరవిభవా! భవా! విజితచిత్తభవా! యభవా! మహాభవా!	true	[]	[]														pdy-v-00088		
pdy-champakamaala-0097	champakamaala	vruttamu	""	train	గరుడముఁ గన్న పన్నగనికాయములట్ల మృగేంద్రుఁ గన్న కుం-\nజరములకైవడిన్ దురితసంఘములెల్లఁ దొలంగి పారుచో\nనరుఁడొకచో ననాస్థనయీనం భవదాహ్వయ ముచ్చరించిన\nన్ చిరవిభవా! భవా! విజితచిత్తభవా! యభవా! మహాభవా!	false	["seq"]	["seq"]	113	ి	ీ	lengthen	2	9	ననాస్థనయీనం	false	2	3	51	UU|	["యీ","నం","భ"]	pdy-v-00089		
pdy-champakamaala-0098	champakamaala	vruttamu	""	dev	ధరణిసురు న్వధించీన మదంబున గోనిధనంబొనర్చినం\nగురుసతిఁ గూడినన్ మధువుఁ గ్రోలిన హేమము మ్రుచ్చలించిన\nన్ దొరకొను పాతకంబు లొకతూరి శివా యనినన్ దొలంగుఁబో\nచిరవిభవా! భవా! విజితచిత్తభవా! యభవా! మహాభవా!	false	["seq"]	["seq"]	16	ి	ీ	lengthen	0	7	న్వధించీన	false	0	2	6	UU|	["ధిం","చీ","న"]	pdy-v-00090		
pdy-champakamaala-0100	champakamaala	vruttamu	""	test	దురితము లేమిసేయు గ్రహదోషపిశాచరుజామృగోరగో-\nత్కరభయమేల కల్గు నృపతస్కరవహ్నిభయంబులే ప్రియం\nబెరయు నరుం డొకప్డు నినుఁ బేర్కొని నెమ్మది సంస్మరించిన\nన్ చిరవిభవా! భవా! విజితచిత్తభవా! యభవా! మహాభవా!	true	[]	[]														pdy-v-00091		
pdy-champakamaala-0102	champakamaala	vruttamu	""	train	వెరవిరవార నేపగిది వేఁడినఁ గానియు నియ్యలేని ము-\nష్కరనరనాయకాధముల సావడులం బడి ప్రేలువారికి\nన్ నిరతకృపార్ద్రదృష్టిమెయి నీవీడ కన్యుఁ డొసంగఁజాలునే\nచిరవిభవా! భవా! విజితచిత్తభవా! యభవా! మహాభవా!	false	["seq"]	["seq"]	118	ి	ీ	lengthen	2	11	నీవీడ	false	2	3	51	|UU	["యి","నీ","వీ"]	pdy-v-00092		
pdy-champakamaala-0105	champakamaala	vruttamu	""	train	హరువులు దీర్ప నీవు హృదయంబున నెప్పుడు గల్గియుండఁగా\nవెరవరి యందు నందులకు వేరడులై చనుచుంద్రు పామరు\nల్ నేరయఁగ వెన్న చేతినిడి నేతికి ద్రిమ్మరు కైవడిం గటా!\nచిరవిభవా! భవా! విజితచిత్తభవా! యభవా! మహాభవా!	false	["seq"]	["seq"]	99	ె	ే	lengthen	2	0	నేరయఁగ	false	2	0	42	U||	["ల్నే","ర","య"]	pdy-v-00093		
pdy-champakamaala-0108	champakamaala	vruttamu	""	dev	బురుదను హాళితో నురెడిపుర్వు మెలంగుచునుండి యెప్పుడు-\nన్బురుద యొకింతయైనఁ దనుఁ బొందకయుండ మెలంగునట్లు నే-\nర్పరి గృహమేధియయ్యు భవబంధమునంటక నిన్నుఁ జెందుఁబో\nచిరవిభవా! భవా! వీజితచిత్తభవా! యభవా! మహాభవా!	false	["seq"]	["seq"]	166	ి	ీ	lengthen	3	7	వీజితచిత్తభవా	false	3	2	69	UU|	["వా","వీ","జి"]	pdy-v-00094		
pdy-champakamaala-0115	champakamaala	vruttamu	""	train	కరతలతాళవృంతములుఁ గ్రమ్మఁగ నెవ్వఁడు తావకాలయా-\nజిరమున నాఁడు నాతఁడు వసించు విరాజితరాజతావనీ-\nధరశిఖరాగ్రరత్నసముదంచితకాంచనసౌధవీధుల\nన్ చిరవీభవా! భవా! విజితచిత్తభవా! యభవా! మహాభవా!	false	["seq"]	["seq"]	132	ి	ీ	lengthen	3	2	చిరవీభవా	false	3	0	63	||U	["న్చి","ర","వీ"]	pdy-v-00095		
pdy-champakamaala-0116	champakamaala	vruttamu	""	train	పరిచితి మీఱ మీ శిరముపై పురిసెండు జలంబొకప్పుఁ డా-\nదరమునఁ జిల్కు బల్లిదుఁడు తథ్యముగా నఖిలాఘదూరుఁడై\nధరఁ గల పుణ్యతీర్థములఁ దప్పకఁ గ్రుంకు ఫలంబుఁ జేకొను\nన్ చిరవిభవా! భవా! విజితచిత్తభవా! యభవా! మహాభవా!	true	[]	[]														pdy-v-00096		
pdy-champakamaala-0119	champakamaala	vruttamu	""	train	తొరలెడు భక్తిఁ గప్పురపు ధూపము నీకు జనుం డొసంగుచో\nగొరగొర వానిమేనఁ గల ఘోరతరాఘపిశాచసంఘము\nల్ బరువడి కూయి వెట్టుచును బారి చనుంగద తత్క్షణంబున\nన్ చిరవిభవా! భవా! విజితచిత్తభవా! యభవా! మహాభవా!	true	[]	[]														pdy-v-00097		
pdy-champakamaala-0123	champakamaala	vruttamu	""	test	గురుఁడవు బాంధవుండవు సఖుండవు తల్లివి దండ్రి వన్న వీ-\nశ్వరుఁడవు దాత వాప్తుఁడవు సర్వము నీవె యటంచు నమ్మితి-\nన్వరదుఁడవై కృపారసము వావిరి నాపయిఁ జిల్కి బ్రోవవె\nచిరవిభవా! భవా! విజితచిత్తభవా! యభవా! మహాభవా!	false	["seq"]	["seq"]	151	ే	ె	shorten	2	20	బ్రోవవె	true	2	6	60	U||	["బ్రో","వ","వె"]	pdy-v-00098		
pdy-champakamaala-0124	champakamaala	vruttamu	""	test	కెరలెడు ఘోరపాపతతికి న్మదిఁ గంపిలి యేయుపాయము\nన్ దొరకక యొక్క పెన్వెరవు దోచిన నుబ్బూచు నిబ్బరంబుగా\nహరహర యంచుఁ బల్కితి నహా! దురితంబులు వీడి పారెఁబో\nచిరవిభవా! భవా! విజితచిత్తభవా! యభవా! మహాభవా!	false	["seq"]	["seq"]	80	ు	ూ	lengthen	1	14	నుబ్బూచు	false	1	4	33	|UU	["న","ను","బ్బూ"]	pdy-v-00099		
pdy-champakamaala-0126	champakamaala	vruttamu	""	dev	గిరిశ నమోస్తు యోగిజనగేయ నమోస్తు మహోగ్రదోషసం-\nహరణ నమోస్తు భోగికులహార నమోస్తు సమస్తదేవతా-\nచరణ నమోస్తు తె యనుచు సారెకుఁ గోరి నమస్కరించెద\nన్ చిరవిభవా! భవా! విజితచిత్తభవా! యభవా! మహాభవా!	false	["seq"]	["seq"]	101	ే	ె	shorten	2	6	తె	true	2	2	48	|||	["తె","య","ను"]	pdy-v-00100		
pdy-champakamaala-0127	champakamaala	vruttamu	""	train	వరద పరాకు భక్తజనవంద్య పరాకు సమస్తపాపసం-\nహరణ పరాకు భక్తనివహావహదక్ష పరాకు యోగీహృ-\nశ్చరణ పరాకు సేయకిఁక సయ్యన నా మనవాలకించవే\nచిరవిభవా! భవా! విజితచిత్తభవా! యభవా! మహాభవా!	false	["seq"]	["seq"]	75	ి	ీ	lengthen	1	19	యోగీహృ	false	1	6	39	UUU	["యో","గీ","హృ"]	pdy-v-00101		
pdy-champakamaala-0128	champakamaala	vruttamu	""	train	పరవనితా పరాస్థ నరపాలకసేవలయందుఁ గోరిక\nల్ దొరలఁగనీక నీ చరణతోయజభక్తియు సూనృతోక్తి యె-\nవ్వరికినిఁ గీడు సేయమియు వాలెము నా కొనఁగూర్చి బ్రోవవే\nచిరవిభవా! భవా! విజితచిత్తభవా! యభవా! మహాభవా!	true	[]	[]														pdy-v-00102		
pdy-champakamaala-0130	champakamaala	vruttamu	""	dev	మురువుగ నక్షమాలయును మోదికఁ బూనితి భూతి దాల్చితి\nన్ స్మరణగ నైదువర్ణముల మంత్రము వేమరు నుచ్చరించితి\nన్ దూరితపిశాచముల్ దొరగి దూరముగా జనకుండుటెట్లిక\nన్ చిరవిభవా! భవా! విజితచిత్తభవా! యభవా! మహాభవా!	false	["seq"]	["seq"]	101	ు	ూ	lengthen	2	0	దూరితపిశాచముల్	false	2	0	42	U||	["న్దూ","రి","త"]	pdy-v-00103		
pdy-champakamaala-0131	champakamaala	vruttamu	""	train	గురువరభక్తి మీఱ మిముఁ గొల్చినవాఁడనటంచుఁ దద్దయుం\nగరువముతోడ నేను కృతకర్మము లెవ్వియుఁ జేయనైతి దు-\nర్భరదురితాత్ముఁడంచును దిరస్కృతిఁ జేయక నన్నుఁ బ్రోవవె\nచిరవిభవా! భవా! విజితచిత్తభవా! యభవా! మహాభవా!	false	["seq"]	["seq"]	146	ే	ె	shorten	2	20	బ్రోవవె	true	2	6	60	U||	["బ్రో","వ","వె"]	pdy-v-00104		
pdy-champakamaala-0135	champakamaala	vruttamu	""	train	కరిముఖ నందిభృంగిరిటికాశిసముద్భవ కాలభైరవా-\nద్యురు బలవన్మహాప్రమథయోధవరేణ్యులు గొల్వ ధారుణీ-\nధరసుతఁ గుడి నాకిపుడు తావక మోహనమూర్తిఁ జూపవే\nచిరవిభవా! భవా! విజితచిత్తభవా! యభవా! మహాభవా!	false	["seq"]	["seq"]	97	ూ	ు	shorten	2	4	గుడి	true	2	1	45	|||	["త","గు","డి"]	pdy-v-00105		
pdy-champakamaala-0136	champakamaala	vruttamu	""	dev	సరభసలీల నొక్కనిమిషంబును నిన్భజియింపలేక బ\nల్ దెరవుల దుర్విచారములఁ ద్రిమ్మరుచున్నది యెన్ని చెప్పిన-\nన్మరలదు పాపజాతిమతి నాకిపు డంకెము గాదికెట్లయా\nచిరవిభవా! భవా! విజితచిత్తభవా! యభవా! మహాభవా!	true	[]	[]														pdy-v-00106		
pdy-champakamaala-0143	champakamaala	vruttamu	""	test	గురుతరమైన కావ్యరస గుంభనకబ్బురమంది ముష్కరు\nల్‌ సరసులమాడ్కి సంతసిల జాలుదురోటు శశాంకచంద్రికాం\nకురముల కిందుకాంతమణికోటి స్రవించినభంగి వింధ్యభూ\nధరమున జాఱునే శీలలు దాశరథీ! కరుణాపయోనిధీ!	false	["seq"]	["seq"]	152	ి	ీ	lengthen	3	7	శీలలు	false	3	2	69	UU|	["నే","శీ","ల"]	pdy-v-00107		
pdy-vutpalamaala-0075	vutpalamaala	vruttamu	""	train	దారుణపాతకాబ్ధికి సదాబడబాగ్ని భవాకులార్తి వి\nస్తార దవానలార్చికీ సుధారసవృష్టి దురంతదుర్మతా\nచార భయంకరాటవికిఁ జండకఠోరకుఠారధార నీ\nతారకనామ మెన్నుకొన దాశరథీ! కరుణాపయోనిధీ!	false	["seq"]	["seq"]	61	ి	ీ	lengthen	1	7	దవానలార్చికీ	false	1	2	26	|U|	["ర్చి","కీ","సు"]	pdy-v-00108		
pdy-vutpalamaala-0076	vutpalamaala	vruttamu	""	train	ముప్పునఁ గాలకింకరులు ముంగిటవచ్చినవేళ రోగము\nల్‌ గొప్పరమైనచోఁ గఫము కుత్తుక నిండినవేళ బాంధవు\nల్‌ గప్పిన వేళ మీ స్మరణ గల్గునొ గల్గదొ నాఁటి కిప్పుడే\nతప్పక చేతు మీభజన దాశరథీ! కరుణాపయోనిధీ!	true	[]	[]														pdy-v-00109		
pdy-champakamaala-0146	champakamaala	vruttamu	""	dev	"పరమదయానిధే పతిత పావననామ హరే"యటంచు సు\nస్థిరమతులై సదా భజన సేయు మహాత్ముల పాదధూళి నా\nశీరమున దాల్తు మీరటకు జేరకుఁడంచు యముండు కింకరో\nత్కరముల కాన బెట్టునఁట దాశరథీ! కరుణాపయోనిధీ!	false	["seq"]	["seq"]	83	ి	ీ	lengthen	2	0	శీరమున	false	2	0	42	U||	["శీ","ర","ము"]	pdy-v-00110		
pdy-vutpalamaala-0077	vutpalamaala	vruttamu	""	train	"పండిత రక్షకుం డఖిల పాపవిమోచనుఁ డబ్జసంభవా\nఖండలపూజితుండు దశ కంఠవిలుంఠన చండకాండ కో\nదండకళాప్రవీణుఁ"డను తావక కీర్తివధూటికిత్తు బూ\nదండలుగాఁగ నా కవిత దాశరథీ! కరుణాపయోనిధీ!	true	[]	[]														pdy-v-00111		
pdy-vutpalamaala-0084	vutpalamaala	vruttamu	""	test	"రామహరే కకుత్స్థకుల రామహరే రఘురామరామ శ్రీ\nరామహరే" యటంచు మది రంజిల భేకగళంబులీల ని\nనామము సంస్మరించిన జనంబు భవంబెడబాసి తత్పరం\nధామనివాసులౌదుఁరట దాశరథీ! కరుణాపయోనిధీ!	false	["seq"]	["seq"]	79	ీ	ి	shorten	1	19	ని	true	1	6	38	||	["ల","ని"]	pdy-v-00112		
pdy-vutpalamaala-0086	vutpalamaala	vruttamu	""	train	అండజవాహ నిన్ను హృదయంబున నమ్మినవారి పాపము\nల్‌ కొండలవంటివైన వెసఁ గూలి నశింపకయున్నె సంతతా\nఖండలవైభవోన్నతులు గల్గకమానునె మోక్షలక్ష్మికై\nదండయొసంగకున్నె తుద దాశరథీ! కరుణాపయోనిధీ!	true	[]	[]														pdy-v-00113		
pdy-vutpalamaala-0087	vutpalamaala	vruttamu	""	train	చిక్కని పాలపై మిసిమిఁ జెందిన మీఁగడ పంచదారతో\nమెక్కినభంగి మీ విమల మేచకరూప సుధారసంబు నా\nమక్కువపళ్ళెరంబున సమాహిత దాస్యమనేటి దోయిట\nన్‌ దక్కెనటంచు జుఱ్ఱెదను దాశరథీ! కరుణాపయోనిధీ!	true	[]	[]														pdy-v-00114		
pdy-vutpalamaala-0090	vutpalamaala	vruttamu	""	train	జుఱ్ఱెద మీకథామృతము జుఱ్ఱెద మీపదకంజతోయము\nన్‌ జుఱ్ఱెద రామనామమున జొబ్బిలుచున్న సుధారసంబు నె\nజుఱ్ఱెద జుఱ్ఱజుఱ్ఱఁగ రుచుల్‌ గనువారిపదంబుఁ గూర్పవే\nతఱ్ఱులతోడి పొత్తిడక దాశరథీ! కరుణాపయోనిధీ!	false	["seq"]	["seq"]	87	ే	ె	shorten	1	19	నె	true	1	6	38	||	["బు","నె"]	pdy-v-00115		
pdy-vutpalamaala-0095	vutpalamaala	vruttamu	""	train	గద్దరి యోగిహృత్కమల గంధరసానుభవంబుఁజెందు పె\nన్నిద్దపు గండుఁదేఁటి ధరణీసుత కౌఁగిలిపంజరంబున\nన్‌ ముద్దులు గుల్కు రాచిలక ముక్తినిధానమ రామ రాఁగదే\nతద్దయు నేఁడు నాకడకు దాశరథీ! కరుణాపయోనిధీ!	true	[]	[]														pdy-v-00116		
pdy-vutpalamaala-0096	vutpalamaala	vruttamu	""	train	పాపము లొందువేళ రణపన్నగభూత భయజ్వరాదులం\nదాపద నొందువేళ భరతాగ్రజ మిమ్ము భజించువారికిం\nబ్రాపుగ నీవుఁ దమ్ముఁడిరు ప్రక్కియలంజని తద్విపత్తిసం\nతాపముమాన్పి కాతువఁట దాశరథీ! కరుణాపయోనిధి!	false	["seq"]	["seq"]	173	ీ	ి	shorten	3	19	కరుణాపయోనిధి	false	3	6	78	||	["ని","ధి"]	pdy-v-00117		
pdy-vutpalamaala-0097	vutpalamaala	vruttamu	""	dev	నేనొనరించు పాపము లనేకములైనను నాదుజిహ్వకుం\nబానకమయ్యె మీపరమ పావననామము దొంటి చిల్క "రా\nమా! ననుఁగావు"మన్న తుది మాటకు సద్గతిఁజెందెఁ గావున\nన్‌ దాని ధరింపఁగోరెదను దాశరథీ! కరుణాపయోనిధీ!	true	[]	[]														pdy-v-00118		
pdy-champakamaala-0157	champakamaala	vruttamu	""	train	పరుల ధనంబుఁజూచి పర భామల జూచి హరింపగోరు మ\nద్గురుతరమానసంబనెడు దొంగనుబట్టి నిరూఢదాస్య వి\nస్ఫురితవివేక పాశములఁ జుట్టి భవచ్చరణంబనే మరు\nత్తరువునఁ గట్టీవేయఁగదె దాశరథీ! కరుణాపయోనిధీ!	false	["seq"]	["seq"]	144	ి	ీ	lengthen	3	5	గట్టీవేయఁగదె	false	3	1	66	|UU	["న","గ","ట్టీ"]	pdy-v-00119		
pdy-vutpalamaala-0101	vutpalamaala	vruttamu	""	train	దాసిన చుట్టమా శబరి దాని దయామతి నేలినావు నీ\nదాసుని దాసుడా గుహుడు తావక దాస్య మొసంగినావు నే\nజేసినపాపమో వినుతి చేసిన గావవు గావుమయ్య నీ\nదాసులలోన నేనొకఁడ దాశరథీ! కరుణాపయోనిధీ!	true	[]	[]														pdy-v-00120		
pdy-vutpalamaala-0103	vutpalamaala	vruttamu	""	train	నీలఘనాభమూర్తివగు నిన్నుఁగనుంగొనఁగోరి వేడిన\nన్‌ జాలముసేసి డాగెదవు సంస్తుతికెక్కిన రామనామ మే\nమూలను దాచుకోఁగలవు ముక్తికి బ్రాపది పాపమూలకు\nద్దాలముగాదె మాయెడల దాశరథీ! కరుణాపయోనిధీ!	true	[]	[]														pdy-v-00121		
pdy-champakamaala-0162	champakamaala	vruttamu	""	train	చరణము సోఁకినట్టి శిల జవ్వనిరూపగు టొక్కవింత సు\nస్థిరముగ నీటిపై గిరులు దేలిన దొక్కటి వింతగాని మీ\nస్మరణఁ దనర్చుమానవులు సద్గతిఁజెందిన దెంతవింత యి\nధరను ధరాత్మజారమణ దాశరథీ! కరుణాపయోనిధీ!	false	["seq"]	["seq"]	140	ీ	ి	shorten	2	20	యి	true	2	6	60	U||	["విం","త","యి"]	pdy-v-00122		
pdy-vutpalamaala-0112	vutpalamaala	vruttamu	""	train	వారిచరావతారమున వారధిలోఁ జొఱఁబాఱిఁ క్రోధ వి\nస్తారగుడైన యా నిగమ తస్కరవీర నిశాచరేంద్రుని\nన్‌ జేరి వధించి వేదముల చిక్కెడలించి విరించికిన్‌ మహో\nదారతనిచ్చితీవెగద దాశరథీ! కరుణాపయోనిధీ!	true	[]	[]														pdy-v-00123		
pdy-champakamaala-0163	champakamaala	vruttamu	""	train	కరమనురక్తి మందరము గవ్వముగా నహీరాజు ద్రాడుగా\nదొరకొని దేవదానవులు దుగ్ధపయోధి మథించుచున్నచో\nధరణిచలింప లోకములు తల్లడమందఁగఁ గూర్మమై ధరా\nధరము ధరించితీవె కద దాశరథీ! కరుణాపయోనిధీ!	false	["seq"]	["seq"]	29	ి	ీ	lengthen	0	15	నహీరాజు	false	0	5	15	UU|	["హీ","రా","జు"]	pdy-v-00124		
pdy-vutpalamaala-0113	vutpalamaala	vruttamu	""	train	ధారుణీ జాపజుట్టిన విధంబునగైకొని హేమనేత్రుఁడ\nవ్వారిధిలోన డాఁగినను వానివధించి వరాహమూర్తివై\nధారుణిఁ దొంటి కైవడిని దక్షిణశృంగమునన్‌ ధరించి వి\nస్తార మొనర్చితీవెకద దాశరథీ! కరుణాపయోనిధీ!	false	["seq"]	["seq"]	5	ి	ీ	lengthen	0	2	ధారుణీ	true	0	0	0	U|U	["ధా","రు","ణీ"]	pdy-v-00125		
pdy-champakamaala-0167	champakamaala	vruttamu	""	train	దురమునఁ దాటకం దునిమి ధూర్జటివిల్‌ దునుమాడి సీతనుం\nబరిణయమంది తండ్రిపనుపన్‌ ఘనకాననభూమి కేఁగి దు\nస్తరపటుచండ కాండకులిశాహతి రావణకుంభకర్ణ భూ\nధరములఁ గూల్చితీవెకద దాశరథీ! కరుణాపయోనిధీ!	true	[]	[]														pdy-v-00126		
pdy-champakamaala-0170	champakamaala	vruttamu	""	test	మనమున నూహపోహణలు మర్వకమున్నె కఫాదిరోగము\nల్‌ దనువుననంటి మేనిబిగీ దప్పకమున్నె నరుండు మోక్ష సా\nధన మొనరింపఁగావలయుఁ దత్త్వవిచారము మానియుండుట\nల్తనువునకున్‌ విరోధమిది దాశరథీ! కరుణాపయోనిధీ!	false	["seq"]	["seq"]	61	ి	ీ	lengthen	1	9	మేనిబిగీ	false	1	3	30	UU|	["గీ","ద","ప్ప"]	pdy-v-00127		
pdy-champakamaala-0172	champakamaala	vruttamu	""	train	దురితలతానుసారి భయదుఃఖకదంబము రామనామ భి\nకరతర హేతిచేఁదెగి వకావకలై చనకుండ నేర్చు నే\nదరికొని మండుచుండు శిఖదార్కొనినన్‌ శలభాదికీటకో\nత్కరము విలీనమై చనదె దాశరథీ! కరుణాపయోనిధీ!	false	["seq"]	["seq"]	36	ీ	ి	shorten	0	20	భి	true	0	6	18	U||	["నా","మ","భి"]	pdy-v-00128		
pdy-champakamaala-0173	champakamaala	vruttamu	""	train	హరిపదభక్తి నింద్రియజయాన్వితుఁ డుత్తముఁడింద్రియంబుల\nన్‌ మరుగక నిల్పనూదినను మధ్యముఁడింద్రియపారవశ్యుఁడై\nపరగినచో నికృష్టుడని పల్కగ దుర్మతినైన నన్ను నా\nదరమున నెట్లుకాచెదవొ దాశరథీ! కరుణాపయోనిధీ!	true	[]	[]														pdy-v-00129		
pdy-champakamaala-0174	champakamaala	vruttamu	""	train	వనకరిచిక్కె మైనసకు వాచవికిం జెడిపోయె మీనూ తా\nవినికికిఁ జిక్కెఁ జిల్వ గనువేఁదుఱు జెందెను లేళ్ళు తావిలో\nమనికినశించె దేఁటి తరమా యిరుమూఁటిని గెల్వనైదుసా\nధనములనీవె కావదగు దాశరథీ! కరుణాపయోనిధీ!	false	["seq"]	["seq"]	40	ు	ూ	lengthen	0	19	మీనూ	false	0	6	18	UUU	["మీ","నూ","తా"]	pdy-v-00130		
pdy-vutpalamaala-0118	vutpalamaala	vruttamu	""	dev	నీ సతి పెక్కుగల్ములిడ నేర్పరి లోక మకల్మషంబుగా\nనీ సుత సేయు పావనము నిర్మితి కార్యధురీణదక్షుఁడై\nనీ సుతుఁడిచ్చు నాయువులు నిన్ను భజించినఁ గల్గకుండునే\nదాసుల కీప్సితార్థములు దాశరథీ! కరుణాపయోనిధీ!	true	[]	[]														pdy-v-00131		
pdy-champakamaala-0177	champakamaala	vruttamu	""	dev	సిరిగలనాఁడు మైమఱచి చిక్కిననాఁడు దలంచీ పుణ్యము\nల్‌ పొరిఁబొరి సేయనైతినని పొక్కినఁగల్గునె గాలిచిచ్చుపైఁ\nగెరలినవేళఁ దప్పికొని కీడ్పడువేళ జలంబుగోరి త\nత్తరమునఁ ద్రవ్వినంగలదె దాశరథీ! కరుణాపయోనిధీ!	false	["seq"]	["seq"]	36	ి	ీ	lengthen	0	17	దలంచీ	false	0	5	15	|UU	["ద","లం","చీ"]	pdy-v-00132		
pdy-vutpalamaala-0122	vutpalamaala	vruttamu	""	test	జీవనమింకఁ బంకమునఁ జిక్కినమీను చలింపకెంతయు\nన్‌ దావుననిల్చి జీవనమె దద్దయుఁ గోరువిధంబు చొప్పడం\nదావలఁమైనగాని గుఱి దప్పనివాఁడు తరించువాఁడయా\nతావకభక్తియోగమున దాశరథీ! కరుణాపయోనిధీ!	true	[]	[]														pdy-v-00133		
pdy-champakamaala-0179	champakamaala	vruttamu	""	dev	భ్రమరము గీటకంబుఁగొని పాల్పడి ఝాంకరణోపకారియై\nభ్రమరముగా నొనర్చునని పల్కుటఁజేసి భవాది దుఃఖసం\nతమసమెడల్చి భక్తి సహితంబుగ జీవుని విశ్వరూప త\nత్త్వమును ధరించుటేమరుదు దాశరథీ! కరుణాపయోనిధీ!	true	[]	[]														pdy-v-00134		
pdy-saardulamu-0065	saardulamu	vruttamu	""	dev	అందెల్‌ చిన్నిపసిండిగజ్జియలు మ్రోయన్‌ మేఖలాఘంటిక\nల్‌ క్రందై మ్రోయఁగ రావిరేకనుదుటన్‌ గంపింప గోపార్భకు\nల్‌ వందారుల్‌ గన వెన్నముద్దలకు నై వర్తించు మీబాల్యపుం\nజందం బాదివిజుల్‌ నుతించుటలు కృష్ణా దేవకీనందనా.	true	[]	[]														pdy-v-00135		
pdy-mattebhamu-0145	mattebhamu	vruttamu	""	dev	సుకరంబై సూరసేవ్యమై సులభమై సువ్యక్తమై యుక్తమై\nప్రకటంబై పరమార్థమై ప్రమదమై ప్రద్యోతమై పథ్యమై\nయకలంకామృతమై యమోఘతరమై యానందమై యందమై\nసకలంబున్‌ భరియించు మీమహిమ కృష్ణా దేవకీనందనా.	false	["seq"]	["seq"]	9	ు	ూ	lengthen	0	4	సూరసేవ్యమై	false	0	1	3	UU|	["బై","సూ","ర"]	pdy-v-00136		
pdy-saardulamu-0068	saardulamu	vruttamu	""	test	చన్నే నిన్నును బాలుఁగాఁ దలఁచి యిచ్చం బూతనాకాంత దాఁ\nజన్నుల్నిండఁగఁ జేఁదుఁ బూసికొని యా చన్బాలు నీకిచ్చినం\nజన్నుంబాలకు లోనుగాక యసురన్‌ సాధించి యాయింతికి\nన్‌ సన్నన్‌ ముక్తి యొసంగితీవు భళి కృష్ణా దేవకీనందనా.	true	[]	[]														pdy-v-00137		
pdy-mattebhamu-0146	mattebhamu	vruttamu	""	train	విలసిల్లన్‌ పదియాఱువేలసతులన్‌ వీక్షించి వారిండ్ల లో\nపల వర్తించుచునుండి వీటఁ గల గోపస్త్రీలనెల్లన్‌ గడుం\nబలిమిన్‌ బట్టి రమించినాఁడవు భళీ ప్రాజ్ఞుండ వీవౌదు భూ\nస్థలి నీవేకద కొంటెదేవరవు కృష్ణా దేవకీనందనా.	true	[]	[]														pdy-v-00138		
pdy-mattebhamu-0153	mattebhamu	vruttamu	""	dev	నినునెవ్వాఁడు దలంచు నీమహిమ వర్ణింపంగ నెవ్వాఁడు నే\nర్పునఁబూనున్‌ నీనుగొల్చునట్టిఘనుఁ డాపుణ్యాత్ములోకైకమా\nన్యునిఁగా ధన్యునిఁగా వివేకనిధిఁగా నుద్యద్గుణాంభోధిఁగా\nననిశంబుం గొనియాడఁ గోరుదురు కృష్ణా దేవకీనందనా.	false	["seq"]	["seq"]	65	ి	ీ	lengthen	1	4	నీనుగొల్చునట్టిఘనుఁ	false	1	1	23	UU|	["ను","న్నీ","ను"]	pdy-v-00139		
pdy-saardulamu-0073	saardulamu	vruttamu	""	dev	మద్దు ల్గూల్చినలాగొ వేగ మనిలో మన్నించి గాండీవికి\nన్‌ బుద్దుల్‌ సెప్పినలాగొ మోదరసముప్పొంగన్‌ యశోదమ్మకు\nన్‌ ముద్దుల్గా నటియించులాగొ వరుసన్‌ మువ్వేళలన్‌ వేడుక\nన్‌ చద్దు ల్మెక్కి రహించులాగొ ధరఁ గృష్ణా దేవకీనందనా.	true	[]	[]														pdy-v-00140		
pdy-mattebhamu-0158	mattebhamu	vruttamu	""	train	చతూరంభోధిపరీత భూవలయరాజానేకకోటీర రం\nజితమాణిక్యవిరాజమానపద రాజీవుండు ధర్మాత్మజుం\nడతికారుణ్యముచేత మత్స్యపతికొ ల్వాసింపఁడే నీదు శా\nశ్వత కారుణ్యము గల్గునంతకును కృష్ణా దేవకీనందనా.	false	["seq"]	["seq"]	2	ు	ూ	lengthen	0	1	చతూరంభోధిపరీత	false	0	0	0	|UU	["చ","తూ","రం"]	pdy-v-00141		
pdy-mattebhamu-0170	mattebhamu	vruttamu	""	train	క్రతువుల్‌ నూఱోనరించి యింద్రపదవిన్గర్వించియింద్రాణికై\nధృతిఁదూలన్‌ మరుఁడేచఁగా నహుషుఁడద్దేవేంద్రుభోగానుసం\nగతిగాఁ గోరినకుంభసంభవుఁడు గిన్కన్‌ దిట్టినన్‌ జెందఁడే\nసతతంబున్‌ పెనుబాముచందమును కృష్ణా దేవకీనందనా.	false	["seq"]	["seq"]	14	ొ	ో	lengthen	0	4	నూఱోనరించి	false	0	1	3	UU|	["ల్నూ","ఱో","న"]	pdy-v-00142		
pdy-saardulamu-0083	saardulamu	vruttamu	""	test	సర్వజ్ఞుండును సర్వలోకగురుఁడున్‌ సర్వంసహానాథుఁడు\nన్‌ సర్వేశుండును సర్వసాధకుఁడునౌ సర్వేశ నీమూర్తి దా\nసర్వంబు న్గలిగించు పెంచునణఁచున్‌ సందేహమేలా స్మృతు\nల్‌ 'సర్వం విష్ణుమయం జగ'త్తనఁగ కృష్ణా దేవకీనందనా.	true	[]	[]														pdy-v-00143		
pdy-mattebhamu-0183	mattebhamu	vruttamu	""	train	కరితో దోమ మృగేంద్రుతో నరుఁడు బంగారంబుతోఁ గంచు భా\nస్కరుతో మిణ్గురుబుర్వు కల్పకముతోఁ గానుంగు రత్నాకరే\nశ్వరుతో నూషరపల్వలంబు నురుశేషస్వామితో మిడ్తయు\nన్‌ సరియైనన్‌ సరి మీకు దైవములు కృష్ణా దేవకీనందనా.	true	[]	[]														pdy-v-00144		
pdy-saardulamu-0088	saardulamu	vruttamu	""	train	చీమల్‌ పుట్టలు పెట్టుచుండ నవి విస్తీర్ణంబు గావించిన\nన్‌ పాముల్‌ జేరినరీతి లోభిజనసంపన్నార్థరాసుల్‌ వృథా\nభూమీపాలుల పాలుగాక చనునా పుణ్యంబులే లొల్లరో\nసామాన్యంబు ధనాధినాథులకుఁ గృష్ణా దేవకీనందనా.	true	[]	[]														pdy-v-00145		
pdy-mattebhamu-0188	mattebhamu	vruttamu	""	train	అతిమోహాంధులఁ బాపకర్ముల మహాహంకారులన్‌ దోషదూ\nషితులన్‌ గర్వితదుర్విచారులఁ బ్రశంసింపం బ్రశంసింపఁగా\nదితిపర్యాప్తిదినంబు లొంది త్రిజగద్విఖ్యాతియుష్మత్సము\nన్నతసేవాభిముఖుండ నైతి నిట కృష్ణా దేవకీనందనా.	true	[]	[]														pdy-v-00146		
pdy-mattebhamu-0196	mattebhamu	vruttamu	""	train	శరణాగత్యనురక్తి భక్తి జనరక్షాసత్కృపాసేవ్యస\nత్కరుణాపూర సుధారసంబుగల శృంగారంబు మీమూర్తియుం\nదరణోపాయ మెఱుంగలేని కలుషాధారున్‌ ననుందావక\nస్మరణాధీశునిఁ జేయు మ్రొక్కెదను కృష్ణా దేవకీనందనా.	true	[]	[]														pdy-v-00147		
pdy-kandamu-0002	kandamu	jaathi	""	test	శ్రీ రుక్మిణీశ కేశవ\nనారద సంగీతలోల నగధర శౌరీ\nద్వారకనిలయ జనార్దన\nకారుణ్యముతోడ మమ్ముఁ గావుము కృష్ణా.	true	[]	[]														pdy-v-00148		
pdy-kandamu-0003	kandamu	jaathi	""	train	నీవె తల్లివి తండ్రివి\nనీవే నా తోడు నీడ నీవే సఖుడౌ\nనీవే గురుడవు దైవము\nనీవే నా పతియు గతియు నిజముగఁ గృష్ణా.	false	["seq"]	["corr","seq"]	3	ే	ె	shorten	0	1	నీవె	true	0	0	0	U|U|	["నీ","వె","త","ల్లి"]	pdy-v-00149		
pdy-kandamu-0004	kandamu	jaathi	""	dev	నారాయణ పరమేశ్వర\nధారాధర నీలదేహ దానవవైరీ\nక్షీరాబ్ధిశయన యదుకుల\nవీరా ననుగావు కరుణ వెలయగఁ గృష్ణా.	true	[]	[]														pdy-v-00150		
pdy-kandamu-0010	kandamu	jaathi	""	train	ఓ కారుణ్యపయోనిధి\nనా కాధారంబ వగుచు నయముగఁ బ్రోవ\nన్‌ నాకేల యితర చింతలు\nనాకాధిపవినుత లొక నాయక కృష్ణా.	false	["seq"]	["corr","seq"]	83	ో	ొ	shorten	3	7	లొక	true	3	2	37	|||U	["త","లొ","క","నా"]	pdy-v-00151		
pdy-kandamu-0012	kandamu	jaathi	""	train	పదునాలుగు భువనంబులు\nకుదురుగ నీకుక్షి నిల్పుకొను నేర్పరివై\nవిదితంబుగ నాదేవకి\nయుదరములో నెట్టులొదిగి యుంటివి కృష్ణా.	true	[]	[]														pdy-v-00152		
pdy-kandamu-0014	kandamu	jaathi	""	train	అల్ల జగన్నాథుకు వ్రే\nపల్లియ క్రీడార్థ మయ్యెఁ పరమాత్మునకు\nన్‌ గొల్లసతి యా యశోదయుఁ\nదల్లియునై చన్నుగుడిపెఁ దనరఁగఁ కృష్ణా.	true	[]	[]														pdy-v-00153		
pdy-kandamu-0015	kandamu	jaathi	""	test	అందెలు గజ్జెలు మ్రోయఁగఁ\nజిందులు ద్రొక్కుచూను వేడ్క చెలువారంగా\nనందుని సతి యాగోపిక\nముందఱ నాడుదువు మిగుల మురియుచుఁ గృష్ణా.	false	["seq"]	["corr","seq"]	41	ు	ూ	lengthen	1	5	ద్రొక్కుచూను	false	1	1	12	U|U|	["ద్రొ","క్కు","చూ","ను"]	pdy-v-00154		
pdy-kandamu-0016	kandamu	jaathi	""	train	హరిచందనంబు మేనునఁ\nగరమొప్పెడు హస్తములను గంకణ రవము\nల్‌ ఉరమున రత్నము మెఱయఁగఁ\nబరఁగీతివౌ నీవు బాల ప్రాయము కృష్ణా.	false	["seq"]	["corr","seq"]	78	ి	ీ	lengthen	3	2	బరఁగీతివౌ	false	3	1	39	|UU|	["తి","వౌ","నీ","వు"]	pdy-v-00155		
pdy-kandamu-0017	kandamu	jaathi	""	train	పాణితలంబున వెన్నయు\nవేణీమూలంబునందు వెలయఁగఁ బింఛం\nబాణీముత్యము ముక్కున\nనాణెముగాఁదాల్చు లోక నాథుఁడ కృష్ణా.	true	[]	[]														pdy-v-00156		
pdy-kandamu-0018	kandamu	jaathi	""	train	మడుగుకుఁ జని కాళీయుని\nపడగలపై భరతశాస్త్ర పద్ధతి వెలయ\nన్‌ గడూవేడుకతో నాడెడు\nనడుగులు నా మదిని దలఁతు నచ్యుత కృష్ణా.	false	["seq"]	["corr","seq"]	58	ు	ూ	lengthen	2	1	గడూవేడుకతో	false	2	0	26	|UU|	["న్గ","డూ","వే","డు"]	pdy-v-00157		
pdy-kandamu-0019	kandamu	jaathi	""	dev	బృందావనమున బ్రహ్మా\nనందార్భకమూర్తి వేణు నాదము నీ వా\nమందార మూలమున గో\nవిందా పూరింతువౌర వేడుకఁ గృష్ణా.	true	[]	[]														pdy-v-00158		
pdy-kandamu-0020	kandamu	jaathi	""	train	వారిజ నేత్రలు యమునా\nవారిని జలకంబులాడ వచ్చిన నీ వా\nచిరలు మ్రుచ్చిలి యిచ్చితి\nనేరుపురా యదియు నీకు నీతియె కృష్ణా.	false	["seq"]	["corr","seq"]	51	ీ	ి	shorten	2	0	చిరలు	false	2	0	23	|||U	["చి","ర","లు","మ్రు"]	pdy-v-00159		
pdy-kandamu-0021	kandamu	jaathi	""	train	దేవేంద్రుఁ డలుకతోడను\nవావిరిగా ఱాళ్ళవాన వడిఁ గురియింప\nన్‌ గోవర్ధనగిరి యెత్తితి\nగోవుల గోపకులఁ గాచు కొఱకై కృష్ణా.	true	[]	[]														pdy-v-00160		
pdy-kandamu-0022	kandamu	jaathi	""	dev	అండజవాహన విను బ్ర\nహ్మాండంబుల బంతులట్ల యాడెడు ని వా\nకొండల నెత్తితి వందురు\nకొండిక పనిగాక దొడ్డ కొండా కృష్ణా.	false	["seq"]	["corr","seq"]	46	ీ	ి	shorten	1	11	ని	true	1	4	20	|UU	["ని","వా","కొం"]	pdy-v-00161		
pdy-kandamu-0024	kandamu	jaathi	""	dev	పదియాఱువేల నూర్వురు\nసుదతులు నెనమండ్రు నీకు సొంపుగ భార్య\nల్‌ విదితంబుగ బహురూపుల\nవదలక రమియింతువౌర వసుధను గృష్ణా.	true	[]	[]														pdy-v-00162		
pdy-kandamu-0025	kandamu	jaathi	""	test	అంగన పనుపున దోవతి\nకొంగున నటుకులను మూడుచుకొని వచ్చిన యా\nసంగతి విని దయనొసఁగితి\nరంగుగ సంపదలు లోక రక్షక కృష్ణా.	false	["seq"]	["corr","seq"]	35	ు	ూ	lengthen	1	8	మూడుచుకొని	false	1	3	20	|||U	["చు","కొ","ని","వ"]	pdy-v-00163		
pdy-kandamu-0026	kandamu	jaathi	""	train	హా వసుదేవకుమారక\nకావుము నా మాన మనుచు కామిని వేఁడ\nన్‌ ఆ వనజాక్షికి నిచ్చితి\nశ్రీవర యక్షయ మటంచు జీరలు కృష్ణా.	true	[]	[]														pdy-v-00164		
pdy-kandamu-0028	kandamu	jaathi	""	train	జయమును విజయున కియ్యవె\nహయముల ములుకోల మోపి యదలించి మహా\nరయమున రొప్పవె తేరును\nభయమున రిపుసేన విఱిగి పాఱఁగఁ గృష్ణా.	true	[]	[]														pdy-v-00165		
pdy-kandamu-0031	kandamu	jaathi	""	train	దివిజేంద్రసుతునిఁ జంపియు\nరవిసుతు రక్షించినావు రఘురాముఁడవై\nదివిజేంద్రసుతునిఁ గాచియు\nరవిసుతుఁ బరిమార్చితౌర రణమునఁ గృష్ణా.	true	[]	[]														pdy-v-00166		
pdy-kandamu-0033	kandamu	jaathi	""	train	గిరులందు మేరువౌదువు\nసురలందున నింద్రుఁడౌదు చుక్కలలోన\nన్‌ బరమాత్మ చంద్రుఁడౌదువు\nనరులందున నృపతివౌదు నయముగఁ గృష్ణా.	true	[]	[]														pdy-v-00167		
pdy-kandamu-0034	kandamu	jaathi	""	train	చుక్కల నెన్నఁగ వచ్చును\nగ్రక్కున భూరేణువులను గణుతింప నగు\nన్‌ జొక్కపు నీ గుణజాలము\nనక్కజ మగు లెక్కపెట్ట నజునకుఁ గృష్ణా.	true	[]	[]														pdy-v-00168		
pdy-kandamu-0036	kandamu	jaathi	""	train	విశ్వోత్పత్తికి బ్రహ్మవు\nవిశ్వము రక్షింపఁ దలఁచి విష్ణుఁడ వనగా\nవిశ్వము జెఱుపను హరుఁడవు\nవిశ్వాత్మక నీవె యగుచు వెలయుదు కృష్ణా.	true	[]	[]														pdy-v-00169		
pdy-kandamu-0037	kandamu	jaathi	""	train	అగణితవైభవ కేశవ\nనగధర వనమాలి యాది నారాయణ యొ\nభగవంతుఁడ శ్రీమంతుఁడ\nజగదీశ్వర శరణు శరణు శరణము కృష్ణా.	false	["seq"]	["seq"]	40	ో	ొ	shorten	1	14	యొ	true	1	4	22	|||	["య","ణ","యొ"]	pdy-v-00170		
pdy-kandamu-0044	kandamu	jaathi	""	train	దశకంఠునిఁ బరిమార్చియు\nగుశలముతో సీతఁదెచ్చీ కొనియు నయోధ్య\nన్‌ విశదముగఁ గీర్తి నేలిన\nదశరథరామావతార ధన్యుఁడ కృష్ణా.	false	["seq"]	["corr","seq"]	40	ి	ీ	lengthen	1	8	సీతఁదెచ్చీ	false	1	2	16	|UU|	["త","దె","చ్చీ","కొ"]	pdy-v-00171		
pdy-kandamu-0048	kandamu	jaathi	""	train	వనజాక్ష భక్తవత్సల\nఘనులగు త్రైమూర్తులందుఁ గరూణానిధివై\nకన నీ సద్గుణజాలము\nసనకాది మునీంద్రు లెన్నఁ జాలరు కృష్ణా.	false	["seq"]	["corr","seq"]	43	ు	ూ	lengthen	1	10	గరూణానిధివై	false	1	3	18	|UU|	["గ","రూ","ణా","ని"]	pdy-v-00172		
pdy-kandamu-0052	kandamu	jaathi	""	dev	పంచేంద్రియమార్గంబులఁ\nగొంచెపు బుద్ధిని జరించి కొన్ని దినంబు\nల్‌ ఇంచుక సజ్జన సంగతి\nనెంచగ మిమ్మెఱిఁగినాఁడ నిప్పుడె కృష్ణా.	true	[]	[]														pdy-v-00173		
pdy-kandamu-0054	kandamu	jaathi	""	dev	కుంభీంద్రవరద కేశవ\nజంభాసురవైరి దివిజ సన్నుత చరితా\nఅంభోజనేత్ర జలనిధి\nగంభీరా నన్నుఁ గావు కరుణను గృష్ణా.	true	[]	[]														pdy-v-00174		
pdy-kandamu-0055	kandamu	jaathi	""	train	దిక్కెవ్వరు ప్రహ్లాదుకూ\nదిక్కెవ్వరు పాండుసుతుల దీనుల కెపుడు\nన్‌ దిక్కెవ్వ రయ్యహల్యకు\nదిక్కెవ్వరు నీవె నాకు దిక్కువు కృష్ణా.	false	["seq"]	["corr","seq"]	22	ు	ూ	lengthen	0	7	ప్రహ్లాదుకూ	false	0	2	5	U|UU	["హ్లా","దు","కూ","ది"]	pdy-v-00175		
pdy-kandamu-0056	kandamu	jaathi	""	train	హరి నీవె దిక్కు నాకును\nసిరితో నేతెంచి మకరీ శిక్షించి దయ\nన్‌ బరమేష్ఠి సురలు పొగడఁగ\nకరిఁ గాచిన రీతి నన్నుఁ గావుము కృష్ణా.	false	["seq"]	["seq"]	41	ి	ీ	lengthen	1	8	మకరీ	false	1	2	14	|||U	["చి","మ","క","రీ"]	pdy-v-00176		
pdy-kandamu-0057	kandamu	jaathi	""	test	పురుషోత్తమ లక్ష్మీపతి\nసరసిజగర్భాది మౌనీసన్నుతచరితా\nమురభంజన సురరంజన\nవరదుఁడ వగు నాకు భక్త వత్సల కృష్ణా.	false	["seq"]	["corr","seq"]	38	ి	ీ	lengthen	1	8	మౌనీసన్నుతచరితా	false	1	2	15	|UUU	["ది","మౌ","నీ","స"]	pdy-v-00177		
pdy-kandamu-0062	kandamu	jaathi	""	train	గజరాజవరద కేశవ\nత్రిజగత్కల్యాణమూర్తి దేవ మురారి\nభుజగేంద్రశయన మాధవ\nవిజయాప్తుఁడ నన్నుఁగావు వేగమె కృష్ణా.	false	["seq"]	["corr","seq"]	44	ీ	ి	shorten	1	12	మురారి	true	1	4	21	U||	["రా","రి","భు"]	pdy-v-00178		
pdy-kandamu-0063	kandamu	jaathi	""	test	గోపాల కృష్ణ మురహర\nపాపాలను బాఱఁదోలు ప్రభుఁడవు నీవె\nగోపాలమూర్తి దయతో\nనాపాలిటఁగలిగి ప్రోవు నమ్మితిఁ గృష్ణా.	false	["seq"]	["corr","seq"]	48	ే	ె	shorten	1	13	నీవె	true	1	4	21	U|U	["నీ","వె","గో"]	pdy-v-00179		
pdy-kandamu-0066	kandamu	jaathi	""	train	బలమెవ్వఁడు కరిఁ బ్రోవను\nబలమెవ్వఁడు పాండుసుతుల భార్యను గావ\nన్‌ బలమెవ్వఁడు రవిసుతునకూ\nబలమెవ్వఁడు నాకు నీవ బలమౌఁ గృష్ణా.	false	["seq"]	["seq"]	82	ు	ూ	lengthen	2	10	రవిసుతునకూ	false	2	2	32	|||U	["సు","తు","న","కూ"]	pdy-v-00180		
pdy-kandamu-0069	kandamu	jaathi	""	train	హరీ సర్వంబునఁ గలఁ డని\nగరిమను దైత్యుండు పలుకఁ గంబములోన\nన్‌ ఇరవొంది వెడలిచీల్చవె\nశరణనఁ బ్రహ్లాదుడిండు సాక్షియె కృష్ణా.	false	["seq"]	["corr","seq"]	2	ి	ీ	lengthen	0	1	హరీ	true	0	0	0	|UUU	["హ","రీ","స","ర్వం"]	pdy-v-00181		
pdy-kandamu-0075	kandamu	jaathi	""	train	ఏతండ్రి కనకకశ్యపు\nఘాతకుఁడై యతనిసుతుని గరుణను గాచె\nన్‌ ప్రీతి సురకోటి పొగడఁగ\nనా తండ్రి నిన్ను నేను నమ్మితి గృష్ణా.	false	["seq"]	["corr","seq"]	84	ీ	ి	shorten	3	2	తండ్రి	true	3	1	37	|U|U	["డ్రి","ని","న్ను","నే"]	pdy-v-00182		
pdy-kandamu-0077	kandamu	jaathi	""	train	ఏవిభుఁడు ఘోరరణమున\nరావణుఁ వధియించి లంకరాజుగ నిలిపె\nన్‌ దీవించి యావిభీషణు\nనావిభు నేఁ దలఁతు మదిని నచ్యుత కృష్ణా.	true	[]	[]														pdy-v-00183		
pdy-kandamu-0078	kandamu	jaathi	""	train	గ్రహభయదోషము లొందవు\nబహుపీడలు చేర వెఱచూఁ బాయును నఘము\nల్‌ ఇహపర ఫలదాయక విను\nతహతహలెక్కడివి నిన్నుఁదలఁచినఁ గృష్ణా.	false	["seq"]	["seq"]	36	ు	ూ	lengthen	1	9	వెఱచూఁ	false	1	2	16	|||U	["ర","వె","ఱ","చూ"]	pdy-v-00184		
pdy-kandamu-0079	kandamu	jaathi	""	test	గంగ మొదలైన నదులను\nమంగళముగఁ జేయునట్టి మజ్జనములకు\nన్‌ సంగతి గలిగిన ఫలములు\nరంగుగ మిముఁదలఁచు సాటి రావుర కృష్ణా.	true	[]	[]														pdy-v-00185		
pdy-kandamu-0080	kandamu	jaathi	""	train	ఆ దండకావనంబున\nకోదండముఁదాల్చినట్టి కోమలమూర్తీ\nనాదండ గావ రమ్మి\nవేదండము కాచినట్టి వేల్పువు కృష్ణా.	false	["seq"]	["corr","seq"]	59	ీ	ి	shorten	2	6	రమ్మి	true	2	2	26	U|UU	["ర","మ్మి","వే","దం"]	pdy-v-00186		
pdy-kandamu-0081	kandamu	jaathi	""	dev	చూపుము నీరూపంబును\nబాపపు దుష్కృతము లెల్లఁ బంకజనాభా\nపాపుము నాకును దయతో\nశ్రీపతి నిను నమ్మినాఁడ సిద్ధము కృష్ణా.	true	[]	[]														pdy-v-00187		
pdy-kandamu-0082	kandamu	jaathi	""	train	ని నామము భవహరణము\nనీ నామము సర్వసౌఖ్య నివహకరంబు\nన్‌ నీ నామ మమృత పూర్ణము\nనీ నామము నేఁదలంతు నిత్యము కృష్ణా.	false	["seq"]	["corr","seq"]	1	ీ	ి	shorten	0	0	ని	true	0	0	0	|U||	["ని","నా","మ","ము"]	pdy-v-00188		
pdy-kandamu-0088	kandamu	jaathi	""	train	వావిరి ని భక్తులకు\nన్‌ గావరమున నెగ్గు సేయు గర్వాంధులకు\nన్‌ దేవ వధించుట వింటిని\nనీవల్లను భాగ్యమయ్యె నిజముగఁ గృష్ణా.	false	["seq"]	["corr","seq"]	8	ీ	ి	shorten	0	3	ని	true	0	2	6	|UU|	["ల","కు","న్గా","వ"]	pdy-v-00189		
pdy-kandamu-0090	kandamu	jaathi	""	train	కంటికి ఱెప్ప విధంబున\nబంటుగదా యనుచు నన్నుఁ బాయక యెపుడు\nన్‌ జంటయు నీ వుండుట నే\nకంటక మగు పాపమూలను గడచితిఁ గృష్ణా.	false	["seq"]	["corr","seq"]	90	ు	ూ	lengthen	3	7	పాపమూలను	false	3	4	45	|UU	["తి","గృ","ష్ణా"]	pdy-v-00190		
pdy-kandamu-0091	kandamu	jaathi	""	train	యమునకు నిఁక నె వెఱువను\nకమలాక్ష జగన్నివాస కామితఫలదా\nవిమలమగు నీదు నామము\nనమఁరఁగఁ దలఁచెదను వేగ ననిశము కృష్ణా.	false	["seq"]	["corr","seq"]	13	ే	ె	shorten	0	6	నె	true	1	1	15	|U|U	["జ","గ","న్ని","వా"]	pdy-v-00191		
pdy-kandamu-0092	kandamu	jaathi	""	train	దండమయా విశ్వంభర\nదండమయా పుండరీక దళనేత్ర హరీ\nదండమయా కరుణానిధి\nదండమయా నీకు నెపుడు దండము కృష్ణా.	true	[]	[]														pdy-v-00192		
pdy-kandamu-0093	kandamu	jaathi	""	train	నారాయణ లక్ష్మీపతి\nనారాయణ వాసుదేవ నందకుమారా\nనారాయణ నిను నమ్మితి\nనారాయణ నన్నుఁ బ్రోవు నగధర కృష్ణా.	true	[]	[]														pdy-v-00193		
pdy-kandamu-0095	kandamu	jaathi	""	train	శ్రీలక్ష్మీనారాయణ\nవాలాయము నిన్నుఁ దలఁతు వందితచరణా\nఏలుము నను నీ బంటుగఁ\nజాలఁగ నిను నమ్మినాను సరసుఁడ కృష్ణా.	true	[]	[]														pdy-v-00194		
pdy-kandamu-0102	kandamu	jaathi	""	test	అనూదినము కృష్ణశతకము\nవినినఁ బఠించినను ముక్తి వేడుక గలుగు\nన్‌ ధనధాన్యము గోగణములు\nతనయులు నభివృద్ధిఁ బొందు దద్దయుఁ గృష్ణా.	false	["seq"]	["seq"]	2	ు	ూ	lengthen	0	1	అనూదినము	false	0	0	0	|U||	["అ","నూ","ది","న"]	pdy-v-00195		
pdy-teytageethi-0107	teytageethi	upajaathi	""	dev	శైలజానుంగ, నీకొక శతక మిపుడు\nకూర్చి యర్పింతుఁ గైకొమ్ము, కోర్కె లిమ్ము,\nభూనుతవిలాస, పీఠికాపురనివాస,\nకుముదహితకోటిసంకాశ, కుక్కుటేశ!	true	[]	[]														pdy-v-00196		
pdy-seesamu-0108	seesamu	upajaathi	""	train	కొక్కుఁ జొక్కువయాళి జక్కి నెక్కెడి వేల్పు మినుసికయెకిమీని యనుఁగుఁబట్టి\nమేల్కడాని పసిండిమేని జేజేమిన్న యిద్దఱుతల్లుల ముద్దుఁగొడుకు\nగుజ్జుదేవర వ్రేలుబొజ్జ మేటిమగండు మొలకపూవుల పూజ నలరు వలఁతి,\nచిలువజన్నిదముల చెలువుండు సికను లేఁ- దొగవిందుతునె పూను సొగసుకాఁడు	true	[]	[]														pdy-v-00197		
pdy-teytageethi-0109	teytageethi	upajaathi	""	train	తిమ్మకవిచంద్రుఁడను నేను దివిరి నీకు\nశతక మర్పింతుఁ గైకొమ్ము సంతసమున,\nభూనుతవిలాస, పీఠికాపురనివాస,\nకుముదహితకోటిసంకాశ, కుక్కుటేశ!	true	[]	[]														pdy-v-00198		
pdy-seesamu-0110	seesamu	upajaathi	""	train	కౌశిక కౌండిన్య కపిల కశ్యప కణ్వ కౌత్స కాత్యాయన కలశజులును\nజహ్ను జరత్కార జాబాలి జమదగ్ని జలజభవాత్మజ జైమినులును\nమందపాల మతంగ మౌసల మౌద్గల్య మాండవ్య మైత్రేయ మంకణులును\nవల్మీకభవ వత్స వాలఖిల్య వశిష్ఠ వరతంతు వామదేవ ప్రముఖులును	true	[]	[]														pdy-v-00199		
pdy-teytageethi-0110	teytageethi	upajaathi	""	dev	నిక్కముగ నిన్ను వర్ణింపనేర రనఁగ\nనెంతవారింక నరులు ని న్నెఱిఁగి పొగడ,\nభూనుతవిలాస, పీఠికాపురనివాస,\nకుముదహితకోటిసంకాశ, కుక్కుటేశ!	true	[]	[]														pdy-v-00200		
pdy-seesamu-0111	seesamu	upajaathi	""	train	దండ ముద్దండదోర్దండకోదండవి- ఖండిత చండవేదండ, నీకు!\nజొహారు హారామరాహారనీహార- గోహర గోహీరదేహ, నీకు!\nనతి శతక్రతుముఖాదితిసుతాతతకృత- స్తుతికృతామితహిత కుతుక, నీకు!\nజేజే పరాజితోగ్రాజివిరాజిత- వ్యాజనిరీజసమాజ, నీకు!	false	["seq"]	["corr","seq"]	50	ో	ొ	shorten	1	0	జొహారు	true	2	0	22	|U|U	["జొ","హా","రు","హా"]	pdy-v-00201		
pdy-teytageethi-0111	teytageethi	upajaathi	""	train	వందన ముదార దారుకావనమునీంద్ర-\nసుందరీబృందమానసానంద, నీకు!\nభూనుతవిలాస, పీఠికాపురనివాస,\nకుముదహితకోటిసంకాశ, కుక్కుటేశ!	true	[]	[]														pdy-v-00202		
pdy-teytageethi-0113	teytageethi	upajaathi	""	train	నీకు నతులు సమర్పించీ నిష్ఠతోడఁ\nగొల్చువారలె శమనుని గెల్చువారు,\nభూనుతవిలాస, పీఠికాపురనివాస,\nకుముదహితకోటిసంకాశ, కుక్కుటేశ!	false	["seq"]	["corr","seq"]	19	ి	ీ	lengthen	0	8	సమర్పించీ	false	0	2	6	UUUU	["మ","ర్పిం","చీ","ని"]	pdy-v-00203		
pdy-teytageethi-0114	teytageethi	upajaathi	""	train	నహరహంబును నిను భక్తి నాత్మఁ దలఁచు\nపుణ్యమతులకుఁ గడు సులభుఁడవు నీవు,\nభూనుతవిలాస, పీఠికాపురనివాస,\nకుముదహితకోటిసంకాశ, కుక్కుటేశ!	true	[]	[]														pdy-v-00204		
pdy-seesamu-0115	seesamu	upajaathi	""	train	సర్వసర్వంసహాస్థలి శతాంగము గాఁగ రవిసుధాకరులు చక్రములు గాగ\nవాణీవిలాసినీవరుఁడు సారథి గాఁగఁ బ్రామిన్కుగములు బాబాలు గాగ\nరత్నసానుధరాధరము కార్ముకము గాగ నాగాధినాథుండు నారి గాగ\nపంకజాతాక్షుండు కంకపత్రము గాఁగ బర్హిర్ముఖులు వీరభటులు గాఁగఁ	true	[]	[]														pdy-v-00205		
pdy-teytageethi-0115	teytageethi	upajaathi	""	train	గూర్చి బారులు దీర్చి చిట్టార్చి పేర్చి\nయోర్చి పురదానవులఁ దెగటార్చితీవు,\nభూనుతవిలాస, పీఠికాపురనివాస,\nకుముదహితకోటిసంకాశ, కుక్కుటేశ!	true	[]	[]														pdy-v-00206		
pdy-seesamu-0117	seesamu	upajaathi	""	test	పలుకుఁగ్రొన్ననఁబోఁడి కులుకు వీణియ మీట వేయుఁగన్నులవేల్పు వేణువూదఁ\nగలుములతొగకంటి చెలఁగి గానము సేయ నలువ కైతాళ మింపలర వ్రెయ\nమధుదైత్యమథనుండు మద్దెల వాయింప సకలపారిషదు లెచ్చరికసేయ\nనందిభృంగీశు లందంద సందడి దీర్ప మొనసి దేవతలెల్ల మ్రొక్కి కొలువ	false	["seq"]	["corr","seq"]	117	ే	ె	shorten	1	26	వ్రెయ	false	4	0	56	|U||	["ధు","దై","త్య","మ"]	pdy-v-00207		
pdy-teytageethi-0117	teytageethi	upajaathi	""	dev	సంతసము మీఱఁ గేరి సాయంతనమునఁ\nదాండవం బాడు నీ హొయల్ దలఁప వశమె\nభూనుతవిలాస, పీఠికాపురనివాస,\nకుముదహితకోటిసంకాశ, కుక్కుటేశ!	true	[]	[]														pdy-v-00208		
pdy-teytageethi-0119	teytageethi	upajaathi	""	train	గాఁగ నణిమాది భూతులు గల్గు నీకుఁ\nబునూకలెత్తంగ నేరీతిఁ బొసఁగెనయ్య,\nభూనుతవిలాస, పీఠికాపురనివాస,\nకుముదహితకోటిసంకాశ, కుక్కుటేశ!	false	["seq"]	["seq"]	35	ు	ూ	lengthen	1	1	బునూకలెత్తంగ	false	1	0	13	|U|	["బు","నూ","క"]	pdy-v-00209		
pdy-seesamu-0122	seesamu	upajaathi	""	train	పుఱియలు పునుకలు నెఱియఁ బేర్లుగ వైచి కుత్తుక గరళంబు కుదురు కొలిపి\nకడఁగి పెన్బాముల తొడపులుగాఁ బెట్టి పచ్చియేనుఁగుతోలు పైని గప్పి\nనెమ్మేన శవభస్మ మిమ్ముమీఱ నలంది బికిరంబు చలికూడు ప్రేమఁ దినుచు\nభూతపిశాచముల్ ప్రీతిఁ గొల్వగఁ బ్రేత- భూములయందు నబ్బురము మీఱ	true	[]	[]														pdy-v-00210		
pdy-teytageethi-0125	teytageethi	upajaathi	""	train	సుకవిజనదేవతాగృహసూరివరుల\nజేరదింతయుఁ దులువ కూర్చిన ధనంబు,\nభూనుతవిలాస, పీఠికాపురనివాస,\nకుముదహితకోటిసంకాశ, కుక్కుటేశ!	true	[]	[]														pdy-v-00211		
pdy-seesamu-0126	seesamu	upajaathi	""	train	విధవాకుచంబుల విధమున ససి చెడ్డ పాడింట నిడిన దీపంబు కరణి,\nగాననాంతరమునఁ గాయు వెన్నెల రీతి షండున కబ్బిన చాన పోల్కిఁ\nగ్రోఁతి చే నొదవిన కొబ్బరికాయ య- ట్లంబుధిం బడిన తోయంబు మాడ్కి\nముసిడిఁ బండిన ఫలమ్ముల చందమున దుష్ట- ఫణిశిరంబున వెల్గు మణి విధమున	true	[]	[]														pdy-v-00212		
pdy-teytageethi-0126	teytageethi	upajaathi	""	train	ధరణిఁ బరమనికృష్టుని దండనున్న\nధనము వృథయగు నేరికిఁ బనికిరాక,\nభూనుతవిలాస, పీఠికాపురనివాస,\nకుముదహితకోటిసంకాశ, కుక్కుటేశ!	true	[]	[]														pdy-v-00213		
pdy-seesamu-0127	seesamu	upajaathi	""	train	వేదశాస్త్రపురాణవిద్య లక్కఱగావు పరిహాసవిద్యలు పనికివచ్చు\nగద్యపద్యవిచిత్రకవీతలు కొఱగావు గొల్లసుద్దుల కతల్ పెల్లుమీఱు\nదేవతాభాషల తీరు లేమియుఁ గావు పారసీకోక్తులు ప్రణుతి కెక్కు\nశైవవైష్ణవమతాచారంబు లొప్పవు పాషండమతములు బాళి నలరు	false	["seq"]	["seq"]	73	ి	ీ	lengthen	1	8	గద్యపద్యవిచిత్రకవీతలు	false	2	2	33	|U||	["క","వీ","త","లు"]	pdy-v-00214		
pdy-teytageethi-0128	teytageethi	upajaathi	""	train	భూతలంబునఁ గలిదోషహెతుకమునఁ\nబ్రబలురై రింకనేమి చెప్పంగవలయు\nభూనుతవిలాస, పీఠికాపురనివాస,\nకుముదహితకోటిసంకాశ, కుక్కుటేశ!	false	["seq"]	["corr","seq"]	17	ే	ె	shorten	0	9	గలిదోషహెతుకమునఁ	false	1	0	15	||U	["బ","లు","రై"]	pdy-v-00215		
pdy-seesamu-0129	seesamu	upajaathi	""	train	బొగ్గులఁ దైలంబు బుట్టింపగా వచ్చు ధట్టించి జలరాశి దాటవచ్చు\nజెలరేఁగి ఘనదవానలము మ్రింగఁగ వచ్చు భుజగులఁ బేర్లుగాఁ బూనవచ్చు\nబెబ్బులి నఱచేతఁ బెనఁగి పట్టఁగ వచ్చు దివిరి ఱాతిని నార దీయవచ్చు\nగొదమసింగమును నక్కునఁ జేర్పఁగా వచ్చు గాలి పోగిడి మూట గట్టవచ్చు	true	[]	[]														pdy-v-00216		
pdy-teytageethi-0129	teytageethi	upajaathi	""	train	గాని తులువల డెందంబు గరగఁ జేయ\nవశము గాదయ్య భువిని నెవ్వరికినైన,\nభూనుతవిలాస, పీఠికాపురనివాస,\nకుముదహితకోటిసంకాశ, కుక్కుటేశ!	true	[]	[]														pdy-v-00217		
pdy-seesamu-0130	seesamu	upajaathi	""	train	సల్లగా మాలదాసర సటారయగారి తిర్నామములు సాన తేప వింటి\nగొల్లమారన బోయ దెల్లఁగా సతికితే బొల్లేవు పోట్లాటలెల్ల యింటి\nజయన యెంకటబొట్లు సబ్బండుసారాలు పూరాండములు సెప్పఁ గోరి యింటి\nసరవయ్య బయలీదు జమిలికతొఁ బాడు నంకమ్మపాట లెన్నైన యింటి	false	["seq"]	["corr","seq"]	190	ో	ొ	shorten	3	12	జమిలికతొఁ	false	6	3	86	|U|U	["తొ","బా","డు","నం"]	pdy-v-00218		
pdy-teytageethi-0130	teytageethi	upajaathi	""	test	గాని సీ యెద్దుమాంసుల కయితకంబు\nలందమనిపించు కాయల యందమండ్రు,\nభూనూతవిలాస, పీఠికాపురనివాస,\nకుముదహితకోటిసంకాశ, కుక్కుటేశ!	false	["seq"]	["corr","seq"]	61	ు	ూ	lengthen	2	1	భూనూతవిలాస	false	2	0	26	UU|	["భూ","నూ","త"]	pdy-v-00219		
pdy-teytageethi-0132	teytageethi	upajaathi	""	dev	యెంటఁబట్టిరి యబ్బబ్బ యేమి సేతు\nబాపనపిసాసు లనుచోట్ల బలుకఁ దరమె,\nభూనుతవిలాస, పీఠికాపురనివాస,\nకుముదహితకోటిసంకాశ, కుక్కుటేశ!	true	[]	[]														pdy-v-00220		
pdy-teytageethi-0133	teytageethi	upajaathi	""	train	పట్టిబుజములు గాలసబట్టెననెడు\nచెనటుల తెఱంగు లేమని చెప్పనేర్తు\nభూనుతవిలాస, పీఠికాపురనివాస,\nకుముదహితకోటిసంకాశ, కుక్కుటెశ!	false	["seq"]	["seq"]	114	ే	ె	shorten	3	12	కుక్కుటెశ	false	3	4	54	||	["టె","శ"]	pdy-v-00221		
pdy-teytageethi-0135	teytageethi	upajaathi	""	train	ఎంటఁ బట్టిరి గదరబ్బ యనెడు మూఢ\nకష్టచిత్తుల కిఁక మఱెక్కడి యశంబు,\nభూనుతవిలాస, పీఠికాపురనివాస,\nకుముదహితకోటిసంకాశ, కుక్కుటేశ!	true	[]	[]														pdy-v-00222		
pdy-seesamu-0136	seesamu	upajaathi	""	train	పాతపొత్తపుకట్ట సేత పట్టుకవచ్చి దోసిబాపఁడనంట దోసిలొట్టి\nజలము సంద్రుఁడటంట సనీ సాలదనుకొంట సెడుగు వాసారులు సెప్పుకుంట\nతిండికిఁ దెమ్మంట దేయిరింపుచు తూపె- తూపెకు సేతులు సాపు గాని\nమఱఁదలెన్నఁడు పెదమనిసైనదంటేను తప్పక మూత్రంబె సెప్పలేఁడు	false	["seq"]	["seq"]	74	ి	ీ	lengthen	1	9	సనీ	false	2	2	33	|UU|	["స","నీ","సా","ల"]	pdy-v-00223		
pdy-teytageethi-0136	teytageethi	upajaathi	""	train	సీ యితనికంటె సాకలిసెల్లిగాఁడు\nమేలనెడు మోటకొయ్యల నేల దెలుప,\nభూనుతవిలాస, పీఠికాపురనివాస,\nకుముదహితకోటిసంకాశ, కుక్కుటేశ!	true	[]	[]														pdy-v-00224		
pdy-seesamu-0137	seesamu	upajaathi	""	train	కరణాలటంటను కైలకట్టల యిప్పి పాతికలంటను పరిగలంట\nకాన్లంట గీన్లంట కలయి లేనియి కొన్ని సెల్లులు బాకీలు సెప్పుకొంట\nబిరబిర గంటాలు గిరగిర దిప్పుతా నాకులన్నియు నెడ గోఁకుకుంట\nయెగరాసి దిగరాసి సగమేసి యేగదొబ్బి కొంపలు పడదోసి సంపుతారు	false	["seq"]	["corr","seq"]	188	ె	ే	lengthen	3	12	యేగదొబ్బి	false	7	0	89	|U||	["బ్బి","కొం","ప","లు"]	pdy-v-00225		
pdy-seesamu-0138	seesamu	upajaathi	""	train	యెద్దుమందను గూర్చి యెగసాయమిడితేను తుది నది యధికారి దోసుకొనియె\nదాపుదప్పులకంట దర్మకర్చులకంట కాసువీసము లాగె కరణపయ్య\nసల్లమ్మి పవకమ్మి సిల్లర దాసితే కోమటి నాబంటూకొడుకు దొబ్బె\nకళ్ళము కంకులు గాలిఁ బట్టగఁ బోతె బట్టుబాపనవోళ్ళు బతగనీయ-	false	["seq"]	["corr","seq"]	155	ు	ూ	lengthen	2	18	నాబంటూకొడుకు	false	5	1	70	UUU|	["నా","బం","టూ","కొ"]	pdy-v-00226		
pdy-teytageethi-0139	teytageethi	upajaathi	""	train	పరమలోభికి నృపసభాప్రథితమహిమ-\nసుకవికృతభవ్యకావ్యవిస్ఫురణ యేల\nభూనుతవిలాస, పీఠికాపురనివాస,\nకుముదహితకోటిసంకాశ, కుక్కుటేశ!	true	[]	[]														pdy-v-00227		
pdy-teytageethi-0140	teytageethi	upajaathi	""	train	ధరణి నధముల దాంభికత్వములు చూచి\nచేరి యాచింపఁ దలతురు సూరిజనులు\nభూనుతవిలాస, పీఠికాపురనివాస,\nకుముదహితకోటిసంకాశ, కుక్కుటేశ!	true	[]	[]														pdy-v-00228		
pdy-teytageethi-0141	teytageethi	upajaathi	""	test	తస్కరుని చందమునఁ బదార్థములు మ్రుచ్చి-\nలించుచుఁ జరించు కుకవుల నెంచనెల?\nభూనుతవిలాస, పీఠికాపురనివాస,\nకుముదహితకోటిసంకాశ, కుక్కుటేశ!	false	["seq"]	["corr","seq"]	66	ే	ె	shorten	1	12	నెంచనెల	false	1	4	27	||U	["నె","ల","భూ"]	pdy-v-00229		
pdy-seesamu-0142	seesamu	upajaathi	""	test	దేశాటనంబును దేవతోపాస్తియుఁ బండితస్నేహంబు బహుపురాణ-\nశోధకత్వము పరిశుద్ధతయును మహా- ప్రతిభయుఁ గల్పనాపాటవంబు\nఛందోముఖాశేషశాస్త్రవేదిత్వంబు సంగీతసాహిత్యసౌష్ఠవంబు\nనిఖిలకలానైపుణియూ నహంకారరా- హిత్యంబు జనహితకృత్యములును	false	["seq"]	["seq"]	170	ు	ూ	lengthen	3	8	నిఖిలకలానైపుణియూ	false	6	2	77	|U|U	["ణి","యూ","న","హం"]	pdy-v-00230		
pdy-teytageethi-0142	teytageethi	upajaathi	""	train	గలిగి కవిరాజ రాజశేఖరులు మెచ్చు\nకబ్బములూ గూర్చువాఁడె పో కవి యనంగ,\nభూనుతవిలాస, పీఠికాపురనివాస,\nకుముదహితకోటిసంకాశ, కుక్కుటేశ!	false	["seq"]	["seq"]	38	ు	ూ	lengthen	1	3	కబ్బములూ	false	1	1	17	|UU|	["ము","లూ","గూ","ర్చు"]	pdy-v-00231		
pdy-teytageethi-0143	teytageethi	upajaathi	""	train	యనఁగ నెన్నిక గన్న లేయన్నుమిన్న\nదొరకి ఘను నిన్ను నుతిగొన్న పురుషుఁ డహహ,\nభూనుతవిలాస, పీఠికాపురనివాస,\nకుముదహితకోటిసంకాశ, కుక్కుటేశ!	true	[]	[]														pdy-v-00232		
pdy-teytageethi-0144	teytageethi	upajaathi	""	train	మెలఁగుచుండెడి యిల్లాలు కలుగవలయు\nమహితభాగ్యాన్వితుండైన మానవునకు,\nభూనుతవిలాస, పీఠికాపురనివాస,\nకుమూదహితకోటిసంకాశ, కుక్కుటేశ!	false	["seq"]	["seq"]	94	ు	ూ	lengthen	3	1	కుమూదహితకోటిసంకాశ	false	3	0	43	|U|	["కు","మూ","ద"]	pdy-v-00233		
pdy-teytageethi-0145	teytageethi	upajaathi	""	train	తవిలి పదుగురుబిడ్డల తల్లియైన\nవీడువవలెనండ్రు పెద్ద లిప్పుడమియందు,\nభూనుతవిలాస, పీఠికాపురనివాస,\nకుముదహితకోటిసంకాశ, కుక్కుటేశ!	false	["seq"]	["corr","seq"]	30	ి	ీ	lengthen	1	0	వీడువవలెనండ్రు	false	1	2	20	|U|U	["డ్రు","పె","ద్ద","లి"]	pdy-v-00234		
pdy-teytageethi-0146	teytageethi	upajaathi	""	train	నెన్నఁబడు బేరజపురండ నేలుచుండు\nపురుషుని యభాగ్య మేమని పొగడవచ్చు\nభూనుతవిలాస, పీఠికాపురనివాస,\nకుముదహితకోటిసంకాశ, కుక్కుటేశ!	true	[]	[]														pdy-v-00235		
pdy-teytageethi-0147	teytageethi	upajaathi	""	train	నౌర వింతలు భూమిపై నాఁడుదాని\nమనసు దెలీయంగరాదు పద్మజునికైన,\nభూనుతవిలాస, పీఠికాపురనివాస,\nకుముదహితకోటిసంకాశ, కుక్కుటేశ!	false	["seq"]	["seq"]	36	ి	ీ	lengthen	1	4	దెలీయంగరాదు	false	1	1	15	|UU|	["దె","లీ","యం","గ"]	pdy-v-00236		
pdy-teytageethi-0148	teytageethi	upajaathi	""	test	ప్రోది చేసినవానితోఁ బోరువాఁడు\nచెరు దుర్గతి నిహపరదూరుఁడగుచు,\nభూనుతవిలాస, పీఠికాపురనివాస,\nకుముదహితకోటిసంకాశ, కుక్కుటేశ!	false	["seq"]	["corr","seq"]	31	ే	ె	shorten	1	0	చెరు	false	1	0	12	||U	["చె","రు","దు"]	pdy-v-00237		
pdy-seesamu-0150	seesamu	upajaathi	""	train	వలవని చెలువతో మెలగువాఁ డొకకూళ వాసిడించి చరించువాఁడు కూళ\nసిరి గల్గి కుడువక చిక్కువాఁ డొకకూళ వనిత కుంకువ చెప్పువాఁడు కూళ\nచెడి బంధునింటికిఁ జేరువాఁ డొకకూళ వసుధేశుఁ జెడనాడువాఁడు కూళ\nధనికుతోఁ బగవెట్టుకొనెడువాఁ డొకకూళ వడిలేని దొరఁ గొల్చువాఁడు కూళ	true	[]	[]														pdy-v-00238		
pdy-teytageethi-0150	teytageethi	upajaathi	""	train	కూడదన్నను గవితలఁ గూర్చి బలిమి\nగుమతులకు నిచ్చువాఁ డొక్కకూళ సుమ్ము,\nభూనుతవిలాస, పీఠికాపురనివాస,\nకుముదహితకోటిసంకాశ, కుక్కుటెశ!	false	["seq"]	["seq"]	120	ే	ె	shorten	3	12	కుక్కుటెశ	false	3	4	54	||	["టె","శ"]	pdy-v-00239		
pdy-teytageethi-0151	teytageethi	upajaathi	""	dev	తొడరి సుజనులు ధరణిలో దుర్జనులకుఁ\nజేయు నుపకృతి వ్యర్థమై చెడు గదయ్య,\nభూనుతవిలాస, పిఠికాపురనివాస,\nకుముదహితకోటిసంకాశ, కుక్కుటేశ!	false	["seq"]	["corr","seq"]	80	ీ	ి	shorten	2	6	పిఠికాపురనివాస	false	2	3	40	||U	["ర","ని","వా"]	pdy-v-00240		
pdy-seesamu-0153	seesamu	upajaathi	""	train	పూదోఁటఁ గారెనుబోతు దూఱినయట్లు పైరులోఁ బెనుగాబు బలిసినట్లు\nగుడిమీద మఱ్ఱిమ్రాన్ గుదురు మీఱినయట్లు చెదపుర్వునకు ఱెక్కలొదవినట్లు\nవెరవొప్పఁ జెఱకున వెన్ను పుట్టినయట్లు తులసిలో గంజాయి మొలచినట్లు\nనట్టింట గడితంపుఁ బుట్ట పుట్టినయట్లు గందమ్ములోఁ బేడ కలిసినట్లు	true	[]	[]														pdy-v-00241		
pdy-teytageethi-0153	teytageethi	upajaathi	""	train	వంగడంబున నొక క్రూరవర్తనుండు\nపొడమి తత్ప్రాభవంబెల్ల నుడుగఁజేయు,\nభూనుతవిలాస, పీఠికాపురనీవాస,\nకుముదహితకోటిసంకాశ, కుక్కుటేశ!	false	["seq"]	["seq"]	84	ి	ీ	lengthen	2	11	పీఠికాపురనీవాస	false	2	3	36	||U	["పు","ర","నీ"]	pdy-v-00242		
pdy-teytageethi-0154	teytageethi	upajaathi	""	train	ధరణిఁ బెక్కండ్రు నీచవర్తనులలోన\nఘనుఁ డొకఁడు చిక్కి యేమియుఁ గాక యుండు,\nభూనుతవిలాస, పీఠికాపురనివాస,\nకుముదహితకోటిసంకాశ, కుక్కూటేశ!	false	["seq"]	["seq"]	121	ు	ూ	lengthen	3	11	కుక్కూటేశ	false	3	3	52	UUU	["కు","క్కూ","టే"]	pdy-v-00243		
pdy-teytageethi-0155	teytageethi	upajaathi	""	train	ఘనున కోక నేరమించుక కలిగెనేని\nగొఱఁతగాఁ జూచి యెగ్గెన్నుకొనరు బుధులు,\nభూనుతవిలాస, పీఠికాపురనివాస,\nకుముదహితకోటిసంకాశ, కుక్కుటేశ!	false	["seq"]	["seq"]	6	ొ	ో	lengthen	0	3	కోక	true	0	2	6	|U||	["ర","మిం","చు","క"]	pdy-v-00244		
pdy-seesamu-0156	seesamu	upajaathi	""	train	కొఱగాని పంచమకులునైన నడిగించుఁ బరదేశమూలవెంటఁ దిరుగఁజేయుఁ\nగులములో వన్నె తక్కువయై మెలంగించు మదిని హింసాంభోధిఁ గుదురుపఱచు\nసభ నాడుమాట హాస్యరసాస్పదము సేయు తెలివి యొక్కపుడైనఁ గలుగనీదు\nతివిరి సాధులఁ బట్టి తెరవాట్లు కొట్టించు గడలేని యిడుమలఁ గుడువఁజేయు	false	["seq"]	["corr","seq"]	36	ు	ూ	lengthen	0	19	బరదేశమూలవెంటఁ	false	1	3	25	|U|	["గ","జే","యు"]	pdy-v-00245		
pdy-teytageethi-0156	teytageethi	upajaathi	""	train	ధరణిలోపల నకట పేదఱికమెంత\nకాని దది వద్దు సుమ పగవానికైన,\nభూనుతవిలాస, పీఠికాపురనివాస,\nకుముదహితకోటిసంకాశ, కుక్కుటేశ!	true	[]	[]														pdy-v-00246		
pdy-seesamu-0157	seesamu	upajaathi	""	train	కూలమున కెల్ల మిక్కిలితనం బొనఁగూడు నాడినమాటయే పాడి యెసఁగు\nనిఖిలవిద్యాభ్యాసనిపుణత లభియించుఁ జేసిన పనులెల్ల వాసికెక్కు\nమనుజేశ్వరాస్థానమాన్యత సమకూఱుఁ గడలేని తేజంబు గలిగియుండు\nకవిబుధవందిమాగధుల చెల్మి ఘటించుఁ బగరయైనను వెంటఁ బడి చరించు	false	["seq"]	["corr","seq"]	1	ు	ూ	lengthen	0	0	కూలమున	false	0	1	3	|U|U	["న","కె","ల్ల","మి"]	pdy-v-00247		
pdy-teytageethi-0157	teytageethi	upajaathi	""	test	గలియుగంబున నబ్బబ్బ కలిమివంటి\nమంచివస్తువు కలదే యోజించి చూడ,\nభూనుతవిలాస, పీఠికాపురనివాస,\nకుముదహితకోటిసంకాశ, కుక్కుటేశ!	false	["seq"]	["seq"]	44	ె	ే	lengthen	1	7	కలదే	true	1	2	19	||UU	["క","ల","దే","యో"]	pdy-v-00248		
pdy-seesamu-0158	seesamu	upajaathi	""	train	బంధుజాతములోన బహుమాన మెడలించు సభలలో మాటాడఁ జనవులేదు\nపరమైన విజ్ఞానసరత సిద్ధించదు కుమతులు గెగ్గెర్లఁ గొట్టుచుంద్రు\nపరభూమి కేఁగినఁ బాటింపరెవ్వరుఁ బ్రతిభావీశేషంబు పట్టువడదు\nధారుణీపతు లొక్కదానమే నొసఁగరు కులసతి యతనిఁ దక్కువగఁ జూచు	false	["seq"]	["seq"]	150	ి	ీ	lengthen	2	16	బ్రతిభావీశేషంబు	false	5	0	65	||UU	["బ్ర","తి","భా","వీ"]	pdy-v-00249		
pdy-seesamu-0159	seesamu	upajaathi	""	dev	కడుపార ఘృతమాంసఖండముల్ కడు మెక్కి పుక్కిటఁ దమలంబు తుక్కు ద్రొక్కి\nలావగు గడితంపుఠీవి గన్గొని నిక్కి విడువక గేస్తుల మెడలు నొక్కి\nకూర్చు రొక్కము చందుగులఁ గ్రిక్కిఱియఁ గ్రుక్కి కసరుచు జనులపై విసము గ్రక్కి\nకవిబుధవరుల ఢాకలకు మూలలఁ జిక్కి కక్కుచుఁ బల్లకీ కుక్కులెక్కి	true	[]	[]														pdy-v-00250		
pdy-teytageethi-0161	teytageethi	upajaathi	""	dev	సిరులు నిలుకడలని నమ్మి చెనఁటూ లురక\nచెడుదు రెన్నడు ధర్మంబు సేయలేక,\nభూనుతవిలాస, పీఠికాపురనివాస,\nకుముదహితకోటిసంకాశ, కుక్కుటేశ!	false	["seq"]	["seq"]	28	ు	ూ	lengthen	0	13	చెనఁటూ	false	0	3	11	||U	["చె","న","టూ"]	pdy-v-00251		
pdy-seesamu-0162	seesamu	upajaathi	""	dev	భోగియై ప్రతిదినత్యాగియై పుణ్యసం- యోగియై సుజనానురాగి యగుచు\nదాతయై బుధజనత్రాతయై నిఖీలవి- జ్ఞాతయై కుశలసంధాత యగుచు\nధీరుఁడై రణరంగవీరుఁడై నిర్మలా- చారుఁడై నిరుపమోదారుఁ డగుచు\nశాంతుఁడై సదమలస్వాంతుఁడై కీర్తిది- గంతుఁడై పటుబలవంతుఁ డగుచు	false	["seq"]	["seq"]	80	ి	ీ	lengthen	1	11	నిఖీలవి	false	2	3	35	|U|U	["ని","ఖీ","ల","వి"]	pdy-v-00252		
pdy-seesamu-0163	seesamu	upajaathi	""	test	ఘూకంబు తెఱఁగున గొందుల నిరుకుచు భుజగంబు చాడ్పున బుస్సుమనుచు\nబెబ్బులి కరణిఁ గంపిల డాక సేయుచు భేకంబూ గతి మేనిబెంపు గనుచు\nభల్లూకమట్లు చొప్పడ విఱ్ఱవీఁగుచు నాఁబోతు కైవడి నాముకొనుచు\nగోమాయువట్ల యెన్నోమాయ లూనుచుఁ గ్రోడంబువలెఁ గొరకొర నెగపుచు	false	["seq"]	["corr","seq"]	96	ు	ూ	lengthen	1	16	భేకంబూ	false	3	0	40	UUU|	["భే","కం","బూ","గ"]	pdy-v-00253		
pdy-teytageethi-0163	teytageethi	upajaathi	""	train	దనరు క్రూరనృపాలకాధముల నమ్మి\nసిరుల కాసించువాఁ డొక్క చెనఁటికాఁడె\nభూనుతవిలాస, పీఠికాపురనివాస,\nకుముదహితకోటిసంకాశ, కుక్కుటేశ!	true	[]	[]														pdy-v-00254		
pdy-teytageethi-0165	teytageethi	upajaathi	""	test	దొరతనంబున కివి గావు వరుస లరయ\nసాహసౌదార్యఘనపౌరుషములు గాని,\nభూనుతవిలాస, పీఠికాపురనివాస,\nకుముదహితకోటిసంకాశ, కుక్కుటేశ!	true	[]	[]														pdy-v-00255		
pdy-teytageethi-0167	teytageethi	upajaathi	""	dev	కాక తన పొట్టకై ప్రజఁ గలఁచు దురీత-\nరతుఁడు వాఁ డొక రాజా తరాజు గాక,\nభూనుతవిలాస, పీఠికాపురనివాస,\nకుముదహితకోటిసంకాశ, కుక్కుటేశ!	false	["seq"]	["seq"]	30	ి	ీ	lengthen	0	13	దురీత	false	0	4	12	|U|	["దు","రీ","త"]	pdy-v-00256		
pdy-teytageethi-0168	teytageethi	upajaathi	""	train	ధర్మపద్ధతి నిల నేలి తారమైనఁ\nగొనక చనుచెల్ల వినరేమొ క్రూరనృపులు,\nభూనుతవిలాస, పీఠికాపురనివాస,\nకుముదహితకోటిసంకాశ, కుక్కుటేశ!	true	[]	[]														pdy-v-00257		
pdy-seesamu-0169	seesamu	upajaathi	""	train	మొదవుల బదివేలు కదుపులు గూర్చిన దూడ యొక్కటియైనఁ దోడరాదు\nమాత లసంఖ్యముల్ మాటుగా నించినఁ బసిఁడి వీసమూను వెంబడిని రాదు\nకోకలు మేట్లుగా గొట్ల నిండించిన గుడ్డ యొక్కటియైనఁ గూడరాము\nగొలుసులు రాసులు బలుపాతరల నిడ్డ గింజ యొక్కటియన గెలన రాదు	false	["seq"]	["seq"]	96	ు	ూ	lengthen	1	17	వీసమూను	false	3	1	42	|U|U	["స","మూ","ను","వెం"]	pdy-v-00258		
pdy-teytageethi-0169	teytageethi	upajaathi	""	test	కావున నొడళ్ళు నిల్కడల్ కావటంచుఁ\nజెలఁగి సుజనులు ధర్మంబు సెయుచుంద్రు,\nభూనుతవిలాస, పీఠికాపురనివాస,\nకుముదహితకోటిసంకాశ, కుక్కుటేశ!	false	["seq"]	["corr","seq"]	56	ే	ె	shorten	1	10	సెయుచుంద్రు	false	1	3	23	||U	["సె","యు","చుం"]	pdy-v-00259		
pdy-seesamu-0171	seesamu	upajaathi	""	train	నిరతాన్నదానవైఖరిఁ జెలంగెడివారు నెనరొప్ప దీనుల మనుచువారు\nగోవిప్రబాంధవగురుభక్తి గలవారూ శివు విష్ణుఁ బూజలు సేయువారు\nపరధన పరవధూపరతఁ జెందనివారు పరహితాచరణులై పరఁగువారు\nసుజ్ఞానసహితులై సొబగు మీఱెడివారు సత్యవచోరూఢి సలుపువారు	false	["seq"]	["seq"]	83	ు	ూ	lengthen	1	13	గలవారూ	false	2	3	37	||UU	["గ","ల","వా","రూ"]	pdy-v-00260		
pdy-teytageethi-0171	teytageethi	upajaathi	""	dev	తలఁపులోపల ననయంబు ధర్మకార్య-\nనిష్ఠ గలవార లందఱు నీకుఁ బ్రియులు,\nభూనుతవిలాస, పీఠికాపురనీవాస,\nకుముదహితకోటిసంకాశ, కుక్కుటేశ!	false	["seq"]	["seq"]	84	ి	ీ	lengthen	2	11	పీఠికాపురనీవాస	false	2	3	37	||U	["పు","ర","నీ"]	pdy-v-00261		
pdy-seesamu-0172	seesamu	upajaathi	""	test	న్యాయపద్ధతి భూషణము ధరాధిపునకుఁ బొలఁతికి మానంబు భూషణంబు\nశమదమంబులు భూషణములు నిశ్చలునకుఁ బొసఁగ నింటికి సతి భూషణంబు\nనరుని కల్మికి భూషణము దానవైఖరి భూసురునకు విద్య భూషణంబు\nనలినబంధుఁడు భూషణము నభోవీధికిఁ బుడమికి సస్యంబు భూషణంబు	true	[]	[]														pdy-v-00262		
pdy-teytageethi-0172	teytageethi	upajaathi	""	train	బుధుల కెప్పుడు ని పదాంభోజయుగళ-\nపూజనాసక్తి వెలలేని భూషణంబు,\nభూనుతవిలాస, పీఠికాపురనివాస,\nకుముదహితకోటిసంకాశ, కుక్కుటేశ!	false	["seq"]	["corr","seq"]	16	ీ	ి	shorten	0	6	ని	true	0	2	6	||UU	["ని","ప","దాం","భో"]	pdy-v-00263		
pdy-teytageethi-0173	teytageethi	upajaathi	""	train	నిఖిలలొకైకభర్తకు నీకు నొక్క\nబిల్వదళ మార్యవర్యు లర్పించుచుంద్రు,\nభూనుతవిలాస, పీఠికాపురనివాస,\nకుముదహితకోటిసంకాశ, కుక్కుటేశ!	false	["seq"]	["corr","seq"]	6	ో	ొ	shorten	0	3	నిఖిలలొకైకభర్తకు	false	0	1	3	|U|U	["లొ","కై","క","భ"]	pdy-v-00264		
pdy-teytageethi-0174	teytageethi	upajaathi	""	test	కాని నిన్నొక్కమాఱైనఁ గడఁగి తలఁప-\nరాదె యెన్నరు గాక దుర్మతులు మదిని,\nభూనుతవిలాస, పీఠికాపురనివాస,\nకుముదహితకోటిసంకాశ, కుక్కుటేశ!	true	[]	[]														pdy-v-00265		
pdy-teytageethi-0175	teytageethi	upajaathi	""	test	కటకటా యెన్నఁడును దెల్వి గలిగి నిన్నుఁ\nజేరి భజియింపకే ప్రాణి చెడు గదయ్య,\nభూనుతవిలాస, పీఠికాపురనీవాస,\nకుముదహితకోటిసంకాశ, కుక్కుటేశ!	false	["seq"]	["seq"]	94	ి	ీ	lengthen	2	11	పీఠికాపురనీవాస	false	2	3	38	||U	["పు","ర","నీ"]	pdy-v-00266		
pdy-teytageethi-0176	teytageethi	upajaathi	""	train	లోనిచూపునఁ దగఁ దమలోనఁ గాంచి\nసోఽహమనూవారె సంతతోత్సాహమతులు,\nభూనుతవిలాస, పీఠికాపురనివాస,\nకుముదహితకోటిసంకాశ, కుక్కుటేశ!	false	["seq"]	["seq"]	34	ు	ూ	lengthen	1	3	సోఽహమనూవారె	false	1	1	15	|UU|	["మ","నూ","వా","రె"]	pdy-v-00267		
pdy-seesamu-0177	seesamu	upajaathi	""	train	వాయుభక్షణ చేసి వనటఁ గుందదె పాము గుహలలో దూఱదే గూబపులుఁగు\nవృక్షశాఖలమీఁద వ్రేలుచుండదె పక్షి కానలఁ దిరుగదే వానరంబు\nచెలరేఁగి కూయదే ఝిల్లికాకూటంబు గహ్వరి దిరుగదే గంగిరెద్దు\nనిట మునుంగదే మాటిమాటికిఁ గప్ప యాకులు మెసవదే మేఁకపిల్ల	false	["seq"]	["corr","seq"]	168	ీ	ి	shorten	3	0	నిట	true	6	1	80	|UU|	["గ","దే","మా","టి"]	pdy-v-00268		
pdy-teytageethi-0177	teytageethi	upajaathi	""	train	యెన్ని తెఱఁగులఁ బొరలుచునున్న నిన్ను\nలీలఁ గొలువని ఖలునకు లేదు ముక్తీ,\nభూనుతవిలాస, పీఠికాపురనివాస,\nకుముదహితకోటిసంకాశ, కుక్కుటేశ!	false	["seq"]	["corr","seq"]	66	ి	ీ	lengthen	1	13	ముక్తీ	false	1	4	26	UUU	["ము","క్తీ","భూ"]	pdy-v-00269		
pdy-teytageethi-0179	teytageethi	upajaathi	""	train	కులుకుప్రాయంపు ముద్దుగుమ్మలును గలిగి\nపొలుచువారలె మును నిన్నుఁ గొలుచువారు,\nభూనుతవిలాస, పీఠికాపురనివాస,\nకుముదహితకోటిసంకాశ, కుక్కుటేశ!	true	[]	[]														pdy-v-00270		
pdy-teytageethi-0180	teytageethi	upajaathi	""	train	చిత్త మిగురొత్త నినుఁ బూజ సేయలేని\nనరుని జన్మము మహిషజన్మము గదయ్య,\nభూనుతవీలాస, పీఠికాపురనివాస,\nకుముదహితకోటిసంకాశ, కుక్కుటేశ!	false	["seq"]	["seq"]	71	ి	ీ	lengthen	2	3	భూనుతవీలాస	false	2	1	31	|UU|	["త","వీ","లా","స"]	pdy-v-00271		
pdy-teytageethi-0181	teytageethi	upajaathi	""	train	ప్రభుభుజానీతభూరివైభవనీమగ్న-\nవిద్వదవతంస మల్పుల వేడఁ జనునె?\nభూనుతవిలాస, పీఠికాపురనివాస,\nకుముదహితకోటిసంకాశ, కుక్కుటేశ!	false	["seq"]	["seq"]	21	ి	ీ	lengthen	0	11	ప్రభుభుజానీతభూరివైభవనీమగ్న	false	0	3	9	||U	["భ","వ","నీ"]	pdy-v-00272		
pdy-seesamu-0183	seesamu	upajaathi	""	train	పురుషోత్తమము భద్రగిరి యహోబలము శ్రీ- శైలంబు వేంకటాచలము కాంచి\nసింహాచలంబును శ్రీరంగమును ప్రయా- గంబు కేదారంబూ కాళహస్తి\nకుంభకోణంబు శ్రీకూర్మంబు కాశి సు- బ్రహ్మణ్యమును చిదంబర మయోధ్య\nభీమేశ్వరంబును రామేశ్వరంబును గోకర్ణమును హిమక్షోణిధరము	false	["seq"]	["corr","seq"]	104	ు	ూ	lengthen	1	18	కేదారంబూ	false	3	1	43	UUUU	["దా","రం","బూ","కా"]	pdy-v-00273		
pdy-teytageethi-0183	teytageethi	upajaathi	""	train	మొదలుగాఁ గల పుణ్యభూములకుఁ జనఁగ\nవలవ దరలేక నినుఁ గొల్చు నలఘుమతికి,\nభూనుతవిలాస, పీఠికాపురనివాస,\nకుముదహితకోటిసంకాశ, కుక్కుటేశ!	true	[]	[]														pdy-v-00274		
pdy-teytageethi-0184	teytageethi	upajaathi	""	train	సకలబ్రహ్మాండభాండరక్షణకలాభి-\nరామునకూ నీకు ననుఁ బ్రోచుటేమి వింత?\nభూనుతవిలాస, పీఠికాపురనివాస,\nకుముదహితకోటిసంకాశ, కుక్కుటేశ!	false	["seq"]	["seq"]	34	ు	ూ	lengthen	1	3	రామునకూ	false	1	1	16	|UU|	["న","కూ","నీ","కు"]	pdy-v-00275		
pdy-teytageethi-0186	teytageethi	upajaathi	""	train	నిన్నూ సేవింతు భావింతు సన్నుతింతుఁ\nబ్రేమ యేపార సాక్షాత్కరింపుమయ్య,\nభూనుతవిలాస, పీఠికాపురనివాస,\nకుముదహితకోటిసంకాశ, కుక్కుటేశ!	false	["seq"]	["corr","seq"]	5	ు	ూ	lengthen	0	1	నిన్నూ	false	0	0	0	UUU	["ని","న్నూ","సే"]	pdy-v-00276		
pdy-seesamu-0187	seesamu	upajaathi	""	train	సాలెపుర్వునకుఁ కుంజరమున కహికిని ముక్తి యొసంగిన భక్తసులభ!\nజముని దక్షుని పరాశరతనూజుని గర్వ- దూరులఁ జేసిన భూరిశౌర్య!\nహరీ విరించన పురందరుల కఖండవై- భవము లొసంగిన భువనజనక!\nనంది భృంగీశ బాణ దశాననుల మహా- ప్రమథులఁ జేసిన విమలచరిత!	false	["seq"]	["seq"]	116	ి	ీ	lengthen	2	1	హరీ	true	4	0	52	|U|U	["హ","రీ","వి","రిం"]	pdy-v-00277		
pdy-teytageethi-0188	teytageethi	upajaathi	""	test	రాజగునె జాగ్రదుడు దురాగ్రహముచేతఁ\nబ్రజల బాధించు ఘోరదర్పధ్వజుండు,\nభూనుతవిలాస, పీఠికాపురనివాస,\nకుముదహితకోటిసంకాశ, కుక్కుటేశ!	true	[]	[]														pdy-v-00278		
pdy-teytageethi-0189	teytageethi	upajaathi	""	train	జగతిలోపలఁ గారణజన్ము లొక్క\nకానియెడఁ బుట్టీయుఁ బ్రసిద్ధిఁ గాంచుచుంద్రు,\nభూనుతవిలాస, పీఠికాపురనివాస,\nకుముదహితకోటిసంకాశ, కుక్కుటేశ!	false	["seq"]	["seq"]	40	ి	ీ	lengthen	1	5	బుట్టీయుఁ	false	1	1	15	||UU	["యె","డ","బు","ట్టీ"]	pdy-v-00279		
pdy-seesamu-0190	seesamu	upajaathi	""	train	సిరికిఁ దోఁబుట్టువౌ జ్యేష్ఠామహాదేవి దీనత నింటింటఁ దిరుగఁజాగె\nహరికిఁ గూరిమిపట్టి యగు మకరాంకుండు మెయిలేక సోకుఁడై మెలఁగుచుండె\nమృడునకు గాదిలికొడుకైన వెనకయ్య యిప్పటికిని బెండ్లి యెఱుఁగఁడయ్యె\nనలినాసనునకు మానసపుత్రుఁడైన ద- క్షుం డుక్కు సెడి తలకొట్లఁ బడియె	true	[]	[]														pdy-v-00280		
pdy-seesamu-0191	seesamu	upajaathi	""	train	గజముపై మహీషంబు కాలు ద్రవ్వెడునట్లు కొండతోఁ దగరు డీకొనినయట్లు\nకార్చిచ్చుపైఁ బతంగము తారసిలునట్లు మృగరాజుపై నక్క మొగియునట్లు\nబెబ్బులితో జింక పెనఁగఁబోయినయట్లు పెనుబాముపైఁ గప్ప చనినయట్లు\nపిల్లితో నెలుక దర్పించి దార్కొనునట్లు తోడేలితో మేఁక దొడరునట్లు	false	["seq"]	["seq"]	9	ి	ీ	lengthen	0	5	మహీషంబు	false	0	1	4	|UU|	["మ","హీ","షం","బు"]	pdy-v-00281		
pdy-teytageethi-0191	teytageethi	upajaathi	""	train	క్రూరు లొక కొంద రసమానవైర మూని\nపోరుచుందురు ఘనులతో బుద్ధిమాలి\nభూనుతవిలాస, పీఠికాపురనివాస,\nకుముదహితకోటిసంకాశ, కుక్కుటేశ!	true	[]	[]														pdy-v-00282		
pdy-teytageethi-0192	teytageethi	upajaathi	""	train	మంచిదని సెప్పి సూకలు మానెఁ డన్నీ\nకొల్లఁగొనిపోయె నని మూర్ఖకోటి పలుకు,\nభూనుతవిలాస, పీఠికాపురనివాస,\nకుముదహితకోటిసంకాశ, కుక్కుటేశ!	false	["seq"]	["corr","seq"]	31	ి	ీ	lengthen	0	12	డన్నీ	false	0	4	11	UUU	["డ","న్నీ","కొ"]	pdy-v-00283		
pdy-teytageethi-0193	teytageethi	upajaathi	""	train	దుర్గుణున కెన్ని మంచి వస్తువులు పెట్టి\nమనుపఁ జూచిన తన యోజ మానఁగలఁడె,\nభూనుతవిలాస, పీఠికాపురనివాస,\nకుముదహితకోటిసంకాశ, కుక్కుటేశ!	true	[]	[]														pdy-v-00284		
pdy-seesamu-0195	seesamu	upajaathi	""	dev	నోరు చేఁదై కూడుగూరలు చవి దప్పు గడగడ నొడలెల్ల వడకుచుండు\nజెవుడున నేమియుఁ జెవులకు వినరాదు తెగులును జింతయుఁ దగులుకొనుచు\nకన్నులఁ బొర గప్పి కానరాదెద్దియు సిగ్గొకించుకయైనఁ జేరఁబోదు\nబాలు రందఱుఁ గూడి గేలి గావింతురు మగువలు పకపక నగుచునుంద్రు	true	[]	[]														pdy-v-00285		
pdy-teytageethi-0195	teytageethi	upajaathi	""	dev	మదిఁ దలంపగఁ గటకటా ముదిమియంత\nరోఁత లేదు గదా ధారుణీతలమున,\nభూనుతవిలాస, పీఠికాపురనివాస,\nకుముదహితకోటిసంకాశ, కుక్కుటేశ!	true	[]	[]														pdy-v-00286		
pdy-teytageethi-0196	teytageethi	upajaathi	""	train	అవనిలోపల ఖలుని నెయ్యంబు మీఱ\nమనుపఁ జనువానిఁ జేఱుపక మానఁగలఁడె?\nభూనుతవిలాస, పీఠికాపురనివాస,\nకుముదహితకోటిసంకాశ, కుక్కుటేశ!	false	["seq"]	["corr","seq"]	44	ె	ే	lengthen	1	7	జేఱుపక	false	1	3	24	|U|	["క","మా","న"]	pdy-v-00287		
pdy-seesamu-0197	seesamu	upajaathi	""	test	ఘనగహనాంతరోద్గతతృణానీకంబు ధేనువునందుఁ బాలైనయట్లు\nవితతదుర్వర్ణరూపితలోహపిండంబు రసమునఁ బసిడియై యొసఁగినట్లు\nసాంద్రాభ్రవారివృషత్కదంబము శుక్తి- యందు ముక్తామణియైనయట్లు\nభూరికుల్యాతకవారి రసాలమూ- లమునఁ బానకమై చెలంగినట్లు	true	[]	[]														pdy-v-00288		
pdy-teytageethi-0198	teytageethi	upajaathi	""	train	శివశివా ధాత్రిఁ దా వలచిన వధూటిఁ\nబాయు వెత వద్దు సుమ్మెట్టి పలువకైన,\nభూనుతవిలాస, పీఠికాపురనివాస,\nకుముదహితకోటిసంకాశ, కుక్కుటేశ!	true	[]	[]														pdy-v-00289		
pdy-kandamu-0103	kandamu	jaathi	""	train	శ్రీభామినీ మనోహర\nసౌభాగ్యు దయాస్వభావు సారసనాభు\nన్‌ లొ భావించెద నీకు\nన్‌ వైభవము లొసంగుచుండ వసుధ కుమారా!	false	["seq"]	["corr","seq"]	51	ో	ొ	shorten	2	0	లొ	true	2	0	21	|UU|	["న్లొ","భా","విం","చె"]	pdy-v-00290		
pdy-kandamu-0111	kandamu	jaathi	""	train	సతతముఁ బ్రాతఃకాలో\nచిత విధులను జరుపు మరసి శీఘ్రముగ నహః\nపతి పూర్వపర్వతాగ్రా\nగతుఁడగుటకు మున్నె వెరపు గల్గి కుమారా!	true	[]	[]														pdy-v-00291		
pdy-kandamu-0112	kandamu	jaathi	""	train	పోషకుల మతమూఁ గనుఁగొని\nభూషింపక కాని ముదముఁ బొందఁడు మఱియు\nన్‌ దోషముల నెంచుచుండును\nదోషివయిన మిగులఁ గీడు దోఁచుఁ గుమారా!	false	["seq"]	["seq"]	10	ు	ూ	lengthen	0	6	మతమూఁ	false	0	1	3	|||U	["ల","మ","త","మూ"]	pdy-v-00292		
pdy-kandamu-0113	kandamu	jaathi	""	train	నరవరుఁడు నమ్మి తను నౌ\nకరిలో నుంచునెడ వాని కార్యములందు\nన్‌ సరిగా మెలంగ నేర్చిన\nపురుషుఁడు లోకమునఁగీర్తి బొందుఁ గుమారా!	true	[]	[]														pdy-v-00293		
pdy-kandamu-0115	kandamu	jaathi	""	train	పనులెన్ని కలిగి యున్నను\nదిన దినముల విద్యపెంపు ధీయుక్తుఁడవై\nవినఁగోరుము సత్కథలను\nకని విబుధులు సంతసించు గతినిఁ గుమారా!	true	[]	[]														pdy-v-00294		
pdy-kandamu-0116	kandamu	jaathi	""	train	ధరణీనాయకు రాణియు\nగురురాణియు నన్నరాణి కులకాంతను గ\nన్నరమణి దను గన్నదియును\nధర నేవురు తల్లులనుచుఁ దలఁపుఁ గుమారా!	true	[]	[]														pdy-v-00295		
pdy-kandamu-0117	kandamu	jaathi	""	test	సదమల మతితోఁ బెద్దల\nమది కింపుగ మెలఁగు, నింద మానుము పరుల\nన్‌ మృదు మార్గములను వదలకు\nవీదితంబుగ దానఁగీర్తి వెలయుఁ గుమారా!	false	["seq"]	["corr","seq"]	82	ి	ీ	lengthen	3	0	వీదితంబుగ	false	3	0	37	U|U|	["వీ","ది","తం","బు"]	pdy-v-00296		
pdy-kandamu-0118	kandamu	jaathi	""	train	ఆచార్యున కెదిరింపకు\nబ్రోచిన దొర నిందసేయఁ బోకూము కార్యా\nలోచనము లొంటిజేయకు\nమాచారము విడువఁబోకుమయ్య! కుమారా!	false	["seq"]	["seq"]	44	ు	ూ	lengthen	1	10	బోకూము	false	1	4	20	|UU	["ము","కా","ర్యా"]	pdy-v-00297		
pdy-kandamu-0122	kandamu	jaathi	""	train	నగఁగూడదు పరసతిఁ గనఁ\nదగు మాతృసమాన మెన్నఁ దగు నెవ్వరితోఁ\nబగ గూడదొరుల నిందిం\nపగఁగూడదు గనుము వృద్ధ పథము కుమారా!	true	[]	[]														pdy-v-00298		
pdy-kandamu-0125	kandamu	jaathi	""	train	తనకును విద్యాభ్యాసం\nబును జేసిన వానికన్న బొలుపుఁగ బదిరె\nట్లను దూఁగూఁ దండ్రి, వానికి\nజననియుఁ బదిరెట్లు తూఁగు జగతి కుమారా!	false	["seq"]	["seq"]	65	ు	ూ	lengthen	2	3	దూఁగూఁ	false	2	2	29	|U||	["డ్రి","వా","ని","కి"]	pdy-v-00299		
pdy-kandamu-0126	kandamu	jaathi	""	train	తమ్ములు తమ యన్న యెడ భ\nయమ్మును భక్తియును గలిగి యారాధింప\nన్‌ దమ్ముల నన్నయు సమ్మో\nదమ్మునఁ బ్రేమింపఁ గీర్తి దనరుఁ గుమారా!	true	[]	[]														pdy-v-00300		
pdy-kandamu-0131	kandamu	jaathi	""	train	లోకులు తనుఁ గొనీయాడ వి\nవేకి యదియు నింద గాక విననొల్లఁడు సు\nశ్లోకుల చరితం బిట్టిది\nచేకొనవలె నట్టి నడత చిన్ని కుమారా!	false	["seq"]	["seq"]	15	ి	ీ	lengthen	0	6	గొనీయాడ	false	0	1	3	|||U	["త","ను","గొ","నీ"]	pdy-v-00301		
pdy-kandamu-0133	kandamu	jaathi	""	dev	వగవకు గడిచిన దానికిఁ\nబొగడకు దుర్మతుల నెపుడు, పొసగని పనీకై\nయొగి దీనత నొందకుమీ\nతగ దైవగతిం బొసంగు ధరను గుమారా!	false	["seq"]	["seq"]	54	ి	ీ	lengthen	1	16	పనీకై	false	1	4	26	|UU	["ప","నీ","కై"]	pdy-v-00302		
pdy-kandamu-0134	kandamu	jaathi	""	test	పనిఁబూని జనులు సంతత\nమునఁ దాలిమి సత్యశౌచములను బ్రవర్తిం\nచిన యశము నొందుచుందురు\nగనుగొను మిదె దొడ్డనడక గాఁగ కుమారా!	true	[]	[]														pdy-v-00303		
pdy-kandamu-0137	kandamu	jaathi	""	dev	ఒరు లెవ్వరేని దనతోఁ\nబరిభాషించినను మేలు పలూకవలయు సా\nదరము గల చోటఁ గీడు\nన్గరము నొనర్పంగరాదు గదర! కుమారా!	false	["seq"]	["seq"]	41	ు	ూ	lengthen	1	10	పలూకవలయు	false	1	3	18	|U||	["ప","లూ","క","వ"]	pdy-v-00304		
pdy-kandamu-0138	kandamu	jaathi	""	train	సిరి చేర్చు బంధువుల నా\nసిరియే శుభముల నొసంగు చెలువులఁ గూర్చు\nన్‌ సిరియే గుణవంతుండని\nధరలోఁబోగడించునంచుఁ దలఁపు కుమారా!	false	["seq"]	["corr","seq"]	89	ొ	ో	lengthen	3	3	ధరలోఁబోగడించునంచుఁ	false	3	1	37	U|U|	["బో","గ","డిం","చు"]	pdy-v-00305		
pdy-kandamu-0139	kandamu	jaathi	""	train	ఆకులతఁబడకు మాపద,\nనేకతమునఁ జనకూ త్రోవ, నింతికిఁదగు నం\nతే కాని చన వొసంగకు,\nలోకులు నిన్నెన్న సుగుణ లోల! కుమారా!	false	["seq"]	["corr","seq"]	29	ు	ూ	lengthen	1	7	జనకూ	false	1	2	17	UU|U	["కూ","త్రో","వ","నిం"]	pdy-v-00306		
pdy-kandamu-0140	kandamu	jaathi	""	train	తనదు కులాంగన యాలో\nచనమున మంత్రియును భుక్తి సమయంబునఁ దా\nజననియు రతిలో రంభా\nవనజేక్షణ యయినఁ బుణ్య వశమూ కుమారా!	false	["seq"]	["seq"]	96	ు	ూ	lengthen	3	12	వశమూ	false	3	4	47	|UU	["కు","మా","రా"]	pdy-v-00307		
pdy-kandamu-0141	kandamu	jaathi	""	train	మనుజుఁడు సభ్యుఁడు దానై\nగనియున్న యధార్థమెల్ల గానని యట్లా\nమనుజుండు పలుకకున్నను\nఘనమగు పాతకము నాఁడు గనును గుమారా!	true	[]	[]														pdy-v-00308		
pdy-kandamu-0143	kandamu	jaathi	""	train	అల దేవగృహము కడ పయి\nరుల గోవాటములయందుఁ ద్రోవలలో ర\nచ్చల కొట్టములను నొప్పదు\nమలమూత్ర విసర్జనంబు మహిని గుమారా!	true	[]	[]														pdy-v-00309		
pdy-kandamu-0144	kandamu	jaathi	""	train	తనుజులను గురుల వృద్ధుల\nజననీ జనకులను సాధు జనుల నెఁవడు దా\nఘనూఁడయ్యుఁ బ్రోవఁడో యా\nజనుఁడే జీవన్మృతుండు జగతిఁ గుమారా!	false	["seq"]	["corr","seq"]	58	ు	ూ	lengthen	2	1	ఘనూఁడయ్యుఁ	false	2	0	28	|UU|	["ఘ","నూ","డ","య్యు"]	pdy-v-00310		
pdy-kandamu-0145	kandamu	jaathi	""	dev	ధీరుఁడు తనదగు సంపద\nజారినయెడఁ జింత నొందఁజాలక తా ల\nక్ష్మీరమణుని వరచరణాం\nభోరుహములు గొలిచి ముక్తిఁ బొందుఁ గుమారా!	true	[]	[]														pdy-v-00311		
pdy-kandamu-0146	kandamu	jaathi	""	test	పాపపుఁబని మదిఁ దలఁపకు,\nచేపట్టినవారీ విడువఁ జేయకు, కీడు\nన్‌ లోపలఁ దలఁపకు, క్రూరుల\nప్రాపును మది నమ్మఁబోకు రహిని గుమారా!	false	["seq"]	["seq"]	34	ి	ీ	lengthen	1	5	చేపట్టినవారీ	false	1	2	16	U|||	["రీ","వి","డు","వ"]	pdy-v-00312		
pdy-kandamu-0147	kandamu	jaathi	""	test	జగడంబు లాడుచోటను\nమగువలు వసియించుచోట మదగజము దరి\nన్‌ బగతుండు తిరుగుచోట\nన్‌ మగిడీ చనఁగవలయుఁ జలము మాని గుమారా!	false	["seq"]	["corr","seq"]	77	ి	ీ	lengthen	3	2	మగిడీ	false	3	3	46	|U||	["ము","మా","ని","గు"]	pdy-v-00313		
pdy-kandamu-0152	kandamu	jaathi	""	train	కాయమున నాటు శరము లు\nపాయంబునఁ దీయవచ్చు బహు నిష్ఠురత\nన్‌ గూయ మది నాటుమాటలు\nపాయవుగా యెపుడు వెగడు పరచుఁ గుమారా!	true	[]	[]														pdy-v-00314		
pdy-kandamu-0153	kandamu	jaathi	""	train	ధరణీజాతము లే యే\nతరి నెట్లెట్లను ఫలించుఁ దగనటు పూర్వా\nచరణ ఫలంబు ననుభవమూఁ\nగరమనుభవనీయ మగును గాదె? కుమారా!	false	["seq"]	["seq"]	69	ు	ూ	lengthen	2	10	ననుభవమూఁ	false	2	2	30	|||U	["ను","భ","వ","మూ"]	pdy-v-00315		
pdy-kandamu-0156	kandamu	jaathi	""	test	సద్గోష్ఠి సిరియు నొసఁగును\nసద్గోష్ఠియె కీర్తిఁబెంచు సంతుష్ఠిని నా\nసద్గోష్ఠియె యొనఁగూర్చును\nసద్గోష్ఠియె పాపమూలను జంపుఁ గుమారా!	false	["seq"]	["corr","seq"]	106	ు	ూ	lengthen	3	6	పాపమూలను	false	3	3	40	|U||	["ను","జం","పు","గు"]	pdy-v-00316		
pdy-kandamu-0158	kandamu	jaathi	""	train	జారులతోఁ జోరులతొఁ\nగ్రూరులతో నెపుడు పొత్తుఁ గోరక మది స\nత్పూరుష పదాంబుజాతా\nధారుఁడవై బ్రతుకు, కీర్తి తనరఁ గుమారా!	false	["seq"]	["corr","seq"]	15	ో	ొ	shorten	0	7	జోరులతొఁ	false	0	2	5	|||U	["రు","ల","తొ","గ్రూ"]	pdy-v-00317		
pdy-kandamu-0159	kandamu	jaathi	""	train	జ్ఞానుల చరితము వీనుల\nనానుచు సత్పురుషగోష్ఠి ననఘం బనుచు\nన్‌ బూనుము, ధర్మపథంబును\nదానెఱిఁగిన యంత మఱవఁ దగదు కూమారా!	false	["seq"]	["seq"]	104	ు	ూ	lengthen	3	13	కూమారా	false	3	3	44	|||U	["ద","గ","దు","కూ"]	pdy-v-00318		
pdy-kandamu-0160	kandamu	jaathi	""	train	రోషావేశము జనులకు\nదోషము తలపోయ విపుల దుఃఖకరమునౌ,\nరోషము విడిచిన యెడ సం\nతోషింతురు బుధులు హితము దోఁపఁ గుమారా!	true	[]	[]														pdy-v-00319		
pdy-kandamu-0161	kandamu	jaathi	""	train	ధనవంతులైన బహు స\nజ్జనులైనను నీకు మిగూల సమ్మతులై యు\nన్నను సతి జనకుని గృహమం\nదున నుండుట తగదు కీర్తి తొలఁగుఁ గుమారా!	false	["seq"]	["seq"]	35	ు	ూ	lengthen	1	8	మిగూల	false	1	2	15	||U|	["కు","మి","గూ","ల"]	pdy-v-00320		
pdy-kandamu-0162	kandamu	jaathi	""	train	సభలోపల నవ్వినయెడ\nసభకులు నిరసింతు రెట్టి జనుని, న్నెఱి నీ\nకభయం బొసంగె నేనియుఁ\nబ్రభు కరుణము నమ్మి గర్వ పడకు కుమారా!	true	[]	[]														pdy-v-00321		
pdy-kandamu-0165	kandamu	jaathi	""	dev	గుణవంతుని సంగతి ని\nర్గుణులకు గుణములు ఘటించు, గుసుమాది సమ\nర్పణమున వస్త్రాదిక మా\nక్షణమునఁ పరిమళము నొందు కరణిఁ గుమారా!	true	[]	[]														pdy-v-00322		
pdy-kandamu-0168	kandamu	jaathi	""	train	మును మనుజుఁడు జన్మాంతర\nమునఁజేసిన పుణ్యపాపములు పుడమిని వా\nనిని బొందక విడువవు, దే\nవుని నిందింపకుము కీడు వొడముఁ గుమారా!	true	[]	[]														pdy-v-00323		
pdy-kandamu-0173	kandamu	jaathi	""	test	మనుజుల తమసౌఖ్యము కొఱ\nకును సంరక్షణము నవనిఁ గోరుదు, రొగి నే\nజనపాలుఁడు సంరక్షిం\nపను దగియును బ్రోవఁ డతఁడె పాపీ కుమారా!	false	["seq"]	["seq"]	105	ి	ీ	lengthen	3	12	పాపీ	false	3	4	48	|UU	["కు","మా","రా"]	pdy-v-00324		
pdy-kandamu-0174	kandamu	jaathi	""	test	మండలపతి దండార్హుల\nదండింపక యుండరాదు ధారూణి నతఁడా\nఖండల సమానుఁడైనను\nమెండగు పాపంబునొంది మెలఁగుఁ గుమారా!	false	["seq"]	["corr","seq"]	38	ు	ూ	lengthen	1	9	ధారూణి	false	1	4	19	|||	["ణి","న","త"]	pdy-v-00325		
pdy-kandamu-0178	kandamu	jaathi	""	train	కత్తిని చేతంబట్టుచు\nమొత్తఁదలఁచి వచ్చువాని ముఖ్యముగా మే\nల్హత్తించిన నదె ప్రాయ\nశ్చిత్త మతనిఁ జంపఁదగదు చిన్ని కుమారా!	true	[]	[]														pdy-v-00326		
pdy-kandamu-0181	kandamu	jaathi	""	test	తన సత్కర్మాచరణం\nబున భాగ్యము వేగ వృద్ధి బొందు, జగత్ప్రా\nణుని వర సాహాయ్యముచే\nననలం బెంతైనఁ బెరఁగు నయ్య కుమారా!	true	[]	[]														pdy-v-00327		
pdy-kandamu-0182	kandamu	jaathi	""	train	చమురింకిపోయినను దీ\nపము శమియించిన విధంబు పౌరుషము విహీ\nనమె యగును, దైవ మనుకూ\nలము గాకుండినను భూతలమునఁ గుమారా!	true	[]	[]														pdy-v-00328		
pdy-kandamu-0183	kandamu	jaathi	""	dev	ఘన బీజము సాయము లే\nకను భూములు నిష్ప్రయోజకంబైన విధం\nబున దైవము తోడిలఁగా\nకనె పౌరుష కర్మఫలము గలదె కుమారా?	true	[]	[]														pdy-v-00329		
pdy-kandamu-0186	kandamu	jaathi	""	train	ఎటువంటి వరకులంబునఁ\nబటుతరముగఁ బుట్టెనేని పరఁగఁగ మును గ\nన్నటువంటి కర్మఫలములఁ\nగటగట! భోగింపవలయుఁ గాదే? కుమారా!	false	["seq"]	["seq"]	96	ె	ే	lengthen	3	11	గాదే	true	3	4	49	|UU	["కు","మా","రా"]	pdy-v-00330		
pdy-kandamu-0189	kandamu	jaathi	""	dev	ధనవంతుఁడె కులవంతుఁడు\nధనవంతుఁడె సుందరుండు, ధనవంతుండే\nఘనవంతుఁడు బలవంతుఁడు\nధనవంతుఁడె ధీరుఁడనుచుఁ దలఁపు కుమారా!	true	[]	[]														pdy-v-00331		
pdy-kandamu-0190	kandamu	jaathi	""	train	విను ప్రాణరక్షణమున\nన్‌ ధనమంతయు మునిగిఁపోవు తఱిఁ బరిణయమం\nదున గురుకార్యమున వధు\nజన సంఘములందు బొంకఁ జనును గుమారా!	false	["seq"]	["corr","seq"]	75	ూ	ు	shorten	2	9	వధు	false	3	1	40	|U|U	["ము","లం","దు","బొం"]	pdy-v-00332		
pdy-kandamu-0191	kandamu	jaathi	""	train	కులభామల విడువకు, వెలి\nపొలఁతుల వీక్షించి మోహమునఁ బొరలకుమీ\nఖలుఁ డందు రెట్టివారలుఁ\nగులహీనుఁడు పుట్టెననూట కొఱలుఁ గుమారా!	false	["seq"]	["seq"]	99	ు	ూ	lengthen	3	8	పుట్టెననూట	false	3	2	42	||U|	["ట్టె","న","నూ","ట"]	pdy-v-00333		
pdy-kandamu-0197	kandamu	jaathi	""	test	కడుమెల్లన నిడు నుత్తర\nమడఁచును గోపమును దీక్ష్ణమమరఁగ దా న\nప్పుడు నుడివెడు నుత్తరముడి\nవడిఁ గోపముఁ బెంచు నరయ వసుధఁ గుమారా!	true	[]	[]														pdy-v-00334		
pdy-kandamu-0199	kandamu	jaathi	""	dev	ధర నొక్క బుద్ధిహీనునిఁ\nదిరముగ రోటనిడి దంచెఁ దేనియుఁ బెలుచం\nదురు మగును గానీ, యతనికి\nసరసత్వము గలుగదండ్రు సతము కుమారా!	false	["seq"]	["corr","seq"]	73	ి	ీ	lengthen	2	6	గానీ	true	2	1	29	|UU|	["ను","గా","నీ","య"]	pdy-v-00335		
pdy-kandamu-0202	kandamu	jaathi	""	test	ఋణ మధిక మొనర్చి సమ\nర్పణ జేసిన తండ్రి, విద్య రానీ కొడుకు, ల\nక్షణశాలి రాణి దుశ్చా\nరిణి యగు జననియును దలప రిపులు కుమారా!	false	["seq"]	["corr","seq"]	47	ి	ీ	lengthen	1	10	రానీ	true	1	4	21	|||	["కొ","డు","కు"]	pdy-v-00336		
pdy-kandamu-0203	kandamu	jaathi	""	dev	మర్మము పరులకుఁ దెలుపకుఁ\nదుర్మార్గున చెంత నెపుడు దూరకు, మిల దు\nష్కర్మములఁ జేయ నొల్లకు,\nనిర్మలమతి నుంట లెస్స నిజము కుమారా!	true	[]	[]														pdy-v-00337		
pdy-kandamu-0205	kandamu	jaathi	""	train	ఇల ఫక్కికులోద్భవుఁడ\nప్పల నరసింహాఖ్యుఁ డిట్టి పద్ధతులు ధరం\nగల బాలుర కెల్ల గుణం\nబులు కలుగఁగ వెలయఁజెప్పె బుద్ధి కుమారా!	true	[]	[]														pdy-v-00338		
pdy-kandamu-0207	kandamu	jaathi	""	train	శ్రీ భూ నీళా హైమవ\nతీ భారతు లతుల శుభవతిగ నెన్నుచు స\nత్సౌభాగ్యము నీ కొసఁగఁగ\nలో భావించెదరు ధర్మలోల కుమారీ!	true	[]	[]														pdy-v-00339		
pdy-kandamu-0208	kandamu	jaathi	""	train	చెప్పెడి బుద్ధులలోపలఁ\nదప్పకు మొకటైన సర్వ ధర్మములందు\nన్‌ మెప్పొంది యిహపరంబులఁ\nదప్పింతయు లేక మెలగఁ దగును కుమారి!	false	["seq"]	["seq"]	108	ీ	ి	shorten	3	14	కుమారి	true	3	4	45	U|	["మా","రి"]	pdy-v-00340		
pdy-kandamu-0209	kandamu	jaathi	""	dev	ఆటలఁ బాటలలో నే\nమాటయు రాకుండఁ దండ్రి మందిరమందు\nన్‌ బాటిల్లుఁ గాపురములో\nవాట మెఱిఁగి బాల! తిరుగ వలయుఁ గుమారీ!	true	[]	[]														pdy-v-00341		
pdy-kandamu-0211	kandamu	jaathi	""	train	పెనిమిటి వలదని చెప్పిన\nపని యెన్నఁడుఁ జేయరాదు బావల కెదుట\nన్‌ కనఁబడఁగ రాదు కోపము\nమనమున నిడుకొనక యెపుడు మసలు కుమారీ!	true	[]	[]														pdy-v-00342		
pdy-kandamu-0217	kandamu	jaathi	""	train	పతి పరకాంతలతో సం\nగతిఁ జేసిన నాదుపుణ్యగతి యిట్లనుచు\nన్‌ మతీఁ దలఁపవలయు లేదా\nబతిమాలఁగవలయుఁ గలహ పడక కుమారీ!	false	["seq"]	["seq"]	57	ి	ీ	lengthen	2	1	మతీఁ	false	2	0	24	|U||	["న్మ","తీ","ద","ల"]	pdy-v-00343		
pdy-kandamu-0219	kandamu	jaathi	""	dev	తిట్టిన దిట్టక, కొట్టిన\nగొట్టక, కోపించెనేనిఁ గోపింపక, నీ\nపుట్టినయింటికిఁ, బాదము\nపెట్టినయింటికిని వన్నె పెట్టు కుమారీ!	true	[]	[]														pdy-v-00344		
pdy-kandamu-0220	kandamu	jaathi	""	train	దబ్బరలాడకు కదిమిన\nబొబ్బలు పెట్టకుము మంచి బుద్ధిగలిగి యెం\nదెబ్బెఱికముఁ బూనక కడుఁ\nగొబ్బునఁ జిత్తమున వానిఁ గూర్పు కుమారీ!	true	[]	[]														pdy-v-00345		
pdy-kandamu-0221	kandamu	jaathi	""	dev	పతి భుజియించిన పాత్రను\nమెతు కొక్కటియైన భార్య మెసఁగుటకై తా\nహిత మూనకున్న నది యొక\nసతియే? కడుఁ బాపజాతి జగతి కుమారీ!	true	[]	[]														pdy-v-00346		
pdy-kandamu-0226	kandamu	jaathi	""	train	తన బావల పిల్లల యెడఁ\nదన మఱఁదుల పిల్లలందుఁ దనపిల్లల కం\nటెను మక్కువ యుండవలె\nన్‌ వనితల కటులైన వన్నె వచ్చుఁ గుమారీ!	true	[]	[]														pdy-v-00347		
pdy-kandamu-0227	kandamu	jaathi	""	dev	ధనహీనుఁడైనఁ గడూ దు\nర్జనుఁడైనఁ గురూపియైన జారుండైన\nన్‌ విను పాపియైన నెప్పుడుఁ\nదనపతియే తనకు దైవతంబు కుమారీ!	false	["seq"]	["corr","seq"]	14	ు	ూ	lengthen	0	7	గడూ	false	0	2	6	|UU|	["గ","డూ","దు","ర్జ"]	pdy-v-00348		
pdy-kandamu-0228	kandamu	jaathi	""	train	ధనవంతు డైనఁ యప్పుడుఁ\nపెనిమిటి చిత్తం బెఱింగి పెండ్లాము మెలం\nగును లేమి మెలఁగ నేర్చిన\nవనితకు లోకమున వన్నె వచ్చుఁ గుమారీ!	true	[]	[]														pdy-v-00349		
pdy-kandamu-0229	kandamu	jaathi	""	train	తలిదండ్రు లన్నదమ్ములు\nతులఁ దూగఁగ నిమ్ము పసిడిఁ తోనైనను వా\nరలయింట సతత ముండుట\nవెలఁదికీ మర్యాదగాదు వినవె కుమారీ!	false	["seq"]	["seq"]	83	ి	ీ	lengthen	3	3	వెలఁదికీ	false	3	0	34	|||U	["వె","ల","ది","కీ"]	pdy-v-00350		
pdy-kandamu-0232	kandamu	jaathi	""	dev	పతి కత్తకు మామకు స\nమ్మతిగాని ప్రయోజనంబు మానఁగవలయు\nన్‌ హిత మాచరింపవలయును\nబ్రతుకున కొకవంక లేక పరఁగు గుమారీ!	true	[]	[]														pdy-v-00351		
pdy-kandamu-0233	kandamu	jaathi	""	train	పోకిళ్ళు పోక పొందిక\nనాకులలోఁ బిందెరీతి నడఁకువగా నెం\nతో కలిసిమెలసి యుండిన\nలోకములోపలను దా వెలుంగుఁ గుమారీ!	true	[]	[]														pdy-v-00352		
pdy-kandamu-0234	kandamu	jaathi	""	dev	అత్తపయిన్‌ మఱఁదలిపయి\nనెత్తిన కోపమున బిడ్డ నేడ్పించుటకై\nమొత్తినఁ దనకే కీడగుఁ\nజిత్తములో దీనిఁ జింత సేయు కుమారీ!	true	[]	[]														pdy-v-00353		
pdy-kandamu-0235	kandamu	jaathi	""	train	మృతియైనను బ్రతుకైనం\nబతితోడనె సతికిఁ జెల్లుఁ బతిబాసిన యా\nబ్రతు కొక బ్రతుకా! జీవ\nన్మృతి గాక వధూటి కెన్న నిదియుఁ గుమారీ!	true	[]	[]														pdy-v-00354		
pdy-kandamu-0236	kandamu	jaathi	""	train	మగని ప్రియ మబ్బె ననుచును\nదేగ నీలిగి యింటివారి దిగఁద్రొక్కుచు దుం\nడగురాలై తిరిగిన సరి\nమగువలలో నిదియె తప్పు మాట కుమారీ!	false	["seq"]	["corr","seq"]	26	ె	ే	lengthen	1	0	దేగ	false	1	0	11	U|U|	["దే","గ","నీ","లి"]	pdy-v-00355		
pdy-kandamu-0237	kandamu	jaathi	""	dev	జీవములు భర్తపద రా\nజీవములని చిత్తమందు జింతించిన ల\nక్ష్మీవల్లభు చరణంబుల\nసేవ లతాంగులకు నెమ్మిఁ జేయుఁ గుమారీ!	true	[]	[]														pdy-v-00356		
pdy-kandamu-0238	kandamu	jaathi	""	train	కడు బుద్ధిగలిగి మెలఁగినఁ\nబడఁతుక పుట్టింటివారు పదివేలవరా\nలిడుకంటెఁ గీర్తియగు ద\nమ్మిడి లేకుండినను నేర్చి మెలఁగు కుమారీ!	true	[]	[]														pdy-v-00357		
pdy-kandamu-0241	kandamu	jaathi	""	train	తనకెంత మేలు చేసిన\nమనమున కింపైన పనులుఁ మసలిన దాసీ\nవనితల కెన్నటికైనం\nజనవిచ్చి మెలంగరాదు జగతిఁ గుమారీ!	true	[]	[]														pdy-v-00358		
pdy-kandamu-0242	kandamu	jaathi	""	train	కులదేవతలకుఁ బెట్టిన\nపొలుపునఁ దనయింటయాఁడు బొట్టెల కెల్లం\nగలమాత్ర మొసఁగకుండినఁ\nగలఁత పొడము దాన మేలు గాదు కుమారీ!	true	[]	[]														pdy-v-00359		
pdy-kandamu-0245	kandamu	jaathi	""	dev	వేకువజామున మేల్కని\nపైకి వెడలి వచ్చి ప్రాచి పనిఁ దీర్పవలె\nన్‌ లేకున్నఁ దెల్లవాఱిన\nలోకులు నవ్వుదురు సభల లోనఁ గుమారీ!	true	[]	[]														pdy-v-00360		
pdy-kandamu-0247	kandamu	jaathi	""	dev	తలవాకిట నెల్లప్పుడు\nనిలువఁగ రా దెప్పు డెంత నిద్దురయైన\nన్‌ మెలఁకువ విడరాదు సుమీ\nతల నడుచుచు విప్పికొనుట తగదు కుమారి!	false	["seq"]	["seq"]	112	ీ	ి	shorten	3	16	కుమారి	true	3	4	48	U|	["మా","రి"]	pdy-v-00361		
pdy-kandamu-0248	kandamu	jaathi	""	train	వారికి వీరికిఁ గలిగెను\nగోరిన వస్తువులు మాకుఁ గొదవాయె నటం\nచూరక గుటకలు మ్రింగుట\nనేరముగాఁ దలఁపవలయు నెలఁత కుమారీ!	true	[]	[]														pdy-v-00362		
pdy-kandamu-0250	kandamu	jaathi	""	train	పొంతఁ బని సేయ కెన్నఁడు\nపంతంబులు పలుకఁబోకు ప్రాఙ్ముఖముగ నీ\nదంతంబులు దోమకు మే\nకాంతంబులు బయలుపఱుప కమ్మ! కూమారీ!	false	["seq"]	["seq"]	102	ు	ూ	lengthen	3	12	కూమారీ	false	3	3	42	U|UU	["క","మ్మ","కూ","మా"]	pdy-v-00363		
pdy-kandamu-0251	kandamu	jaathi	""	test	నడకలలో నడుగుల చ\nప్పుడు వినఁబడకుండవలయు భువి గుంటలు క\nన్పడరాదు మడమనొక్కులఁ\nబడఁతుల మర్యాద లెఱిఁగి బ్రతుకు కుమారీ!	true	[]	[]														pdy-v-00364		
pdy-kandamu-0252	kandamu	jaathi	""	train	నవ్వంగ రాదు పలుమఱు\nనవ్వినఁ జిఱునవ్వు గాని నగరా దెపుడు\nన్‌ గవ్వలవలె దంతంబులు\nజవ్వునఁ గానంగ బడెడి జాడఁ గుమారీ!	true	[]	[]														pdy-v-00365		
pdy-kandamu-0253	kandamu	jaathi	""	train	తొడవులు మిక్కిలి గలిగినఁ\nగడుఁ ప్రేమన్‌ మగఁడు మిగుల గారామిడిన\nన్‌ పడఁతుక పసుపుం గుంకుమ\nగడియైనను విడువ రాదు గాదె కుమారీ!	true	[]	[]														pdy-v-00366		
pdy-kandamu-0263	kandamu	jaathi	""	test	ఎంగిలి పరులకుఁ బెట్టకు\nక్రంగున మ్రోయంగనికు కాల్మెట్టియల\nన్‌ బంగారు లాభ ముండిన\nదొంగతనము సేయుబుద్ధి దొలఁచు కుమారీ!	false	["seq"]	["corr","seq"]	39	ీ	ి	shorten	1	6	మ్రోయంగనికు	false	1	2	15	|||U	["గ","ని","కు","కా"]	pdy-v-00367		
pdy-kandamu-0265	kandamu	jaathi	""	train	తనకడుపు కట్టుకొని యై\nనను జుట్టమ్మునకు బెట్టి నను గీర్తి వహిం\nచును భుక్తి ముక్తు లబ్బును\nదన కెవ్వరు సాటిరారు ధరణీఁ గుమారీ!	false	["seq"]	["seq"]	111	ి	ీ	lengthen	3	11	ధరణీఁ	false	3	4	46	|UU	["గు","మా","రీ"]	pdy-v-00368		
pdy-kandamu-0266	kandamu	jaathi	""	train	వడి దనిపించుకొనుటకు\nన్‌ గడి యైననుఁ బట్టకుండుఁ గాంతలలో నె\nక్కుడు గుణవతి యనిపించెడి\nనడవడి నేర్చుటయె కడు ఘనంబు కుమారి!	false	["seq"]	["seq"]	113	ీ	ి	shorten	3	15	కుమారి	true	3	4	49	U|	["మా","రి"]	pdy-v-00369		
pdy-kandamu-0271	kandamu	jaathi	""	train	తనకంటెఁ బేదరాండ్రం\nగని యంతకుఁ దనకు మెలు గా యనవలయు\nన్‌ దనకంటె భాగ్యవంతులఁ\nగని గుటకలు మ్రింగ మేలు గాదు కుమారీ!	false	["seq"]	["corr","seq"]	36	ే	ె	shorten	1	8	మెలు	false	1	2	15	|||U	["కు","మె","లు","గా"]	pdy-v-00370		
pdy-kandamu-0273	kandamu	jaathi	""	dev	కోపమున నప్పు డాడ ని\nరూపించినమాటఁ గొన్ని రోజులు చనినం\nజూపెట్టుదు నని శాంతము\nలోపలఁ గొనవలయు ధర్మలోల! కుమారీ!	true	[]	[]														pdy-v-00371		
pdy-kandamu-0274	kandamu	jaathi	""	train	కలహపడునింట నిలువదు\nకలుముల జవరాలు కానఁ గలకాలం బే\nకలహములు లేక సమ్మతి\nమెలఁగంగా నేర్చెనేని మేలు కుమారీ!	true	[]	[]														pdy-v-00372		
pdy-kandamu-0279	kandamu	jaathi	""	test	సుమతియును జంద్రమతియును\nదమయంతియు జానకియును ద్రౌపదియును బ\nన్నములం బడి పతిభక్తిం\nగ్రమమున నడుపుటలు తలఁప గాదె? కుమారీ!	true	[]	[]														pdy-v-00373		
pdy-kandamu-0283	kandamu	jaathi	""	test	పవళించునపుడు రంభా\nకువలయదళనేత్రభంగి గోరినరీతి\nన్‌ ధవుని కొనఁగూర్పవలయును\nదివి భువి నుతిఁ బొందునట్టి తెఱవ కుమారీ!	true	[]	[]														pdy-v-00374		
pdy-kandamu-0291	kandamu	jaathi	""	train	దృశ్యపదార్థము లెల్లను\nనశ్యము లని తలపఁ కుండినను లోపంబౌ\nదృశ్యంబున నస్థిరత న\nవశ్యము చిత్తమునఁ దలఁప వలదె కుమారీ!	true	[]	[]														pdy-v-00375		
pdy-kandamu-0292	kandamu	jaathi	""	test	జనీయించెడు నజ్ఞానం\nబున మోహగుణంబు, ధర్మమునఁ బరికింపం\nదునుమాడఁ బడును దీనిం\nగనుఁగొని మెలఁగంగ వలయుఁ గాదె కుమారీ!	false	["seq"]	["corr","seq"]	2	ి	ీ	lengthen	0	1	జనీయించెడు	false	0	0	0	|UU|	["జ","నీ","యిం","చె"]	pdy-v-00376		
pdy-kandamu-0296	kandamu	jaathi	""	test	ఎన్నాళ్లు బ్రతుకఁ బోదురు\nకొన్నాళ్లకు మరణదశలఁ గ్రుంగుట జగమం\nదున్నట్టివారి కందఱి\nకిన్నిహితము సతము మంచి కీర్తి కుమారీ!	true	[]	[]														pdy-v-00377		
pdy-kandamu-0298	kandamu	jaathi	""	train	మును నాథుఁడు దరలినచో\nవెనువెంటనె పోయి యెల్ల వేల్పులు పొగడం\nగని యెందు నిందు నందును\nఘనకీర్తులఁ బొందుచుండుఁ గాదె కుమారీ!	true	[]	[]														pdy-v-00378		
pdy-kandamu-0300	kandamu	jaathi	""	train	ఆకు లొకిన్నియుఁ జేకొని\nపోఁక నమిలి సున్న మడుగఁ బోయినఁ గని యీ\nలోకులు నవ్వుదురు సుమీ!\nకైకొనవలె మంచినడత ఘనతఁ గుమారీ!	true	[]	[]														pdy-v-00379		
pdy-kandamu-0302	kandamu	jaathi	""	test	ఇద్దఱు గూడుక యొక చో\nనొద్దిక మాటాడుచుండ నొదిఁగి యొదిఁగి యా\nయొద్దకుఁ జనఁగూడదు తన\nపెద్దతనంబెల్ల నణఁగ బెట్టుఁ గుమారీ!	true	[]	[]														pdy-v-00380		
pdy-kandamu-0303	kandamu	jaathi	""	train	తుడూపుదుమారమ్మును జెరు\nగుడుధూళియు మేషరజముఁ గూడ దెపుడు మైఁ\nబడ నెఱిఁగి తిరుగ నేర్చిన\nబడఁతుల మర్యాద లెఱిఁగి బ్రతుకు కుమారీ!	false	["seq"]	["seq"]	3	ు	ూ	lengthen	0	1	తుడూపుదుమారమ్మును	false	0	0	0	|U||	["తు","డూ","పు","దు"]	pdy-v-00381		
pdy-teytageethi-0199	teytageethi	upajaathi	""	train	మనిన శారద నేకదంతుని నుతించి ।\nనే రచించెద పద్యముల్ నేర్చినటుల\nనీదు కృపలేక కృతీ సేయ నెవరికైన ।\nవశమె శ్రీరామరామ లావణ్యసీమ.	false	["seq"]	["seq"]	76	ి	ీ	lengthen	2	7	కృతీ	false	2	2	33	|UU|	["కృ","తీ","సే","య"]	pdy-v-00382		
pdy-teytageethi-0200	teytageethi	upajaathi	""	train	ననుదినంబును భక్తితో నభినుతించి ।\nసకలజనములు వీని సంతసమున జెలగ\nసీసశతకం బొనర్చెద చిత్తగింప ।\nవలయు శ్రీరామరామ లావణ్యసీమ.	false	["seq"]	["corr","seq"]	44	ి	ీ	lengthen	1	7	వీని	true	2	0	30	|U|	["గ","సీ","స"]	pdy-v-00383		
pdy-teytageethi-0201	teytageethi	upajaathi	""	train	కాండవాసిష్ఠశుకశౌనకాదివినుత ।\nవినతసుతవాహనారూఢవిమలకరుణ\nకరుణ నీ కృతినాథు దీర్ఘాయు జేయ- ।\nవలయు శ్రీరామరామ లావణ్యసీమ.	true	[]	[]														pdy-v-00384		
pdy-teytageethi-0203	teytageethi	upajaathi	""	train	మదిని తలపోసి యితరరామలను రోసి ।\nనేర్పు వెడజేసి కంటికి నిదురబాసి\nమమత నిను డాసియుండక మరుని గాసి ।\nవశమటే రామరామ లావణ్యసీమ.	true	[]	[]														pdy-v-00385		
pdy-teytageethi-0204	teytageethi	upajaathi	""	train	ముద్దుమొగమున నత్యంతముదము దోప ।\nతొలుత నేస్తంబునకు నన్ను బిలిచినట్టి\nకులుకుబెళుకును తలపోసి వలపు నిలుప ।\nవశమటే రామరామ లావణ్యసీమ.	true	[]	[]														pdy-v-00386		
pdy-seesamu-0205	seesamu	upajaathi	""	train	తరళాక్షి నీ మేనితావి ఘమ్మన నాదు । మనసు ఝుమ్మని రేగి మరులు జెందు\nచేలి నీదు గిల్కుటందెలు ఘల్లుమని మ్రోయ । తనువు ఝల్లని యేమొ తత్తరించు\nమగువ నీ సొగసు కల్మా ధళుక్కనినంత । కళ చళుక్కని లోన కలకబారు\nనొకవేళ కోపగించుక గిరుక్కన మరుం । డట చురుక్కన పూవుటమ్ము వేయు	false	["seq"]	["corr","seq"]	65	ె	ే	lengthen	1	0	చేలి	false	2	1	30	|U|U	["దు","గి","ల్కు","టం"]	pdy-v-00387		
pdy-teytageethi-0207	teytageethi	upajaathi	""	train	నరనిదుర జెంది పవళించినట్టివేళ ।\nవచ్చి మెల్లనె సైగగా నెచ్చరించి\nపైకొని యొనర్చునటువంటీ పనులు దలప ।\nవశమటే రామరామ లావణ్యసీమ.	false	["seq"]	["seq"]	83	ి	ీ	lengthen	2	9	యొనర్చునటువంటీ	false	2	2	33	||UU	["న","టు","వం","టీ"]	pdy-v-00388		
pdy-teytageethi-0209	teytageethi	upajaathi	""	train	వింత ని చెంతలేని నివ్వెరగు కొంత ।\nవేసటొక్కింత తమి యింత వెగటు కొంత\nయీదినము నంతకంత నీమీది చింత ।\nవశమటే రామరామ లావణ్యసీమ.	false	["seq"]	["corr","seq"]	6	ీ	ి	shorten	0	2	ని	true	0	1	2	|U|U	["ని","చెం","త","లే"]	pdy-v-00389		
pdy-teytageethi-0210	teytageethi	upajaathi	""	train	దైవఘటనేమొ గాని నిన్ దలచినపుడు ।\nఝల్లుమని గుండెలదరె నీ జాలి మాని\nమరుడు నన్నేచ నీమీద మరులు దాచ ।\nవశమటే రామరామ లావణ్యసీమ.	true	[]	[]														pdy-v-00390		
pdy-teytageethi-0211	teytageethi	upajaathi	""	test	తమిని కళలూర నొసట కెంజెమట జార ।\nకదలవలదని యేదనెద నదిమి గదిమి\nయుపరతి యొనర్చునాటి నీ హొయలు దలప ।\nవశమటే రామరామ లావణ్యసీమ.	false	["seq"]	["corr","seq"]	41	ె	ే	lengthen	1	7	యేదనెద	false	2	2	39	|U|U	["ర్చు","నా","టి","నీ"]	pdy-v-00391		
pdy-seesamu-0212	seesamu	upajaathi	""	test	పసుపునిగ్గుల చల్వపావడతో కుసుం- । బా కలాబతు జారుపైటతోడ\nమొనబంటి కసికాటులను కందు మోవితో । విరులు వాడిన వేణిభరముతోడ\nనెలవంక గోటిపోటుల చన్నుదోయితో । సొక్కిన నెమ్మోముసొగసుతోడ\nకొద్దిగా చెదరు కుంకుమతో కరంగిన । కాటుక కనుసోగ నీటుతోడ	true	[]	[]														pdy-v-00392		
pdy-teytageethi-0212	teytageethi	upajaathi	""	test	ముడి వదలినట్టి నీవి నిమ్ముగ బిగించి ।\nసురతమున మైచెమర్చిన సురటి బూని\nవిసరుకొనుచున్నవేళ నీ వితమునెన్న ।\nవశమటే రామరామ లావణ్యసీమ.	true	[]	[]														pdy-v-00393		
pdy-teytageethi-0213	teytageethi	upajaathi	""	test	వెనక జిక్కితిరో యని వెన్ను జరచి ।\nనొసటి చెమ్మట పయ్యెదనొత్తికొనుచు\nనిలిచి నను జూచి పలికిన నిటు దలప ।\nవశమటే రామరామ లావణ్యసీమ.	false	["seq"]	["corr","seq"]	90	ీ	ి	shorten	2	11	నిటు	true	3	0	45	||U	["శ","మ","టే"]	pdy-v-00394		
pdy-seesamu-0214	seesamu	upajaathi	""	dev	చూపుమార్పులను హెచ్చుగ నాస గల్పించి । చేమార్పులను చాల ప్రేమ నించి\nకౌగిటిమార్పుల కడుమోదమున మించి । మోవిమార్పుల మెచ్చి ముద్దునిచ్చి\nతమలంపుమార్పుల క్రమముగా దనియించి । తొడసందిమార్పుల దుడుకు గాంచి\nప్రక్కమార్పుల ప్రౌఢిపని గాదని మదించి । పడకమార్పుల హాయిబడ రమించి	true	[]	[]														pdy-v-00395		
pdy-seesamu-0215	seesamu	upajaathi	""	dev	పికిలిపిట్టల రీతి పెదవికాటందుచు । కూర్చుండెదుర్కొని కొంతసేపూ\nచిలుకల గతి ముద్దుపలుకులొప్పుగను పై- । కొని రతి హాయిగా కొంతసేపు\nకన్నెపావురమన గళమున మణితంబు । గులికించి హొయలుగా కొంతసేపు\nకళలుప్పతిల్ల ప్రక్కలు గోట జెణకుచు । కోకిలరవముచే కొంతసేపు	false	["seq"]	["corr","seq"]	59	ు	ూ	lengthen	0	24	కొంతసేపూ	false	1	3	23	UU|	["సే","పూ","చి"]	pdy-v-00396		
pdy-teytageethi-0215	teytageethi	upajaathi	""	train	వింతగొరువంకపోరుల గొంతసేపు ।\nగునుపుతో ప్రక్కమార్పుల కొంతసేపు\nక్రీడ సల్పిననాటి నీ రీతినెన్న ।\nవశమటే రామరామ లావణ్యసీమ.	true	[]	[]														pdy-v-00397		
pdy-seesamu-0216	seesamu	upajaathi	""	train	తొడనిగ్గు పైకి గన్పడు కీనుఖాబు పా- । వడతో జరీబుటా వల్వతోడ\nరహిమించు వహిగాంచు రవికెతో ఝల్లని । కౌనుల్కి చెమరించు కళలతోడ\nసొగసు మించిన చాదుచుక్కతో పిరుదుల । నంటి మెలంగు కీల్గంటుతోడ\nమొనలు పైపైలకగ్గిన కుచద్వయముతో । మిసిమి జెలంగు నెమ్మేనితొడ	false	["seq"]	["seq"]	232	ో	ొ	shorten	3	24	నెమ్మేనితొడ	false	7	3	101	||	["తొ","డ"]	pdy-v-00398		
pdy-teytageethi-0216	teytageethi	upajaathi	""	train	కులికి దిగ్గున లేచి లోకొంగు జూచి ।\nచెరగు మాసె నటంచును సిగ్గుదోచి\nపాత్ర గైకొన్న హొయలెంచి బాళి నిలుప ।\nవశమటే రామరామ లావణ్యసీమ.	true	[]	[]														pdy-v-00399		
pdy-teytageethi-0217	teytageethi	upajaathi	""	train	బోటి మార్నీటిరేయి నీతోటి నెనయు- ।\nనాటి వేడుకలింక నేనాటికైన\nకోటి యిచ్చిన కల్గ దాపాటి దలప ।\nవశమటే రామరామ లావణ్యసీమ.	true	[]	[]														pdy-v-00400		
pdy-seesamu-0219	seesamu	upajaathi	""	train	హాయిగా విన విన ఠాయిగా నీచేత । నెలనాగ వీణె నేనెపుడు విందు\nసొంపుగా మై జులాయింపుగా నీనోట । రమణి నేనెపుడు పద్యములు విందు\nకుల్కుగా తేనియ జిల్కగా నెపుడు నే । లలన నీ ముద్దుపల్కులను విందు\nమెల్లగా నెమ్మది చల్లగా నెపుడు నే । కాంత నీ గాత్రరాగంబు విందు-	true	[]	[]														pdy-v-00401		
pdy-teytageethi-0220	teytageethi	upajaathi	""	train	నెనరుమాటలదీవి పన్నీటిచెలమ ।\nకన్నె వేడిమిఠారి యంగజునిసొక్కు\nమందుపొడిడబ్బి జాణ నిన్మది దలంప ।\nవశమటే రామరామ లావణ్యసీమ.	true	[]	[]														pdy-v-00402		
pdy-teytageethi-0221	teytageethi	upajaathi	""	test	యిచ్చటికి చెచ్చెరను బలుమచ్చరమున ।\nచిచ్చు కైవడి విడివడి వచ్చువానీ\nవిచ్చుకత్తికి నెద నెదురిచ్చి నిలువ ।\nవశమటే రామరామ లావణ్యసీమ.	false	["seq"]	["corr","seq"]	63	ి	ీ	lengthen	1	12	వచ్చువానీ	false	1	4	26	UUU	["వా","నీ","వి"]	pdy-v-00403		
pdy-seesamu-0225	seesamu	upajaathi	""	train	నూతనకేళి నేనొనరింపబూనిన । చిడిముడిలోజంకు సిగ్గువెరగు\nవేగుటవేసట వెల్లవాటునుజాలి । మడిమవిదల్పు పెందొడవడంకు\nబొమముడికనుమూత మోవియార్చుట లల । మైచెమర్చుట తడంబడుట సొలపు\nపలుమొన బిగియించు పటిమ నధైర్యంబు । కసరు తొందర బాళి గడలుకొనగ	true	[]	[]														pdy-v-00404		
pdy-teytageethi-0225	teytageethi	upajaathi	""	train	పొలతి నన్నెంచనపుడు నే బుజ్జగించ ।\nకౌను యసియాడ మన్మథకళలు వీడ\nరతమొనర్చిననాటి నీ వితమునెన్న ।\nవశమటే రామరామ లావణ్యసిమ.	false	["seq"]	["seq"]	111	ీ	ి	shorten	3	11	లావణ్యసిమ	false	3	4	53	||	["సి","మ"]	pdy-v-00405		
pdy-seesamu-0226	seesamu	upajaathi	""	train	కలకంఠి యీడునెచ్చెలులెల్ల శృంగార- । వనికి బోదాము రమ్మనుచు బిలువ\nకడుమోదమున రైక తొడగలేదను గప్తి । మరచి వారలతోడ నరుగుదెంచి\nపున్నాగసుమగుచ్ఛములకు చెయ్యెత్తిన । కోరకగతి గబ్బిగుబ్బ యుబ్బ-\nనపుడేను కొనగోట నదిమిన నను గాంచి । సిగ్గుచేతను పైటచెరగు గప్పి	true	[]	[]														pdy-v-00406		
pdy-teytageethi-0226	teytageethi	upajaathi	""	train	తీవ్రగతినేగి చెలులతో తేటి యిచట ।\nకొరికెనో గాక చెయ్యెత్తగూడదనుచు\nచెప్పుకొనునాటి యణుకువ చెలువ దలప ।\nవశమటే రామరామ లావణ్యసీమ.	true	[]	[]														pdy-v-00407		
pdy-teytageethi-0228	teytageethi	upajaathi	""	dev	ముద్దుబెట్టుక నవ్వుచు ముదిత నీవు ।\nనెవరి పెండ్లాడెదవటంచు నేను బలుక\nనిన్నె యని మీసములు మీటు నిటు దలప ।\nవశమటే రామరామ లావణ్యసీమ.	false	["seq"]	["corr","seq"]	92	ీ	ి	shorten	2	10	నిటు	true	3	0	44	||U	["శ","మ","టే"]	pdy-v-00408		
pdy-teytageethi-0229	teytageethi	upajaathi	""	train	స్వారి వెడలంగ మహలెక్కి దారి జూచి ।\nయతివచే నంపినట్టి కాకీతములోని\nమాటల పసందు తలచితే మనసు నిలుప ।\nవశమటే రామరామ లావణ్యసీమ.	false	["seq"]	["corr","seq"]	55	ి	ీ	lengthen	1	9	కాకీతములోని	false	1	4	25	|U|	["ము","లో","ని"]	pdy-v-00409		
pdy-seesamu-0230	seesamu	upajaathi	""	train	కలహంసలకు జీతముల లెక్కజూచి లో- । బాకి చెల్ల గని జాపాలొసంగి\nజాతైన మంచిపచ్చలరంగు గల చిల్క- । పంజులెల్లను బరాబరులు జేసి\nగండుకోకిలమూక కైజీతములవారి- । కందమౌ ననలతో విందొనర్చి\nగొరువంక యెలగోలు నిరువంకలను గూడి । రమ్మంచు తేంట్లచే కమ్మలిచ్చి	true	[]	[]														pdy-v-00410		
pdy-teytageethi-0230	teytageethi	upajaathi	""	train	దండుకు సమీరణుని సరదారు జేసి ।\nవేయుమని చెప్పి పూపొదవెలిగుడారు\nదర్పకుండను పాదుషా దాడి వెడలి ।\nవచ్చె గదె రామరామ లావణ్యసీమ.	true	[]	[]														pdy-v-00411		
pdy-seesamu-0231	seesamu	upajaathi	""	train	జాతిజంగాలి బనాతి కనాతి స- । రాతిలోదటను సూరతువులందూ\nమొఖమల్ ఖురాళ మిమ్ముగ నఖాసీచుట్టు । తగుటుచీనీలి ముత్యముల చేర్లు\nపగడంపు చేవ కంబాలు ముప్పిరిపట్టు । పగ్గముల్ సరిగెహొంబట్టు కుట్టు\nనమరుషమేనాకృశములు కమానువా- । కిళ్లు నీలంపు మేకీలు కొణిగె	false	["seq"]	["corr","seq"]	49	ు	ూ	lengthen	0	23	సూరతువులందూ	false	1	3	22	UU|	["లం","దూ","మొ"]	pdy-v-00412		
pdy-teytageethi-0232	teytageethi	upajaathi	""	train	మొగము వంచుక నరతల్పు సగము మూసి ।\nనిలిచి యేమందునని వ్రేల నేలగీరు-\nకొనుచు నను బోయిరమ్మని నెనరు దలుప ।\nవశమటే రామరామ లావణ్యసీమ.	true	[]	[]														pdy-v-00413		
pdy-seesamu-0233	seesamu	upajaathi	""	dev	జాఫల్ రసంబు గుర్షాపూలు ద్రాక్షలు । గంగులుఖందు చొక్కపు జవాజి\nజాఫరాయగరు పచ్చాకూదుబత్తీలు । పునుగుపన్నీరు గంబురు గులాబి\nయత్తరు సీమరాయంచలు తెల్లాకు- । మడూపుల్ వళాగ్రముల్ మల్లెపూలు\nకురువేరు నరగ జాల్ కొత్తకైరావళ్లు । దవనంపు చెండ్లు దంతంపు గుండ్లు	false	["seq"]	["seq"]	149	ు	ూ	lengthen	2	13	మడూపుల్	false	5	0	60	|UU|	["మ","డూ","పు","ల్వ"]	pdy-v-00414		
pdy-teytageethi-0233	teytageethi	upajaathi	""	train	మా కచేరికి నజరు లీ మాడ్కి బనీచి ।\nనమ్మినానని వ్రాసుకున్నట్టి జాబు\nనకలు జూచిన మరుని గాసికి సహింప ।\nవశమటే రామరామ లావణ్యసీమ.	false	["seq"]	["seq"]	28	ి	ీ	lengthen	0	12	బనీచి	false	0	4	11	|U|	["బ","నీ","చి"]	pdy-v-00415		
pdy-seesamu-0234	seesamu	upajaathi	""	test	ఆదికేళికను మై యలసియుండిన తీరు । గని నేస్తమగు జోడుగరితలెల్ల\nసతి రేయు పతిసేయు రతివింతలేమన । నేలాగొ నదియు నేనెరుగ పాన్పు\nచేరబోవగను కుచ్చిలిబట్టు తీసిన । వడిని నీవికముడి వదలేనపుడు\nసిగ్గుచే పయ్యెదచెరగు దివ్వెకు తెర- । చాటు సేయగ హారచయమునందు	false	["seq"]	["seq"]	169	ె	ే	lengthen	2	24	వదలేనపుడు	false	5	2	77	||U	["వ","ద","లే"]	pdy-v-00416		
pdy-teytageethi-0234	teytageethi	upajaathi	""	train	గలుగు రతనాలు దివ్వెలుగా వెలుంగ ।\nయతివ భయమున కనులు మూసితినీ యవల-\nనేమి గనుగొననని పల్కు ప్రేమ దలప ।\nవశమటే రామరామ లావణ్యసీమ.	false	["seq"]	["seq"]	57	ి	ీ	lengthen	1	13	మూసితినీ	false	1	3	25	||U	["సి","తి","నీ"]	pdy-v-00417		
pdy-teytageethi-0235	teytageethi	upajaathi	""	dev	లేవి జూచిన దానీ కెమ్మోవిఠీవి ।\nసాటియగు డాలుగాన ముజ్జగములోన\nపరవశముతోన వలరాజుపనులు మాన ।\nవశమటే రామరామ లావణ్యసీమ.	false	["seq"]	["corr","seq"]	14	ి	ీ	lengthen	0	6	దానీ	true	0	2	5	UUUU	["దా","నీ","కె","మ్మో"]	pdy-v-00418		
pdy-teytageethi-0236	teytageethi	upajaathi	""	dev	లెన్ని జూచినగాని యా వన్నేలాడి ।\nయధరబింబసమానమౌ మధురమొకటి\nగాన నా చానపైని నా కరుణ మాన ।\nవశమటే రామరామ లావణ్యసీమ.	false	["seq"]	["corr","seq"]	24	ె	ే	lengthen	0	9	వన్నేలాడి	false	0	3	8	UUU	["వ","న్నే","లా"]	pdy-v-00419		
pdy-seesamu-0237	seesamu	upajaathi	""	dev	నారాయణవనంబు చీరకుచ్చంచులు । మీగాళ్ల కెలమీ కైలాగు లెసగ\nసన్నగీరుల గులాల్ వన్నెరైక మెరుంగు । గుబ్బల పొగరానికుట్లు పిగల\nకమ్మని దవనంపురెమ్మల జడ పైడి- । కుచ్చులు పిరుదుల గునిసియాడ\nపొలుపొందు పావడంబులు మొల్కపాంజేలు । గిలగిలమని పదంబులను మొరయ	false	["seq"]	["seq"]	40	ి	ీ	lengthen	0	18	కెలమీ	false	1	1	16	||UU	["కె","ల","మీ","కై"]	pdy-v-00420		
pdy-teytageethi-0237	teytageethi	upajaathi	""	train	నవ్వుకుంచును కార్వేటినగరమునను ।\nవీధినెదూరైన సిగ్గున వీపుగప్పి\nత్రోవ దొలగిననాటి నీ భావమెన్న ।\nవశమటే రామరామ లావణ్యసీమ.	false	["seq"]	["seq"]	39	ు	ూ	lengthen	1	3	వీధినెదూరైన	false	1	1	16	|UU|	["నె","దూ","రై","న"]	pdy-v-00421		
pdy-teytageethi-0238	teytageethi	upajaathi	""	train	కలువకొలనికి పడమటిగట్టు పొన్న- ।\nగున్నలకు తోడితెమ్మని గురుతూజెప్పి\nకన్య నంపించునాటి సౌఖ్యంబు దలప ।\nవశమటే రామరామ లావణ్యసీమ.	false	["seq"]	["seq"]	58	ు	ూ	lengthen	1	11	గురుతూజెప్పి	false	1	3	24	||U	["గు","రు","తూ"]	pdy-v-00422		
pdy-seesamu-0239	seesamu	upajaathi	""	train	తమ్మిమొగ్గలు పెద్దతలుపు పెన్గుబ్బలు । గజనిమ్మపండ్లు బంగారుగుండ్లు\nబరిణెకప్పులు పూలబంతులు మేల్‍రంగు । బూసిన బటువైన బొంగరాలు\nకరికుంభములు వీణెకాయలు జక్కువ- । పిట్టలు మరుని చేపుట్టచెండ్లు\nకొండలు యపరంజికుండలు రసగుండ్లు । కంచుగిన్నెలు భూమి గలుగునట్టి-	true	[]	[]														pdy-v-00423		
pdy-seesamu-0240	seesamu	upajaathi	""	train	కారంజిలో నీతకాయల మోపాని । తేలెడు పచ్చని తెప్పపల్క\nపైకెంపు రాకోళ్లపట్టెమంచము దోమ- । తెరచుట్టు దివ్వెకందీలబారు\nతొడిమ తీసిన రెక్క విడిమల్లెపూపాన్పు । పచ్చాకుదిండ్లు కోపైన లోడు\nదనరు కుంకుమపువ్వు తక్కెంబు కీలుబొ- । మ్మలు వేయు పంఖాల చలువగాడ్పు-	true	[]	[]														pdy-v-00424		
pdy-teytageethi-0241	teytageethi	upajaathi	""	train	సమయమెరుగని పనులివి సరసమగునె ।\nపరులు గనుగొన్న నగరె మీ పనులటంచు\nకసరి నలుగుడునాటి చక్కన దలంప ।\nవశమటే రామరామ లావణ్యసీమ.	true	[]	[]														pdy-v-00425		
pdy-teytageethi-0244	teytageethi	upajaathi	""	dev	యనుచు సతతము చతురత నెనసి కినిసి ।\nపెనగీ జెట్టీల లాగు సొంపొనర దనరు\nసరణి దలచిన మనసు విస్మయము దలప ।\nవశమటే రామరామ లావణ్యసీమ.	false	["seq"]	["seq"]	37	ి	ీ	lengthen	1	2	పెనగీ	false	1	0	17	||U	["పె","న","గీ"]	pdy-v-00426		
pdy-seesamu-0245	seesamu	upajaathi	""	test	మనసెరుంగగ రాదు మాటనిల్కడ లేదు । వావివర్తన నహి వలపు సున్న\nకనువిచ్చి చూడరు చనువిచ్చి కూడరు । నేస్తంబు పూజ్యము నెనరు నాస్తి\nమర్యాద లెంచరు మన్నన గాంచరు । గుణముచక్కన లిల్ల గుట్టు కల్ల\nకపటంబు మానరు కడువేడ్క బూనరు । సత్యమన్నను వట్టు జాలి మట్టు	true	[]	[]														pdy-v-00427		
pdy-seesamu-0247	seesamu	upajaathi	""	train	కాలమృత్యువునైన కడకు ద్రోయగవచ్చు । పురవైరితోనైన బోరవచ్చు\nగరళంబు మెక్కి నిగ్రహశక్తి గనవచ్చు । నల దవానలము చేనంటవచ్చు\nమసకాడు తాచుల విసరి రాళ్లిడవచ్చు । కాలాంతకుని యాజ్ఞ గడవవచ్చు\nతనువు గోయగ మది తాళి యుండగవచ్చు । పైమాట లొకలక్ష బలుకవచ్చు	true	[]	[]														pdy-v-00428		
pdy-teytageethi-0249	teytageethi	upajaathi	""	test	బల్కినట్లైతె మగవారీ పరువు గాదు ।\nపరువు కని యూరకుండిన మరుపు రాదు\nమరిచెదనటన్న యింక నీ మహిమలెన్న ।\nవశమటే రామరామ లావణ్యసీమ.	false	["seq"]	["seq"]	18	ి	ీ	lengthen	0	8	మగవారీ	false	0	2	5	||UU	["మ","గ","వా","రీ"]	pdy-v-00429		
pdy-seesamu-0251	seesamu	upajaathi	""	train	కమలారి కృష్ణపాడ్యమిరేయి రాగ తూ- । ర్పున నాకసము బర్వు పోలీకనగ\nనమర వసంతకాలమునందు వికసించు । తీగెపన్నీరుపూదీప్తి యనగ\nశుకవాహనునకు సేవకులు వేయు నుడాయి । పావడ చెంగావి భాతి యనగ\nమదనుని రాణి సీమంతవీధిని నంటి । వగగాంచు సిందూరవర్ణమనగ	false	["seq"]	["corr","seq"]	56	ి	ీ	lengthen	0	23	పోలీకనగ	false	1	2	22	UU|	["పో","లీ","క"]	pdy-v-00430		
pdy-teytageethi-0251	teytageethi	upajaathi	""	train	కుందనపుపళ్లెమున తోటకూరవిత్తు- ।\nలెండ నెరపిన పై పిల్లలేడి పదమూ-\nనిడిన గతి దోచు నీ మరునిల్లు దలప ।\nవశమటే రామరామ లావణ్యసీమ.	false	["seq"]	["seq"]	60	ు	ూ	lengthen	1	13	పదమూ	false	1	4	25	||U	["ప","ద","మూ"]	pdy-v-00431		
pdy-teytageethi-0253	teytageethi	upajaathi	""	train	బోటి శతకోటిలోన నీ సాటియగు వ- ।\nధూటి యే మేటి వెతుక ముమ్మాటికైన\nనేటి మోహంబు నొక్కరితోటి దెలుప ।\nవశమటే రామరామ లావణ్యసీమ.	true	[]	[]														pdy-v-00432		
pdy-seesamu-0254	seesamu	upajaathi	""	train	పూవిల్తుడొక పచ్చిబోయవానికి తోడు । మలయానిలుడు పరమాతతాయి\nతొగరేడనే గురుద్రోహి వెన్నెలగాయ । గండుకోవిల చెట్టునుండి కూయ\nచేజేత నెత్తిపెంచిన చిల్క పగదాయె । గ్రుక్కద్రిప్పదె దాని గొంతుకోయ\nమొదటనే కొదమతుమ్మెద వేరువిత్తాయె । గోర్వంక కాపురాల్ గుత్తసేయ	true	[]	[]														pdy-v-00433		
pdy-teytageethi-0256	teytageethi	upajaathi	""	train	వెంతనిర్మోహివని నెరవంతమనసు ।\nసహనపరుచుడి పిమ్మట సౌఖ్యమందు-\nవట్టు జిగిబిగి వగ నగవభినుతింప ।\nవశమటే రామరామ లావణ్యసీమ.	true	[]	[]														pdy-v-00434		
pdy-teytageethi-0258	teytageethi	upajaathi	""	test	దాని మెయితళ్కు మెడకుల్కు దాని బెళ్కు ।\nదానీ వగనీటు బిగిదాటు దాని నేటు\nదాని నీవేళ నా మది దలచి తాళ ।\nవశమటే రామరామ లావణ్యసీమ.	false	["seq"]	["corr","seq"]	42	ి	ీ	lengthen	1	1	దానీ	true	1	0	14	UU|	["దా","నీ","వ"]	pdy-v-00435		
pdy-seesamu-0259	seesamu	upajaathi	""	test	భ్రమరఝంకారంబు పగిది నుపాంగంబు । కోపైన సుతిని ఘుంఘుమ్మురనగ\nసిరిమించి మదిమించి చిరుతాళముల శబ్ద- । సంగతి ధిత్తతాఝమ్మనంగ\nపరికింప వీనులపండువై పెద్దమ- । ద్దెళ నాదు తాహతోద్ధిమ్మనంగ\nనెరనీటుపల్కు కిన్నెరమీటు గజ్జెలల్ । గోజారవంబు బల్‍మోజు దనర	true	[]	[]														pdy-v-00436		
pdy-teytageethi-0260	teytageethi	upajaathi	""	train	చందనము మైనలందిన సమయమునను ।\nకంకణంబులు మొరయ పంఖాలు బూని\nవీసరవచ్చిన వగగన్న విధికినెన్న ।\nవశమటే రామరామ లావణ్యసీమ.	false	["seq"]	["seq"]	55	ి	ీ	lengthen	2	0	వీసరవచ్చిన	false	2	1	30	|U||	["ర","వ","చ్చి","న"]	pdy-v-00437		
pdy-teytageethi-0261	teytageethi	upajaathi	""	test	నడక మెల్లదనంబు పున్నాగ దానీ ।\nసురత మానందభైరవి సొంపు నాట\nనెనయకుండినవేళ నా నెనరు తాళ ।\nవశమటే రామరామ లావణ్యసీమ.	false	["seq"]	["corr","seq"]	26	ి	ీ	lengthen	0	12	దానీ	true	0	4	11	UU|	["దా","నీ","సు"]	pdy-v-00438		
pdy-teytageethi-0262	teytageethi	upajaathi	""	train	నలువ నిర్మించె నీలాగు నాతి బాగు ।\nనెన్నతరమౌనె కన్య నా కన్నులాన\nదాని మది దల్చి నెమ్మోహతాప మాన ।\nవశమటే రామరామ లావణ్యసీమ.	true	[]	[]														pdy-v-00439		
pdy-seesamu-0263	seesamu	upajaathi	""	dev	కుటిలకుంతలికి చన్గుదురు లున్నతమైన । వేళ నా మనసేమొ వేడ్క గాంచె\nజలజాక్షి నునుపిరుందులు మిన్నలైన నా । మదికి చమత్కారమహిమ గల్గె\nభ్రమరాలక సమర్తపాయమైనంత నా । తనువు బంగారుచాయను వహించె\nరమణి నూగారు దట్టము మీరి నలుపెక్క । లేకురు మీసంబు లేర్పరించె-	true	[]	[]														pdy-v-00440		
pdy-seesamu-0266	seesamu	upajaathi	""	dev	శుకమా చికాకు సేయకుమా యటన్న శా- । రిక మాట వినుట నాయికము గాదు\nపికమా భళాన యోపిక మానియున్న నీ- । విక కూయుచుండ భావికము గాదు\nమదమా శబాసు షట్పదమా సరేనె నీ । రొద మానవైతివే ముదమె నీకు\nబతిమాలుకొన్న నీ మతి మానలేవు మా- । రుత నీ చలంబు శాశ్వతము గాదు	true	[]	[]														pdy-v-00441		
pdy-teytageethi-0266	teytageethi	upajaathi	""	train	యనుచు నేనెంత వేడిన కనరు మాన- ।\nరైరి వీరలు నామీది వైరమునను\nసుంత దయచేసి కన్నుల చూడ వింత ।\nవాదటే రామరామ లావణ్యసీమ.	true	[]	[]														pdy-v-00442		
pdy-seesamu-0268	seesamu	upajaathi	""	test	తరుణికెంతట దృష్టి తాకునో యని దానీ । సొగసు కన్నులనిండ జూడ వెరతు\nమిసిమైన నునుమేను కసుగందునని చేతు- । లెత్తి బిగ్గన కౌగిలింప వెరతు\nనవకమౌ లేతచన్గవ సొక్కునని యెంచి । గట్టిగా చేకొద్ది బట్ట వెరతు\nచిలచిల నమృతంబు జిలుకగా దాని చ- । క్కెరమోవి మొనపంట గరువ వెరతు	false	["seq"]	["seq"]	32	ి	ీ	lengthen	0	14	దానీ	true	0	3	11	||UU	["య","ని","దా","నీ"]	pdy-v-00443		
pdy-seesamu-0269	seesamu	upajaathi	""	train	చిలకముక్కున కాటు జెందని బింబంబు । పొగలేక నిల్చు కప్పురపు దివ్వె\nకోయిల నొక్కుగా కొరకని చిగురాకు । ఘాటింపు పచ్చిమరాటి మొగ్గ\nతుమ్మెద వ్రాలని కమ్మదామరపువ్వూ । నవకమౌ మేల్దవనంపు మొల్క\nసానపై దీరిన జాతివజ్రపురవ । వాసించు గోవజవాజి భరణి	false	["seq"]	["seq"]	151	ు	ూ	lengthen	2	12	కమ్మదామరపువ్వూ	false	4	3	59	||UU	["మ","ర","పు","వ్వూ"]	pdy-v-00444		
pdy-teytageethi-0269	teytageethi	upajaathi	""	train	వలపుల మిటారి నిత్యము వచ్చు దారి ।\nచుచి వేసారి మనమున సొలపు మీరి\nమగువ నొకసారి నెనయక మరుని బారి ।\nవశమటే రామరామ లావణ్యసీమ.	false	["seq"]	["corr","seq"]	35	ూ	ు	shorten	1	0	చుచి	false	1	0	14	||U	["చు","చి","వే"]	pdy-v-00445		
pdy-teytageethi-0270	teytageethi	upajaathi	""	test	ప్రేమ నెటు దాతు మదికి మందేమి సేతు ।\nనెపుడు నిను జూతు నింక నేనెటుల సైతు\nబిరుదు నిక తీతు మరునిదే పెద్ద భితు ।\nవశమటే రామరామ లావణ్యసీమ.	false	["seq"]	["corr","seq"]	102	ీ	ి	shorten	2	13	భితు	false	3	0	45	||U	["శ","మ","టే"]	pdy-v-00446		
pdy-teytageethi-0272	teytageethi	upajaathi	""	train	వెలది నినుజేరి మదికేరి వేడ్కమీరి ।\nగోర తొడజీరి మరుబారి కొదువదిరి\nకడిమి నొకసారి చలపోరి కలయగోరి ।\nవచ్చితినె రామరామ లావణ్యసీమ.	false	["seq"]	["corr","seq"]	61	ీ	ి	shorten	1	13	కొదువదిరి	false	2	1	34	|U||	["క","సా","రి","చ"]	pdy-v-00447		
pdy-seesamu-0274	seesamu	upajaathi	""	train	చివురాకుపై మంచు చెక్కిలి చెమటంచు। తొడగ రుమాలుచే తుడువబోదు\nననటుల బిగి గాంచి పెనుదొడలని యెంచి । యొనరుగా నెలవంక లునుపబోదు\nనునుముత్యముల గాంచి చనుమొన లనిపించి । తెలియజాలక చేత నలుమబోదు\nపటములో వ్రాసిన ప్రతిమను గాంచి నీ- । వంచు ప్రేమను కౌగిలించబోదు	true	[]	[]														pdy-v-00448		
pdy-seesamu-0277	seesamu	upajaathi	""	train	చేడె నిన్ కన్నుల జూడకయున్న నా । గడె బ్రహ్మకల్పముగా దలంతు\nవనిత నీ చెరుగు మాసిన మూడునాళ్లు నే । క్షణమొక్క యుగముగా జరుపుచుందు\nమదిరాక్షి వ్రతదినంబది గూడదను రేయు । నిమిషమొక్కేడుగా నిదుర గాతు\nపొలతి పుట్టలు జూడపోవుచో నణుమాత్ర- । మును లెక్కగొని మనువని తలంతు	true	[]	[]														pdy-v-00449		
pdy-teytageethi-0277	teytageethi	upajaathi	""	train	రమణి మరులొగ్గి విరహానలమున కగ్గి ।\nమరిమరిని తగ్గి సొగసుపై మనసు నొగ్గి\nవేడుకల మ్రొగ్గీయున్న నన్ వింతసేయ ।\nవలెనటే రామరామ లావణ్యసీమ.	false	["seq"]	["seq"]	83	ి	ీ	lengthen	2	5	మ్రొగ్గీయున్న	false	2	1	34	||UU	["క","ల","మ్రొ","గ్గీ"]	pdy-v-00450		
pdy-seesamu-0278	seesamu	upajaathi	""	dev	కలపంబు నెమ్మేన నలది యొద్దిక జేరి । వినుతించి కప్పురవిడె మొసంగీ\nయరవిరి సంపెందవిరులు సొంపుగ జుట్టి । కడుమోదమున బిగ్గ గౌగలించి\nపెదవితేనియలిచ్చి మదనదాహము దీర్చి । కెమ్మోవిపై పలుగెంపులుంచి\nపావురగతి కేరి పలికి చెక్కిలి జీరి । ముద్దిచ్చి లాలించి మోహరించి	false	["seq"]	["corr","seq"]	61	ి	ీ	lengthen	0	26	మొసంగీ	false	1	3	25	UU|	["సం","గీ","య"]	pdy-v-00451		
pdy-teytageethi-0278	teytageethi	upajaathi	""	test	గుబ్బిచనుమొన లెదనాని గురుతులుంచి ।\nతరుణి చౌశీతిబంధపద్ధతు లెరింగి\nరతుల దేలించు నీ చమత్కృతి దలంప ।\nవశమటే రామరామ లావణ్యసిమ.	false	["seq"]	["seq"]	117	ీ	ి	shorten	3	11	లావణ్యసిమ	false	3	4	54	||	["సి","మ"]	pdy-v-00452		
pdy-teytageethi-0279	teytageethi	upajaathi	""	test	చెరుకుసింగిణిదొర బారి తరముగాక ।\nవెరచి మరులను తానయై వేడుకొనిన\nతేలియవైతివి మనసులో దిగులు దలప ।\nవశమటే రామరామ లావణ్యసీమ.	false	["seq"]	["seq"]	62	ె	ే	lengthen	2	0	తేలియవైతివి	false	2	1	32	|U||	["య","వై","తి","వి"]	pdy-v-00453		
pdy-seesamu-0282	seesamu	upajaathi	""	dev	ధరణిపై హేమకర్దమముతో నీ మేను । సెయుచో నది పల్చనాయెననుచు\nతరణిబింబము తెచ్చి తరచిన యాక్రింద । రాలిన సన్నపు రజము బోసి\nమెదపిన బిరుసాయె నది కూడదని రవ- । ఘనసార మమృతంబు గలయనేసి\nపదును గావించి యా పరమేష్ఠి నిర్మించె । గాబోలునని తోచు కలికి నీదు	false	["seq"]	["corr","seq"]	31	ే	ె	shorten	0	14	సెయుచో	false	1	1	18	|U|U	["ది","ప","ల్చ","నా"]	pdy-v-00454		
pdy-seesamu-0283	seesamu	upajaathi	""	train	మొనపంట కసిదీరగను చురుక్కున నొక్కి । నొచ్చెనో మోవంచు నూరడించు\nకిలకిల నవ్వి చెక్కిలి నొక్కి నా సామి । కందెరా యంచు చన్గవలనంచు\nప్రొద్దాయ లెమ్మని గద్దించి పల్కుచు । కదిసి ప్రేమను వచ్చి కౌగిలించు\nసురతంబునను చాల సొక్కితివని పైట- । చెరగెత్తి నెమ్మోము చెమటలొత్తు-	true	[]	[]														pdy-v-00455		
pdy-teytageethi-0283	teytageethi	upajaathi	""	train	నరసి చూడంగ ని లోకతరబడైన ।\nనాయికే కామసమరప్రదాయియైన\nదాని వగలెంచి మనసు నెందాక నిల్ప ।\nవశమటే రామరామ లావణ్యసీమ.	false	["seq"]	["corr","seq"]	12	ీ	ి	shorten	0	6	ని	true	0	2	6	|U||	["ని","లో","క","త"]	pdy-v-00456		
pdy-teytageethi-0286	teytageethi	upajaathi	""	train	నత్తవారింటి కరుదెంచునట్టివేళ ।\nనెలత నను గాంచి చాల కన్నీరు నించి\nయపుడు తలవంచి పలికిన హౌసు దలప ।\nవశమటే రామరామ లావణ్యసీమ.	true	[]	[]														pdy-v-00457		
pdy-teytageethi-0287	teytageethi	upajaathi	""	train	రతిహుమాపిట్టనుతి చమత్కృతికి దిట్ట ।\nమగువ యికనెట్ట నణుతు నీ మరుని వెట్ట\nనెలత దయ బుట్టకున్న నే నెనరు బట్ట ।\nవశమటే రామరామ లావణ్యసీమ.	true	[]	[]														pdy-v-00458		
pdy-seesamu-0288	seesamu	upajaathi	""	train	తీపైన బేషక్ మఠా పఠాన్ తురకి క- । చ్చి మాదువాను తేజీల పాగ\nదిట్టంపు మేల్ జుల్ఫ తీపిల్ల చిగురుఖాం- । డా కమ్మి యస్సల్ కడానిబొమ్మ\nతరుణుల మేటి నిద్దాహొంతకారి బి- । త్తరుల మిన్నా తేటకురుచతేనె\nగరిగె లేతాకు తేగా బాదుషా సాము- । వస్తాదు యెనలేని వన్నెలాడి	false	["card","seq"]	["card","corr","seq"]	36	ీ	ి	shorten	0	13	చ్చి	true	1	0	13	|U|U	["చ్చి","మా","దు","వా"]	pdy-v-00459		
pdy-teytageethi-0288	teytageethi	upajaathi	""	dev	జతను నే గూడి కోరమీసంబు తీటు ।\nపంతముల నాటి వేడ్క నా భామతోటి\nనెనయకుండిన దిగులు నెంతని వచింప ।\nవశమటే రామరామ లావణ్యసీమ.	true	[]	[]														pdy-v-00460		
pdy-seesamu-0291	seesamu	upajaathi	""	train	వేదండయాన యీ పూదండ గైకొని । నీ దండ కరుణ నన్నేలుకొనవె\nకోపంబు మాని నీ రూపంబు నా స్మర- । తాపంబు దీరగా చూపరాదె\nవాదేల విరహంబుచే దూల నణగింప- । రాదా లతాంగి రారాపు లేలె\nయో యిందుముఖి నీవు నాయందు చలము ని- । ట్లైయుందువని దోచదాయె గదవే	false	["seq"]	["seq"]	220	ె	ే	lengthen	3	25	గదవే	true	7	3	93	||U	["గ","ద","వే"]	pdy-v-00461		
pdy-teytageethi-0291	teytageethi	upajaathi	""	test	కనరు మాటలు చెవినాని కరుణమాని ।\nమనసుమోడిని కొదవ నీ మాడ్కి బూని\nయతివ నేడేమొ కానీ యీ యలవిగాని ।\nవలపుగదె రామరామ లావణ్యసీమ.	false	["seq"]	["corr","seq"]	77	ి	ీ	lengthen	2	7	కానీ	true	2	2	35	UUU|	["కా","నీ","యీ","య"]	pdy-v-00462		
pdy-teytageethi-0292	teytageethi	upajaathi	""	train	స్నేహమౌచోట నింత నిర్మోహమౌట ।\nతగవటే లేమ యీలాగు సుగుణధామ\nతలచితే భామ నీమీద తగని ప్రేమ ।\nవశమటే రామరామ లావణ్యసీమ.	true	[]	[]														pdy-v-00463		
pdy-teytageethi-0293	teytageethi	upajaathi	""	train	వసుధలోపల నెటువంటివారికైన ।\nతగని వలపిట్లు గారాదు తరుణి నీదు\nకృపను గాంచక మన్మథచపల మణప ।\nవశమటే రామరామ లావణ్యసీమ.	true	[]	[]														pdy-v-00464		
pdy-teytageethi-0295	teytageethi	upajaathi	""	dev	నెటుల సైరింతు నిన్ను నేనెపుడు గాంతు ।\nనేది యుపమెంతు నీ జాలినెటు లడంతు\nమగువ దయయుంచునని చాల మది దలంతు ।\nవరుసనిటు రామరామ లావణ్యసీమ.	true	[]	[]														pdy-v-00465		
pdy-teytageethi-0296	teytageethi	upajaathi	""	train	వచ్చి మనసిచ్చి ననుమెచ్చి వలపులెచ్చి ।\nకరుణతొ మచ్చికను గ్రుచ్చి కౌగలిచ్చి\nకలయికకుజొచ్చినట్టి నీ ఘనత దలప ।\nవశమటే రామరామ లావణ్యసీమ.	false	["seq"]	["corr","seq"]	43	ో	ొ	shorten	1	3	కరుణతొ	false	1	1	18	|U||	["తొ","మ","చ్చి","క"]	pdy-v-00466		
pdy-teytageethi-0298	teytageethi	upajaathi	""	train	ఘనసుగుణధామ ఘోరసంగ్రామభీమ ।\nబుధజనస్తోమ నవ్యసంపూర్ణకామ\nపతితపావనకృతినామ భవవిరామ ।\nవరచరిత రామరామ లావణ్యసీమ.	true	[]	[]														pdy-v-00467		
pdy-mattebhamu-0218	mattebhamu	vruttamu	""	test	పటుపాథోధి తరంగ పంక్తులు గణింపం బోవు చందాన ను\nత్కటవేగంబునఁ బోవు నిన్నుఁ గని వేడ్కన్‌ వీతసందేహులై\nచటుల స్థైర్యబలద్యుతిస్యదమతుల్‌ శౌర్యంబు ధైర్యంబు మి\nక్కుట మౌఁగా కని నీకొసంగరె దివౌకుల్‌ దీవనల్‌ మారుతీ!	true	[]	[]														pdy-v-00468		
pdy-mattebhamu-0222	mattebhamu	vruttamu	""	train	తతవేగంబున వార్థి దాటి గడిమిం దద్యామ్యతీరస్థ ప\nర్వతముం జేరి నగోపమాన నిజగాత్రవ్యాప్తి జాలించి, ని\nర్గత మోహుండగు యోగిభంగిఁ బ్రకృతిం బ్రాపించి, లంకాపురీ\nస్థితసర్వంబును బోల జుచితివి గాదే దవ్వులన్‌ మారుతీ!	false	["seq"]	["seq"]	169	ూ	ు	shorten	3	8	జుచితివి	false	3	2	66	U||	["బో","ల","జు"]	pdy-v-00469		
pdy-saardulamu-0127	saardulamu	vruttamu	""	dev	విద్యుద్వల్లిక భంగి వాలము వీయద్వీథిం బ్రకాశింప ను\nష్ణద్యుత్యున్నతమండలంబు కరణిన్‌ వక్త్రంబు శోభిల్లగా\nప్రోద్యద్బాహుబలం బెలర్పఁగ నికుంభుం గుంభకర్ణాత్మజు\nన్‌ సద్యోమృత్యువు నొందఁజేయవె మహాజన్యంబునన్‌ మారుతీ!	false	["seq"]	["seq"]	27	ి	ీ	lengthen	0	10	వీయద్వీథిం	false	0	3	9	|UU	["ము","వీ","య"]	pdy-v-00470		
pdy-saardulamu-0128	saardulamu	vruttamu	""	train	గీర్వాణాద్రివిభాగమున్‌ శిరముపై గీల్కొల్ప దుర్దాంతదో\nర్గర్వం బొప్పఁగ వచ్చుచుండ గిరికిం గాపున్న పెక్కండ్రు గం\nధర్వుల్‌ బోవఁగనీక నడ్డపడినన్‌ దర్పంబునన్‌ వారల\nన్‌ దుర్వారోద్ధతి వాలజానిలమునం దూలింపవే మారుతీ!	true	[]	[]														pdy-v-00471		
pdy-mattebhamu-0276	mattebhamu	vruttamu	""	train	మునిశాపంబున నీప్రభావమహిమంబున్‌, శక్తియున్‌ నీవెఱుం\nగని బీజంబున శైలసుప్తవిలసత్కంఠీరవేంద్రంబు లా\nగున నట్లుంటివి గాక నిక్కము మదిన్‌ గోపించినన్‌ సర్వలో\nకనీకాయంబుల నొక్క పెట్ట నుఱుముం గావింపవే మారుతీ!	false	["seq"]	["seq"]	150	ి	ీ	lengthen	3	1	కనీకాయంబుల	false	3	0	60	|UU	["క","నీ","కా"]	pdy-v-00472		
pdy-vutpalamaala-0129	vutpalamaala	vruttamu	""	train	శ్రీపతియైనఁ గానీ విధుశేఖరుఁడైన త్రిశూలపాణియై-\nనా పరమేష్ఠియైన గణనాయకుఁడైన రమామృడానులై-\nనా పలుకుం బొలంతియయినా పరిరక్షణకార్యసత్క్రియో-\nద్దీపనబోధనోక్తులను దెల్పను తల్లినిఁ బోలరెవ్వరున్.	false	["seq"]	["seq"]	15	ి	ీ	lengthen	0	6	గానీ	true	0	2	6	U||	["నీ","వి","ధు"]	pdy-v-00473		
pdy-champakamaala-0187	champakamaala	vruttamu	""	train	తనయుని మీఁది బాళి మదిఁ దాఁకినచో నుపవాస మీశ్వరా-\nర్చనమును నోములాదియగు సత్క్రియలెల్లను జేయుచో నెదం\nబేనఁగిన ప్రేమమై నొగిఁ దపింపఁగ నోర్చుచు సౌఖ్యమేమి నె-\nమ్మనమున నాస పాల్పడని మానినిఁ దల్లినిఁ బోలరెవ్వరున్.	false	["seq"]	["seq"]	98	ె	ే	lengthen	2	0	బేనఁగిన	false	2	0	42	U||	["బే","న","గి"]	pdy-v-00474		
pdy-champakamaala-0190	champakamaala	vruttamu	""	train	అనయము నందనేచ్ఛ హృదయంబున మల్లడిసేయ మీనలో-\nచన నిలయంబులో నిలిచి షణ్ముఖునిం జెలువారఁ గన్న యొ\nజనని దయానిధీ సుతులఁ జయ్యననిమ్మని నెమ్మి మీఱఁగా\nమునుకొని సాగిలం బడుచు మ్రొక్కెడు తల్లినిఁ బోలరెవ్వరున్.	false	["seq"]	["seq"]	87	ో	ొ	shorten	1	20	యొ	true	1	6	39	U||	["గ","న్న","యొ"]	pdy-v-00475		
pdy-champakamaala-0195	champakamaala	vruttamu	""	train	చెలు లిటు రమ్మటంచుఁ దనుఁ జీఱిన వేసట గర్భగోళసం-\nకలితసుతావనేచ్ఛఁ జనఁగా మఱి యూహఁ దొలంగు దేహళీ-\nస్థలీ నెగదాఁటనేరనని తగ్గులు మిఱ్ఱులు చూచి తిన్నఁగాఁ\nగలక దలంగి తా నడచు కామినిఁ దల్లినిఁ బోలరెవ్వరున్.	false	["seq"]	["seq"]	96	ి	ీ	lengthen	2	1	స్థలీ	false	2	0	42	|U|	["స్థ","లీ","నె"]	pdy-v-00476		
pdy-champakamaala-0196	champakamaala	vruttamu	""	train	విసుకుచు బిడ్డనుం గనిన వేదనఁ గుందుచు నున్నయప్పు డా\nనిసుపును దెచ్చి పొత్తులను నించినచోఁ దన కష్టరీతుల\nన్ మసలక తత్సుతావనవిమర్శ ఘనంబుగఁ జిందు ద్రొక్క దా-\nమసమునఁ బ్రోచు నేర్పుగల మానిని దల్లినిఁ బోలరెవ్వరున్.	true	[]	[]														pdy-v-00477		
pdy-champakamaala-0200	champakamaala	vruttamu	""	dev	ప్రమదము మీఱఁ గన్న యల బాలునకై యొకవేళఁ బక్షిదో-\nషమొనరు దృష్టి సోఁకు గ్రహసంసరణంబును గాలి ముట్టు దో-\nషము మొదలైన దోషములు సంధిలకుండఁగ నంతలోన వే-\nగమునను రక్షరేకు మోలఁ గట్టెడు తల్లినిఁ బోలరెవ్వరున్.	false	["seq"]	["seq"]	156	ొ	ో	lengthen	3	8	మోలఁ	false	3	2	69	U|U	["రే","కు","మో"]	pdy-v-00478		
pdy-champakamaala-0201	champakamaala	vruttamu	""	train	పురుడు చనంగ జాతకపుఁ బొంక మెఱింగినయట్టి పెద్ద లా-\nదరమున దీర్ఘకాలము ముదంబున మీనవిలోచనాతివి-\nస్ఫురకరుణావిశేషమున శోభిలుచుం భవదాత్మజుండు బ-\nల్వరలు నటన్న మాట వీన వాంఛిలు తల్లినిఁ బోలరెవ్వరున్.	false	["seq"]	["seq"]	153	ి	ీ	lengthen	3	8	వీన	false	3	2	69	U|U	["మా","ట","వీ"]	pdy-v-00479		
pdy-champakamaala-0202	champakamaala	vruttamu	""	train	నెలపురు డీఁగుదాఁక బలునే ర్పలరారను మూలయింటిలో-\nపలఁ బరు లెవ్వరేని తన పట్టినీఁ జూచిన దృష్టి దాఁకు ని-\nమ్ముల నని దాఁచి గాలితెఱ ముంగలఁ దానొనరించి పెంపుటిం-\nతుల పయిఁగాఁపుగా నిడిన తొయ్యలిఁ దల్లినిఁ బోలరెవ్వరున్.	false	["seq"]	["seq"]	73	ి	ీ	lengthen	1	12	పట్టినీఁ	false	1	4	33	UU|	["నీ","జూ","చి"]	pdy-v-00480		
pdy-champakamaala-0206	champakamaala	vruttamu	""	test	పిడికిలి పట్టువేళఁ దనుఁ బేర్కొని నవ్వెడువేళ నోరలం\nబడియెడువేళ నూకురులు పల్కెడివేళను దోఁగూలాడుట\nన్ దడఁబడువేళఁ జూడఁ గని తప్పుటడుంగిడువేళఁ బ్రేమ బ\nల్ గడలుకొనంగ సంతసిలు కామినిఁ దల్లినిఁ బోలరెవ్వరున్.	false	["seq"]	["seq"]	87	ు	ూ	lengthen	1	17	దోఁగూలాడుట	false	1	5	36	|UU	["ను","దో","గూ"]	pdy-v-00481		
pdy-vutpalamaala-0136	vutpalamaala	vruttamu	""	train	బాలుని వృద్ధికై యొరులు పల్కినయట్టుల నెంత ద్రవ్యమై-\nనా లవమాత్ర మంచుఁ దన నాథునకున్ దెలియంగఁ బల్కుచు\nన్ లిల ఘటించి నందనుని లీలలకు న్మది సొక్కి యోగులం\nబోలినయట్టులుండు ననబోణినిఁ దల్లినిఁ బోలరెవ్వరున్.	false	["seq"]	["seq"]	102	ీ	ి	shorten	2	0	లిల	true	2	0	40	|||	["న్లి","ల","ఘ"]	pdy-v-00482		
pdy-champakamaala-0208	champakamaala	vruttamu	""	train	చెలు లుదకంబు దేరఁ దన చేతను నూనియఁ దోఁగ నంటుచోఁ\nదల జలకంబు లార్చి బలుతాలిమితోఁ దడి యొత్తి మోమున\nన్ దిలకముచుక్క బొట్టువలె దీరిచి సంతసమంద నాత్మలో-\nపల నలరారుచున్న యల భామినిఁ దల్లినిఁ బోలరెవ్వరున్.	true	[]	[]														pdy-v-00483		
pdy-vutpalamaala-0138	vutpalamaala	vruttamu	""	train	భావ మెలర్ప మూలికల భావన చేసినయట్టి బంగరుం\nదీవెల నుకచిట్టుడుకు దీసి మరీచిఘృతోచితంబుగాఁ\nద్రావఁగఁ జేసి వేఁడి జలధారల మేను గడింగి నిద్దురం\nబోవఁగ జోలఁ బాడుచును బొంగెడు తల్లినిఁ బోలరెవ్వరున్.	false	["seq"]	["seq"]	48	ూ	ు	shorten	1	3	నుకచిట్టుడుకు	false	1	1	23	||U	["ను","క","చి"]	pdy-v-00484		
pdy-champakamaala-0211	champakamaala	vruttamu	""	train	తడఁబడునట్లు ముంగిటను దప్పుటడుం గిడువేళ నజ్ఞత\nన్ బడునను చింతయు న్నడువఁ బాల్పడెనన్న కుతూహలంబు చే-\nడ్పడ నొకటైన మైమఱచి బాలునకున్ దన వ్రేలొసంగి నే-\nర్పడరఁగ ద్రిప్పుచో శుభముఁ బల్కెడు తల్లినిఁ బోలరెవ్వరున్.	true	[]	[]														pdy-v-00485		
pdy-champakamaala-0214	champakamaala	vruttamu	""	train	కడువడి నెందఱిన్ గనినఁగాని తనూజులు చెంతఁ జేరి పైఁ-\nబడి మురిపంపుఁ బెంపు నెఱబాధలు పెట్టినఁగాని వేసటం\nబడక నితోఽధికంబయిన బాలురఁ గన్వలెనంచు బాళిలోఁ\nబొడమి చరించుచుండు విరిబోణినిఁ దల్లినిఁ బోలరెవ్వరున్.	true	[]	[]														pdy-v-00486		
pdy-champakamaala-0215	champakamaala	vruttamu	""	train	వినవినఁ బాలు గాఱు నెఱవేడుక మీఱఁగ ముద్దుముద్దుగాఁ\nదనయుఁడు పల్కుచున్న విని తాఁ గనకం బొడిఁ గట్టినట్లు నె-\nమ్మనమున సంతసిల్లుచును మాటికిమాటికి దృష్టి దీయుచోఁ\nజను గుడిపించి మై నివురు చక్కని తల్లినిఁ బోలరెవ్వరున్.	true	[]	[]														pdy-v-00487		
pdy-champakamaala-0216	champakamaala	vruttamu	""	dev	గునగున నేగుదెంచి తనకు న్మఱి పప్పు లొసంగుమంచుఁ బ-\nల్కిన నెఱముద్దుమాటలకుఁ గేవలము న్మది సొక్కి తద్వచో-\nజనితసుధారసానుభవసంగతి నాఁకలి నొప్పిదప్పు లెం-\nచని తనుజేప్సితార్థఫలశాలినిఁ దల్లీనిఁ బోలరెవ్వరున్.	false	["seq"]	["seq"]	177	ి	ీ	lengthen	3	14	దల్లీనిఁ	false	3	4	75	|UU	["ని","ద","ల్లీ"]	pdy-v-00488		
pdy-champakamaala-0219	champakamaala	vruttamu	""	test	తలఁపున నున్న భావ మొకదారిఁ జెలంగఁగ వచ్చిరాని మా-\nటలు మఱి పల్కువేళఁ గడు ఠాయి జెలంగెడు శౌరీసత్కథా-\nకలితవినోదముల్ వినెడు కైవడిగా వడి నాలకించుచో\nఫల మొనఁగూడెనంచు నుతిఁ బల్కెడు తల్లినిఁ బోలరెవ్వరున్.	false	["seq"]	["seq"]	87	ి	ీ	lengthen	1	17	శౌరీసత్కథా	false	1	5	36	|UU	["డు","శౌ","రీ"]	pdy-v-00489		
pdy-champakamaala-0220	champakamaala	vruttamu	""	train	తన తనుజాతుఁ డొక్కతఱిఁ దప్పిదముల్ ఘటియింప భర్త నె-\nమ్మనమున సంతసించుటకు మంచివిగా వినీపించు మంచిగాఁ\nబను లొనరింప నందఱును “బాలుఁడు యోగ్యుఁ” డటన్న మాటఁ దా,\nవిని మది సంతసిల్లు నలివేణినిఁ దల్లినిఁ బోలరెవ్వరున్.	false	["seq"]	["seq"]	82	ి	ీ	lengthen	1	15	వినీపించు	false	1	5	36	UU|	["నీ","పిం","చు"]	pdy-v-00490		
pdy-champakamaala-0224	champakamaala	vruttamu	""	train	సరసవివేకము ల్దనరుజాడ గలుంగను బిడ్డ నొక్కస-\nద్గురునకు నొప్పగింపుమని కోరిక మీఱ నిజేశుతో మనో-\nహరగతి మీఱఁ బల్కి “తనయా విను నీ వెపుడో పురాణవై-\nఖరు లెఱిఁగింతు” వంచుఁ గుతుకంపడు తల్లినిఁ బోలరెవ్వరున్.	true	[]	[]														pdy-v-00491		
pdy-vutpalamaala-0141	vutpalamaala	vruttamu	""	train	శ్రీలు చెలంగఁగాఁ జదువు చెప్పెడువేళఁ బరాకు మాని మా\nబాలున కిప్డు విద్య బహుభంగుల నేర్పుమటంచు పెక్కుచం-\nదాల నొసంగు వస్తుసముదాయము నాథుఁ డెఱుంగనీక బ-\nల్మాలిమి మీఱ నట్టి సుకుమారిని దల్లినిఁ బోలరెవ్వరున్.	true	[]	[]														pdy-v-00492		
pdy-champakamaala-0225	champakamaala	vruttamu	""	train	చదివితివేని ని కిపుడు జామఫలంబులు దెచ్చి యిత్తు స-\nమ్మదమున మంచిదోవతులు మాడలొసంగుదునంచుఁ బల్కి మే-\nల్పొదలఁగ బుజ్జగించుచును బొంకముగా బడిఁ జేరఁ బంపి తాఁ\nబదపడి త్రోవలో నిలుచుఁ బల్మఱు తల్లినిఁ బోలరెవ్వరున్.	false	["seq"]	["seq"]	13	ీ	ి	shorten	0	6	ని	true	0	2	6	|||	["ని","కి","పు"]	pdy-v-00493		
pdy-champakamaala-0227	champakamaala	vruttamu	""	train	పెనఁకువ మీఱ భోజనము పెట్టుమటంచని రాఁ గుమారుని\nన్ గని చిఱునవ్వు మోవిపయిఁ గ్రమ్మఁగ నీ విపుడేమి నేర్చితో\nవినవలెనంచుఁ గోరుచును వేమఱు లాలనసేసి వేడుక\nన్‌ దినుమని బువ్వఁ బెట్టు యువతీమణిఁ దల్లినిఁ బోలరెవ్వరున్.	true	[]	[]														pdy-v-00494		
pdy-champakamaala-0229	champakamaala	vruttamu	""	test	కొడు కెటువంటివాఁ డయినఁ గుంభీనిలో నదలింపరాని దుం-\nదుడుకయి యున్న నన్యులకు దొడ్డఱికం బెఱిఁగించుచున్ మది\nన్ జిడజిడ మాని సంతసము చిప్పిలఁ గంటికి ఱెప్ప చాడ్పున\nన్ దొడఁబడి ప్రోచుచున్న యలతొయ్యలిఁ దల్లినిఁ బోలరెవ్వరున్.	false	["seq"]	["seq"]	27	ి	ీ	lengthen	0	11	గుంభీనిలో	false	0	3	9	|UU	["న","గుం","భీ"]	pdy-v-00495		
pdy-champakamaala-0230	champakamaala	vruttamu	""	dev	సదమలరీతు లుల్లసిల సార మెఱింగెడి రీతిఁ జక్కఁగాఁ\nజదివితివేని భూజనులు సన్నుతి చేసెద రింతెకాక సం-\nపద లెడఁగూడు నీ కనుచు బాలునకు న్మఱి బుద్ధి చెప్పుచో\nమది ముదమంది యొప్పెసఁగు మానినిఁ దల్లినిఁ బోలరెవ్వరున్.	true	[]	[]														pdy-v-00496		
pdy-champakamaala-0232	champakamaala	vruttamu	""	test	వెడవెడ నింక భోజనపువేళ గతించిన బిడ్డఁడేమొకో\nబడి వీడి రాఁడు నేఁ డనుచుఁ బాతరలాడుచు నుండునంతలోఁ\nగడఁ జనుదేర నెత్తుకొని కౌఁగిటఁ జేరిచి చుంచు దువ్వి మై-\nబడలిక దీఱ సంతసిలు భామినిఁ దల్లినిఁ బోలరెవ్వరున్.	false	["seq"]	["seq"]	48	ి	ీ	lengthen	1	2	వీడి	true	1	0	21	||U	["బ","డి","వీ"]	pdy-v-00497		
pdy-champakamaala-0234	champakamaala	vruttamu	""	train	పలుమఱు తాను నందనుఁడు పాఠకశాలకుఁ బోనినాఁడు “నా\nపలుకు వినంగదయ్య మృదుభాషణ లాడఁగదయ్య సత్యము\nన్ బలుకఁగదయ్య నీ కెపుడు భాగ్యము గల్గు” నటంచు బ్రేమతోఁ\nదెలుపుచు బుద్ధిఁ జెప్పు యువతీమణిఁ దల్లినిఁ బోలరెవ్వరున్.	true	[]	[]														pdy-v-00498		
pdy-champakamaala-0235	champakamaala	vruttamu	""	dev	సరసులు మెచ్చఁగా గణితశాస్త్రము నేరిచి సంఖ్యలెల్ల సు-\nస్థిరమతితోడఁ జెప్పుటకుఁ దెల్వి వహించినయట్టి మంచిలే-\nకరి యగూఁగాక నా సుతశిఖామణి యంచుఁ బరాపరేశు స-\nద్గురునిఁ దలంచుచో నెదను గోరెడు తల్లినిఁ బోలరెవ్వరున్.	false	["seq"]	["seq"]	110	ు	ూ	lengthen	2	3	యగూఁగాక	false	2	1	45	UU|	["గూ","గా","క"]	pdy-v-00499		
pdy-champakamaala-0238	champakamaala	vruttamu	""	train	పొలు పలరారఁగాఁ జదివి పూర్ణతఁ గాంచి వయోవిలాసము\nల్ వెలయుచునున్న నందనుని వేడుకఁ గన్గొని పెండ్లిచేయఁగా-\nవలెనని భర్తతో వినయవాక్యములం దగువేళఁ దిన్నఁగాఁ\nదెలుపుచు సంతసిల్లెడు సతీమణిఁ దల్లినిఁ బోలరెవ్వరున్.	true	[]	[]														pdy-v-00500		
pdy-champakamaala-0239	champakamaala	vruttamu	""	train	కులమును రూపముం జెలువుఁ గోమలతం దలిదండ్రు లన్నద-\nమ్ములూఁ గలదానిఁగా సుగుణము ల్గలదానినిఁగా దలంచి పై-\nదలి నటు పెండ్లిచేసి యల దంపతులం గని మూఁడులోకము\nల్ చెలువుగ నేలినట్లు విలసిల్లెడు తల్లినిఁ బోలరెవ్వరున్.	false	["seq"]	["seq"]	52	ు	ూ	lengthen	1	1	మ్ములూఁ	false	1	0	21	|U|	["మ్ము","లూ","గ"]	pdy-v-00501		
pdy-champakamaala-0240	champakamaala	vruttamu	""	train	చెలువము మీఱుచున్న తన చిన్నికుమారునిఁ జూచి మంత్రవా-\nదులు కలుషం బొనర్తురని తోడనె పెద్దల నాశ్రయించి ని-\nర్మలుఁ డగునట్లు చేయ హరిమంత్రములన్ బఠియింపఁ బూన్చి వా-\nరల కుపయుక్తిఁ జేయ నలరారెడు తల్లినిఁ బోలరెవ్వరున్.	true	[]	[]														pdy-v-00502		
pdy-champakamaala-0242	champakamaala	vruttamu	""	train	కర మరుదార రాజహితకార్యములన్ సవరించి రా సభాం-\nతరమునఁ జేయు సత్క్రియలు దా విని తత్కమనీయకల్పనా-\nపరవశయై సదా “త్రిపురభంజన సేమ మొసంగు” మంచు మీ-\nసర మలరార దీవనలు సల్పెడు తల్లినిఁ బోలరెవ్వరున్.	true	[]	[]														pdy-v-00503		
pdy-vutpalamaala-0142	vutpalamaala	vruttamu	""	dev	భూరివివేకుఁడై సుజనపోషకుఁడై యభిమానుఁడై సదా-\nచారవిహారుఁడై పరమసాత్త్వికుఁడై గుణవంతుఁడయ్యు నేఁ\nగోరినయట్లు పట్టి తనకుం బ్రభవిల్లెఁ గదా యటంచుఁ దా-\nనూరక సంతసిల్లి మదినుబ్బెడు తల్లినిఁ బోలరెవ్వరున్.	true	[]	[]														pdy-v-00504		
pdy-vutpalamaala-0143	vutpalamaala	vruttamu	""	test	శ్రీలలరారు సంతతసుశీలుఁడు భూతదయాపరుండు వా-\nచాలుఁ డనన్యచారుజలజాతముఖీహృదయానుకూలుఁ డీ\nబాలకుఁడంచు సజ్జనులు పల్కినఁ దద్వచనంబు వీనులం\nగ్రోలుచు సంతసిల్లు సుమకోమలిఁ దల్లినిఁ బోలరెవ్వరున్.	true	[]	[]														pdy-v-00505		
pdy-champakamaala-0245	champakamaala	vruttamu	""	train	కలుపుఁదనంబుతోడఁ దనుఁ గన్న కూమారుఁడు సంతసిల్లి కో-\nడలికి నలంకరించుచు నొడంబడి బుద్ధులు చెప్పుచున్ దనూ-\nజులవలెఁ బ్రేమ మీఱ మఱి చూచుచు భూజనులాడు మంచిప-\nల్కులకుఁ బ్రమోదమొందు సుమకోమలిఁ దల్లినిఁ బోలరెవ్వరున్.	false	["seq"]	["seq"]	27	ు	ూ	lengthen	0	12	కూమారుఁడు	false	0	4	12	UU|	["కూ","మా","రు"]	pdy-v-00506		
pdy-champakamaala-0247	champakamaala	vruttamu	""	train	తనవలె నన్నపానములఁ దన్పునొ తన్పదొ ప్రేమమీఱ నం-\nదనుని నటంచు సందియము తన్నెడఁబాయమిఁ గోడ లంత భో-\nజన మిడువేళఁ దాను బతిసౌఖ్యసమాచరణంబు ముక్తిసా-\nధనమని తెల్పు ధర్మగుణదాయినిఁ దల్లినిఁ బోలరెవ్వరున్.	true	[]	[]														pdy-v-00507		
pdy-champakamaala-0248	champakamaala	vruttamu	""	test	కొడుకును గోడ లొంటిపడి కొంకుచు సైగలు నారజంపు టా-\nగడములు వింతవింత నెఱగారవముల్ గిలిగింతలాడు మే-\nల్సడిసడిసన్నలుం గుసగుసల్ జరిగించుట చూచి యాత్మలోఁ\nబుడమి సమస్తమేలు గతిఁ బొంగెడు తల్లినిఁ బోలరెవ్వరున్.	true	[]	[]														pdy-v-00508		
pdy-champakamaala-0250	champakamaala	vruttamu	""	train	కర మనురక్తి నందనులు గల్గుటకై తన ముద్దుగోడలిం\nగురుతరభక్తి దేవతలకుం బ్రణమిల్లఁగఁ జేయు వేంకటే-\nశ్వరునకు మీఁదుగట్టూమని చాటును నోములు నోఁచ ద్రవ్య ము-\nత్కరముగ నిచ్చుచోఁ గరుణ గల్గిన తల్లినిఁ బోలరెవ్వరున్.	false	["seq"]	["seq"]	110	ు	ూ	lengthen	2	7	మీఁదుగట్టూమని	false	2	2	48	UU|	["గ","ట్టూ","మ"]	pdy-v-00509		
pdy-champakamaala-0253	champakamaala	vruttamu	""	train	“అనయము రాజకార్యములయందుఁ బ్రవర్తన సేయువేళ భూ-\nజనూలకుఁ గీడు పన్నునెడ సడ్డ ఘటింపఁగ నీకు లోకనిం-\nదన కెడగాని నిర్మలవిధంబు సమస్తము నీకుఁ గీర్తిసా-\nధన” మని తెల్పు సద్గుణమతల్లిని దల్లినిఁ బోలరెవ్వరున్.	false	["seq"]	["seq"]	47	ు	ూ	lengthen	1	1	జనూలకుఁ	false	1	0	21	|U|	["జ","నూ","ల"]	pdy-v-00510		
pdy-teytageethi-0299	teytageethi	upajaathi	""	train	అనుచు నిను చాల నుతియించి యబ్జభవుని\nవెలది నెంతయు గొనియాడి విఘ్నపతిని\nసన్నుతి యొనర్చి రచియింతు శతకముగను\nమదనగోపాల సత్యభామావిలోల!	true	[]	[]														pdy-v-00511		
pdy-teytageethi-0300	teytageethi	upajaathi	""	train	గాన వచ్చితి మి పాదకమలసేవ\nకల్గె నా భాగ్యమెట్టిదో కరుణగల్గి\nసుదతి నేలుట దగునయ్య సుందరాంగ\nమదనగోపాల సత్యభామావిలోల!	false	["seq"]	["corr","seq"]	13	ీ	ి	shorten	0	5	మి	true	0	2	5	|U||	["మి","పా","ద","క"]	pdy-v-00512		
pdy-seesamu-0301	seesamu	upajaathi	""	train	సుదతీ కెమ్మోపి దా జూపెనా పదియారుకళల చందురువలె గానవచ్చు\nశుకవాణి కన్నులజూపెనా మరుజేతి కలువతూపులమాట్కి గానవచ్చు\nవగమీర ముంగుర్ల సొగసు చూపించెనా భ్రమరమాలికలని పల్కవచ్చు\nగబ్బిగబ్బల నుబ్బు గన్పడ జూపెనా పసిడిగిండ్లని మెచ్చ బల్కవచ్చు	false	["seq"]	["seq"]	4	ి	ీ	lengthen	0	2	సుదతీ	true	0	0	0	||UU	["సు","ద","తీ","కె"]	pdy-v-00513		
pdy-seesamu-0302	seesamu	upajaathi	""	train	బాలనే నే తాళజాలనే యీ రవ్వలేలనే వలచిన గోలననవె\nరమ్మనే మనవిచే కొమ్మ నే బిగికౌఁగిలిమ్మనే నమ్మిన కొమ్మననవె\nచల్లగా పన్నీరు చల్లగా విభునిపై చల్లగా మదికింపు సలుపుమనవె\nదక్కి నా వలలోన జిక్కి నా సామికి మ్రొక్కినానని చాల ముదితయనవె	true	[]	[]														pdy-v-00514		
pdy-teytageethi-0302	teytageethi	upajaathi	""	dev	యనుచు నీతోడ యేరుగింపుమనుడు వేడె\nగాన వచ్చితి నిను బిల్వ కనకచేల\nతామసించిన నా యింతి తాళదికను\nమదనగోపాల సత్యభామావిలోల!	false	["seq"]	["corr","seq"]	13	ె	ే	lengthen	0	6	యేరుగింపుమనుడు	false	0	4	12	|U|	["డు","వే","డె"]	pdy-v-00515		
pdy-seesamu-0304	seesamu	upajaathi	""	train	అరవిరిగొమ్మరా యపరంజిబొమ్మరా మరునిచేచిల్కరా మందయాన\nయలికులవేణిరా యంబుజపాణిరా చిలుకలకోలికిరా చిగురుబోడి\nవెన్నెలగుమ్మరా యన్నులమిన్నరా పన్నీటిసోనరా పంకజాక్షి\nచిలికికటారిరా చిత్తజదంతిరా శుకవాణిరా మేటి సుందరాంగి	false	["seq"]	["corr","seq"]	82	ొ	ో	lengthen	1	17	చిలుకలకోలికిరా	false	3	3	47	||U	["గు","రు","బో"]	pdy-v-00516		
pdy-seesamu-0307	seesamu	upajaathi	""	train	వదనమా కాదది పదియారుకళలచే బెంపొంద వెలయు జాబిల్లి గాని\nకన్నులా కావవి చెన్నుమీఱగజాల మెరసెడి బేడిసమీలు గాని\nయధరమా కాదది మధురసభరితమై పరిపక్వమగు బింబఫలము గాని\nకందరమా కాదు కరిమరేఖల దాల్చి కంధిలో బొదలు శంఖంబు గాని	true	[]	[]														pdy-v-00517		
pdy-teytageethi-0307	teytageethi	upajaathi	""	train	యనుచు నుతియింపతగినట్టి యలరుబోడి\nనెనయదగు జాగుసేయక నేలుకొమ్ము\nవినూతమౌ నీశ నీకు నే విన్నవింతు\nమదనగోపాల సత్యభామావిలోల!	false	["seq"]	["seq"]	63	ు	ూ	lengthen	2	1	వినూతమౌ	false	2	0	30	|U|	["వి","నూ","త"]	pdy-v-00518		
pdy-teytageethi-0308	teytageethi	upajaathi	""	train	మెలత మొలనూలిఘంటలు మిగుల మ్రోయ\nకాళ్ళనందెలు గజ్జెలు ఘల్లుమనగ\nచెలిని జూచిన మరువారి చిక్కవటర\nమదనగోపాల సత్యభామావిలోల!	true	[]	[]														pdy-v-00519		
pdy-teytageethi-0309	teytageethi	upajaathi	""	train	చెలియ నూగారు నల్లనిచీమబారు\nపోలతి పొక్కిలి విరిసిన పొన్నపూవు\nనెలత నేలుట తగునయ్య నెనరుతోను\nమదనగోపాల సత్యభామావిలోల!	false	["seq"]	["seq"]	28	ొ	ో	lengthen	1	0	పోలతి	false	1	1	15	|U||	["తి","పొ","క్కి","లి"]	pdy-v-00520		
pdy-seesamu-0310	seesamu	upajaathi	""	train	రవనూనె మెరుగిడి రాణించు నెరికురుల్ దువ్వి కొప్పమరించి తొరమైన\nగొప్పరాగిడి మేటియొప్పైన కుప్పెయు సవరించి మొగ్గల సరులు మీర\nపరగ కెంపులు చెక్కబడినట్టి పాపటబొట్టుపై శశిపువ్వు పొసగ దాల్చి\nనిద్దంపు చెక్కుల వద్దికగా వజ్రతాటకముల ధాళధళ్య మమర	false	["seq"]	["corr","seq"]	55	ో	ొ	shorten	0	22	తొరమైన	false	1	2	22	||U	["తొ","ర","మై"]	pdy-v-00521		
pdy-teytageethi-0312	teytageethi	upajaathi	""	train	మరునీచేచిల్క యనదగు మందగమన\nకలికి నెమ్మోము చందురుకాంతినెసగు\nనట్టివగలాడి నెడబారునలవి గాదు\nమదనగోపాల సత్యభామావిలోల!	false	["seq"]	["seq"]	4	ి	ీ	lengthen	0	2	మరునీచేచిల్క	false	0	0	0	||U	["మ","రు","నీ"]	pdy-v-00522		
pdy-teytageethi-0314	teytageethi	upajaathi	""	dev	చాల మది కింపు బుట్టించు సరసిజాక్షి|\nనట్టి జవరాలి నెడబాయ నర్హమగునె\nకలికి నేలుట దగునయ్య కరుణ గల్గి\nమదనగోపాల సత్యభామావిలొల!	false	["seq"]	["seq"]	117	ో	ొ	shorten	3	11	సత్యభామావిలొల	false	3	4	55	||	["లొ","ల"]	pdy-v-00523		
pdy-teytageethi-0315	teytageethi	upajaathi	""	train	గాన నా యింతీ వగలెన్నగా దరంబె\nసరససద్గుణజాల యా సన్నుతాంగి\nచాల నిను గోరియున్నది జాలమేల\nమదనగోపాల సత్యభామావిలోల!	false	["seq"]	["corr","seq"]	11	ి	ీ	lengthen	0	4	యింతీ	false	0	1	2	UUU|	["నా","యిం","తీ","వ"]	pdy-v-00524		
pdy-teytageethi-0316	teytageethi	upajaathi	""	train	దమకమున నిన్ను వలపింపదగినయట్టి\nకొమ్మ ముద్దులగుమ్మయా కోమలాంగి\nనెనయదగు నీకు నా యింతి నేలుకొమ్ము\nమదనగోపాల సత్యభామావిలోల!	true	[]	[]														pdy-v-00525		
pdy-seesamu-0322	seesamu	upajaathi	""	train	చల్లని పన్నీరుచల్లి నాథునితోడ సరసంబులాడుచు చాల మెచ్చి\nయించుక నీ దయ యుంచరా నా సామి యంచు చక్కెరమోవి యాననిచ్చి\nయెదయెద గదియించి వదలక బిగియించి ముదమున జెక్కిళ్ళు ముద్దుబెట్టి\nసమరతి యుపరతి చతురత వగలను సదయునితో నొక్కజాము పెనగి	true	[]	[]														pdy-v-00526		
pdy-teytageethi-0322	teytageethi	upajaathi	""	train	యవుర శాబాసు నా సామి యనుచు బొగడి\nమరలి రతిగూడి విభునకు మమత హెచ్చ\nదమిని గల్పించినటువంటి తరుణి గదర\nమదనగోపాల సత్యభామావిలోల!	true	[]	[]														pdy-v-00527		
pdy-seesamu-0323	seesamu	upajaathi	""	train	పతియింట లేనప్డు భ్రమరమా యిట రాక తగునటే యని లేచి తరమబోవు\nసద్దుజేయక నుండజాలవె కోయిల వేళ గాదని కేల వ్రేయబోవు\nమచ్చరంబున నేడు మరుడు దండెత్తెనో చెలులార పొమ్మని జెప్పుడనును\nనిలువుటద్దమునందు నెలకొన్నవాడని తెరవ చందురుని మర్దింపబోవు	true	[]	[]														pdy-v-00528		
pdy-teytageethi-0323	teytageethi	upajaathi	""	train	మగువ యీ రీతి విరహాబ్ధిమగ్న యగుచు\nతలిరువిలుకాని బారికి తాళలేక\nనిన్నె దలచుచునున్నది నీరజాక్షి\nమదనగోపాల సత్యభామావిలోల!	true	[]	[]														pdy-v-00529		
pdy-seesamu-0324	seesamu	upajaathi	""	train	తుమ్మెద రొదసేయ తొడరిన తోడనె తెమ్మెర వీచెనే తెరవలార\nతెమ్మెర వీచెనే తెరగింక ననుచుండ గ్రమ్మె చిల్కలగముల్ కాంతలార\nచిలుకలగము లేల చేరెనో యనుచుండ జెలగి కోయిల గూసె జెలియలార\nకోయల లీరీతి గూసెనేమొకొ యని భావింప మరుడదె భామలార	true	[]	[]														pdy-v-00530		
pdy-teytageethi-0324	teytageethi	upajaathi	""	train	చెరుకవిలు వంచి యటపొంచి చేవమించి\nపదరి యెద నాటనేసెనే పణతి యనుచు\nబలుకుచున్నది వలపున భ్రమసి మిగుల\nమదనగోపాల సత్యభామావిలోల!	true	[]	[]														pdy-v-00531		
pdy-teytageethi-0325	teytageethi	upajaathi	""	train	యనుచు దనలోనె తలపోసి యతివ నీదు\nరాక గొరుచునున్నది రవ్వలేల\nగాననిక నేలుకొనవయ్య కరుణగల్గి\nమదనగోపాల సత్యభామావిలోల!	false	["seq"]	["corr","seq"]	35	ో	ొ	shorten	1	2	గొరుచునున్నది	false	2	0	30	||U	["ని","క","నే"]	pdy-v-00532		
pdy-seesamu-0327	seesamu	upajaathi	""	train	తీరైన మృగనాభి తిలకంబు ధరియించి కనుల కాటుక దీర్చి గరిమ మీర\nనగరుగంధము మేన నలది కొప్పున దావి పొలివోని పువ్వులు పొందుపరచి\nవన్నేమీరగ సన్నవలిపెపై పన్నీరుచల్లి ఘమ్మనుచు వాసన చెలంగ\nకుంకుమ యత్తరు గోరజవ్వాదియు బొంకమౌ పాలిండ్ల బూసె నీదు	false	["seq"]	["corr","seq"]	122	ె	ే	lengthen	2	1	వన్నేమీరగ	false	4	0	56	UUU|	["వ","న్నే","మీ","ర"]	pdy-v-00533		
pdy-teytageethi-0327	teytageethi	upajaathi	""	train	వక్షమున గుబ్బగురుతులు వనిత సేయ\nగోరి యున్నది యిక నేలుకొనుము దాని\nజాగుసేయక రావయ్య జలరుహాక్ష\nమదనగోపాల సత్యభామావీలోల!	false	["seq"]	["seq"]	108	ి	ీ	lengthen	3	10	సత్యభామావీలోల	false	3	3	51	UUU	["మా","వీ","లో"]	pdy-v-00534		
pdy-teytageethi-0328	teytageethi	upajaathi	""	train	గడగి నీవింక రాకున్న గంబుకంఠి\nప్రాణములు నిల్వనోపవు పడతి విరుల-\nదండ లురిబోసుకొన నది దలచునింక\nమదనగోపాల సత్యభామావిలోల!	true	[]	[]														pdy-v-00535		
pdy-seesamu-0330	seesamu	upajaathi	""	train	సురతచమత్క్రియల్ సూపించిచూపించి మేలిమి ని పొందు మెచ్చిమెచ్చి\nమోము మోమున జేర్చి ముద్దాడిముద్దాడి గొసబులియ్యని మోవి గ్రోలి గ్రోలి\nగబ్బిగుబ్బల నెద గదియించిగదియించి బిగువు కౌఁగిళ్ళను బెనగిపెనగి\nమరుకేళి గవయగ మనసిచ్చి మనసిచ్చి గౌరవంబు చెలంగగలసికలసి	false	["seq"]	["corr","seq"]	39	ీ	ి	shorten	0	16	ని	true	1	1	16	|U|U	["ని","పొం","దు","మె"]	pdy-v-00536		
pdy-teytageethi-0330	teytageethi	upajaathi	""	train	మాటిమాటికి దన మేను మరచిమరచి\nతమక మిగురొత్త రతికేలి తగ పెనంగు\nవనిత నేలుట తగునయ్య వనరుహాక్ష\nమదనగోపాల సత్యభామావిలోల!	true	[]	[]														pdy-v-00537		
pdy-seesamu-0332	seesamu	upajaathi	""	train	సుదతి దా దశవిధచుంబనగతులను దన భర్తకును దెల్పు దావులరయ\nగుచయుగంబులు నాభి గొనబైన కెమ్మోవి హస్తముల్ చెక్కులు మస్తకంబు\nకక్షంబు నుదురును కంఠంబు మరునిల్లు వదలక పదిచోట్ల ముదము మీర\nకరికరలీలల గావించి నఖముల ముద్దులాడగ గొంత మొనయవలయు	true	[]	[]														pdy-v-00538		
pdy-teytageethi-0332	teytageethi	upajaathi	""	train	ననుచు జుంబనవిధముల నన్ని వగల\nదెల్ప వలపింపదగినట్టి తెరవ నిపుడు\nగలసి యేలుట దగునయ్య కామజనక\nమదనగోపాల సత్యభామావిలోల!	true	[]	[]														pdy-v-00539		
pdy-seesamu-0334	seesamu	upajaathi	""	train	చిత్తజుకేళికి హత్తెనా వగలాడి యత్తరుగంధంబు యలదినట్లు\nగుత్తంపుగుబ్బల గ్రుమ్మెనా విరిబోడి మెత్తనిపూచెండ్ల మెరమినట్లు\nచిత్తంబు నొకటిగా జేర్చెనా యలివేణి నిత్యసంపదలచే నెగడినట్లు\nపొత్తున భుజియింపబూనెనా శుకవాణి కొంత తేనియ జున్ను గ్రోలినటుల	true	[]	[]														pdy-v-00540		
pdy-teytageethi-0334	teytageethi	upajaathi	""	train	నుండు గదరోరి యా యింతినొనర గూడ\nదగుర యిక జాగుసేయుట దగదు నీకు\nవెలది నను బంచె నిను బిల్వ వేగ రమ్మి\nమదనగోపాల సత్యభామావిలోల!	true	[]	[]														pdy-v-00541		
pdy-teytageethi-0335	teytageethi	upajaathi	""	dev	కాన నిటకేగుదెంచితి గారవమున\nచాన నేలుట తగునయ్య జాగువలదు\nనిన్నె మదీగోరి యున్నది నీలవేణి\nమదనగోపాల సత్యభామావిలోల!	false	["seq"]	["seq"]	63	ి	ీ	lengthen	2	3	మదీగోరి	false	2	1	30	|UU|	["మ","దీ","గో","రి"]	pdy-v-00542		
pdy-teytageethi-0336	teytageethi	upajaathi	""	train	పాలువెన్నయు మీగడ పంచదార\nకొమ్మనుచు వేగ భర్తకు గ్రోలనిచ్చి\nహాయి పుట్టించునటూవంటి యతివ గదర\nమదనగోపాల సత్యభామావిలోల!	false	["seq"]	["seq"]	73	ు	ూ	lengthen	2	6	పుట్టించునటూవంటి	false	2	2	30	|UU|	["న","టూ","వం","టి"]	pdy-v-00543		
pdy-seesamu-0337	seesamu	upajaathi	""	test	పలుమరు మేల్‍జరీ పైటకొంగున గట్టివలపు నిల్పగలేనె వనిత యనుచు\nజెలరేగి నీ ముద్దుజెక్కులపై నొక్కి ముద్దుబెట్టనియవె ముదితయనుచు\nకనకాంగి నీ బిగికౌఁగిట నను జేర్చి మనసియ్యరాదటే మగువ యనుచు\nకొమరొప్ప నీ కుల్కుగుబ్బలపై నాట గోరులుంచగనీవె కొమ్మ యనుచు	true	[]	[]														pdy-v-00544		
pdy-teytageethi-0338	teytageethi	upajaathi	""	dev	యనుచు జెలులతొ నెప్పుడా యలరుబోడి\nనిన్నే తలచుచునున్నది నీరజాక్ష\nగాన రావయ్య వేగమె కమలనయన\nమదనగోపాల సత్యభామావిలోల!	false	["seq"]	["corr","seq"]	37	ె	ే	lengthen	1	1	నిన్నే	true	1	0	15	UU|	["ని","న్నే","త"]	pdy-v-00545		
pdy-teytageethi-0339	teytageethi	upajaathi	""	train	గాన నిక నేటి బ్రతుకని కంబుకంఠి\nమదిని దత్తరమొదవ నా మందయాన\nచెలుల నేవేళ జీరుచు చింతనొందు\nమదనగోపాల సత్యభామావిలోల!	true	[]	[]														pdy-v-00546		
pdy-seesamu-0340	seesamu	upajaathi	""	test	గజయాన వగమీర గదిసి నాథుని యెద కులుకుగుబ్బలచేత గ్రుమ్మి వేగ\nబదపడి చేతుల వదలక బిగబట్టి గుదిగాళ్లు వెన్నున గూర్చి వొక్కి\nమరుకేళి నొకవింత మనసిచ్చి యొక కొంతసేపు హాయిగ రతిచెంది మగని\nమదికింపు పుట్టింప సదయుని మెప్పించి సుదతి నాథుని మోము జూచి తమిని	true	[]	[]														pdy-v-00547		
pdy-teytageethi-0341	teytageethi	upajaathi	""	train	నహహఈ యింతి వగలెన్న నలవిగాదు\nమగువ మరువేదముల కుప్ప మదిని యొప్ప-\nగోరియున్నది ని చెల్మి కువలయాక్ష\nమదనగోపాల సత్యభామావిలోల!	false	["seq"]	["corr","seq"]	75	ీ	ి	shorten	2	5	ని	true	2	2	36	|U||	["ని","చె","ల్మి","కు"]	pdy-v-00548		
pdy-teytageethi-0342	teytageethi	upajaathi	""	train	నిలువనిచ్చునా యొకచోట నిముషమైన\nతరుణి నయవినయములచే దగ బెనంగ\nగోరియున్నది రావయ్య కొమలాంగ\nమదనగోపాల సత్యభామావిలోల!	false	["seq"]	["corr","seq"]	77	ో	ొ	shorten	2	8	కొమలాంగ	false	2	3	39	||U	["కొ","మ","లాం"]	pdy-v-00549		
pdy-seesamu-0343	seesamu	upajaathi	""	dev	పసిడిబుటేదారి పట్టువల్వ ధరించి రాణించు పైఠాణిరవికె దొడిగి\nబాలచందురువంటి ఫాలభాగంబున దిలకంబు కొనగోర దిద్ది వేగ\nవరుని మృదూక్తుల వలపించి జిగిబిగికౌఁగిట జేర్పును కంబుకంఠి\nపద్మంబు తావి మై బరగు పద్మినిజాతి కాంతయౌ నది గాన కమలనాభ	true	[]	[]														pdy-v-00550		
pdy-teytageethi-0343	teytageethi	upajaathi	""	train	నిన్నె మది గోరియున్నది నీలజాక్షి\nతామసించక రావయ్య తరుణికడకు\nభవ్యగుణశీల యీవేళ భక్తపాల\nమదనగోపాల సత్యభామావిలోల!	true	[]	[]														pdy-v-00551		
pdy-teytageethi-0344	teytageethi	upajaathi	""	test	జెలగి మొనసియు రతిగూడు చిన్నెలన్ని\nమఱచియున్నాడొ దెల్పవే మగువ యనుచు\nనన్ను బనిచిన వచ్చితి నలిననాభ\nమదనగోపాల సత్యభామావిలోల!	true	[]	[]														pdy-v-00552		
pdy-seesamu-0345	seesamu	upajaathi	""	train	తోయజముఖి విభు తొడలపై దన పాదయుగము చక్కగ నిల్పి యువతి వేగ\nపతి భుజంబులు రెండు పట్టుక తన చేత గొసరి తా గెమ్మోవి గ్రోలనిచ్చి\nకలయుచు మరుకేళి కాంక్షదీరగ జేసి యాకుమడ్పు లొసంగి హవుసుమీర\nనిను బాయజాలరా నిముషమేని యటంచు మనసుంచి దయజూడుమనుచు బలికి	true	[]	[]														pdy-v-00553		
pdy-teytageethi-0346	teytageethi	upajaathi	""	train	తరుణి వగలెన్న నెవ్వరితరము గాదు\nవినుతగుణశీల నీకు నే విన్నవింతు\nజాగు సేయక రావయ్య జలజనాభ\nమదనగోపాల సత్యభామావిలోల!	true	[]	[]														pdy-v-00554		
pdy-teytageethi-0347	teytageethi	upajaathi	""	train	కొద్దియద్దాల రవికెయు ముద్దుగుల్క\nతోరమగు గబ్బిగుబ్బల దొడగి కొమ్మ\nవెడలు తరి జూడగావలె వేయుకనుల\nమదనగోపాల సత్యభామావిలోల!	true	[]	[]														pdy-v-00555		
pdy-seesamu-0349	seesamu	upajaathi	""	train	మరుని చేతికటారి మగువకుల్కు మిటారి తలపున బతి గోరి తాళలేక\nతెమ్మెర గడుదూరి తమ్ముల నటుచేరి కొమ్మలకడ జేరి గొసరి వేగ\nవలపునకే దారి వనజాక్షి యీసారి పిలువరే నా శౌరి ప్రియము దనర\nకరుణించి యొకసారి కలసెనా వగమీరి తరుణి నా తమి జీరి తలతి చెలుల	true	[]	[]														pdy-v-00556		
pdy-teytageethi-0350	teytageethi	upajaathi	""	train	కలసి మరుకేళి మెప్పించు కనకగౌరి\nలలితగుణజాల శుభలీల లలన నిన్ను\nతోడి తెమ్మనె రావయ్య తోయజాక్ష\nమదనగోపాల సత్యభామావిలోల!	true	[]	[]														pdy-v-00557		
pdy-seesamu-0352	seesamu	upajaathi	""	train	మందగామిని మోముచందంబు జాచిన బొందదే రతికాంక్ష బూని నీకు\nసోగకన్నుల దృష్టిసొగసు జూచినయంత నిలువనిచ్చునె మది నిముషమైన\nవనజాక్షి లేజిగివాతెర జూచిన పలుమొన లూరవే పరమపురుష\nపడతి సంతసమున బలువిచ్చి నవ్విన గనకాభిషేకంబు గాంచినట్టు	true	[]	[]														pdy-v-00558		
pdy-teytageethi-0354	teytageethi	upajaathi	""	train	గాన జెలి సాటి యెవ్వరి గాన జగతి\nదరుణులకు మిన్న దానెన్న దరముగాదు\nపరమగుణజాల కాంచనభవ్యచేల\nమదనగోపాల సత్యభామావిలోల!	true	[]	[]														pdy-v-00559		
pdy-teytageethi-0355	teytageethi	upajaathi	""	train	వెలదియంగాంగముల తళ్కులలరు నిటుల\nనీరజాసను డా యింతి నీకు గాను\nదలచి సృజియించనేమొకో తరుణి నిపుడు\nమదనగోపాల సత్యభామావిలోల!	true	[]	[]														pdy-v-00560		
pdy-teytageethi-0357	teytageethi	upajaathi	""	train	గాన వగలాడికిని సాటిగలరె భువిని\nచాన నీకైన దగు మంచిజాణ గదర\nమానకీక నేలుకొనవయ్య మదనజనక\nమదనగోపాల సత్యభామావిలోల!	false	["seq"]	["corr","seq"]	61	ి	ీ	lengthen	2	2	మానకీక	false	3	1	48	|UU|	["న","గో","పా","ల"]	pdy-v-00561		
pdy-teytageethi-0358	teytageethi	upajaathi	""	dev	వనిత వగనెన్న నెవ్వరి వశముగాదు\nమరుని చేచిల్క యనదగు మందయాన\nదాని కెనగాన నియ్యానత గజగాన\nమదనగోపాల సత్యభామావిలోల!	true	[]	[]														pdy-v-00562		
pdy-teytageethi-0359	teytageethi	upajaathi	""	test	గాన నీక చాన నేలుము గలిసి వేగ\nపూని యిక నీవు రాకున్న పొలతి మధుర-\nమైన విషములు ద్రావంగ మదిని దలచు\nమదనగోపాల సత్యభామావిలోల!	false	["seq"]	["seq"]	5	ి	ీ	lengthen	0	2	నీక	true	0	2	5	|U||	["న","నే","లు","ము"]	pdy-v-00563		
pdy-teytageethi-0360	teytageethi	upajaathi	""	train	జాల మదికింపూమాటల సరసిజాక్షి\nమగని వలపింపదగినట్టి మందయాన\nనెలత నేలుట తగునయ్య నెనరుతోడ\nమదనగోపాల సత్యభామావిలోల!	false	["seq"]	["seq"]	11	ు	ూ	lengthen	0	5	మదికింపూమాటల	false	0	1	2	||UU	["మ","ది","కిం","పూ"]	pdy-v-00564		
pdy-seesamu-0363	seesamu	upajaathi	""	train	ధవుని బాసినయట్టి తరి గని నను జూచి వేగ మారుడు చెలరేగు గొమ్మ\nచెలరేగి యదను క్రొంజిగురమ్ము లేసిన గోవెల లటుగూసె మావిగొమ్మ\nమావిగొమ్మ బికాళి మది కలగించిన గల్కిచిల్కలు బల్కె గలివిగొమ్మ\nకలివిమాటలు వినగా నోపకుండిన వెసవీచె దెమ్మెర వేపగొమ్మ	true	[]	[]														pdy-v-00565		
pdy-teytageethi-0363	teytageethi	upajaathi	""	train	వెలది యెట్లోర్తు శశిమంట వెలుగ గొమ్మ\nపోయెదవె యిప్డు నా పతి బొగడగొమ్మ\nప్రియముతోనని నను బంచె బిల్వగొమ్మ\nమదనగోపాల సత్యభామావిలోల!	true	[]	[]														pdy-v-00566		
pdy-teytageethi-0364	teytageethi	upajaathi	""	train	కన్నె కేనిటు బదములు గల్గియుండు\nకన్నెకును బదియవదియు గలుగు నీకు\nకన్నెకును రెండవది నీకు కన్యకనుచు\nమదనగోపాల సత్యభామావిలోల!	true	[]	[]														pdy-v-00567		
pdy-teytageethi-0365	teytageethi	upajaathi	""	dev	భామ యీ రీతి వ్రతములు భక్తితోడ\nజేయుచున్నది యచ్చట సిద్ధముగను\nగలికి నీపైని నతిమోహకాంక్ష జెంది\nమదనగోపాల సత్యభామావిలోల!	true	[]	[]														pdy-v-00568		
pdy-teytageethi-0366	teytageethi	upajaathi	""	train	మగువ యీ రీతి మోహాబ్ధిమగ్న యగుచు\nనున్న దాయింతి నెడబాయ నుచితమగునె\nజాగుసేయక రావయ్య సారసాక్ష\nమదనగోపాల సత్యభామావిలోల!	true	[]	[]														pdy-v-00569		
pdy-seesamu-0369	seesamu	upajaathi	""	train	కనకాంగి ని బిగికౌఁగిట జేరను దలచదా మరుబారి తాళలేక\nకొమ్మ నీ యెద కుల్కుగుబ్బల గదియింప మది గోరదా తమి మానలేక\nముదిత నీ చెక్కులు ముద్దాడ దలవదా నిండిన మోహంబు నిలుపలేక\nకాంత నీతో రతి కలయగా నెంచదా విరహానలముచేత వేగలేక	false	["seq"]	["corr","seq"]	9	ీ	ి	shorten	0	4	ని	true	1	2	22	|U|	["ళ","లే","క"]	pdy-v-00570		
pdy-teytageethi-0370	teytageethi	upajaathi	""	train	వెడలి యారామమెల్లను వెతకి నిన్ను\nగాన కిటు నన్ను బంపెను గమలనాభ\nకరుణగల్గియు నా ఇంతికడకు రమ్ము\nమదనగోపాల సత్యభామావిలోల!	true	[]	[]														pdy-v-00571		
pdy-teytageethi-0371	teytageethi	upajaathi	""	dev	గాన నిను బిల్వవచ్చితి గమలనాభ\nతామసించిన నా యింతి తాళదింక\nకరుణతోడను రావయ్య కమలనాభ\nమదనగోపాల సత్యభామావిలోల!	true	[]	[]														pdy-v-00572		
pdy-teytageethi-0372	teytageethi	upajaathi	""	train	గాన నా యింతితో గూడగలిగెనేని\nనెల్లభోగంబులును నీకు నెలమి గల్గు\nతరుణమిప్పుడు రావయ్య తరుణి కడకు\nమదనగోపాల సత్యభామావిలోల!	true	[]	[]														pdy-v-00573		
pdy-seesamu-0373	seesamu	upajaathi	""	train	పూర్ణచంద్రుని సరిబోల్పవచ్చును కాంత మోమున కకలంకమూర్తియైన\nబంధుజీవముదొర భామ కెమ్మోవికి వికసించి కడువిఱ్ఱవీగకున్న\nదరమెన యనదగు తరుణీ కంఠమునకు కఠినత్వమందున గలుగకున్న\nతమ్మిమొగ్గలు సాటి తరుణి పాలిండ్లకు బొసగ పంకంబున బుట్టకున్న	false	["seq"]	["seq"]	126	ి	ీ	lengthen	2	10	తరుణీ	true	4	2	58	||UU	["త","రు","ణీ","కం"]	pdy-v-00574		
pdy-teytageethi-0374	teytageethi	upajaathi	""	train	దానితో సరి యెవ్వరి గాన జగతి\nనీకే దగినట్టి వగగల నేర్పులాడి\nచాన నేలుట తగునట్టి జాణవీవు\nమదనగోపాల సత్యభామావిలోల!	false	["seq"]	["corr","seq"]	31	ె	ే	lengthen	1	1	నీకే	true	1	0	13	UU|	["నీ","కే","ద"]	pdy-v-00575		
pdy-seesamu-0376	seesamu	upajaathi	""	train	వెలది నవ్వుల తేటవెన్నెల హరియించు గల్కి పల్కుల దేనెలొల్కజేయు\nకలకంఠి కన్నులు కలువల నిరసించు మోము చందురుతోడ మొనయుచుండు\nగామిని నాసిక కనకసూనము గేరు జెక్కు లద్దంబుల జెనకజూచు\nఘనవేణి కంఠంబు గడగి శంఖము గెల్చు చన్నులు పూచెండ్ల సరకు గొనవు	true	[]	[]														pdy-v-00576		
pdy-teytageethi-0376	teytageethi	upajaathi	""	train	పదర నిను కోరియున్నది బాళిమీర\nమదవతిని గూడి లాలింప ముదమూతోడ\nజాగుసేయక రావయ్య జలరుహాక్ష\nమదనగోపాల సత్యభామావిలోల!	false	["seq"]	["seq"]	53	ు	ూ	lengthen	1	12	ముదమూతోడ	false	1	3	24	||U	["ము","ద","మూ"]	pdy-v-00577		
pdy-teytageethi-0377	teytageethi	upajaathi	""	test	ముంగరయు నత్తు బేసరి ముదిత తనదు\nనాసమున గీలుకొల్పి విలాసముగను\nసుదతి నీ రాక కెదురు దా చూచుచుండు\nమదనగోపాల సత్యభామావిలోల!	true	[]	[]														pdy-v-00578		
pdy-teytageethi-0379	teytageethi	upajaathi	""	dev	యైన నేమాయె నినూ గోరి యంబుజాక్షి\nపిలువనంపెను రావయ్య ప్రేమగల్గి\nవెలది సాష్టాంగమొనరించి వేడుకొనియె\nమదనగోపాల సత్యభామావిలోల!	false	["seq"]	["seq"]	14	ు	ూ	lengthen	0	6	నినూ	false	0	2	5	|UU|	["ని","నూ","గో","రి"]	pdy-v-00579		
pdy-teytageethi-0380	teytageethi	upajaathi	""	test	నయము నెరుగని స్త్రీలను నమ్మదగునె\nవినయములు పెక్కు వల్కెద వెలది నీవు\nనమ్మదగునయ్య నా మాట నలిననాభ\nమదనగొపాల సత్యభామావిలోల!	false	["seq"]	["corr","seq"]	98	ో	ొ	shorten	3	3	మదనగొపాల	false	3	1	47	|U|U	["గొ","పా","ల","స"]	pdy-v-00580		
pdy-teytageethi-0381	teytageethi	upajaathi	""	train	వెలయు నారామమున జేరి వేలది మదన\nతాపమున నిన్ను దలచుచు దాళలేక\nయున్నదిక వేగ రావయ్య యూరడింప\nమదనగోపాల సత్యభామావిలోల!	false	["seq"]	["corr","seq"]	21	ె	ే	lengthen	0	10	వేలది	false	1	0	15	|U|	["న","తా","ప"]	pdy-v-00581		
pdy-seesamu-0383	seesamu	upajaathi	""	train	వలరాజుమామ జక్కులరేనిచెలికానితలపువ్వు కలువల చెలిమికాడు\nఱిక్కలగమికాడు జక్కులపగవాడు వారధిపట్టి భావజునిమామ\nతిమిరబృందంబుల దేగటార్చు మగవాడు వలమురిదాల్పుముద్దులమరంది\nగగనేభ మెక్కి వేగ చరించు రేరాజు విరహులపాలిటి వెడదచిచ్చు	false	["seq"]	["seq"]	118	ె	ే	lengthen	2	7	దేగటార్చు	false	5	1	71	|U|U	["రి","దా","ల్పు","ము"]	pdy-v-00582		
pdy-teytageethi-0384	teytageethi	upajaathi	""	train	తరుణి నిప్పుడు రతిగూడి తనూపకున్న\nమదనతాపంబు మానునా మదనజనక\nజాగుసేయక రావయ్య చానకడకు\nమదనగోపాల సత్యభామావిలోల!	false	["seq"]	["seq"]	25	ు	ూ	lengthen	0	11	తనూపకున్న	false	0	3	10	|U|	["త","నూ","ప"]	pdy-v-00583		
pdy-teytageethi-0385	teytageethi	upajaathi	""	train	సైచు విరిబోడి దా నోర్వజాల దికను\nగాన వేగమె రావయ్య కరుణగల్గి\nసుదతి నేలుట తగునయ్య సుందరాంగ\nమదనగోపాల సత్యభామావిలోల!	true	[]	[]														pdy-v-00584		
pdy-seesamu-0386	seesamu	upajaathi	""	train	అతనుడు చలపట్టి యతివపై దండెత్తి యనిలరథంబెక్కి యళులగములు\nచేరి కొల్వగ మేటిచిలుకగుర్రపుపౌజు తఱుచుగా వెనువెంట దగీలి నడువ\nగోర్వంక లిరుగడ కొల్చి భటావళి కైవారములు సేయగాను మందు\nతమ్మిఫిరంగుల దమ్మున పుప్పొడిమందు వెట్టుడు బొండుమల్లెగుండ్లు	false	["seq"]	["seq"]	107	ి	ీ	lengthen	1	24	దగీలి	false	3	2	51	|U|	["ద","గీ","లి"]	pdy-v-00585		
pdy-teytageethi-0386	teytageethi	upajaathi	""	test	గలిగి యా ఇంతిపై దాడి కదల మరుడు\nచూచి వచ్చితినిక నెట్లు సుందరాంగ\nగాన వేగమే రావయ్య కనకచేల\nమదనగోపాల సత్యభామావిలోల!	true	[]	[]														pdy-v-00586		
pdy-seesamu-0394	seesamu	upajaathi	""	dev	తన ప్రాణవిభునకు దడయక పన్నీట మజ్జనం బొనరించి మగువ కనక\nపళ్లెరంబున మంచిపస గల యన్నంబు గోఘృతపక్వమౌ కూరలమర\nనప్పడంబూలు కందిపప్పును నొబ్బట్లు పాలుచక్కెర వెన్న పాయసంబు\nఘమ్మని వాసింపగా చారువడియముల్ పసిడిచెంబుల నీరు బాగుమీర	false	["seq"]	["corr","seq"]	108	ు	ూ	lengthen	2	3	నప్పడంబూలు	false	4	2	59	|U||	["ది","ప","ప్పు","ను"]	pdy-v-00587		
pdy-teytageethi-0394	teytageethi	upajaathi	""	dev	విభుని ముందటనిడి వేగ వెలది విరుల\nసురటి వీవంగ భుజియింప సుదతి విభుని\nజూచి నను బాయకిక నేలు సుందరాంగ\nమదనగోపాల సత్యభామావిలోల!	true	[]	[]														pdy-v-00588		
pdy-seesamu-0395	seesamu	upajaathi	""	train	నవరత్నకాంతు లున్నతమైన కేళికాభవనంబులో విరిపాన్పు జేరి\nపరగ గందము మంచిపన్నీరు జవ్వాది బంగారుగిన్నెల బాగుపరచి\nవిరిసరంబులు మంచిమరువంబు కురువేరు నపరంజితట్టల నమరజేర్చి\nప్రాణనాథుని జేరి పడతుక కడూమంచియాకుమడ్పు లొసంగి యతివ మరుని	false	["seq"]	["seq"]	186	ు	ూ	lengthen	3	12	కడూమంచియాకుమడ్పు	false	6	3	89	|UU|	["క","డూ","మం","చి"]	pdy-v-00589		
pdy-seesamu-0398	seesamu	upajaathi	""	train	దండంబు యదువంశమండన గోవింద దండంబు నీకు వేదండవరద\nదండంబు చంద్రమార్తాండ సులోచన దండంబూ నీకు బ్రహ్మాండపోష\nదండంబు పద్మజాఖండలసన్నుత దండంబు కుండలగండయుగళ\nదండంబు భండనోద్దండపరాక్రమ దండంబు సద్గుణకాండ నీకు	false	["seq"]	["corr","seq"]	79	ు	ూ	lengthen	1	14	దండంబూ	false	3	0	36	UUUU	["దం","డం","బూ","నీ"]	pdy-v-00590		
pdy-mattebhamu-0288	mattebhamu	vruttamu	""	train	మన మార న్నచలేంద్రజాధిపతికి న్మస్తాగ్రమాణిక్యమై\nమునికోపానలదగ్ధ రాజతతికి న్ముక్తిస్ఫురన్మార్గమై\nయెనయన్‌ సాయకశాయికిం జననియై యెపారు మిన్నేటికిం\nజని మూలంబగు నంఘ్రి నాదు మదిలోఁ జర్చింతు, నారాయణా!	false	["seq"]	["seq"]	122	ే	ె	shorten	2	13	యెపారు	false	2	4	52	U|U	["యై","యె","పా"]	pdy-v-00591		
pdy-mattebhamu-0290	mattebhamu	vruttamu	""	train	మగమీనాకృతి వార్ధిఁ జొచ్చి యసురు న్మర్దించి యవ్వేదము\nల్‌ మగుడం దెచ్చి విరించి కిచ్చీ యతని న్మన్నించి యేపారఁగాఁ\nబగ సాధించిన దివ్యమూర్తి వని నే భావింతు నెల్లప్పుడు\nన్‌ ఖగరాజధ్వజ భక్తవత్సల జగత్కారుణ్య, నారాయణా!	false	["seq"]	["seq"]	82	ి	ీ	lengthen	1	9	కిచ్చీ	false	1	3	29	U||	["చ్చీ","య","త"]	pdy-v-00592		
pdy-saardulamu-0141	saardulamu	vruttamu	""	train	స్తంభంబందు నృసింహమై వెడలి యచ్చండాట్టహాసధ్వను\nల్‌ దంభోళిం గడువంగ హేమకశిపోద్దండాసురాధీశ్వరు\nన్‌ శుంభద్గర్భము వ్రచ్చి వాని సుతునిన్‌ శోభిల్ల మన్నించి య\nజ్జంభారాతిని బ్రీతిఁ దేల్చిన నినుం జర్చింతు, నారాయణా!	true	[]	[]														pdy-v-00593		
pdy-mattebhamu-0297	mattebhamu	vruttamu	""	train	కలిధర్మంబునఁ బాపసంకలితులై గర్వాంధులై తుచ్ఛులై\nకులశీలంబులు మాని హేయగతులం గ్రొవ్వారు దుష్టాత్ములం\nబలిగాఁ జేయఁ దలంచి ధర్మ మెలమిం బాలించి నిల్పంగ మీ\nవలనం గల్క్యవతార మొందఁగల నిన్‌ వర్ణింతు నారాయణా!	true	[]	[]														pdy-v-00594		
pdy-mattebhamu-0309	mattebhamu	vruttamu	""	test	కలుషాగాథవినాశకారి యగుచుం గైవల్యసంధాయియై\nనలి నొప్పారెడు మంత్రరాజమగు నీనామంబు ప్రేమంబుతో\nనలర న్నెవ్వని వాక్కునం బొరయదే నన్నీచు ఘోరాత్మయు\nన్‌ వెలయన్‌ భూరుహకోటరం బదియ సు వేదాత్మ, నారాయణా!	false	["seq"]	["seq"]	164	ూ	ు	shorten	3	12	సు	true	3	4	72	|UU	["సు","వే","దా"]	pdy-v-00595		
pdy-mattebhamu-0310	mattebhamu	vruttamu	""	train	పరమంబై పరతత్వమై సకలసంపత్సారమై భవ్యమై\nసురసిద్ధోరగయక్ష పక్షిమునిరక్షో హృద్గుహాభ్యంతర\nస్థిరసుజ్ఞానసుదీపమై శ్రుతికళాసిద్ధాంతమై సిద్ధమై\nసరి లే కెప్పుడు నీదునామ మమరున్‌ సత్యంబు, నారాయణా!	true	[]	[]														pdy-v-00596		
pdy-saardulamu-0143	saardulamu	vruttamu	""	train	శ్రీకిన్మందిరమైన వక్షము, సురజ్యేష్ఠోద్భవస్థాన నా\nభీకంజాతము, చంద్రికాంతర సుధాభివ్యక్త నేత్రంబులు\nన్‌, లోకస్తుత్య మరున్నదీజనక మాలోలాంఘ్రియున్‌ గల్గు నా\nలోకారాధ్యుఁడ వైన నిన్నెపుడు నాలోఁ జూతు, నారాయణా!	true	[]	[]														pdy-v-00597		
pdy-saardulamu-0145	saardulamu	vruttamu	""	train	విందు ల్వచ్చిరి మీయశోదకడకు న్వేగంబె పొ మ్మయ్యయో\nనందానందన! చందనాంకురమ! కృష్ణా! యింకఁబో వేమి మా\nమందం జాతర సేయఁబోద మిదె రమ్మా యంచు మి మ్మెత్తుకో\nచందం బబ్బిన నుబ్బకుండుదురె ఘోషస్త్రీలు, నారాయణా!	true	[]	[]														pdy-v-00598		
pdy-mattebhamu-0317	mattebhamu	vruttamu	""	train	పెరుగుల్‌ ద్రచ్చుచు నొక్కగోపిక మిముం బ్రేమంబునం జూచి రా\nగ రసావేశత రిత్త ద్రచ్చ నీడ నాకవ్వంబు నీవు న్మనో\nహరలీలం గనుగొంచు ధేను వని యయ్యాబోతునుం బట్టి తీ\nవరవృత్తాంతము లేను పుణ్యకథగా వర్ణింతు, నారాయణా!	false	["seq"]	["seq"]	80	ి	ీ	lengthen	1	10	నీడ	true	1	3	29	|U|	["చ్చ","నీ","డ"]	pdy-v-00599		
pdy-mattebhamu-0320	mattebhamu	vruttamu	""	train	లలితాకుంచితవేణియం దడవిమొల్లల్‌ జాఱ ఫాలస్థలి\nన్‌ దిలకం బొయ్యన జాఱఁ గుండలరుచుల్‌ దీపింప లేఁజెక్కుల\nన్‌ మొలకన్నవ్వుల చూపు లోరగిల మే న్మువ్వంకలన్‌ బోవఁగా\nనలి గైకొందువు గాదే నీవు మురళీనాట్యంబు, నారాయణా!	false	["seq"]	["seq"]	167	ె	ే	lengthen	3	7	గాదే	true	3	2	66	UUU	["గా","దే","నీ"]	pdy-v-00600		
pdy-saardulamu-0152	saardulamu	vruttamu	""	train	మాపాలం గడు గ్రొవ్వి గోపికలతో మత్తిల్లి వర్తింతువే\nమాపాలెంబుల వచ్చి యుండుదు వెస న్మాపాలలో నుండు మి\nమాపా లైనసుఖాబ్ధిలో మునుగుచున్‌ మన్నించి తా గొల్లల\nన్‌ మాపాలం గలవేల్పు వీవె యని కా మన్నింతు, నారాయణా!	false	["seq"]	["seq"]	96	ీ	ి	shorten	1	18	మి	true	1	6	37	|	["మి"]	pdy-v-00601		
pdy-saardulamu-0154	saardulamu	vruttamu	""	dev	స్నానంబుల్‌ నదులందు జేయుట గజస్నానంబు చందంబగు\nన్‌ మౌనం బొప్ప జపించువేద మటవీ మధ్యంబులోనే డ్పగు\nన్‌ నానాహోమము లెల్ల బూడిదలలోన న్వేల్చు నెయ్యై చను\nన్నినామోక్తియు నీపదాబ్జరతియున్‌ లేకున్న నారాయణా!	false	["seq"]	["seq"]	146	ీ	ి	shorten	3	0	న్నినామోక్తియు	false	3	0	57	|UU	["న్ని","నా","మో"]	pdy-v-00602		
pdy-mattebhamu-0328	mattebhamu	vruttamu	""	train	తనచిత్తాబ్జము మీపదాబ్జములకుం దాత్పర్యసద్భక్తి తం\nతున బంధించిన బంధనంబు కతనం దుష్పాపపుంజంబు లె\nల్లను విచ్ఛిన్నములై యడంగు మహిమోల్లాసాబ్ధి యైనట్టి దా\nసున కింపొందును మోక్షవైభవము దా సుశ్లోక నారాయణా!	true	[]	[]														pdy-v-00603		
pdy-mattebhamu-0334	mattebhamu	vruttamu	""	train	పరుషాలాపము లాడ నోడి మది నీపాపార్జనారంభుఁ డై\nనిరసిం చేరికిఁ గీడు సేయక మది న్నిర్ముక్తకర్ముండు నై\nపరమానందనిషేధముల్‌ సమముగా భావించి వీక్షించు నా\nపరమజ్ఞాని భవత్కృపం బొరయు నో పద్మాక్ష నారాయణా!	true	[]	[]														pdy-v-00604		
pdy-saardulamu-0155	saardulamu	vruttamu	""	train	వేదంబందు సునిశ్చయుండగు మహావేల్పెవ్వఁడో యంచు నా\nవేదవ్యాస పరాశరుల్‌ వెదకిన న్వేఱొండు లేఁ డంచు మీ\nపాదాంభోజము లెల్లప్రొద్దు మదిలో భావింతు రత్యున్నతి\nన్‌ శ్రీదేవీవదనారవిందమధుపా శ్రీరంగ నారాయణా!	true	[]	[]														pdy-v-00605		
pdy-mattebhamu-0340	mattebhamu	vruttamu	""	train	మదిలో నుత్తమభక్తీ పీఠముపయిన్‌ మానాథ మీపాదము\nల్‌ గదియం జేర్చిన వాని కే నొడయడన్‌ గా దంచు నత్యున్నతి\nన్‌ పదిలుం డై సమవర్తి మృత్యువునకున్‌ బాఠంబుగాఁ బల్కు మీ\nపదపద్మార్చకు లెంత పుణ్యులొ కృపాపారీణ నారాయణా!	false	["seq"]	["seq"]	16	ి	ీ	lengthen	0	7	నుత్తమభక్తీ	false	0	2	6	UUU	["భ","క్తీ","పీ"]	pdy-v-00606		
pdy-mattebhamu-0351	mattebhamu	vruttamu	""	dev	ధర గ్రామాధిపు నింటిదాసుఁడు వెసం దా ద్రోహముం జేసిన\nన్‌ పరగం జెల్లుట సూచి తీ భువనసంపాద్యుండ వైనట్టి మీ\nవరదాసావలి దాసదాసి నని దుర్వారౌఘముల్‌ జేసితి\nన్‌ కరుణం జేకొని కావు మయ్య త్రిజగత్కల్యాణ నారాయణా!	true	[]	[]														pdy-v-00607		
pdy-saardulamu-0158	saardulamu	vruttamu	""	train	నీవే తల్లివి నీవె తండ్రి వరయ న్నీవే జగన్నాథుఁడౌ\nనివే నిశ్చలబాంధవుండ వరయ న్నీవే మునిస్తుత్యుఁడౌ\nనీవే శంకరమూలమంత్ర మరయన్‌ నీవే జగత్కర్తవు\nన్‌ నీవే దిక్కనువారి వారలె కడు న్నీవారు నారాయణా!	false	["seq"]	["seq"]	49	ీ	ి	shorten	1	0	నివే	false	1	0	19	|UU	["ని","వే","ని"]	pdy-v-00608		
pdy-saardulamu-0159	saardulamu	vruttamu	""	dev	చెల్లం జేసితి పాతకంబులూ మదిన్‌ శ్రీనాథ మీనామము\nల్‌ పొల్లుల్‌ బోవని నమ్మి పద్యశతమున్‌ బూర్ణంబుగాఁ జెప్పితి\nన్‌ చెల్లంబో నను నమ్మె వీఁడని దయం జేపట్టి రక్షింపుమీ\nతల్లిం దండ్రియు నీవు గాక యొరులే తర్కింప నారాయణా!	false	["seq"]	["seq"]	22	ు	ూ	lengthen	0	9	పాతకంబులూ	false	0	3	9	U|U	["లూ","మ","ది"]	pdy-v-00609		
pdy-mattebhamu-0361	mattebhamu	vruttamu	""	train	కలితాఘౌఘ వినాశకారి యగుచుం గైవల్యసంధాయియై\nనలి నొప్పారెడు మంత్రరాజ మగు నీనామంబు ప్రేమంబున\nన్‌ అలర న్నెవ్వని వాక్కునం బొరయదో యన్నీచు దేహంబు దా\nవెలయన్‌ భూరుహకోటరం బదియ సు వేదాత్మ నారాయణా!	false	["seq"]	["seq"]	165	ూ	ు	shorten	3	12	సు	true	3	4	72	|UU	["సు","వే","దా"]	pdy-v-00610		
pdy-teytageethi-0399	teytageethi	upajaathi	""	train	చారుశ్రీచందనాగరుచర్చితాంగ! -\nకుందకుట్మలదంత! వైకుంఠధామ!\nభూషణవికాస! శ్రీధర్మపురనివాస! -\nదుష్టసంహార! నరసింహ దురితదుర!	false	["seq"]	["seq"]	111	ూ	ు	shorten	3	12	దురితదుర	false	3	4	50	||	["దు","ర"]	pdy-v-00611		
pdy-teytageethi-0400	teytageethi	upajaathi	""	test	దప్పుగలిగిన సద్భక్తి తక్కువౌనె -\nచెఱకునకు వంకపోయిన చెడునె తీపు?\nభూషణవికాస! శ్రీధర్మపురనివాస! -\nదుష్టసంహార! నరసింహ దురితదూర!	true	[]	[]														pdy-v-00612		
pdy-seesamu-0401	seesamu	upajaathi	""	train	నరసింహ! నీ దివ్యనామమంత్రముచేత - దురితజాలములెల్ల ద్రోలవచ్చు\nనరసింహ! నీ దివ్యనామమంత్రముచేత - బలువైన రోగముల్‌ బాపవచ్చు\nనరసింహ! నీ దివ్యనామమంత్రముచేత - రిపు సంఘముల సంహరింపవచ్చు\nనరసింహ! నీ దివ్యనామమంత్రముచేత - దండహస్తుని బంట్లఁదఱుమవచ్చు	true	[]	[]														pdy-v-00613		
pdy-teytageethi-0401	teytageethi	upajaathi	""	train	భళిర నేనీ మహామంత్రబలముచేత -\nదివ్యవైకుంఠ పదవి సాధింపవచ్చు\nభూషణవికాస! శ్రీధర్మపురనీవాస! -\nదుష్టసంహార! నరసింహ దురితదూర!	false	["seq"]	["seq"]	80	ి	ీ	lengthen	2	11	శ్రీధర్మపురనీవాస	false	2	3	36	||U	["పు","ర","నీ"]	pdy-v-00614		
pdy-seesamu-0402	seesamu	upajaathi	""	train	ఆదినారాయణా! యనుచు నాలుకతోడఁ - బలుక నేర్చినవారి పాదములకు\nసాష్టాంగముగ నమస్కార మర్పణఁ జేసి - ప్రస్తుతించెదనయ్య బహువిధముల\nధరణిలో నరులెంత దండివారైనను - నిన్నుఁ గాననివారి నే స్మరింప\nమేము శ్రేష్ఠులమంచు మిడుకుచుండెడివారి - చెంతఁ జేరఁగఁబోను శేషశయన!	true	[]	[]														pdy-v-00615		
pdy-teytageethi-0402	teytageethi	upajaathi	""	train	పరమ సాత్త్వికులైన నీ భక్తవరుల -\nదాసులకు దాసుఁడను జుమీ ధాత్రిలోన\nభూషణవికాస! శ్రీధర్మపురనివాస! -\nదుష్టసంహార! నరసింహ దురితదూర!	true	[]	[]														pdy-v-00616		
pdy-teytageethi-0403	teytageethi	upajaathi	""	dev	నేను గోరిన దొక్కటే నీలవర్ణ -\nచయ్యనను మోక్షమిచ్చినఁ జాలూ నాకు\nభూషణవికాస! శ్రీధర్మపురనివాస! -\nదుష్టసంహార! నరసింహ దురితదూర!	false	["seq"]	["corr","seq"]	54	ు	ూ	lengthen	1	10	జాలూ	false	1	3	21	UUU	["జా","లూ","నా"]	pdy-v-00617		
pdy-teytageethi-0404	teytageethi	upajaathi	""	test	కల్ప వృక్షమువలె నీవు గల్గనింకఁ -\nబ్రజల లక్ష్యంబు నాకేల?పద్మనాభ\nభూషణవికాస! శ్రీధర్మపురనివాస! -\nదుష్టసంహార! నరసింహ దురితదూర!	true	[]	[]														pdy-v-00618		
pdy-seesamu-0406	seesamu	upajaathi	""	train	శ్రవణ రంధ్రముల నీసత్కథల్‌ పొగడంగ - లేశ మానందంబు లెనివాఁడు\nపుణ్యవంతులు నిన్నుఁబూజసేయఁగఁ జూచి - భావమం దుత్సాహపడనివాఁడు\nభక్తవర్యులు నీ ప్రభావముల్‌ పొగడంగఁ - దత్పరత్వములేక తలఁగువాఁడు\nతనచిత్తమందు నీ ధ్యానమెన్నఁడు లేక - కాలమంతయు వృథాగడుపువాఁడు	false	["seq"]	["corr","seq"]	49	ే	ె	shorten	0	21	లెనివాఁడు	false	1	2	21	||U	["లె","ని","వా"]	pdy-v-00619		
pdy-seesamu-0407	seesamu	upajaathi	""	test	గౌతమీస్నానానఁ గడతేఱుద మఁటన్న - మొనసి చన్నీళ్లలో మునుఁగలేను\nతీర్థయాత్రలచేఁ గృతార్థుఁ డౌద మఁటన్న - బడలి నేమంబు లే నడుపలేను\nదాన ధర్మముల సద్గతిని జెందుదమన్న - ఘనముగా నా యొద్ద ధనము లేదు\nతపమాచరించి సార్థకత నొందుదమన్న - నిమిషమైన మనస్సు నిలుపలేను	true	[]	[]														pdy-v-00620		
pdy-teytageethi-0408	teytageethi	upajaathi	""	train	జలజదళనేత్ర ని భక్తజనులతోడి -\nజగడమాడెడు పనికంటెఁ జావు మేలు\nభూషణవికాస! శ్రీధర్మపురనివాస! -\nదుష్టసంహార! నరసింహ దురితదూర!	false	["seq"]	["corr","seq"]	12	ీ	ి	shorten	0	7	ని	true	0	2	7	|U||	["ని","భ","క్త","జ"]	pdy-v-00621		
pdy-seesamu-0409	seesamu	upajaathi	""	train	గార్దభంబునకేల కస్తూరి తిలకంబు? - మర్కటంబునకేల మలయజంబు?\nశార్దూలమునకేల శర్కరాపూపంబు? - సూకరంబునకేల చూతఫలము?\nమార్జాలమునకేల మల్లేపువ్వులబంతి? - గుడ్లగూబకునేల కుండలములు?\nమహిషానికేల నిర్మలమైన వస్త్రముల్‌? - బకసంతతికినేల పంజరంబు?	false	["seq"]	["seq"]	124	ె	ే	lengthen	2	8	మల్లేపువ్వులబంతి	false	4	2	58	UUU|	["మ","ల్లే","పు","వ్వు"]	pdy-v-00622		
pdy-teytageethi-0411	teytageethi	upajaathi	""	train	మాట నిలుకడ సుంకరిమోటు కేల? -\nచెవిటివానికి సత్కథాశ్రవణ మేల?\nభూషణవికాస! శ్రీధర్మపురనివాస! -\nదుష్టసంహార! నరసింహ దురితదూర!	true	[]	[]														pdy-v-00623		
pdy-seesamu-0413	seesamu	upajaathi	""	train	తల్లిగర్భము నుండి ధనము తేఁ డెవ్వఁడు - వెళ్లిపోయెడినాఁడు వెంటరాదు\nలక్షాధికారైన లవణ మన్నమె కాని - మెఱుఁగు బంగారంబు మ్రింగఁబోఁడు\nవిత్త మార్జనఁ జేసి విఱ్ఱవీఁగుటె కాని - కూడఁబెట్టిన సొమ్ము తోడరాదు\nపొందుగా మఱుఁగైన భూమిలోపలఁ బెట్టి - దానధర్మము లేక దాఁచి దాఁచి	true	[]	[]														pdy-v-00624		
pdy-seesamu-0414	seesamu	upajaathi	""	dev	లోకమం దెవఁడైన లోభి మానవుఁ డున్న - భిక్ష మర్థికిఁ జేతఁ బెట్టలేఁడు\nతాను బెట్టకయున్న తగవు పుట్టదుగాని - యొరులు పెట్టఁగఁ జూచి యోర్వలేఁడు\nదాత దగ్గఱఁ జేరి తన ముల్లె చెడినట్లు - జిహ్వతోఁ జాడీలు చెప్పుచుండు\nఫలము విఘ్నంబైన బలు సంతసమునందు - మేలు కల్గినఁ జాల మిడుకుచుండు	true	[]	[]														pdy-v-00625		
pdy-teytageethi-0414	teytageethi	upajaathi	""	test	శ్రీరమానాథ! యిటువంటిక్రూరునకును -\nభిక్షకుల శత్రువని పేరు పెట్టవచ్చు\nభూషణవికాస! శ్రీధర్మపూరనివాస! -\nదుష్టసంహార! నరసింహ దురితదూర!	false	["seq"]	["seq"]	88	ు	ూ	lengthen	2	9	శ్రీధర్మపూరనివాస	false	2	4	39	|U|	["ని","వా","స"]	pdy-v-00626		
pdy-teytageethi-0415	teytageethi	upajaathi	""	dev	కమలనాభ నీ మహిమలు గానలేని -\nతుచ్ఛులకు ముక్తి దొరకుట దుర్లభంబు\nభూషణవికాస! శ్రీధర్మపురనివాస! -\nదుష్టసంహార! నరసింహ దురితదూర!	true	[]	[]														pdy-v-00627		
pdy-seesamu-0416	seesamu	upajaathi	""	test	నీలమేఘశ్యామ! నీవె తండ్రివి మాకు - కమలవాసిని మమ్ముఁగన్న తల్లి\nనీ భక్త వరులంత నిజమైన బాంధవుల్‌ - నీ కటాక్షము మా కనేక ధనము\nని కీర్తనలు మాకు లోక ప్రపంచంబు - నీ సహాయము మాకు నిత్యసుఖము\nనీ మంత్రమే మాకు నిష్కళంకపు విద్య - నీ పద ధ్యానంబు నిత్యజపము	false	["seq"]	["corr","seq"]	121	ీ	ి	shorten	2	0	ని	true	4	0	51	|U||	["ని","కీ","ర్త","న"]	pdy-v-00628		
pdy-teytageethi-0417	teytageethi	upajaathi	""	dev	నాఁటి కిప్పుడె చేతు నీనామ భజన -\nతలఁచెదను జెవి నిడవయ్య! ధైర్యముగను\nభూషణవికాస! శ్రీధర్మపురనివాస! -\nదుష్టసంహార! నరసింహ దురితదూర!	true	[]	[]														pdy-v-00629		
pdy-teytageethi-0418	teytageethi	upajaathi	""	test	మరణమే నిశ్చయము బుద్ధీమంతుఁడైన -\nదేహమున్నంతలో మిమ్ముఁదెలియవలయు\nభూషణవికాస! శ్రీధర్మపురనివాస! -\nదుష్టసంహార! నరసింహ దురితదూర!	false	["seq"]	["seq"]	20	ి	ీ	lengthen	0	9	బుద్ధీమంతుఁడైన	false	0	2	6	||UU	["య","ము","బు","ద్ధీ"]	pdy-v-00630		
pdy-teytageethi-0419	teytageethi	upajaathi	""	train	చుట్టముల మీఁది భ్రమదీసి చూరఁ జెక్కి -\nసంతతమూ మిమ్ము నమ్ముట సార్థకంబు\nభూషణవికాస! శ్రీధర్మపురనివాస! -\nదుష్టసంహార! నరసింహ దురితదూర!	false	["seq"]	["seq"]	43	ు	ూ	lengthen	1	3	సంతతమూ	false	1	1	16	|UU|	["త","మూ","మి","మ్ము"]	pdy-v-00631		
pdy-teytageethi-0420	teytageethi	upajaathi	""	train	మోక్షదాయక! యిటువంటి మూర్ఖజనుని -\nకష్టపెట్టిన నీకేమీ కడుపునిండు\nభూషణవికాస! శ్రీధర్మపురనివాస! -\nదుష్టసంహార! నరసింహ దురితదూర!	false	["seq"]	["corr","seq"]	50	ి	ీ	lengthen	1	7	నీకేమీ	false	1	2	19	UUU|	["నీ","కే","మీ","క"]	pdy-v-00632		
pdy-teytageethi-0422	teytageethi	upajaathi	""	train	బంకజాతాక్ష! నె నతిపాతకుఁడను -\nదప్పులన్నియు క్షమియింపఁ దండ్రి వీవె!\nభూషణవికాస! శ్రీధర్మపురనివాస! -\nదుష్టసంహార! నరసింహ దురితదూర!	false	["seq"]	["corr","seq"]	13	ే	ె	shorten	0	5	నె	true	0	4	12	|U|	["ను","ద","ప్పు"]	pdy-v-00633		
pdy-teytageethi-0423	teytageethi	upajaathi	""	dev	దన్ను విడిపింప వచ్చెడి ధన్యుఁడేడి -\nముందు నీ దాసుఁడైయున్న ముక్తి గలుగు\nభూషణవికాస! శ్రీధర్మపురనివాస! -\nదుష్టసంహార! నరసింహ దురితదూర!	true	[]	[]														pdy-v-00634		
pdy-teytageethi-0424	teytageethi	upajaathi	""	train	పక్షివాహన! మావంటిభిక్షుకులకూ -\nశక్తిలేదాయె నిఁక నీవెచాటు మాకు\nభూషణవికాస! శ్రీధర్మపురనివాస! -\nదుష్టసంహార! నరసింహ దురితదూర!	false	["seq"]	["seq"]	27	ు	ూ	lengthen	0	12	మావంటిభిక్షుకులకూ	false	0	4	10	||U	["కు","ల","కూ"]	pdy-v-00635		
pdy-seesamu-0425	seesamu	upajaathi	""	train	భుజబలంబునఁ బెద్దపులులఁ జంపఁగవచ్చు - పాము కంఠముఁ చేతఁబట్టవచ్చు\nబ్రహ్మరాక్షసకోట్ల బాఱఁద్రోలఁగవచ్చు - మనుజుల రోగముల్‌ మాన్పవచ్చు\nజిహ్వ కిష్టముగాని చేఁదు మ్రింగఁగవచ్చు - పదును ఖడ్గముచేత నదుమవచ్చుఁ\nగష్టమొందుచు ముండ్లకంపలోఁ జొరవచ్చుఁ - దిట్టుఁబోతుల నోళ్లు కట్టవచ్చూఁ	false	["seq"]	["seq"]	258	ు	ూ	lengthen	3	24	కట్టవచ్చూఁ	false	7	3	102	UU	["వ","చ్చూ"]	pdy-v-00636		
pdy-teytageethi-0426	teytageethi	upajaathi	""	train	జిత్త మన్యస్థలంబునఁ జేరకుండ -\nనీ పదాంభోజములయందు నిలుపరాదు\nభూషణవికాస! శ్రీధర్మపురనివాస! -\nదుష్టసంహార! నరసింహ దురితదూర!	true	[]	[]														pdy-v-00637		
pdy-seesamu-0428	seesamu	upajaathi	""	dev	భువనరక్షక! నిన్నుఁబొగడనేరని నోరు - ప్రజకు గోచరమైన పాడుబొంద\nసురవరార్చిత! నిన్నుఁజూడఁగోరని కనుల్‌ - జలము లోపల నెల్లిసరపుగుండ్లు\nశ్రీరమాధిప! నీకుసేవఁజేయని మేను - కూలి కమ్ముడువోని కొలిమితిత్తి\nవేడ్కతో నీ కథల్‌వినని కర్ణములైనఁ - గఠినశిలాదులఁగలుగు తొలలు	true	[]	[]														pdy-v-00638		
pdy-teytageethi-0428	teytageethi	upajaathi	""	train	పద్మలోచన! నీ మీఁద భక్తిలేని -\nమానవుఁడు రెండుపాదాల మహిషమయ్య\nభూషణవికాస! శ్రీధర్మపురనివాస! -\nదుష్టసంహార! నరసింహ దురితదూర!	true	[]	[]														pdy-v-00639		
pdy-teytageethi-0429	teytageethi	upajaathi	""	train	యితర కామంబుఁ గోరక సతతముగను -\nభక్తి నీయందు నిలుపుట ముక్తికొఱకె\nభూషణవికాస! శ్రీధర్మపురనివాస! -\nదుష్టసంహార! నరసింహ దురితదూర!	true	[]	[]														pdy-v-00640		
pdy-seesamu-0430	seesamu	upajaathi	""	train	ధరణిలో వేయేండ్లు తనువు నిల్వఁగబోదు - ధన మెప్పటికి శాశ్వతంబు గాదు\nదారసుతాదులు తనవెంట రాలేరు - భృత్యులు మృతినిఁ దప్పించలేరు\nబంధుజాలము తన్ను బ్రతికించూకోలేదు - బలపరాక్రమ మేమి పనికిరాదు\nఘనమైన సకల భాగ్యం బెంతఁ గల్గిన - గోచిమాత్రంబైనఁ గొనుచుఁబోఁడు	false	["seq"]	["seq"]	147	ు	ూ	lengthen	2	10	బ్రతికించూకోలేదు	false	4	2	58	||UU	["బ్ర","తి","కిం","చూ"]	pdy-v-00641		
pdy-teytageethi-0430	teytageethi	upajaathi	""	test	వెఱ్ఱికుక్కల భ్రమలన్నీ విడిచి నిన్ను -\nభజనఁ జేసెడివారికిఁ బరమసుఖము\nభూషణవికాస! శ్రీధర్మపురనివాస! -\nదుష్టసంహార! నరసింహ దురితదూర!	false	["seq"]	["seq"]	21	ి	ీ	lengthen	0	8	భ్రమలన్నీ	false	0	2	5	||UU	["భ్ర","మ","ల","న్నీ"]	pdy-v-00642		
pdy-teytageethi-0435	teytageethi	upajaathi	""	test	జీవుని ప్రయాణకాలంబు సిద్ధమైన -\nనిలుచునా దేహ మిందొక్క నిమిషమైన?\nభూషణవికాస! శ్రీధర్మపురనివాస! -\nదుష్టసంహార! నరసింహ దురీతదూర!	false	["seq"]	["seq"]	116	ి	ీ	lengthen	3	10	దురీతదూర	false	3	3	50	|U|	["దు","రీ","త"]	pdy-v-00643		
pdy-teytageethi-0436	teytageethi	upajaathi	""	train	ఎట్టి లౌకికవేషాలు గట్టుకొనిన -\nగురునిఁ జెందక సన్ముక్తి దొరకఁబోదు\nభూషణవికాస! శ్రీధర్మపురనివాస! -\nదుష్టసంహార! నరసింహ దురితదూర!	true	[]	[]														pdy-v-00644		
pdy-teytageethi-0438	teytageethi	upajaathi	""	train	మత్తులైనట్టి దుర్జాతిమనుజులెల్ల -\nనిన్నుఁ గనలేరు మొదటికే నీరజాక్ష!\nభూషణవికాస! శ్రీధర్మపురనివాస! -\nదుష్టసంహార! నరసింహ దురితదూర!	true	[]	[]														pdy-v-00645		
pdy-teytageethi-0439	teytageethi	upajaathi	""	dev	సూర్యశశినేత్ర! నీ చాటుఁజొచ్చి నాను -\nకలుషములు ద్రుంచి నన్నేలు కష్టమనక\nభూషణవికాస! శ్రీధర్మపురనివాస! -\nదుష్టసంహార! నరసింహ దురితదూర!	true	[]	[]														pdy-v-00646		
pdy-teytageethi-0440	teytageethi	upajaathi	""	train	దండ్రివై నీవు పరపీడ దగులఁజేయ -\nవాసిగల పేరు కపకీర్తి వచ్చునయ్య\nభూషణవికాస! శ్రీధర్మపూరనివాస! -\nదుష్టసంహార! నరసింహ దురితదూర!	false	["seq"]	["seq"]	82	ు	ూ	lengthen	2	9	శ్రీధర్మపూరనివాస	false	2	4	39	|U|	["ని","వా","స"]	pdy-v-00647		
pdy-teytageethi-0441	teytageethi	upajaathi	""	dev	నళినదళనేత్ర! నిన్ను నే నమ్మినాను -\nజేరి రక్షింపవే నన్ను శీఘ్రముగను\nభూషణవికాస! శ్రీధర్మపురనివాస! -\nదుష్టసంహార! నరసింహ దురితదూర!	true	[]	[]														pdy-v-00648		
pdy-teytageethi-0442	teytageethi	upajaathi	""	train	జీవకోట్లను బోషింప నీవెకాని -\nవేఱె యొక దాత లేఁడయ్య వెదకిచూడ\nభూషణవికాస! శ్రీధర్మపురనివాస! -\nదుష్టసంహార! నరసింహ దురితదూర!	true	[]	[]														pdy-v-00649		
pdy-teytageethi-0443	teytageethi	upajaathi	""	train	భూజనులలోన నే నప్రయోజకుఁడను -\nగనుక నీ సత్కటాక్షంబు గలుగఁజేయు\nభూషణవికాస! శ్రీధర్మపురనివాస! -\nదుష్టసంహార! నరసింహ దురితదూర!	true	[]	[]														pdy-v-00650		
pdy-seesamu-0444	seesamu	upajaathi	""	train	కమలలోచన! నన్నుఁ గన్నతండ్రివి గాన - నిన్ను నేమఱకుంటి నేను విడక\nయుదరపోషణకునై యొకరి నే నాశింప - నేర నా కన్నంబు నీవు నడుపు\nపెట్టలేనంటివా పిన్న పెద్దలలోనఁ - దగవు కిప్పుడూ దీయఁ దలఁచినాను\nధనము భారంబైనఁ దల కిరీటము నమ్ము - కుండలంబులు పైఁడిగొలుసు లమ్ము	false	["seq"]	["seq"]	164	ు	ూ	lengthen	2	18	కిప్పుడూ	false	5	1	70	|UU|	["ప్పు","డూ","దీ","య"]	pdy-v-00651		
pdy-teytageethi-0445	teytageethi	upajaathi	""	train	నేఁడు కరుణింపకుంటివా నిశ్చయముగఁ -\nదెగఁబడితి చూడు నీ తోడ జగడమునకు\nభూషణవికాస! శ్రీధర్మపురనివాస! -\nదుష్టసంహార! నరసింహ దురితదూర!	true	[]	[]														pdy-v-00652		
pdy-seesamu-0447	seesamu	upajaathi	""	train	పుండరీకాక్ష! నారెండు కన్నుల నిండ - నిన్నుఁ జూచెడి భాగ్యమెన్నఁడయ్య\nవాసిగా నా మనోవాంఛ దీరెడునట్లు - సొగసుగా నీ రూపు చూపవయ్య\nపాపకర్ముని కంటఁ బడకబోవుదమంచుఁ - బరుషమైన ప్రతిజ్ఞఁ బట్టినావె?\nవసుధలోఁ బతిత పావనుఁడ వీ వంచు నేఁ - బుణ్యవంతుల నోటఁ బొగడ వింటి	true	[]	[]														pdy-v-00653		
pdy-teytageethi-0448	teytageethi	upajaathi	""	train	బొందిలో నుండు ప్రాణముల్‌ పోయినంతఁ -\nగాటికే గానీ కొఱగాదు గవ్వకైన\nభూషణవికాస! శ్రీధర్మపురనివాస! -\nదుష్టసంహార! నరసింహ దురితదూర!	false	["seq"]	["corr","seq"]	46	ి	ీ	lengthen	1	4	గానీ	true	1	1	14	UUU|	["కే","గా","నీ","కొ"]	pdy-v-00654		
pdy-seesamu-0449	seesamu	upajaathi	""	dev	పలురోగములకు నీపాదతీర్థమె కాని - వలపు మందులు నాకు వలదు వలదు\nచెలిమిసేయుచు నీకు సేవఁ జేసెదఁ గాన - ని దాసకోటిలో నిలుపవయ్య\nగ్రహభయంబునకుఁ జక్రముఁ దలంచెదఁ గాని - ఘోరరక్షలు గట్టఁగోరనయ్య\nపాముకాటుకు నిన్నుఁభజనఁ జేసెదఁ గాని - దాని మంత్రము నేను తలఁపనయ్య	false	["seq"]	["corr","seq"]	96	ీ	ి	shorten	1	15	ని	true	3	0	44	|U|U	["ని","దా","స","కో"]	pdy-v-00655		
pdy-teytageethi-0449	teytageethi	upajaathi	""	train	దొరికితివి నాకు దండి వైద్యుఁడవు నీవు -\nవేయికష్టాలు వచ్చిన వెఱవనయ్య\nభూషణవికాస! శ్రీధర్మపురనివాస! -\nదుష్టసంహార! నరసింహ దురితదూర!	true	[]	[]														pdy-v-00656		
pdy-teytageethi-0450	teytageethi	upajaathi	""	train	నిటుల సంసారవారధి నీఁదలేక -\nవేయి విధముల నిన్ను నే వేఁడుకొంటి\nభూషణవికాస! శ్రీధర్మపురనివాస! -\nదుష్టసంహార! నరసింహ దురీతదూర!	false	["seq"]	["seq"]	113	ి	ీ	lengthen	3	10	దురీతదూర	false	3	3	49	|U|	["దు","రీ","త"]	pdy-v-00657		
pdy-seesamu-0451	seesamu	upajaathi	""	train	సాధు సజ్జనులతో జగడమాడినఁ గీడు - కవులతో వైరంబుఁ గాంచఁ గీడు\nపరమ దీనులఁ జిక్కఁబట్టి కొట్టినఁ గీడు - భిక్షగాండ్రను దుఃఖపెట్టఁ గీడు\nనిరుపేదలను జూచి నిందఁ జేసినఁ గీడు - పుణ్యవంతులఁ దిట్ట బొసఁగుఁ గీడు\nసద్భక్తులను దిరస్కారమాడినఁ గీడు - గురుని ద్రవ్యము దోఁచుకొనినఁ గీడు	true	[]	[]														pdy-v-00658		
pdy-teytageethi-0451	teytageethi	upajaathi	""	train	దుష్టకార్యము లొనరించు దుర్జనులకు -\nఘనతరంబైన నరకంబు గట్టిముల్లె\nభూషణవికాస! శ్రీధర్మపురనీవాస! -\nదుష్టసంహార! నరసింహ దురితదూర!	false	["seq"]	["seq"]	86	ి	ీ	lengthen	2	11	శ్రీధర్మపురనీవాస	false	2	3	37	||U	["పు","ర","నీ"]	pdy-v-00659		
pdy-teytageethi-0452	teytageethi	upajaathi	""	train	ప్రజల జంతుల హింసించు పాతకుండూ -\nకాలకింకర గదలచేఁ గష్టమొందు\nభూషణవికాస! శ్రీధర్మపురనివాస! -\nదుష్టసంహార! నరసింహ దురితదూర!	false	["seq"]	["corr","seq"]	28	ు	ూ	lengthen	0	12	పాతకుండూ	false	0	4	11	UUU	["కుం","డూ","కా"]	pdy-v-00660		
pdy-teytageethi-0453	teytageethi	upajaathi	""	train	సురవినుత! నేను నీచాటుఁ జొచ్చినాను -\nనా మొఱాలించి కడతేర్చు నాగశయన!\nభూషణవికాస! శ్రీధర్మపురనివాస! -\nదుష్టసంహార! నరసింహ దూరితదూర!	false	["seq"]	["seq"]	117	ు	ూ	lengthen	3	9	దూరితదూర	false	3	4	53	|U|	["త","దూ","ర"]	pdy-v-00661		
pdy-seesamu-0454	seesamu	upajaathi	""	test	నీ భక్తులను గనుల్‌ నిండఁ జూచియు రెండు - చేతుల జోహారు సేయువాఁడు\nనేర్పుతో నెవరైన నీకథల్‌ చెప్పంగ - వినయమందుచుఁ జాల వినెడువాఁడు\nతన గృహంబునకు నీదాసులు రాఁ జూచి - పీటపైఁ గూర్చుండఁ బెట్టువాఁడు\nనీ సేవకుల జాతినీతు లెన్నక చాల - దాసోహ మని చేరఁ దలఁచువాఁడు	true	[]	[]														pdy-v-00662		
pdy-teytageethi-0454	teytageethi	upajaathi	""	train	పరమభక్తుండు ధన్యుండు భానుతేజ! -\nవానిఁ గనుఁగొన్నఁ బుణ్యంబు వసుధలోన\nభూషణవికాస! శ్రీధర్మపురనివాస! -\nదుష్టసంహార! నరసింహ దురీతదూర!	false	["seq"]	["seq"]	119	ి	ీ	lengthen	3	10	దురీతదూర	false	3	3	50	|U|	["దు","రీ","త"]	pdy-v-00663		
pdy-teytageethi-0455	teytageethi	upajaathi	""	train	కొసకు ని సన్నిధికిఁ బిల్చుకొనియు నీకు -\nసేవకునిఁ జేసికొనవయ్య శేషశయన!\nభూషణవికాస! శ్రీధర్మపురనివాస! -\nదుష్టసంహార! నరసింహ దురితదూర!	false	["seq"]	["corr","seq"]	7	ీ	ి	shorten	0	3	ని	true	0	1	3	|U||	["ని","స","న్ని","ధి"]	pdy-v-00664		
pdy-teytageethi-0456	teytageethi	upajaathi	""	test	గర్వమునఁ గష్టపడి నిన్నుఁ గానకున్న -\nమోక్షసామ్రాజ్య మొందఁడు మోహనాంగ!\nభూషణవికాస! శ్రీధర్మపురనివాస! -\nదుష్టసంహార! నరసింహ దురితదూర!	true	[]	[]														pdy-v-00665		
pdy-teytageethi-0457	teytageethi	upajaathi	""	train	కుజనులను దెచ్చి ని సేవ కొరకుఁ బెట్ట -\nవాంఛతోఁ జేతురే భక్తవరుల వలెను?\nభూషణవికాస! శ్రీధర్మపురనివాస! -\nదుష్టసంహార! నరసింహ దురితదూర!	false	["seq"]	["corr","seq"]	17	ీ	ి	shorten	0	7	ని	true	0	2	7	|U||	["ని","సే","వ","కొ"]	pdy-v-00666		
pdy-seesamu-0458	seesamu	upajaathi	""	train	నీకు దాసుఁడ నంటి నిన్ను నమ్ముకయుంటిఁ - గాన నాపై నేఁడు కరుణఁజూడు\nదోసిలొగ్గితి నీకు ద్రోహ మెన్నఁగఁబోకు - పద్మలోచన! నేను పరుఁడగాను\nభక్తి నీపై నుంచి భజనఁ జేసెదఁ గాని - పరుల వేఁడను జుమ్మి వరము లిమ్ము\nదండిదాతవు నీవు తడవు సేయక కావు - ఘోరపాతకరాశిఁ గొట్టివైచి	true	[]	[]														pdy-v-00667		
pdy-teytageethi-0458	teytageethi	upajaathi	""	test	శీఘ్రముగఁ గోర్కె లీడేర్చి చింత దీర్చు -\nనిరతముగ నన్ను బోషించు నేనరు నుంచు\nభూషణవికాస! శ్రీధర్మపురనివాస! -\nదుష్టసంహార! నరసింహ దురితదూర!	false	["seq"]	["seq"]	63	ె	ే	lengthen	1	10	నేనరు	false	1	4	25	|U|	["రు","నుం","చు"]	pdy-v-00668		
pdy-teytageethi-0459	teytageethi	upajaathi	""	train	నలుగురికీ మెప్పుగానైన నడువ లేదు -\nనళినదళనేత్ర! నిన్ను నే నమ్మినాను\nభూషణవికాస! శ్రీధర్మపురనివాస! -\nదుష్టసంహార! నరసింహ దురితదూర!	false	["seq"]	["seq"]	8	ి	ీ	lengthen	0	4	నలుగురికీ	false	0	1	3	|UU|	["రి","కీ","మె","ప్పు"]	pdy-v-00669		
pdy-seesamu-0461	seesamu	upajaathi	""	train	వెఱ్ఱివానికి నేల వేదాక్షరంబులు? - మోటువానికి మంచిపాట లేల?\nపసులకాఁపరి కేల పరతత్త్వబోధలు? విటకాని కేటికో విష్ణుకథలు?\nవదరు శుంఠల కేల వ్రాఁత పుస్తకములు? - తిరుఁగు ద్రిమ్మరి కేల దేవపూజ?\nద్రవ్యలోభికి నేల దాతృత్వ గుణములు? - దొంగబంటుకు మంచిసంగ తేల?	true	[]	[]														pdy-v-00670		
pdy-teytageethi-0461	teytageethi	upajaathi	""	train	క్రూరజనులకు నీమీఁద గోరి కెల? -\nద్రోహి పాపాత్మునకు దయాదుఃఖ మేల?\nభూషణవికాస! శ్రీధర్మపురనివాస! -\nదుష్టసంహార! నరసింహ దురితదూర!	false	["seq"]	["corr","seq"]	25	ే	ె	shorten	0	11	కెల	false	0	4	11	||U	["కె","ల","ద్రో"]	pdy-v-00671		
pdy-teytageethi-0462	teytageethi	upajaathi	""	dev	దండిదొర వంచు నీ వెంటఁ దగిలినాను -\nనేఁడు ప్రత్యక్షమై నన్ను నిర్వహింపు\nభూషణవికాస! శ్రీధర్మపురనివాస! -\nదుష్టసంహార! నరసింహ దురితదూర!	true	[]	[]														pdy-v-00672		
pdy-teytageethi-0463	teytageethi	upajaathi	""	train	నిన్ను నమ్మిన భక్తుండు నిశ్చయముగఁ -\nగోరి చిల్లరవేల్పులఁ గొల్వఁబోఁఁడు\nభూషణవికాస! శ్రీధర్మపురనివాస! -\nదుష్టసంహార! నరసింహ దురితదూర!	true	[]	[]														pdy-v-00673		
pdy-seesamu-0464	seesamu	upajaathi	""	train	నే నెంత వేఁడిన నీకేల దయరాదు? - పలుమాఱు పిలిచినఁ బలుక వేమి?\nపలికిన నీ కున్న పద వేమి బోవు? నీ - మోమైనఁ బొడచూపవేమి నాకు?\nశరణుఁ జొచ్చినవాని సవరింపవలెఁ గాక - పరిహరించుట నీకు బిరుదు గాదూ\nనీ దాసులను నీవు నిర్వహింపక యున్నఁ - బరు లెవ్వ రగుదురు పంకజాక్ష!	false	["seq"]	["corr","seq"]	179	ు	ూ	lengthen	2	28	గాదూ	false	5	3	78	UUU	["గా","దూ","నీ"]	pdy-v-00674		
pdy-teytageethi-0464	teytageethi	upajaathi	""	train	దాత దైవంబు తల్లియుఁ దండ్రి వీవె -\nనమ్మియున్నాను ని పాదనళినములను\nభూషణవికాస! శ్రీధర్మపురనివాస! -\nదుష్టసంహార! నరసింహ దురితదూర!	false	["seq"]	["corr","seq"]	49	ీ	ి	shorten	1	5	ని	true	1	2	17	|U||	["ని","పా","ద","న"]	pdy-v-00675		
pdy-teytageethi-0465	teytageethi	upajaathi	""	train	నిన్నుఁ గొనియాడుచుండెనా నిశ్చయముగ -\nవాఁడు మోక్షాధికారి యీ వసుధలోన\nభూషణవికాస! శ్రీధర్మపురనివాస! -\nదుష్టసంహార! నరసింహ దురితదూర!	true	[]	[]														pdy-v-00676		
pdy-teytageethi-0466	teytageethi	upajaathi	""	dev	తామరస గర్భ! హర పురందరులకైన -\nనిన్ను వర్ణింపఁ దరమౌనె నీరజాక్ష!\nభూషణవికాస! శ్రీధర్మపురనివాస! -\nదుష్టసంహార! నరసింహ దురితదూర!	true	[]	[]														pdy-v-00677		
pdy-teytageethi-0467	teytageethi	upajaathi	""	train	అమల! కమలాక్ష! నేనిట్లు శ్రమపడంగఁ -\nగన్నులకుఁ బండువై నీకుఁ గానఁబడునె?\nభూషణవికాస! శ్రిధర్మపురనివాస! -\nదుష్టసంహార! నరసింహ దురితదూర!	false	["seq"]	["corr","seq"]	83	ీ	ి	shorten	2	6	శ్రిధర్మపురనివాస	false	2	2	35	|U||	["శ్రి","ధ","ర్మ","పు"]	pdy-v-00678		
pdy-teytageethi-0468	teytageethi	upajaathi	""	dev	గోపగాఁడను నీవు నా గుణము తెలిసి -\nయిప్పుడే నన్ను రక్షించి యేలుకొమ్ము\nభూషణవికాస! శ్రీధర్మపురనివాస! -\nదుష్టసంహార! నరసింహ దురితదూర!	true	[]	[]														pdy-v-00679		
pdy-teytageethi-0469	teytageethi	upajaathi	""	train	నీకు వీరంద ఱయినట్లు నేను గాన? -\nయెందుకని నన్ను రక్షింప విందువదన?\nభూషణవికాస! శ్రీధర్మపురనివాస! -\nదుష్టసంహార! నరసింహ దురితదూర!	true	[]	[]														pdy-v-00680		
pdy-teytageethi-0470	teytageethi	upajaathi	""	dev	భక్తులకు నీవు పెట్టుట భాగ్యమౌను -\nవారి కాశించితివి తిండివాఁడ వగుచు\nభూషణవికాస! శ్రీధర్మపురనివాస! -\nదుష్టసంహార! నరసింహ దురితదూర!	true	[]	[]														pdy-v-00681		
pdy-teytageethi-0471	teytageethi	upajaathi	""	dev	వారివలె నన్నుఁ బోషింప వశముగాదె? -\nయింత వలపక్ష మేల శ్రీకాంత! నీకు?\nభుషణవికాస! శ్రీధర్మపురనివాస! -\nదుష్టసంహార! నరసింహ దురితదూర!	false	["seq"]	["corr","seq"]	67	ూ	ు	shorten	2	0	భుషణవికాస	false	2	1	30	|U|U	["వి","కా","స","శ్రీ"]	pdy-v-00682		
pdy-teytageethi-0473	teytageethi	upajaathi	""	train	ప్రతిదినము నీదు భజనచేఁ బరఁగునట్టి -\nవానికే వంక లేదయ్య వచ్చు ముక్తి\nభూషణవికాస! శ్రీధర్మపురనివాస! -\nదుష్టసంహార! నరసింహ దురితదూర!	true	[]	[]														pdy-v-00683		
pdy-teytageethi-0474	teytageethi	upajaathi	""	test	నిలను నీకీర్తనలు పాడనేర్చినతఁడు -\nపరులకీర్తనఁ బాడునే యరసి చూడ?\nభూషణవికాస! శ్రీధర్మపురనివాస! -\nదుష్టసంహార! నరసింహ దురితదూర!	true	[]	[]														pdy-v-00684		
pdy-seesamu-0475	seesamu	upajaathi	""	dev	సర్వేశ! నీపాదసరసిజ ద్వయమందుఁ - జిత్త ముంపఁగలేను జెదరకుండ\nనీవైన దయయుంచి నిలిచి యుండెడునట్లు - చేరి నన్నిపుడేలు సేవకుఁడను\nవనజలోచన! నేనువట్టి మూర్ఖుఁడఁ జుమ్మి - నీ స్వరూపముఁ జూడ నేర్పు వేగ\nతన కుమారుల కుగ్గు తల్లి వోసినయట్లు - భక్తిమార్గంబను పాలు పోసి	true	[]	[]														pdy-v-00685		
pdy-teytageethi-0478	teytageethi	upajaathi	""	train	నమ్మరాదయ్య! యిది మాయనాటకంబు -\nజన్మమిఁక నొల్ల నన్నేలు జలజనాభ!\nభూషణవికాస! శ్రీధర్మపురనివాస! -\nదుష్టసంహార! నరసింహ దురితదూర!	true	[]	[]														pdy-v-00686		
pdy-teytageethi-0479	teytageethi	upajaathi	""	train	స్వప్నమున నైన నేవేళ సంతతమును -\nబుద్ధి నీ పాదములయందుఁ బూనియుండు\nభూషణవికాస! శ్రీధర్మపురనివాస! -\nదుష్టసంహార! నరసింహ దురితదూర!	true	[]	[]														pdy-v-00687		
pdy-seesamu-0480	seesamu	upajaathi	""	train	పద్మాక్ష! మమతచేఁ బరము నందెద మంచు - విఱ్ఱవీఁగుదుమయ్య వెఱ్ఱిపట్టి\nమాస్వతంత్రంబైన మదము గండ్లకుఁ గప్పి - మొగము పట్టదు కామమోహమునను\nబ్రహ్మదేవుండైనఁ బైడిదేహము గల్గఁ - జేసివేయక మమ్ముఁ జెఱిచె నతఁడు\nతుచ్ఛమైనటువంటి తొలెమ్ముకల తోడి - ముఱికి చెత్తలు చేర్చి మూట కట్టె	false	["seq"]	["seq"]	205	ో	ొ	shorten	3	7	తొలెమ్ముకల	false	6	2	86	|U||	["తొ","లె","మ్ము","క"]	pdy-v-00688		
pdy-seesamu-0481	seesamu	upajaathi	""	dev	గరుడవాహన! దివ్యకౌస్తుభాలంకార! - రవికోటితేజ! సారంగవదన!\nమణిగణాన్విత! హేమమకుటాభరణ! చారు - మకరకుండల! లసన్మందహాస!\nకాంచనాంబర! రత్నకాంచీవిభూషిత! - సురవరార్చిత! చంద్రసూర్యనయన!\nకమలనాభ! ముకుంద! గంగాధరస్తుత! - రాక్షసాంతక! నాగరాజశయన!	true	[]	[]														pdy-v-00689		
pdy-teytageethi-0481	teytageethi	upajaathi	""	train	పతితపావన! లక్ష్మీశ! బ్రహ్మజనక! -\nభక్తవత్సల! సర్వేశ! పరమపురుష!\nభూషణవికాస! శ్రీధర్మపురనివాస! -\nదుష్టసంహార! నరసింహ దూరితదూర!	false	["seq"]	["seq"]	113	ు	ూ	lengthen	3	9	దూరితదూర	false	3	4	53	|U|	["త","దూ","ర"]	pdy-v-00690		
pdy-teytageethi-0482	teytageethi	upajaathi	""	train	వనజలోచన! యిటువంటివైభవములు -\nసొగసుగా నీకుఁ దోఁచెనో సుందరాంగ?\nభూషణవికాస! శ్రీధర్మపురనీవాస! -\nదుష్టసంహార! నరసింహ దురితదూర!	false	["seq"]	["seq"]	83	ి	ీ	lengthen	2	11	శ్రీధర్మపురనీవాస	false	2	3	37	||U	["పు","ర","నీ"]	pdy-v-00691		
pdy-teytageethi-0483	teytageethi	upajaathi	""	train	యెందుఁ బోవక నేను నీ మందిరమున -\nనిలిచితిని నీకు నామీఁద నెనరు లేదు\nభూషణవికాస! శ్రీధర్మపురనివాస! -\nదుష్టసంహార! నరసింహ దురితదూర!	true	[]	[]														pdy-v-00692		
pdy-teytageethi-0484	teytageethi	upajaathi	""	train	నీకు నావిద్య హర్షంబుగాక యున్న -\nతేపతేపకు వేషముల్‌ దేను సుమ్మి\nభూషణవికాస! శ్రిధర్మపురనివాస! -\nదుష్టసంహార! నరసింహ దురితదూర!	false	["seq"]	["corr","seq"]	76	ీ	ి	shorten	2	6	శ్రిధర్మపురనివాస	false	2	2	30	|U||	["శ్రి","ధ","ర్మ","పు"]	pdy-v-00693		
pdy-seesamu-0486	seesamu	upajaathi	""	train	భువనేశ! గోవింద! రవికోటిసంకాశ! - పక్షివాహన! భక్తపారిజాత!\nయంభోజభవరుద్ర జంభారిసన్నుత! - సామగానవిలోల! సారసాక్ష!\nవనధిగంభీర! శ్రీవత్స కౌస్తుభవక్ష! - శంఖచక్ర గదాసి శార్ఙ్గహస్త!\nదీనరక్షక! వాసూదేవ! దైత్యవినాశ! - నారదార్చిత! దివ్యనాగశయన!	false	["seq"]	["seq"]	183	ు	ూ	lengthen	3	6	వాసూదేవ	false	6	1	77	||UU	["క్ష","క","వా","సూ"]	pdy-v-00694		
pdy-teytageethi-0486	teytageethi	upajaathi	""	train	చారు నవరత్నకుండల శ్రవణయుగళ! -\nవిబుధవందిత పాదాబ్జ! విశ్వరూప!\nభూషణవికాస! శ్రీధర్మపురనివాస! -\nదుష్టసంహార! నరసింహ దురితదూర!	true	[]	[]														pdy-v-00695		
pdy-seesamu-0487	seesamu	upajaathi	""	train	నాగేంద్రశయన! నీనామమాధుర్యంబు - మూఁడుకన్నుల సాంబమూర్తి కెఱుక\nపంకజాతాక్ష! నీ బలపరాక్రమ మెల్ల - భారతీపతి యైన బ్రహ్మ కెఱుక\nమధుకైటభారి! నీ మాయాసమర్థత - వసుధలో బలిచక్రవర్తి కెఱుక\nపరమాత్మ! నీదగు పక్షపాతిత్వంబు - దశశతాక్షుల పురందరుని కెఱుక	true	[]	[]														pdy-v-00696		
pdy-teytageethi-0487	teytageethi	upajaathi	""	train	వీరి కెఱుకగు నీకథల్‌ వింత లెల్ల -\nనరుల కెఱూకన్న నెవరైన నవ్విపోరె?\nభూషణవికాస! శ్రీధర్మపురనివాస! -\nదుష్టసంహార! నరసింహ దురితదూర!	false	["seq"]	["seq"]	42	ు	ూ	lengthen	1	4	కెఱూకన్న	false	1	1	16	|UU|	["కె","ఱూ","క","న్న"]	pdy-v-00697		
pdy-teytageethi-0488	teytageethi	upajaathi	""	train	లావు గలవాఁడ వైతి వేలాగూ నేను -\nనిన్నుఁ జూతును నా తండ్రి నీరజాక్ష!\nభూషణవికాస! శ్రీధర్మపురనివాస! -\nదుష్టసంహార! నరసింహ దురితదూర!	false	["seq"]	["corr","seq"]	22	ు	ూ	lengthen	0	10	వేలాగూ	false	0	3	9	UUU	["లా","గూ","నే"]	pdy-v-00698		
pdy-seesamu-0489	seesamu	upajaathi	""	train	నీకథల్‌ చెవులలో సోఁకుట మొదలుగాఁ - బులకాంకురము మేనఁ బుట్టువాఁడు\nనయమైన నీ దివ్యనామకీర్తనలోన - మగ్నుఁడై దేహంబు మఱచువాఁడు\nఫాలంబుతో నీదు పాదయుగ్మమునకుఁ - బ్రేమతోఁ దండ మర్పించువాఁడు\nహా పుండరీకాక్ష! హా రామ! హరీ! యంచు - వేడ్కతోఁ గేకలు వేయువాఁడు	false	["seq"]	["seq"]	202	ి	ీ	lengthen	3	10	హరీ	true	6	3	83	|UU|	["హ","రీ","యం","చు"]	pdy-v-00699		
pdy-teytageethi-0489	teytageethi	upajaathi	""	train	చిత్తకమలంబునను నిన్నుఁ జేర్చువాఁడు -\nనీదు లోకంబు నందుండు నీరజాక్ష!\nభూషణవీకాస! శ్రీధర్మపురనివాస! -\nదుష్టసంహార! నరసింహ దురితదూర!	false	["seq"]	["seq"]	72	ి	ీ	lengthen	2	3	భూషణవీకాస	false	2	1	28	|UU|	["ణ","వీ","కా","స"]	pdy-v-00700		
pdy-seesamu-0491	seesamu	upajaathi	""	train	నవ సరోజదళాక్ష! నన్నుఁ బోషించెడు - దాతవు నీవంచు ధైర్యపడితి\nనా మనంబున నిన్ను నమ్మినందుకుఁ దండ్రి! - మేలు నా కొనరింపు నీలదేహ!\nభళిభళీ! నీ యంత ప్రభువు నెక్కడఁ జూడఁ - బుడమిలో ని పేరు పొగడవచ్చు\nముందుఁ జేసిన పాపమును నశింపఁగఁ జేసి - నిర్వహింపుము నన్ను నేర్పుతోడఁ	false	["seq"]	["corr","seq"]	170	ీ	ి	shorten	2	19	ని	true	5	1	69	|U||	["ని","పే","రు","పొ"]	pdy-v-00701		
pdy-teytageethi-0491	teytageethi	upajaathi	""	train	బరమ సంతోషమాయె నా ప్రాణములకు -\nనీ ఋణము దీర్చుకొననేర నీరజాక్ష!\nభూషణవికాస! శ్రీధర్మపురనివాస! -\nదుష్టసంహార! నరసింహ దురితదూర!	true	[]	[]														pdy-v-00702		
pdy-teytageethi-0492	teytageethi	upajaathi	""	train	స్వామి ని భక్తవరులు దుర్జనులతోడఁ -\nజెలిమిఁ జేసిన యట్లైనఁ జేటు వచ్చు\nభూషణవికాస! శ్రీధర్మపురనివాస! -\nదుష్టసంహార! నరసింహ దురితదూర!	false	["seq"]	["corr","seq"]	8	ీ	ి	shorten	0	2	ని	true	0	1	2	|U||	["ని","భ","క్త","వ"]	pdy-v-00703		
pdy-teytageethi-0493	teytageethi	upajaathi	""	train	సకలవైభవములు నీకు సార్వభౌమ! -\nనిత్యకల్యాణములు నగు నీకు నెపుడు\nభూషణవికాస! శ్రీధర్మపురనివాస! -\nదుష్టసంహార! నరసింహ దురితదూర!	true	[]	[]														pdy-v-00704		
pdy-teytageethi-0494	teytageethi	upajaathi	""	dev	యుందు రరవిందనయన! నీయునికిఁ దెలియు -\nవారలకు వేగ మోక్షంబు వచ్చు ననఘ!\nభూషణవికాస! శ్రీధర్మపురనివాస! -\nదుష్టసంహార! నరసింహ దురితదుర!	false	["seq"]	["seq"]	123	ూ	ు	shorten	3	12	దురితదుర	false	3	4	56	||	["దు","ర"]	pdy-v-00705		
pdy-seesamu-0496	seesamu	upajaathi	""	test	లక్ష్మీశ! నీ దివ్యలక్షణ గుణముల - వినఁజాల కెప్పుడు వెఱ్ఱినైతి\nనావెఱ్ఱిగుణములు నయముగా ఖండించి - నన్ను రక్షింపుమో నళిననేత్ర!\nనిన్ను నే నమ్మితి నితరదైవముల నే - నమ్మలేదెప్పుడు నాగశయన!\nకాపాడినను నీవె కష్టపెట్టిన నీవే - నీ పాదకమలముల్‌ నిరత మేను	false	["seq"]	["seq"]	209	ె	ే	lengthen	3	13	నీవే	true	6	3	84	||UU	["ట్టి","న","నీ","వే"]	pdy-v-00706		
pdy-teytageethi-0496	teytageethi	upajaathi	""	train	నమ్మియున్నాను ని పాదనళినభక్తి -\nవేగ దయచేసి రక్షింపు వేదవిద్య!\nభూషణవికాస! శ్రీధర్మపురనివాస! -\nదుష్టసంహార! నరసింహ దురితదూర!	false	["seq"]	["corr","seq"]	15	ీ	ి	shorten	0	5	ని	true	0	2	5	|U||	["ని","పా","ద","న"]	pdy-v-00707		
pdy-teytageethi-0497	teytageethi	upajaathi	""	test	ననుచుఁ బలూమాఱు వేఁడెద నబ్జనాభ! -\nనాకుఁ బ్రత్యక్ష మగుము నిన్‌ నమ్మినాను\nభూషణవికాస! శ్రీధర్మపురనివాస! -\nదుష్టసంహార! నరసింహ దురితదూర!	false	["seq"]	["seq"]	9	ు	ూ	lengthen	0	4	బలూమాఱు	false	0	1	3	|UU|	["బ","లూ","మా","ఱు"]	pdy-v-00708		
pdy-saardulamu-0166	saardulamu	vruttamu	""	test	కొంకం గారణ మేమి ధర్మములు పెక్కుల్ చేసి మర్త్యుండు నీ\nవంకం జిత్తము నిల్పలేక పెరత్రోవల్ త్రొక్కినన్ సర్వముం\nబొంకై పోవుఁ; గురంగనేత్ర తగునోముల్ వేయునున్ నోచి తా\nఱంకాడంగఁ దొడంగినట్లు రఘూవీరా! జానకీనాయకా!	false	["seq"]	["seq"]	180	ు	ూ	lengthen	3	10	రఘూవీరా	false	3	3	66	|UU	["ర","ఘూ","వీ"]	pdy-v-00709		
pdy-mattebhamu-0367	mattebhamu	vruttamu	""	test	వడి మిఱంగ నమోఘమై నిగుడు నీ వాలమ్ము వాలమ్ముఁ దాఁ\nకెడు నంచున్ మెడ యొడ్డినన్ జమరిపైఁ గీల్కొన్న కారుణ్య మే\nర్పడ మున్నేసిన యమ్ము వేఱె యొక నారాచమ్మునం ద్రుంచి పే\nర్పడి తౌరా విలుకాండ్రలోన రఘువీరా! జానకీనాయకా!	false	["seq"]	["seq"]	5	ీ	ి	shorten	0	2	మిఱంగ	false	0	0	0	|||	["వ","డి","మి"]	pdy-v-00710		
pdy-mattebhamu-0368	mattebhamu	vruttamu	""	train	చెడుగన్, గష్టుఁడ, దుష్టచిత్తుఁడఁ, బరస్త్రీలోలుఁడన్, బాలుఁడ\nన్ జడుఁడన్, మూఢుఁడఁ, గొండెకాఁడను, దురాచారి, న్నిషిద్ధాత్ముఁడ\nన్ గడుసంగాకరిఁ గల్ల గుల్లఁ గపటిన్ గర్విన్ ననుం గావు ము\nఱడి యున్నాఁడను నీవె దిక్కు రఘువీరా! జానకీనాయకా!	false	["seq"]	["seq"]	173	ూ	ు	shorten	2	19	ము	true	2	6	58	||	["వు","ము"]	pdy-v-00711		
pdy-saardulamu-0174	saardulamu	vruttamu	""	train	దాతల్ ద్రాతలు తల్లిదండ్రులు మఱిన్ దైవంబు లాప్తుల్ చెలు\nల్ భ్రాత ల్దక్కినవారు చుట్టములు మీపాదాలపై నాన నా\nదాత ల్ద్రాతలు తల్లిదండ్రులు మఱిన్ దైవంబు లాప్తుల్ చెలు\nల్ భ్రాతల్ సర్వము నీవె కావె రఘువీరా! జానకీనాయకా!	true	[]	[]														pdy-v-00712		
pdy-mattebhamu-0371	mattebhamu	vruttamu	""	train	శ్రుతిపాథోధి మథించి శాస్త్రమహిమ ల్శోధించి యష్టాదశ\nస్మృతు లాలించి మహేతిహాసకథలుం జింతించి తా రొక్క స\nమ్మతమై సన్మును లాచరించిన మహామార్గంబు నీసేవ; దు\nర్మతు లీమార్గముఁ గానలేరు రఘువీరా! జానకీనాయకా!	true	[]	[]														pdy-v-00713		
pdy-mattebhamu-0373	mattebhamu	vruttamu	""	train	సుతు లంచున్ హితు లంచు బంధుజను లంచుం దల్లులుం దండ్రులు\nన్ సతులుం బౌత్రులు నంచు నెంచుకొనుచున్ సంసారమోహాబ్ధిలో\nగతజన్మంబులఁ దేలుచున్ మునుఁగుచున్ గర్వించి యే ని న్ననా\nరతముం గొల్వని మోస గల్గె రఘువీరా! జానకీనాయకా!	true	[]	[]														pdy-v-00714		
pdy-saardulamu-0177	saardulamu	vruttamu	""	train	విందున్ వేదపురాణశాస్త్రముల గోవిందున్ ముకుందున్ హరి\nన్ విందున్ వేల్పులలోన భక్తసులభున్ విశ్వంభరున్ సచ్చిదా\nనందున్ నందుఁడు కన్న చిన్నశిశువున్ నాపాలి పాపాళిఁ బా\nఱం దోలంగ నృసింహు నిన్ను రఘూవీరా! జానకీనాయకా!	false	["seq"]	["seq"]	183	ు	ూ	lengthen	3	10	రఘూవీరా	false	3	3	66	|UU	["ర","ఘూ","వీ"]	pdy-v-00715		
pdy-mattebhamu-0376	mattebhamu	vruttamu	""	dev	వృథగా దెవ్వఁడు నిన్నుఁ గొల్చినఁ గృపన్ వీక్షించి వాఁ డేమనో\nరథముల్ వేఁడిన నట్లె సేయుదువూగా రక్షావిధేయుండవై\nకథగాదీ వచనంబు నిక్క మటులే కాదేని మున్నేల సా\nరథివై తర్జునుతేరిఁ దోల రఘువీరా! జానకీనాయకా!	false	["seq"]	["seq"]	85	ు	ూ	lengthen	1	11	సేయుదువూగా	false	1	3	29	||U	["యు","దు","వూ"]	pdy-v-00716		
pdy-mattebhamu-0377	mattebhamu	vruttamu	""	train	ఘనసారంబును లోనికిం గొనిన శ్రీగంధంబుఁ బైఁ బూసిన\nన్ దినమున్ మర్దనఁ జేసినం గడిగినన్ దిష్టంబూలోనం దొలం\nగని దుర్గంధము నైజ మీముఱికి డొక్కల్ నమ్మి ని న్గొల్వనే\nరని మూఢాత్ముల నేమి చెప్ప రఘువీరా! జానకీనాయకా!	false	["seq"]	["seq"]	88	ు	ూ	lengthen	1	15	దిష్టంబూలోనం	false	1	5	35	UUU	["బూ","లో","నం"]	pdy-v-00717		
pdy-mattebhamu-0387	mattebhamu	vruttamu	""	train	జననాథాగ్రణి! నిన్నుఁ గొల్చునతఁ డాచండాలుఁడైనం బూన\nర్జననం బొందక ముక్తిఁ గాంచు నొనరన్ సద్భక్తుఁడైనం దుది\nన్, జనుఁ జండాలకులంబులోన నుదయించం గోరి నీ నామకీ\nర్తన సేయ న్నిరసించెనేని రఘువీరా! జానకీనాయకా!	false	["seq"]	["seq"]	46	ు	ూ	lengthen	0	18	బూన	true	0	6	18	UU	["బూ","న"]	pdy-v-00718		
pdy-mattebhamu-0391	mattebhamu	vruttamu	""	dev	తపముల్ చేసినఁ బోనిపాపములు మంత్రంబుల్ సమర్థంబుగా\nజపముల్ చేసినఁ బోని దోషము నదీస్నానంబునం బోని ఘో\nరపుఁ గర్మంబులు వాయు నొక్కమఱి శ్రీరామా యనే మాట క\nర్ణపుటం బించుక సోఁకెనేని రఘువీరా! జానకీనాయకా!	true	[]	[]														pdy-v-00719		
pdy-saardulamu-0188	saardulamu	vruttamu	""	test	నా యజ్ఞానముఁ బాపుమంచు మదిలో నానాప్రకారంబుల\nన్ గూయం గూయ నదేమిరా యనవు నీకున్ మ్రొక్కనా? కుక్కనా?\nచి యంచేటికి రోఁతగించెదవు? నీచిత్తంబు రాకుండిన\nన్ బ్రాయశ్చిత్తము నాకునెద్ది? రఘువీరా! జానకీనాయకా!	false	["seq"]	["seq"]	96	ీ	ి	shorten	2	0	చి	true	2	0	38	|UU	["చి","యం","చే"]	pdy-v-00720		
pdy-mattebhamu-0403	mattebhamu	vruttamu	""	train	పరనారీ కుచకుంభపాలికలపైఁ బాదాబ్జయుగ్మంబుపైఁ\nగరమూలంబులపైఁ గపోలతటిపైఁ గంఠంబుపైఁ గొప్పుపైఁ\nబరువుల్ వాఱెడు నా తలంపులు మిమున్ భావింపఁగాఁ జేసి స\nర్వరసాధీశ్వర! నన్నుఁ బ్రోవు రఘువీరా! జానకీనాయకా!	true	[]	[]														pdy-v-00721		
pdy-mattebhamu-0407	mattebhamu	vruttamu	""	train	కొలువం జాలక మాన, నీ నుతులు పెక్కుల్ సేయుటన్ మాన, ని\nన్ దలఁపం జాలక మాన, నేఁ గలసి నీ దాసానువర్గంబుతో\nనిలువం జాలక మానఁబో! కడపటన్ నీనామముల్ విన్నవా\nరలకుం గల్గును మోక్షలక్ష్మి రఘువీరా! జానకీనాయకా!	true	[]	[]														pdy-v-00722		
pdy-mattebhamu-0409	mattebhamu	vruttamu	""	train	చెలఁగన్ మర్త్యులు వేగి లేచి తమిచేఁ జేయంగఁ బాపంబు లీ\nకలుషంబుల్ పెడఁబాయ నేదిగతి? యింకన్ ద్రోవ యొండెద్ది? పు\nర్వులగుంటం బడనీని పోకడయు నేర్పున్ బుద్ధీయుం గల్గువా\nరలు నీ సేవకు లౌట లెస్స రఘువీరా! జానకీనాయకా!	false	["seq"]	["seq"]	145	ి	ీ	lengthen	2	15	బుద్ధీయుం	false	2	5	55	UUU	["ద్ధీ","యుం","గ"]	pdy-v-00723		
pdy-mattebhamu-0410	mattebhamu	vruttamu	""	train	కలకాలంబు వ్రతంబులుం దపములుం గావించి యన్యు ల్తుది\nన్ గలకాలంబును బోలె నిర్జరపురీకాంతాకుచాలింగనం\nబులఁ గొన్నాళ్లు సుఖించి క్రమ్మఱ నిలం బుట్టంగ నే మెచ్చ ని\nర్మలముక్తిన్ నినుఁ గొల్చి కాంతు రఘువీరా! జానకీనాయకా!	true	[]	[]														pdy-v-00724		
pdy-mattebhamu-0411	mattebhamu	vruttamu	""	train	నిలువెల్లం బులకాంకురంబు లొదవన్ నీపాదతీర్థంబుతోఁ\nదులసీపర్ణ మొకించుకంత గొనినన్ దోషాలు ఖండించుఁ గా!\nపొలపాకుల్ దినఁ గాననంబుల బడిన్ బోనేల మోక్షంబు కు\nరలను న్నారల నేల గల్గు? రఘువీరా! జానకీనాయకా!	false	["seq"]	["seq"]	143	ూ	ు	shorten	2	19	కు	true	2	6	58	||	["బు","కు"]	pdy-v-00725		
pdy-mattebhamu-0417	mattebhamu	vruttamu	""	train	నవనీతంబుల కేల పాఱెదవురా నాయన్న! రా! యెన్నరా\nయివి దూష్యంబులు గాఁగ గోపికలు? నీయింటం బదార్థంబు లె\nయ్యవి లె? వంచు వచించు నమ్మకడ కొయ్యంజేరు కైశోర చో\nరవినోదంబులు నేఁ దలంతు రఘువీరా! జానకీనాయకా!	false	["seq"]	["seq"]	102	ే	ె	shorten	2	2	లె	true	2	0	40	|||	["య్య","వి","లె"]	pdy-v-00726		
pdy-mattebhamu-0421	mattebhamu	vruttamu	""	test	కసుమాలంబగు దేహిపుట్టువుల నీ కష్టంబులం బాపి ది\nవ్యసుకాయం బొనరింతు వెవ్వఁడు నినున్ వాక్రుచ్చినన్ యోగిమా\nనస గేహంబులనుండి; లోహము సువర్ణచ్ఛాయగాఁ జేయఁగా\nరసవాదంబులు నేర్చితౌర రఘువీరా! జానకీనాయకా!	true	[]	[]														pdy-v-00727		
pdy-mattebhamu-0424	mattebhamu	vruttamu	""	train	బహురూపాలు ధరించుకొంచును గ్రియాభాషాంగము ల్ముట్టఁగా\nబహుకాలంబులనుండి యాడితి నిఁకం బ్రాల్మాలినట్లయ్యెడి\nన్ దహలంబెట్టక చాల్పురేయనుము నీత్యాగంబు నేనొల్ల సా\nగ్రహ దైతేయ మదాపహార! రఘూవీరా! జానకీనాయకా!	false	["seq"]	["seq"]	172	ు	ూ	lengthen	3	11	రఘూవీరా	false	3	3	69	||U	["ర","ర","ఘూ"]	pdy-v-00728		
pdy-mattebhamu-0428	mattebhamu	vruttamu	""	train	దనుజాధీశులు నిర్జరాధిపతులున్ దామందఱున్ మందరు\nన్ ఘనసత్త్వంబున నెత్తి వార్థి నహిపుం గవ్వంబుగాఁ ద్రచ్చుచో\nమునుఁగం బాఱకయుండఁ గచ్ఛపమవై మున్నీటిలొనుండు వ\nర్తన మే నాత్మఁ దలంచుచుందు రఘువీరా! జానకీనాయకా!	false	["seq"]	["seq"]	139	ో	ొ	shorten	2	16	మున్నీటిలొనుండు	false	2	5	55	||U	["టి","లొ","నుం"]	pdy-v-00729		
pdy-mattebhamu-0429	mattebhamu	vruttamu	""	train	ధర కల్పాంతమునం గరంగఁబడి పాతాళంబులోనంటిన\nన్ దొరయం దొల్లిటియట్ల కా నిలుప నుద్యోగించి క్రోడంబవై\nపోరి నబ్భూతలమెత్తినట్టి ఘనదర్పున్ నిన్ను భావింతు ని\nర్భరకారుణ్య నిరూఢచిత్త! రఘువీరా! జానకీనాయకా!	false	["seq"]	["seq"]	94	ొ	ో	lengthen	2	0	పోరి	true	2	0	40	U|U	["పో","రి","న"]	pdy-v-00730		
pdy-mattebhamu-0432	mattebhamu	vruttamu	""	train	నిను నారాయణమూర్తిగాఁ దలఁచుచున్ నీ దండ నా దండకా\nవన వాచంయము లెల్లఁ జేరి కొలువన్ వారిం గృపం జూచుట\nల్ వనధిం గట్టుట రావణుం దునుముటల్ వర్ణింతు రామావతా\nర నిరూఢాకృతి నిన్ను నౌర! రఘువీరా! జానకీనాయకా!	true	[]	[]														pdy-v-00731		
pdy-saardulamu-0200	saardulamu	vruttamu	""	train	కావం దొల్లిటి కాలజన్మముల నీకా బంటుఁ గానైతి నీ\nసేవాకార్యములేమొ నాకు నవి లక్షింపంగ లేవయ్యె ని\nచావుం బుట్టువు మాన్పుకోవలయు నీ జన్మాన నీవాఁడనై\nరావా నా మదిఁ గోర్కెఁ దీర్ప! రఘువీరా! జానకీనాయకా!	false	["seq"]	["seq"]	90	ీ	ి	shorten	1	18	ని	true	1	6	37	|	["ని"]	pdy-v-00732		
pdy-mattebhamu-0435	mattebhamu	vruttamu	""	train	జననీగర్భములందు నన్నిటు బడన్ జన్మిచ్చి బాల్యంబూల\nన్ జనుబా లెందఱివైనఁ ద్రాపి యటు వేల్ సంబంధముల్గా పురా\nతనకాలంబుననుండి యెంతగను యత్నంబున్న నిందాకఁ దీ\nరని కర్మంబులు దీఱు టెట్లు? రఘువీరా! జానకీనాయకా!	false	["seq"]	["seq"]	45	ు	ూ	lengthen	0	18	బాల్యంబూల	false	0	6	18	UU	["బూ","ల"]	pdy-v-00733		
pdy-kandamu-0307	kandamu	jaathi	""	train	శ్రీమానినీమనోహర!\nసోమార్కవిశాలనేత్ర! సురనుతగాత్రా!\nదామోదర నీలమణీ\nశ్యామా! ననుఁ బ్రోవు మన్న సంపఁగిమన్నా!	true	[]	[]														pdy-v-00734		
pdy-kandamu-0311	kandamu	jaathi	""	train	తత్త్వజ్ఞానానంద మ\nహత్త్వము రచియింతు నీదయన్‌భువిఁ గృతకృ\nత్యత్త్వము నిత్యత్వముగా\nసాత్త్వికపరయోగు లెన్న సంపఁగిమన్నా!	true	[]	[]														pdy-v-00735		
pdy-kandamu-0314	kandamu	jaathi	""	test	తాటాకులలో వ్రాసిన\nమాటలనా ముక్తి పాడిమర్మముఁ దెలియు\nన్‌? సూటి యగురాజమార్గము\nసాటి యగునె యెచట నున్న! సంపఁగిమన్నా!	true	[]	[]														pdy-v-00736		
pdy-kandamu-0316	kandamu	jaathi	""	train	గామువలె సంచరించినఁ\nబామువలెన్‌ గుహల నున్న బంధము తెగునా?\nదీ మెఱిఁగి పరునిఁ గలసెడి\nసామర్థ్యము గూడకున్న సంపఁగిమన్నా!	true	[]	[]														pdy-v-00737		
pdy-kandamu-0317	kandamu	jaathi	""	train	వాటమగురీతి ముక్తిక\nవాటము భేదింప నెట్లు వశపడుఁ దనలో\nనాటూకొనుమాయఁ దగ ను\nచ్చాటన మొగిఁ జేయకున్న సంపఁగిమన్నా!	false	["seq"]	["seq"]	54	ు	ూ	lengthen	2	1	నాటూకొనుమాయఁ	false	2	2	29	|||U	["య","ద","గ","ను"]	pdy-v-00738		
pdy-kandamu-0318	kandamu	jaathi	""	train	ఎక్కటిచదువులు బోధలు\nమక్కువ ననుభవములేనిమాటలు వినఁగాఁ\nబుక్కిటిపురాణములకై\nజక్కులసంతోష మెన్న సంపఁగిమన్నా!	true	[]	[]														pdy-v-00739		
pdy-kandamu-0320	kandamu	jaathi	""	test	శ్రీరాజయోగవిద్యా\nపారీణున కబ్బుఁ గాక పరమసుఖం బీ\nధారణి హఠలయమంత్రవి\nచారుల కది దొరక దన్న! సంపఁగిమన్నా!	true	[]	[]														pdy-v-00740		
pdy-kandamu-0322	kandamu	jaathi	""	train	ఒండొరులఁ గూడి గొణఁగుచు\nదండము లిడికొనుచు బోడితలలుం దాము\nన్‌ నిండిరి మహి తత్త్వము నహి\nచండితనం బధిక మన్న సంపఁగిమన్నా!	true	[]	[]														pdy-v-00741		
pdy-kandamu-0325	kandamu	jaathi	""	dev	తామరసాక్షున కైన\nన్‌ శ్రీమించినసురల కైన సిద్ధుల కైన\nన్‌ నీమాయఁ దెలియవశమా\nసామాన్యమె! కఠిన మెన్న సంపఁగిమన్నా!	true	[]	[]														pdy-v-00742		
pdy-kandamu-0326	kandamu	jaathi	""	train	నిండికొను నిట్టిమాయ ప్ర\nచండగతిం గప్పుకొన్న సజ్జనుల బుధు\nల్‌ ఖండింప నేల మదపా\nషండులవాక్యములు విన్న సంపఁగిమన్నా!	true	[]	[]														pdy-v-00743		
pdy-kandamu-0327	kandamu	jaathi	""	test	మండితపూర్ణసుధాకర\nమండలశతకోటికాంతిమహనీయుండై\nనిండి తనలోన యొగి ప్ర\nచండగతి న్వెలుఁగు నన్న సంపఁగిమన్నా!	false	["seq"]	["corr","seq"]	55	ో	ొ	shorten	2	6	యొగి	true	2	2	29	|||U	["యొ","గి","ప్ర","చం"]	pdy-v-00744		
pdy-kandamu-0329	kandamu	jaathi	""	test	బూటకములు వేషంబులు\nనాటకములు మంత్రతంత్రనటనలు మిథ్యా\nపేటిక లవి యోగికి జం\nజాటము లివి యేటి కన్న! సంపఁగీమన్నా!	false	["seq"]	["seq"]	97	ి	ీ	lengthen	3	11	సంపఁగీమన్నా	false	3	3	42	U|UU	["సం","ప","గీ","మ"]	pdy-v-00745		
pdy-kandamu-0330	kandamu	jaathi	""	dev	చలపట్టియు హఠయోగముఁ\nదలపెట్టిన వట్టిగొడ్డుతాఁకట్టింతే\nయలసిద్ధి దొరక దడియా\nసలుగా కిందేమియున్నె! సంపఁగిమన్నా!	true	[]	[]														pdy-v-00746		
pdy-kandamu-0331	kandamu	jaathi	""	train	సంతతయోగానందా\nనంతసుఖాంభోధి నలరు నాతనిభాగ్యం\nబింతింతనఁ దరమా ఘన\nసంతొషము జగతి నెన్న సంపఁగిమన్నా!	false	["seq"]	["corr","seq"]	64	ో	ొ	shorten	3	1	సంతొషము	false	3	2	37	U|U|	["నె","న్న","సం","ప"]	pdy-v-00747		
pdy-kandamu-0332	kandamu	jaathi	""	train	నావయగున్‌ భవజలధికిఁ\nద్రోవయగున్‌ ముక్తికాంతతోఁ గూడూటకు\nన్‌ కేవలనిజదేశిక ర\nక్షావహ మగుయోగ మెన్న సంపఁగిమన్నా!	false	["seq"]	["seq"]	49	ు	ూ	lengthen	1	10	గూడూటకు	false	1	4	20	U|U	["డూ","ట","కు"]	pdy-v-00748		
pdy-kandamu-0335	kandamu	jaathi	""	train	భావమునం గననేరని\nజీవుల కిది బీరకాయ చి క్కగుఁ దెలియం\nగావశమే సద్గురు దీ\nక్షావిధి యొనఁగూడకున్న సంపఁగిమన్నా!	true	[]	[]														pdy-v-00749		
pdy-kandamu-0336	kandamu	jaathi	""	dev	బోధింపఁదగినగురువుల\nశోధించి తదంఘ్రిఁ జేరి సుస్థిరమతి యై\nయాధేయము నాధారము\nసాధించిన ముక్తుఁడౌను సంపఁగిమన్నా!	true	[]	[]														pdy-v-00750		
pdy-kandamu-0337	kandamu	jaathi	""	test	సాధింపఁగ నిరతులకు\nన్‌ బోధింపఁగ నేర్పు గల్గుపుణ్యాత్ముల యా\nయీధరఁ గల రొకకొందఱు\nసాధారణవిబుధు లెన్న సంపఁగిమన్నా!	true	[]	[]														pdy-v-00751		
pdy-kandamu-0340	kandamu	jaathi	""	test	నేరనిగురుబోధలు సం\nసారము లై కూనలమ్మసంకీర్తన లై\nదురము లై ముక్తికి ని\nస్సారములై పోవు నన్న! సంపఁగిమన్నా!	false	["seq"]	["corr","seq"]	47	ూ	ు	shorten	2	0	దురము	true	2	0	22	|||U	["దు","ర","ము","లై"]	pdy-v-00752		
pdy-kandamu-0344	kandamu	jaathi	""	test	కీడొసఁగెడు గురు డేలా\nగాడిదవాలంబూఁ బట్టి ఘననదు లీఁద\nన్‌ గూడునె గుండెలు పగులఁగ\nజాడింపదె ఱొమ్ముఁ దన్ని సంపఁగిమన్నా!	false	["seq"]	["corr","seq"]	31	ు	ూ	lengthen	1	5	గాడిదవాలంబూఁ	false	1	2	14	UU||	["బూ","బ","ట్టి","ఘ"]	pdy-v-00753		
pdy-kandamu-0345	kandamu	jaathi	""	dev	అంగం బెఱుఁగరు ముక్తి తే\nఱంగెఱుఁగరు కపటధూర్తరావణవేషు\nల్‌ దొంగలగురువులవారల\nసంగతి దుర్బోధ లెన్న సంపఁగిమన్నా!	false	["seq"]	["corr","seq"]	22	ె	ే	lengthen	0	8	తే	true	0	2	6	U|UU	["ము","క్తి","తే","ఱం"]	pdy-v-00754		
pdy-kandamu-0347	kandamu	jaathi	""	train	వచ్చినవాసనవెంబడి\nవిచ్చలవిడి యోగివరుఁడు విహరించినవాఁ\nడెచ్చట నేక్రియఁ జేసిన\nసచ్చిన్మయు నంట దన్న సంపఁగిమన్నా!	true	[]	[]														pdy-v-00755		
pdy-kandamu-0349	kandamu	jaathi	""	dev	తనవాసనయెట్లుండిన\nఘనయోగికి బంధవృత్తి గానేరదు వాఁ\nడనుభవముకతన నిర్వా\nసనుఁ డై మరి పుట్టఁ డన్న సంపఁగిమన్నా!	true	[]	[]														pdy-v-00756		
pdy-kandamu-0350	kandamu	jaathi	""	test	క్రమమున సుఖదుఃఖంబులు\nకమలిన నుతినింద లాదిగాఁ గలయవియా\nయమివర్యుఁ డన్నిక్రీయలం\nసముఁడై వర్తించు నన్న సంపఁగిమన్నా!	false	["seq"]	["corr","seq"]	70	ి	ీ	lengthen	2	6	డన్నిక్రీయలం	false	2	2	32	U|U|	["క్రీ","య","లం","స"]	pdy-v-00757		
pdy-kandamu-0351	kandamu	jaathi	""	dev	తలకొని దుఃఖము రానీ\nవలనొప్పఁగ నిత్యసుఖము వచ్చిన రానీ\nనలఁకువను బడనిమనుజుఁడు\nచలియింపఁడు బోధ గన్న సంపఁగిమన్నా!	true	[]	[]														pdy-v-00758		
pdy-kandamu-0352	kandamu	jaathi	""	train	చాలా లోకులు నగనీ\nవాలాయము కీడు మేలు వచ్చిన రాని\nయేలా గైనను బురుషుఁడు\nజాలిం బడఁ డాత్మఁ గన్న సంపఁగిమన్నా!	false	["seq"]	["corr","seq"]	45	ీ	ి	shorten	1	12	రాని	true	1	4	19	U|U	["రా","ని","యే"]	pdy-v-00759		
pdy-kandamu-0353	kandamu	jaathi	""	train	బాలుఁడుగానీ భోగ\nస్త్రీలోలుఁడుగాని విషయశీలుఁడు గానీ\nమేలైనబోధ గలిగినఁ\nజాలదె ముక్తిని గనంగ సంపఁగిమన్నా!	true	[]	[]														pdy-v-00760		
pdy-kandamu-0354	kandamu	jaathi	""	train	విత్తపరాయణుఁ డయిన\nన్‌ మత్తచకోరాక్షులందు మగ్నుండైన\nన్‌ సూత్తమపూరుషుఁడె గాదా\nసత్తామాత్రంబు గనును సంపఁగిమన్నా!	false	["seq"]	["corr","seq"]	61	ు	ూ	lengthen	2	3	సూత్తమపూరుషుఁడె	false	2	2	27	|UUU	["డె","గా","దా","స"]	pdy-v-00761		
pdy-kandamu-0355	kandamu	jaathi	""	train	పంచావస్థలఁ దగిలియుఁ\nబంచావస్థలను గడచు ప్రాజ్ఞుండు జగ\nద్వంచకుఁ డై లోకులవలె\nసంచారము సెయు నన్న సంపఁగిమన్నా!	false	["seq"]	["corr","seq"]	82	ే	ె	shorten	3	4	సెయు	false	3	2	38	U|U|	["న","న్న","సం","ప"]	pdy-v-00762		
pdy-kandamu-0356	kandamu	jaathi	""	train	పిప్పలర నాత్మసుఖముల\nతెప్పం దేలేటియోగిఁ దెలియక తమలో\nనప్పురుషుం గని కర్ములు\nచప్పనఁగాఁ జూతు రన్న సంపఁగిమన్నా!	true	[]	[]														pdy-v-00763		
pdy-kandamu-0357	kandamu	jaathi	""	dev	నిత్యానిత్యము లెఱుఁగక\nనిత్యముఁ జేపట్టుబుధుల నిందించిన నా\nమృత్యువుపా లౌ మర్తుఁడు\nసత్యం బిది వినగదన్న సంపఁగిమన్నా!	true	[]	[]														pdy-v-00764		
pdy-kandamu-0360	kandamu	jaathi	""	train	అద్వైతభావ మెఱుఁగక\nవిద్వాంసుల మనూచు నాత్మవేత్తలవలెనే\nయద్వాతత్వము లాడుచు\nసద్వర్తన మెంచరన్న సంపఁగిమన్నా!	false	["seq"]	["seq"]	31	ు	ూ	lengthen	1	5	మనూచు	false	1	1	11	|||U	["సు","ల","మ","నూ"]	pdy-v-00765		
pdy-kandamu-0361	kandamu	jaathi	""	test	వదలరు విషయము లెచటను\nమెదలరు సజ్జనులకడను మిధ్యాజ్ఞాను\nల్‌ చదివితి మని యజ్ఞులతోఁ\nజదువులుపచరింతు రన్న సంపఁగిమన్నా!	true	[]	[]														pdy-v-00766		
pdy-kandamu-0362	kandamu	jaathi	""	train	జడీవాన కురిసినట్టులు\nవిడువక వాదింతు రాత్మవేత్తల మనుచు\nన్‌ గుడియెడ మెఱుఁగనిమాటల\nజడమతు లిలఁ గొంద ఱన్న సంపఁగిమన్నా!	false	["seq"]	["corr","seq"]	2	ి	ీ	lengthen	0	1	జడీవాన	false	0	0	0	|UU|	["జ","డీ","వా","న"]	pdy-v-00767		
pdy-kandamu-0363	kandamu	jaathi	""	train	మన సనఁగా నెఱుఁగక దా\nమనసునకును సాక్షి యనఁగ మఱి బేలనఁగా\nఘనతర శూన్యం బనఁగా\nజనులకు నిది వాద మన్న! సంపఁగిమన్నా!	true	[]	[]														pdy-v-00768		
pdy-kandamu-0366	kandamu	jaathi	""	train	చేతావాతాగొట్టెడి\nఘాతుకు లవివేకు లనుచుఁ గని వారలతోఁ\nనీతిపరు లడ్డ మాడరు\nచాతుర్యధురీణు లెన్న సంపఁగిమన్నా!	true	[]	[]														pdy-v-00769		
pdy-kandamu-0368	kandamu	jaathi	""	train	దేహమె తా నై యున్నెడ\nదేహముతోఁగూడఁ గాలితేనే నిజమౌ\nదేహాత్మవాదిమాటలూ\nసాహసములు బొంకులన్న సంపఁగిమన్నా!	false	["seq"]	["corr","seq"]	63	ు	ూ	lengthen	2	7	దేహాత్మవాదిమాటలూ	false	2	2	26	U|UU	["మా","ట","లూ","సా"]	pdy-v-00770		
pdy-kandamu-0369	kandamu	jaathi	""	test	దండకమండలులు శిరో\nముండనము ధరించీ నంత మోక్షముగలదా?\nమెండుకొనులోనిపగతుర\nచండిమఁ దెగటార్పకున్న సంపఁగిమన్నా!	false	["seq"]	["corr","seq"]	30	ి	ీ	lengthen	1	6	ధరించీ	false	1	2	15	UU|U	["చీ","నం","త","మో"]	pdy-v-00771		
pdy-kandamu-0371	kandamu	jaathi	""	train	వాదుల నడఁచెడిపెద్దలఁ\nగాదనఁ గా నేల వట్టికలహం బింతే\nఖేదం బని చాలించిన\nసాదరమతి జాణఁ డన్న! సంపఁగిమన్నా!	true	[]	[]														pdy-v-00772		
pdy-kandamu-0372	kandamu	jaathi	""	train	వాదము ఖేదముకొఱకౌ\nమేదినిఁ గలవిద్య లెల్ల మెతుకులకొఱకౌఁ\nగా దది ముక్తిపథం బని\nసాదరమతిఁ దెలియ రన్న! సంపఁగిమన్నా!	true	[]	[]														pdy-v-00773		
pdy-kandamu-0373	kandamu	jaathi	""	dev	వాదము లనఁగా దాతృవి\nవాదము మఱి యంత్రతంత్రవాదములును నీ\nజూదము మేదిని మెత్తురె?\nసాదరమతు లెన్నరన్న! సంపఁగిమన్నా!	true	[]	[]														pdy-v-00774		
pdy-kandamu-0378	kandamu	jaathi	""	train	తానైనం బరిశుద్ధుఁడు\nమేనైన న్మట్టి బొంకి మేనో తానో\nపూనికఁ జేసెడితీర్థ\nస్నానం బిఁక నెవరి కన్న సంపఁగిమన్నా!	true	[]	[]														pdy-v-00775		
pdy-kandamu-0379	kandamu	jaathi	""	train	సూతకము వచ్చె ననుచును\nనాతలఁ బదినాళ్లు జరపినంతనె తెగునా?\nసూతకమే కాదా తన\nజాతకము నెఱింగికొన్న సంపఁగిమన్నా!	true	[]	[]														pdy-v-00776		
pdy-kandamu-0380	kandamu	jaathi	""	train	ముట్టున దొలఁగుదురేమో\nముట్టుననే తనువుగాఁక మునుఁగుదు రేమో\nముట్టుకు వెలియైతే యొక\nచట్టా మఱిదేహ మెల్ల సంపఁగిమన్నా!	true	[]	[]														pdy-v-00777		
pdy-kandamu-0382	kandamu	jaathi	""	train	భ్రమదృశ్యజాల మెల్లను\nభ్రమ లోకములెల్ల మిగుల భ్రమ కర్మంబు\nన్‌ భ్రమములమె యీసర్వము\nసమరసమౌ దత్త్వ మెన్న సంపఁగిమన్నా!	false	["seq"]	["corr","seq"]	65	ూ	ు	shorten	2	2	భ్రమములమె	false	2	1	28	|UU|	["మె","యీ","స","ర్వ"]	pdy-v-00778		
pdy-kandamu-0387	kandamu	jaathi	""	train	సత్తనఁ బరఁగును బురుషుఁడు\nసత్తనఁగాఁ బ్రకృతి తోఁచి సమసెడు కతన\nన్‌ సత్తునకే నిత్యత్వ మ\nసత్తున కదిగూడ దన్న సంపఁగిమన్నా!	true	[]	[]														pdy-v-00779		
pdy-kandamu-0388	kandamu	jaathi	""	dev	సత్తును నెఱుఁగ దస త్తా\nసత్తూను నెఱుఁగంగలే దసత్తును నిఁక నీ\nసత్తాసత్తలఁ దగ సద\nసత్తైకను జీవుఁ డన్న సంపఁగిమన్నా!	false	["seq"]	["seq"]	27	ు	ూ	lengthen	1	1	సత్తూను	false	1	1	11	|||U	["ను","నె","ఱు","గం"]	pdy-v-00780		
pdy-kandamu-0391	kandamu	jaathi	""	train	నష్టపదార్థం బగునీ\nసృష్టిని నుపసంహరించి చిన్మయ నంత\nర్దృష్టినీ గనవలె జనులకు\nస్రష్టతనం బేటి కన్న సంపఁగిమన్నా!	false	["seq"]	["corr","seq"]	59	ి	ీ	lengthen	2	2	ర్దృష్టినీ	false	2	0	22	U|U|	["ర్దృ","ష్టి","నీ","గ"]	pdy-v-00781		
pdy-kandamu-0395	kandamu	jaathi	""	train	కడుధీరుం డై యోగము\nతొడిబడ, ద న్నెవ్వరైన దూషించినఁ దా\nనొడలికి నేపో టొదవిన\nజడియక సాధించు నన్న సంపఁగిమన్నా!	true	[]	[]														pdy-v-00782		
pdy-kandamu-0397	kandamu	jaathi	""	train	నలుగురు నడచెడుత్రోవను\nబలిమిని లోకంబు నడచుఁ బ్రాజ్ఞుం డైన\nన్‌ నలువు రెఱుంగనిత్రోవలఁ\nజలియింపక నడచు నన్న! సంపఁగిమన్నా!	true	[]	[]														pdy-v-00783		
pdy-kandamu-0399	kandamu	jaathi	""	train	వెలిచూపును లోచూపును\nవెలిగాఁ దన్మధ్యమునను వెలిఁగెడితత్త్వం\nబలవడఁ జూచినయతఁడే\nసలలితుఁ డగుముక్తుఁ డన్న! సంపఁగిమన్నా!	true	[]	[]														pdy-v-00784		
pdy-kandamu-0401	kandamu	jaathi	""	train	మిక్కిలి సంసారయినను\nనెక్కడియోగము రుచించు నెక్కుడుశైత్యం\nబెక్కిననోటికిఁ జేఁదగు\nజక్కెరపొడిఁ దిన్న నెన్న సంపఁగిమన్నా!	true	[]	[]														pdy-v-00785		
pdy-kandamu-0402	kandamu	jaathi	""	train	నాలుగుత్రోవలనడుమను\nశ్రీలీలను వ్రేలుచున్న చిహ్నంబులఁ దా\nనాలోచించినబుద్ధీవి\nశాలుండౌ ముక్తుఁడన్న! సంపఁగిమన్నా!	false	["seq"]	["corr","seq"]	70	ి	ీ	lengthen	2	6	నాలోచించినబుద్ధీవి	false	3	0	30	|UUU	["వి","శా","లుం","డౌ"]	pdy-v-00786		
pdy-kandamu-0404	kandamu	jaathi	""	train	ఇప్పదవు లందనేరని\nమొప్పెలకుం దెలుప వశమే ముందఱగానే\nతప్పులు పట్టుచు మఱి చేఁ\nజప్ప ట్లిడి నగుదురన్న! సంపఁగిమన్నా!	false	["seq"]	["seq"]	37	ె	ే	lengthen	1	9	వశమే	true	1	2	15	|||U	["ప","వ","శ","మే"]	pdy-v-00787		
pdy-kandamu-0406	kandamu	jaathi	""	dev	పాళ్ళును బంపును దొడవులు\nనూళ్ళును మును చన్నవారు నూర్జితులై రా\nయో ళ్ళరిగి రోళ్ళ వెంటనె\nసాళ్ళని ఘను లెన్న రన్న! సంపఁగిమన్నా!	true	[]	[]														pdy-v-00788		
pdy-kandamu-0407	kandamu	jaathi	""	test	ముందు వెనుకెఱుఁగ కాటల\nసందడిఁ బడి మోక్షసుఖము సాధింపనియా\nపందలవ్రతుకులు నిఁక నె\nచందంబో యెఱుఁగ మన్న! సంపఁగిమన్నా!	false	["seq"]	["corr","seq"]	75	ే	ె	shorten	2	9	నె	true	2	2	32	|||U	["ని","క","నె","చం"]	pdy-v-00789		
pdy-kandamu-0408	kandamu	jaathi	""	train	వెలిచూపును లోచూపును\nగలయంగా నొక్కచూపుఁగా జూచీన యా\nనిలుకడ గలయోగీంద్రుఁడె\nసలలితసుజ్ఞాని యన్న!సంపఁగిమన్నా!	false	["seq"]	["seq"]	43	ి	ీ	lengthen	1	10	జూచీన	false	1	4	19	U|U	["చీ","న","యా"]	pdy-v-00790		
pdy-kandamu-0410	kandamu	jaathi	""	train	సంపద లెఱుఁగక తామే\nసంపదగలవార మనుచు జడు లిలఁ దమలో\nసంపదఁ గననేరక వెలి\nసంపదలే చూతు రన్న! సంపఁగిమన్నా!	true	[]	[]														pdy-v-00791		
pdy-kandamu-0411	kandamu	jaathi	""	train	నేరనిజనులను బట్టుక\nపోరాడఁగ నేల పల్కపోతారాటం\nబేరీతిఁ దెల్ప గతికి వి\nచారము మదిఁ బుట్టదన్న! సంపఁగిమన్నా!	true	[]	[]														pdy-v-00792		
pdy-kandamu-0412	kandamu	jaathi	""	train	శోధింపరు తత్త్వజ్ఞులు\nనీధరఁ దమతోడిసరికి నీదుర్మనుజు\nల్‌ మేధావంతులు పెద్దలు\nసాధువు లని యెంతూ రన్న! సంపఁగిమన్నా!	false	["seq"]	["corr","seq"]	90	ు	ూ	lengthen	3	6	యెంతూ	false	3	2	37	UU|U	["తూ","ర","న్న","సం"]	pdy-v-00793		
pdy-kandamu-0414	kandamu	jaathi	""	train	సంకల్ప ముడిఁగి తా ని\nస్సంకల్పుం డైనఁ జాలు సద్గతి తడవా\nసంకల్పమె బంధము ని\nస్సంకల్పమె మోక్ష మెన్న సంపఁగిమన్నా!	true	[]	[]														pdy-v-00794		
pdy-kandamu-0417	kandamu	jaathi	""	train	సర్వావస్థల నడఁచియు\nసర్వావస్థల నెఱింగి సర్వసముం డై\nసర్వముఁ దా నని తెలిసిన\nసర్వోత్తముఁ డాతఁ డన్న సంపఁగిమన్నా!	true	[]	[]														pdy-v-00795		
pdy-kandamu-0420	kandamu	jaathi	""	test	కూడదు గతి సంసారికి\nబూడిదలో గచ్చకాయ పొరలినభంగి\nన్‌ వాఁడును వీఁడూను దానై\nజాడ యెఱిఁగి నడువ రన్న! సంపఁగిమన్నా!	false	["seq"]	["corr","seq"]	62	ు	ూ	lengthen	2	4	వీఁడూను	false	2	2	28	|UUU	["ను","దా","నై","జా"]	pdy-v-00796		
pdy-kandamu-0421	kandamu	jaathi	""	test	పాపపువాసనవిషయము\nకాపాడుచురాగ నరుఁడు గడఁవగఁగలఁడా?\nయేపట్టున గుహ్యోదర\nచాపల్యము మానకున్న సంపఁగిమన్నా!	true	[]	[]														pdy-v-00797		
pdy-kandamu-0422	kandamu	jaathi	""	test	సాధనచతుష్టయంబున\nసాధారణలీలఁ దనరి సర్వేంద్రియము\nల్‌ శోధించి నిజసమాధిని\nసాధించీనముక్తుఁ డన్న సంపఁగిమన్నా!	false	["seq"]	["corr","seq"]	75	ి	ీ	lengthen	3	2	సాధించీనముక్తుఁ	false	3	1	34	U|U|	["చీ","న","ము","క్తు"]	pdy-v-00798		
pdy-kandamu-0423	kandamu	jaathi	""	test	ఉద్యోగంబునఁ బురుషుఁడు\nసద్యోగముఁ జలుపవలయు సవీశేషముగా\nవిద్యానిధి యగునతఁడే\nసద్యోముక్తుఁడు గదన్న సంపఁగిమన్నా!	false	["seq"]	["corr","seq"]	43	ి	ీ	lengthen	1	11	సవీశేషముగా	false	1	3	19	|UU|	["స","వీ","శే","ష"]	pdy-v-00799		
pdy-kandamu-0424	kandamu	jaathi	""	train	బోధించినగురువులచే\nసాధింపను నేర్పు గలిగి సన్నుతు లగుచు\nన్‌ శ్రీధరుఁ గలియుదు రపూడే\nసాధకమున బుధులు సుమ్ము సంపఁగిమన్నా!	false	["seq"]	["corr","seq"]	77	ు	ూ	lengthen	2	8	రపూడే	false	2	2	31	|UUU	["ర","పూ","డే","సా"]	pdy-v-00800		
pdy-mattebhamu-0450	mattebhamu	vruttamu	""	test	ఘనుఁడై యేచి దశాననుండు బలిమిం గైలాసశైలేంద్ర మె-\nత్తినఁ దద్దానవనాథుఁ ద్రొక్క నతఁ డర్థి న్మ్రొక్కినం గాచి ప్రా-\nక్తనశౌర్యాధికుఁ జేసె దుష్టు నణఁపంగా శిష్టు రక్షింప రం-\nజనతో నెప్పుడు వేచియుండు భవదాజ్ఞాశక్తి సర్వేశ్వరా!	true	[]	[]														pdy-v-00801		
pdy-mattebhamu-0451	mattebhamu	vruttamu	""	train	తమకం బెత్తిన నాత్మజం గడు మదాంధవ్యాప్తి నేకాంతప-\nక్షమునం దెవ్వరుఁ గానకుండఁ గవయంగాఁ బోయి నీ బాణఘా-\nతమునం బద్మభవుండు ద్రెళ్లెననినం దాఁ దప్ప వర్తించి లొ-\nకమునం దెవ్వరికింక నిన్ను నెఱుఁగంగా వచ్చు సర్వేశ్వరా!	false	["seq"]	["seq"]	147	ో	ొ	shorten	2	19	లొ	true	2	6	58	||	["చి","లొ"]	pdy-v-00802		
pdy-mattebhamu-0461	mattebhamu	vruttamu	""	train	కమనీయంబగు సర్వతీర్థములు లింగంబున్నచో మూర్తిమం-\nతములై యొప్పుచునుండు లింగమును దాత్పర్యంబుతో భక్తగా-\nత్రములం దెప్పుడు నుండుఁ గాన మహిలోఁ దత్త్వార్థ మూహింపఁ దీ-\nర్థములందెల్లను దివ్యతీర్థము భవద్భక్తుండు సర్వేశ్వరా!	true	[]	[]														pdy-v-00803		
pdy-mattebhamu-0463	mattebhamu	vruttamu	""	train	భవదీయామలతత్త్వనిర్ణయకళాప్రఖ్యాతసద్భక్తపుం-\nగవగోష్ఠీసుఖవార్ధిలోనఁ గడువేడ్కం దేలినం గాక యీ\nభువిలోఁ దీర్థజలంబులం గడగినం బోనేర్చునే ఘోరదు-\nర్భవసంఘాకలితాత్మతామసమహాపంకంబు సర్వేశ్వరా!	true	[]	[]														pdy-v-00804		
pdy-mattebhamu-0464	mattebhamu	vruttamu	""	train	ధరణిం బ్రాక్తనభక్తనిర్మితమహాస్థానంబులై యొప్పు శ్రీ-\nగిరిముఖ్యంబగు దివ్యతీర్థములు భక్తిం జూచిరె వారి దు-\nస్తరదోషంబులు వాయునన్న మఱి సాక్షాద్భక్తులం జూచినం\nబరమార్థంబుగఁ బాయదే నరుల పాపంబెల్ల సర్వేశ్వరా!	false	["seq"]	["seq"]	93	ే	ె	shorten	1	16	జూచిరె	false	1	5	35	||U	["చి","రె","వా"]	pdy-v-00805		
pdy-mattebhamu-0468	mattebhamu	vruttamu	""	dev	అనురాగంబున నిన్నుఁ జూచుఁ దలపోయన్ జొక్కుఁ గాంక్షించు వ-\nర్ణన సేయం దమకించు సిగ్గు విరియన్ బ్రార్థించు శోషించు నం-\nత నెదన్ ధ్యానము దాల్చుఁ దన్ను మఱచుం దానీ దశావస్థలం\nదనరంగా మది నిన్ను డక్కఁ గొను సద్భక్తుండు సర్వేశ్వరా!	true	[]	[]														pdy-v-00806		
pdy-mattebhamu-0478	mattebhamu	vruttamu	""	train	క్షితిపై శ్వేతమునీంద్రుఁ జంప నలుకం గీనాశుఁ డేతెంచి ని\nయతికోపోజ్జ్వలనాహుతి న్మడిసెఁ దథ్యం బేకనిష్ఠాసమ-\nన్వితులం జేకొని భక్తవత్సలుఁడవై నీవెప్పుడు న్గావఁగాఁ\nబ్రతిపక్షావలి కెట్లు వారి దెసఁ జేరన్వచ్చు సర్వేశ్వరా!	false	["seq"]	["seq"]	52	ీ	ి	shorten	0	19	ని	true	0	6	18	||	["చి","ని"]	pdy-v-00807		
pdy-mattebhamu-0479	mattebhamu	vruttamu	""	train	ఘటదుగ్ధంబులు పేరుఁగాక వెలయంగా నెంత తోడంటి న-\nన్నట దుర్గాంబూధి పేరునే జగములో నల్పుండు దుస్సంగతిం\nజటులాత్ముండగుఁ గాక యెయ్యెడల నీ సద్భక్తుఁ డేకార్య ము-\nత్కటమై తాఁకిన నన్యచిత్తుఁడగునే తర్కింప సర్వేశ్వరా!	false	["seq"]	["seq"]	58	ు	ూ	lengthen	1	4	దుర్గాంబూధి	false	1	1	23	UU|	["ర్గాం","బూ","ధి"]	pdy-v-00808		
pdy-mattebhamu-0484	mattebhamu	vruttamu	""	train	వెలి వీక్షించిన నీ స్వరూపమె మహావిస్పష్టమై యాత్మలో-\nపల భావించిన నీ స్వరూపమె మహాప్రవ్యక్తమై దృష్టులం\nదలఁపం జేకొని యున్న నీ యచలితధ్యానంబునం జేసీ తాఁ\nగలనైన న్శివయోగి తన్ను జగముం గానండు సర్వేశ్వరా!	false	["seq"]	["seq"]	140	ి	ీ	lengthen	2	18	జేసీ	false	2	6	58	UU	["సీ","తా"]	pdy-v-00809		
pdy-mattebhamu-0503	mattebhamu	vruttamu	""	train	రసికుండై భవదంఘ్రిపద్మయూగ మారాధించుచో దుర్మద-\nవ్యసనాటోపము చిక్కులం బొరలుచు న్వర్తించుచున్నట్టి పా-\nలసు పూజావిభవం బదొప్పునె భువిన్ లక్షింప నారంభముం\nగసవుం బెంచిన చేనుఁ బోలుఁ దలఁపంగా మీఁద సర్వేశ్వరా!	false	["seq"]	["seq"]	22	ు	ూ	lengthen	0	10	భవదంఘ్రిపద్మయూగ	false	0	3	9	|U|	["ద్మ","యూ","గ"]	pdy-v-00810		
pdy-mattebhamu-0512	mattebhamu	vruttamu	""	dev	తన యుక్తి న్భవదంఘ్రిసేవగల సద్భక్తుండు పాపంబు చే-\nసినఁ బుణ్యంబగు భక్తిహీనుఁడు శ్రుతు ల్చేపట్టి పుణ్యంబు చే-\nసినఁ బాపంబగు దీనికంతటికిఁ జర్చింపంగఁ జండేశ్వరుం\nడును దక్షుండును సాక్షులెన్న నగరాట్కోదండ సర్వేశ్వరా!	true	[]	[]														pdy-v-00811		
pdy-mattebhamu-0513	mattebhamu	vruttamu	""	test	తరులం బువ్వులు పిందెలై యొదవి తత్తజ్జాతితోఁ బండ్లగు\nన్ హర మీ పాదపయోజపూజితములై యత్యద్భుతం బవ్విరు\nల్ కరులౌ నశ్వములౌ ననర్హమణులౌఁ గర్పూరమౌ హారమౌఁ\nదరుణీరత్నములౌఁ బటీరతరులౌఁ దథ్యంబు సర్వేశ్వరా!	true	[]	[]														pdy-v-00812		
pdy-mattebhamu-0516	mattebhamu	vruttamu	""	test	మలినాంగుం డగుటేమి కష్టము మనోమార్గంబు ని భక్తిని-\nర్మలసౌభాగ్యనిధానదీపశిఖయై రంజిల్లదే భూషణో-\nజ్జ్వలదేహుం డగుటేమి తేజము మనోవ్యావృత్తి దుర్మోహసం-\nచలదుష్పంకముఁ బొంది పీడఁ బడఁగాఁ జర్చింప సర్వేశ్వరా!	false	["seq"]	["seq"]	38	ీ	ి	shorten	0	16	ని	true	0	5	15	||U	["బు","ని","భ"]	pdy-v-00813		
pdy-mattebhamu-0518	mattebhamu	vruttamu	""	train	ఉదకం బింకిన లావు మాలి కడుమై యష్ణింపఁగా రొంపిలోఁ\nగదలం జాలని మీను వాన గురియం గ్రమ్మెక్కి పెన్నీటీలోఁ\nబొదలం గన్న విధంబునన్ భవముతోఁ బోరాడు మర్త్యుండు దా\nహృదయాబ్జంబున నిన్నుఁ గొల్వఁగనునే యింపొంద సర్వేశ్వరా!	false	["seq"]	["seq"]	94	ి	ీ	lengthen	1	18	పెన్నీటీలోఁ	false	1	6	38	UU	["టీ","లో"]	pdy-v-00814		
pdy-mattebhamu-0519	mattebhamu	vruttamu	""	train	భవదీయార్చన సేయుచోఁ బ్రథమపుష్పంబెన్న సత్యంబు రెం-\nడవ పుష్పంబు దయాగుణంబును విశిష్టం బేకనిష్ఠాసమో-\nత్సవసంపత్తి తృతీయ పుష్పమది భాస్వద్భక్తిసంయుక్తియో-\nగవిధానం బవిలేని పూజలు మదిం గైకోవు సర్వేశ్వరా!	true	[]	[]														pdy-v-00815		
pdy-mattebhamu-0530	mattebhamu	vruttamu	""	test	సకలాధీశ్వరులై గణాధిపతులై సర్వజ్ఞూలై నిత్యులై\nయకలంకాత్మకులై మహామహిములై యంభోజగర్భాండర-\nక్షకులై యుండుదు రెల్లవారును భవత్సద్భక్తి నానాగణా-\nధికలీలావిధి నంతరంగముల వర్తింపంగ సర్వేశ్వరా!	false	["seq"]	["seq"]	32	ు	ూ	lengthen	0	15	సర్వజ్ఞూలై	false	0	5	15	UUU	["జ్ఞూ","లై","ని"]	pdy-v-00816		
pdy-mattebhamu-0537	mattebhamu	vruttamu	""	test	శివవాక్యస్ఫురితాక్షరద్వయ సకృజ్జిహ్వాప్రదేశాత్ముఁడై\nభవదుఃఖాంబుధి దాఁటజుచు తఱిఁ దత్పంచాక్షరీమంత్ర ము-\nత్సవలీలం గడుశుద్ధుఁడై జపము వాంఛం జేయు భాస్వద్గుణా-\nర్ణవసౌభాగ్యము మానమెవ్వరికిఁ గాన న్వచ్చు సర్వేశ్వరా!	false	["seq"]	["seq"]	69	ూ	ు	shorten	1	8	దాఁటజుచు	false	1	2	26	U||	["దా","ట","జు"]	pdy-v-00817		
pdy-mattebhamu-0543	mattebhamu	vruttamu	""	train	ఖలులై యాచకులై విరుద్ధవికటాకారాంగులై పంగులై\nబలహీనాతురులై రుజాపటలతాపచ్ఛన్నులై ఖిన్నులై\nచలనాందోళితచిత్తులై మలినులై జాత్యంధులై మందులై\nతొలిజన్మంబూన మిమ్ముఁ గొల్వని దురాత్ముల్ వారు సర్వేశ్వరా!	false	["seq"]	["seq"]	140	ు	ూ	lengthen	3	4	తొలిజన్మంబూన	false	3	1	63	UU|	["న్మం","బూ","న"]	pdy-v-00818		
pdy-mattebhamu-0548	mattebhamu	vruttamu	""	train	పరమార్థంబుగఁ దత్త్వము న్నెఱుఁగ నొప్పందీర్చి డెందంబు నీ\nకరుణాస్థానముఁ జేర్పలేక తన వంకం బోవఁగానిచ్చిరే\nనరకాబ్ధిం బడవైచుఁ దత్క్షణములోనం గానఁ దత్త్వక్షమం-\nబరయం జిత్తము శూకలాశ్వము విభంబై యుండు సర్వేశ్వరా!	true	[]	[]														pdy-v-00819		
pdy-mattebhamu-0554	mattebhamu	vruttamu	""	train	అరిషడ్వర్గబలంబులో మలసి మాయావృత్తి నాయం దతి-\nస్ఫురణం జేసినవాఁడు మోహుఁ డతనిన్ బోఁద్రోచి ని భక్తితో\nబరగం గూర్చి వివేకిఁ జేసి నెరయం బాటించి నాయం దధీ-\nశ్వరుఁడై యుండఁగదయ్య రౌప్యకుధరవ్యాపార సర్వేశ్వరా!	false	["seq"]	["seq"]	87	ీ	ి	shorten	1	16	ని	true	1	5	35	||U	["చి","ని","భ"]	pdy-v-00820		
pdy-saardulamu-0232	saardulamu	vruttamu	""	train	శ్రీవిద్యుత్కలితాజవంజవ మహాజీమూతపాపాంబు ధా\nరావేగంబున మన్మనోబ్జ సముదీర్ణత్వంబు గోల్పోయితి\nన్‌ దేవా! నీ కరుణా శరత్సమయమింతేఁ జాలు సద్భావనా\nసేవం దామరతంపరై మనియెదన్‌ శ్రీకాళహస్తీశ్వరా!	true	[]	[]														pdy-v-00821		
pdy-saardulamu-0235	saardulamu	vruttamu	""	train	నీనా సందొడబాటు మాట వినుమా! నీచేత జీతంబునేఁ\nగానింబట్టక సంతతంబు మదివేడ్కన్గొల్తు నంతస్సప\nత్నానీకంబున కొప్పగింపకుము నన్నాపాటియే చాలుఁదే\nజీనొల్లం గరీనొల్ల నొల్లసిరులన్‌ శ్రీకాళహస్తీశ్వరా!	false	["seq"]	["seq"]	144	ి	ీ	lengthen	3	4	గరీనొల్ల	false	3	1	60	|UU	["గ","రీ","నొ"]	pdy-v-00822		
pdy-mattebhamu-0557	mattebhamu	vruttamu	""	train	భవకేళీ మదిరామదంబూన మహాపాపాత్ముఁడై వీఁడు న\nన్ను వివేకింపఁడటంచు నేను నరకార్ణోరాశిపాలైనఁ బ\nట్టవు? బాలుండొకచోట నాటతమితోడన్నూతఁ గూలంగఁ దం\nడ్రి విచారింపకయుండునా కటకటా! శ్రీకాళహస్తీశ్వరా!	false	["seq"]	["seq"]	16	ు	ూ	lengthen	0	9	మదిరామదంబూన	false	0	3	9	U||	["బూ","న","మ"]	pdy-v-00823		
pdy-saardulamu-0238	saardulamu	vruttamu	""	train	నిప్పై పాతకతూల శైలమడఁచు న్నీనామమున్మానవు\nల్‌ తప్పన్‌ దవ్వులవిన్న నంతకభుజాదర్పోద్ధత క్లేశము\nల్‌ తప్పుందారును ముక్తులౌదురని శాస్త్రంబుల్మహాపండితు\nల్‌ చెప్పంగాఁ దమకింక శంకవలెనా శ్రీకాళహస్తీశ్వరా!	true	[]	[]														pdy-v-00824		
pdy-mattebhamu-0560	mattebhamu	vruttamu	""	train	నినుసేవింపఁగ నాపదల్పొడమనీ, నిత్యోత్సవంబబ్బనీ\nజనమాత్రుండననీ, మహాత్ముఁడననీ, సంసార మోహంబు పై\nకొననీ, జ్ఞానముగల్గనీ, గ్రహగతుల్‌ గుందింపనీ, మేలు వ\nచ్చిన రానీ యవి నాకు భూషణములో శ్రీకాళహస్తీశ్వరా!	true	[]	[]														pdy-v-00825		
pdy-saardulamu-0243	saardulamu	vruttamu	""	train	ఱాలన్‌ ఱువ్వఁగ జేతులాడవు కుమారా! రమ్మురమ్మంచునేఁ,\nజాలన్‌ జంపఁగ నేత్రముల్దివియఁగా శక్తుండనేఁగాను, నా\nశీలంబేమని చెప్పనున్నదిఁక నీ చిత్తంబు నాభాగ్యమో\nశ్రీలక్ష్మీపతి సేవితాంఘ్రియుగళా శ్రీకాళహస్తీశ్వరా!	true	[]	[]														pdy-v-00826		
pdy-saardulamu-0246	saardulamu	vruttamu	""	train	నీకున్మాంసము వాంఛయేని కఱవా? నీచేతలేడుండఁగాఁ\nజోకైనట్టి కుఠారముండ ననలజ్యోతుండ, నీరుండఁగా\nబాకం బొప్ప ఘటించి చేతి పునుకన్భక్షింప కా బోయచేఁ\nజేకొంటెంగిలి మాంసమిట్లూదగునా? శ్రీకాళహస్తీశ్వరా!	false	["seq"]	["seq"]	157	ు	ూ	lengthen	3	8	మాంసమిట్లూదగునా	false	3	2	63	|UU	["స","మి","ట్లూ"]	pdy-v-00827		
pdy-saardulamu-0250	saardulamu	vruttamu	""	train	నీపంచం బడియుండఁగాఁ గలిగిన న్భిక్షాన్నమే చాలు ని\nక్షేపంబబ్బిన రాజకీటముల నే సేవింపఁగా నోప నా\nశాపాశంబులఁజుట్టి త్రిప్పకుము సంసారార్థమై బంటుగాఁ\nజేపట్టం దయగల్గెనేని మదిలో శ్రీకాళహస్తీశ్వరా!	true	[]	[]														pdy-v-00828		
pdy-saardulamu-0251	saardulamu	vruttamu	""	train	నీపేరున్‌ భవదంఘ్రితీర్థము భవన్నిష్ఠ్యూత తాంబూలము\nల్‌ ని పళ్ళెంబు ప్రసాదముంగొనికదా నే బిడ్డఁడైనాఁడ న\nన్నీ పాటిం గరుణింపు మోపనిఁక నేనెవ్వారికిం బిడ్డఁగా\nన్‌ జేపట్టందగుఁ బట్టి మానఁదగదో శ్రీకాళహస్తీశ్వరా!	false	["seq"]	["seq"]	54	ీ	ి	shorten	1	0	ని	true	1	0	19	|UU	["ల్ని","ప","ళ్ళెం"]	pdy-v-00829		
pdy-mattebhamu-0564	mattebhamu	vruttamu	""	test	గ్రహదోషంబులు దుర్నిమిత్తమూలు నీ కల్యాణనామంబు ప్ర\nత్యహముంబేర్కొను నుత్తమోత్తముల బాధంబెట్టగానోపునే\nదహనుం గప్పఁగఁజాలునే శలభసంతానంబు నీ సేవఁజే\nసి హతక్లేశులుగారుగాక మనుజుల్‌ శ్రీకాళహస్తీశ్వరా!	false	["seq"]	["seq"]	25	ు	ూ	lengthen	0	10	దుర్నిమిత్తమూలు	false	0	3	9	|U|	["త్త","మూ","లు"]	pdy-v-00830		
pdy-mattebhamu-0569	mattebhamu	vruttamu	""	train	పదునాల్గేలె మహాయుగంబులొక భూపాలుండు, చెల్లించె న\nయ్యుదయాస్తాచలసంధినాజ్ఞ నొకఁడాయుష్మంతుఁడై వీరి య\nభ్యుదయంబెవ్వరు చెప్పఁగా వినరొ? యల్పుల్మత్తులై యేల చ\nచ్చెదరో రాజులమంచు నక్కటకటా! శ్రీకాళహస్తీశ్వరా!	true	[]	[]														pdy-v-00831		
pdy-mattebhamu-0574	mattebhamu	vruttamu	""	train	భవదుఃఖంబులు రాజకీటముల నేఁ బ్రార్థించినం బాయునే\nభవదంఘ్రిస్తుతి చేతఁగాక, విలసద్బాల క్షుథాక్లేశ దు\nష్ట విధుల్మానునె? చూడ మేఁకమెడచంటం దల్లి కారుణ్యదృ\nష్టి విశేషంబుననిచ్చు చంటబలెనో శ్రీకాళహస్తీశ్వరా!	true	[]	[]														pdy-v-00832		
pdy-saardulamu-0258	saardulamu	vruttamu	""	train	లేవో కానలఁ గందమూలఫలముల్‌ లేవో గుహల్‌ తోయము\nల్‌ లేవో యేఱులఁ బల్లవాస్తరణముల్‌ లేవో సదాయాత్మలో\nలేవో నీవు విరక్తులన్మనుప జాలింబొంది భూపాలుర\nన్‌ సేవల్సేయఁగఁ బోదురేలొకొ జనుల్‌ శ్రీకాళహస్తీశ్వరా!	true	[]	[]														pdy-v-00833		
pdy-mattebhamu-0576	mattebhamu	vruttamu	""	train	మును నేఁ బుట్టిన పుట్టులెన్నిగలవో మోహంబుచే నందుఁ జే\nసిన కర్మంబుల ప్రోవులెన్నిగలవో చింతించినం గాన నీ\nజననంబే యని యున్నవాఁడ నిదియే చాలింపవే నిన్నుఁగొ\nల్చినపుణ్యంబునకుం గృపారతుఁడవై శ్రీకాళహస్తీశ్వరా!	true	[]	[]														pdy-v-00834		
pdy-mattebhamu-0578	mattebhamu	vruttamu	""	train	మలభూయిష్ఠ మనోజధామము సుషుమ్నాద్వారమో? యారు కుం\nడలియో? పాదకరాక్షియుగ్మములు షట్కంజంబులో? మోముదా\nజలజంబో? నిటలంబు చంద్రకళయో, సంగంబు యోగంబొ? గా\nసిలిసేవింతురు కాంతలన్‌ భువి జనుల్‌ శ్రీకాళహస్తీశ్వరా!	true	[]	[]														pdy-v-00835		
pdy-mattebhamu-0583	mattebhamu	vruttamu	""	dev	కలధౌతాద్రియు నస్థిమాలికయు గోగంధర్వమున్బున్నయుం,\nబులిలోలున్భసితంబుఁ బాపతొడవుల్పోకుండఁ దోఁబుట్లకై,\nతొలినేవారలతొడఁబుట్టగఁ గళాదుల్గల్గె మేలయ్యె నా\nసిలువుల్దూరము చేసికొంటెఱిగియే శ్రీకాళహస్తీశ్వరా!	false	["seq"]	["seq"]	108	ో	ొ	shorten	2	6	తొలినేవారలతొడఁబుట్టగఁ	false	2	2	46	||U	["తొ","డ","బు"]	pdy-v-00836		
pdy-mattebhamu-0584	mattebhamu	vruttamu	""	train	శ్రుతులభ్యాసముచేసి శాస్త్రగరిమల్శోధించి తత్త్వంబుల\nన్‌ మతినూహించి శరీరమస్థిరము బ్రహ్మంబెన్నసత్యంబు గాం\nచితిమంచున్‌ సభలన్‌ వృథావచనముల్చెప్పంగనేకాని, ని\nర్జిత చిత్తస్థిరసౌఖ్యముల్‌ దెలియరో శ్రీకాళహస్తీశ్వరా!	true	[]	[]														pdy-v-00837		
pdy-mattebhamu-0585	mattebhamu	vruttamu	""	train	గతినీవంచు భజించువార లపవర్గంబొందఁగానేల సం\nతతముం గూటికినై చరింప వినలేదా "యాయురన్నం ప్రయ\nచ్ఛతి" యంచున్మొఱవెట్టఁగా శ్రుతులు సంసారాంధకారాభిదూ\nశిత దుర్మార్గులు గానఁ గానఁబడవో శ్రీకాళహస్తీశ్వరా!	true	[]	[]														pdy-v-00838		
pdy-saardulamu-0263	saardulamu	vruttamu	""	test	సంతోషించితిఁ జాలుఁజాలు రతి రాజద్వార సౌఖ్యంబుల\nన్‌ శాంతిం బొందితిఁ జాలుఁజాలు బహురాజద్వార సౌఖ్యంబుల\nన్‌ శాంతిం బొందెదఁ జూపు బ్రహ్మపద రాజద్వార సౌఖ్యంబు ని\nశ్చింత న్శాంతుఁడనౌదు నీ కరుణచే శ్రీకాళహస్తీశ్వరా!	true	[]	[]														pdy-v-00839		
pdy-mattebhamu-0589	mattebhamu	vruttamu	""	train	శుకముల్కింశుకపుష్పము ల్గని ఫలస్తోమంబటంచు న్సము\nత్సుకతం జేరఁగఁబోవ నచ్చట మహాదుఃఖంబు సిద్ధించుఁ గ\nర్మకళాభాషలకెల్లఁ బ్రాపులగు శాస్త్రంబుల్విలోకించు వా\nరికి నిత్యత్వమనీష దూరమగునో శ్రీకాళహస్తీశ్వరా!	true	[]	[]														pdy-v-00840		
pdy-mattebhamu-0593	mattebhamu	vruttamu	""	train	చవిగాఁజూడ వినంగ మూర్కొనఁ దనూసంఘర్షణాస్వాద మొం\nద వినిర్మించెదవేల జంతువుల నేతత్క్రీడలే పాతక\nవ్యవహారంబులు సేయనేమిటికి మాయావిద్యచేఁ బ్రొద్దుపు\nచ్చీ వినోదింపగఁ దీన నేమిఫలమో శ్రీకాళహస్తీశ్వరా!	false	["seq"]	["seq"]	142	ి	ీ	lengthen	3	0	చ్చీ	true	3	0	60	U|U	["చ్చీ","వి","నో"]	pdy-v-00841		
pdy-mattebhamu-0594	mattebhamu	vruttamu	""	dev	వెనుకంజేసిన ఘోరదుర్దశలు భావింపంగ రోఁతయ్యెడు\nన్‌ వెనుకన్ముందటవచ్చు దుర్మరణముల్వీక్షింప భీతయ్యెడు\nన్‌ నను నేఁజూచియు నావిధుల్దలఁచియున్నాకే భయంబయ్యెడుం\nజెనకుంజీకటినాయెఁ గాలమునకున్‌ శ్రీకాళహస్తీశ్వరా!	true	[]	[]														pdy-v-00842		
pdy-mattebhamu-0596	mattebhamu	vruttamu	""	train	మొదలంజేసిన వారి ధర్మములు నిర్మూలంబుగాఁ జేసి దు\nర్మదులై యిప్పుడు వారధర్మములొనర్పం దమ్ము దైవంబు న\nవ్వదె? రానున్న దురాత్ములెల్ల దమ త్రోవంబోవరె యేలచే\nసెదరో మీఁదు దలంచి చూడకధముల్‌ శ్రీకాళహస్తీశ్వరా!	false	["seq"]	["seq"]	138	ే	ె	shorten	2	16	త్రోవంబోవరె	false	2	5	55	||U	["వ","రె","యే"]	pdy-v-00843		
pdy-saardulamu-0270	saardulamu	vruttamu	""	train	కాసంతైన సుఖంబొనర్చునొ మనఃకామంబు లీడేర్చునో\nవీసంబైనను వెంటవచ్చునొ జగద్విఖ్యాతిఁ గావించునో\nదోసంబుల్పెడఁబాపునో వలసినందోడ్తో మిముంజూపునో\nఛీ! సంసారదురాశలేలుడుపవో శ్రీకాళహస్తీశ్వరా!	true	[]	[]														pdy-v-00844		
pdy-saardulamu-0271	saardulamu	vruttamu	""	train	కేదారాదిసమస్త తీర్థములు కోర్కింజూడఁ బోనెఁటికిం\nగాదా ముంగిలి వారణాసి కడుపే కైలాసశైలంబు మీ\nపాదధ్యానము సంభవించునపుడే భావింప నజ్ఞాన ల\nక్ష్మీదారిద్ర్యులుగారె లోకు లకటా! శ్రీకాళహస్తీశ్వరా!	false	["seq"]	["seq"]	39	ే	ె	shorten	0	16	బోనెఁటికిం	false	0	5	15	U||	["బో","నె","టి"]	pdy-v-00845		
pdy-mattebhamu-0599	mattebhamu	vruttamu	""	dev	పుడమిన్నిన్నొక బిల్వపత్త్రమున నేఁ బూజించి పుణ్యంబునుం\nబడయన్నేరక పెక్కుదైవములకుం బప్పుల్‌ ప్రసాదంబులుం\nగుడుముల్‌ దోసెలు సారెసత్తులడుకుల్‌ గుగ్గిళ్లునుం బెట్టుచుం\nజెడి యెందుం గొఱగాకపోదురకటా! శ్రీకాళహస్తీశ్వరా!	true	[]	[]														pdy-v-00846		
pdy-saardulamu-0273	saardulamu	vruttamu	""	train	విత్తజ్ఞానము పాడుచిత్తము భవావేశంబు రక్షాంబువు\nల్‌ మత్తత్త్వంబు తదంకురం బనౄతముల్‌ మాఱాకులత్యంత దు\nర్వృత్తుల్‌ పువ్వులు పండ్లు మన్మథ ముఖావిర్భూత దోషంబులుం\nజిత్తాభ్యున్నత నింబభూజమునకున్‌ శ్రీకాళహస్తీశ్వరా!	false	["seq"]	["seq"]	73	ృ	ౄ	lengthen	1	9	బనౄతముల్‌	false	1	3	28	U|U	["నౄ","త","ము"]	pdy-v-00847		
pdy-saardulamu-0275	saardulamu	vruttamu	""	train	సంపద్వర్గముఁ బాఱఁదోలి రిపులన్‌ జంకించి యాకాంక్షల\nన్‌ దంపుల్వెట్టి కళంకముల్నఱికి బంధక్లేశ దోషంబులం\nజింపుల్చేసి వయోవిలాసమూలు సంక్షేపించి భూతంబులం\nజెంపల్వేయక నిన్నుఁ గాననగునా? శ్రీకాళహస్తీశ్వరా!	false	["seq"]	["seq"]	119	ు	ూ	lengthen	2	9	వయోవిలాసమూలు	false	2	3	47	U|U	["మూ","లు","సం"]	pdy-v-00848		
pdy-mattebhamu-0600	mattebhamu	vruttamu	""	train	దయ సేయుండని గొందఱాడుదురు నిత్యంబున్నినుంగొల్చుచు\nన్‌ నియమంబెంతొ ఫలంబునంతియగదా నీవీయ పిండెంతొ యం\nతియకా యెప్పటికిం దళం బశనబుద్ధిం జుడనేలబ్బు స\nత్క్రియలన్నిన్ను భజింప కిష్టసుఖముల్‌ శ్రీకాళహస్తీశ్వరా!	false	["seq"]	["seq"]	129	ూ	ు	shorten	2	14	జుడనేలబ్బు	false	2	4	52	UU|	["బు","ద్ధిం","జు"]	pdy-v-00849		
pdy-saardulamu-0282	saardulamu	vruttamu	""	train	నీ భక్తుల్పదివేల భంగుల నినున్సేవింపుచున్‌ వేఁడఁగా\nలొభంబేఁటికి వారి కోర్కులు కృపాళుత్వంబుఁనం దీర్పరా\nదా భవ్యంబు దలంచిచూడు పరమార్థంబిచ్చి పొమ్మన్న నీ\nశ్రీ భాండారములోఁ గొఱంతపడునా శ్రీకాళహస్తీశ్వరా!	false	["seq"]	["seq"]	51	ో	ొ	shorten	1	0	లొభంబేఁటికి	false	1	0	19	|UU	["లొ","భం","బే"]	pdy-v-00850		
pdy-mattebhamu-0601	mattebhamu	vruttamu	""	train	మొదలన్భక్తులకిచ్చినాఁడవు గదా మోక్షంబు నేఁడేమయా\nముదియంగా ముదియంగఁబుట్టె ఘనమౌ మోహంబు లోభంబున\nన్నది సత్యంబు కృపందలంప వొక పుణ్యాత్ముండు నిన్నాత్మ గొ\nల్చి దినంబున్మొఱవెట్టఁగా గటకటా! శ్రీకాళహస్తీశ్వరా!	true	[]	[]														pdy-v-00851		
pdy-mattebhamu-0602	mattebhamu	vruttamu	""	train	పదివేలైనను లోకకంటకులచేఁ బ్రాపించు సౌఖ్యంబు నా\nమదికిం బథ్యముగాదు సర్వమునకున్‌ మధ్యస్థుఁడై సత్యదా\nన దయాదుల్గల రాజు నా కొసఁగు మెన్నన్వాని నీయట్ల చూ\nచీ దినంబున్ముద మొందుదుం గడపటన్‌ శ్రీకాళహస్తీశ్వరా!	false	["seq"]	["seq"]	146	ి	ీ	lengthen	3	0	చీ	true	3	0	60	U|U	["చీ","ది","నం"]	pdy-v-00852		
pdy-mattebhamu-0603	mattebhamu	vruttamu	""	test	చెడుగుల్‌ కొందఱు కూడి చేయఁగఁ బనుల్‌ చీకట్లు దూఱంగఁ బా\nల్పడితింగాని చరింపరాని నిను నొల్లంజాలుఁ బొమ్మంచు ని\nల్వెడలం ద్రోచినఁజూరువట్టుకొని నే వ్రేలాడుదుం గోర్కిఁగో\nరెడి యర్థంబులు నాకు వే గలుగవో శ్రీకాళహస్తీశ్వరా!	true	[]	[]														pdy-v-00853		
pdy-saardulamu-0286	saardulamu	vruttamu	""	train	నీకుంగాని కవిత్వమెవ్వరికి నేనీనంచు మీఁదెత్తీతి\nన్‌ జేకొంటిన్‌ బిరుదంబు కంకణము ముంజేగట్టితిం బట్టితి\nన్‌ లోకుల్‌ మెచ్చ వ్రతంబు నా తనువుకీలున్‌ నేర్పులుంగావు ఛీ\nఛీ కాలంబుల రీతి దప్పెడు జుమీ శ్రీకాళహస్తీశ్వరా!	false	["seq"]	["seq"]	43	ి	ీ	lengthen	0	17	మీఁదెత్తీతి	false	0	5	15	UUU	["మీ","దె","త్తీ"]	pdy-v-00854		
pdy-saardulamu-0288	saardulamu	vruttamu	""	dev	దంతంబుల్పడనప్పుడే తనువునన్‌ దార్ఢ్యంబు నున్నప్పుడే\nకాంతాసంఘము రోయనప్పుడె జరాక్రాంతంబు గానప్పుడే\nవింతల్మేనఁ జరించనప్పుడె కురుల్వెల్వెల్ల గానప్పుడే\nచింతింపన్‌వలె నీ పదాంబుజములన్‌ శ్రీకాళహస్తీశ్వరా!	true	[]	[]														pdy-v-00855		
pdy-saardulamu-0290	saardulamu	vruttamu	""	train	దొప్పెండెంగిలి దెచ్చియిచ్చినను గండూషాంబుధారావళి\nన్‌ దొప్పం దోఁగిన చెప్పుగాల తలపై ద్రొక్కంగ నట్లైనఁ గ\nన్నప్పం బాత్రుని జేసితింతటికి సన్మానంబు దీపింపఁగా\nచెప్పన్నేరము నీ విహార మహిమల్‌ శ్రీకాళహస్తీశ్వరా!	true	[]	[]														pdy-v-00856		
pdy-kandamu-0427	kandamu	jaathi	""	dev	శ్రీ రాముని దయ చేతను\nనారూఢిగ సకల జనులు నౌరా యనఁగా\nధారాళమైన నీతులు\nనోరూఁరఁగ జవులు పుట్ట నుడివెద సుమతీ!	true	[]	[]														pdy-v-00857		
pdy-kandamu-0428	kandamu	jaathi	""	train	అక్కఱకు రాని చుట్టము\nమ్రొక్కిన వరమీని వేల్పు మోహరమునఁ దా\nనెక్కినఁ బాఱని గుఱ్ఱము\nగ్రక్కున విడువంగ వలయుఁ గదరా సుమతీ !	true	[]	[]														pdy-v-00858		
pdy-kandamu-0429	kandamu	jaathi	""	train	అడిగిన జీతం బియ్యని\nమిడిమేలపు దొరను గొల్చి మిడుకుట కంటె\nన్‌ వడి గల యెద్దులఁ గట్టుక\nమడి దున్నుక బ్రతుక వచ్చు మహిలో సుమతీ!	true	[]	[]														pdy-v-00859		
pdy-kandamu-0432	kandamu	jaathi	""	train	అప్పుగొని చేయు విభవము\nముప్పునఁ బ్రాయంపుటాలు మూర్ఖుని తపము\nన్‌ దప్పరయని నృపురాజ్యము\nదెప్పరమై మీఁదఁ గీడు దెచ్చుర సుమతీ!	true	[]	[]														pdy-v-00860		
pdy-kandamu-0434	kandamu	jaathi	""	dev	అల్లుని మంచితనంబును\nగొల్లని సాహిత్యవిద్య కోమలి నిజము\nన్‌ బొల్లున దంచిన బియ్యముఁ\nదెల్లని కాకులును లేవు తెలియర సుమతీ!	true	[]	[]														pdy-v-00861		
pdy-kandamu-0436	kandamu	jaathi	""	train	ఆఁకలి యుడుగని కుడుపును\nవేఁకటియగు లంజ పడూపు విడువని బ్రతుకు\nన్‌ బ్రాఁకొన్న నూతి యుదకము\nమేఁకల పాఁడియును రోఁత మేదిని సుమతీ!	false	["seq"]	["seq"]	39	ు	ూ	lengthen	1	8	పడూపు	false	1	2	17	||U|	["జ","ప","డూ","పు"]	pdy-v-00862		
pdy-kandamu-0437	kandamu	jaathi	""	train	ఇచ్చునదె విద్య రణమునఁ\nజొచ్చునదే మగతనంబు సుకవీశ్వరులు\nన్‌ మెచ్చునదె నేర్పు, వాదుకు\nవచ్చునదే కీడు సుమ్ము వసుధను సుమతీ!	true	[]	[]														pdy-v-00863		
pdy-kandamu-0439	kandamu	jaathi	""	train	ఉడుముండదె నూఱేండ్లును\nబడియుండదె పేర్మిఁ బాము పదినూఱేండ్లు\nన్‌ మడువునఁ గొక్కెర యుండదె\nకడు నిలఁ బురుషార్థపరుఁడు గావలె సుమతీ!	true	[]	[]														pdy-v-00864		
pdy-kandamu-0441	kandamu	jaathi	""	train	ఉదకము ద్రావెడు హయమును\nమదమున నుప్పొంగుచుండు మత్తేభంబు\nన్‌ మొదవు కడనున్న వృషభముఁ\nజదువని యా నీచుఁ జేరఁ జనకుర సుమతి!	false	["seq"]	["seq"]	110	ీ	ి	shorten	3	15	సుమతి	true	3	4	48	|||	["సు","మ","తి"]	pdy-v-00865		
pdy-kandamu-0442	kandamu	jaathi	""	dev	ఉపకారికి నుపకారము\nవిపరీతము గాదు సేయ వివరింపంగా\nనపకారికి నుపకారము\nనెపమెన్నక సేయువాఁడు నేర్పరి సుమతీ!	true	[]	[]														pdy-v-00866		
pdy-kandamu-0443	kandamu	jaathi	""	dev	ఉపమింప మొదలు తియ్యన\nకపటం బెడనెడను జెఱకు కైవడి నేపో\nనెపములు వెదకును గడపటఁ\nగపటపు దుర్జాతి పొందు గదరా సుమతీ!	true	[]	[]														pdy-v-00867		
pdy-kandamu-0447	kandamu	jaathi	""	dev	ఏఱకుమీ కసుగాయలు\nదూఱకుమీ బంధుజనుల దోషము సుమ్మీ\nపాఱకుమీ రణమందున\nమీఱకుమీ గురువులాజ్ఞ మేదిని సుమతీ!	true	[]	[]														pdy-v-00868		
pdy-kandamu-0448	kandamu	jaathi	""	train	ఒకయూరికి నొక కరణము\nనొక తీర్పరియైనఁ గాక నొగిఁ దఱచైన\nన్‌ గకవికలు గాకయుండునె\nసకలంబును గొట్టువడక సహజము సుమతీ!	true	[]	[]														pdy-v-00869		
pdy-kandamu-0449	kandamu	jaathi	""	train	ఒల్లని సతి నొల్లని పతి\nనొల్లని చెలికాని విడువ నొల్లని వాఁడే\nగొల్లండు కాక ధరలో\nగొల్లండును గొల్లఁడౌనె గుణమున సుమతీ!	true	[]	[]														pdy-v-00870		
pdy-kandamu-0451	kandamu	jaathi	""	train	కడు బలవంతుండైనను\nబుడమినిఁ బ్రాయంపుటాలిఁ బుట్టినయింట\nన్‌ దడవుండ నిచ్చెనేనియుఁ\nబడుపుగ నంగడికిఁ దానె పంపుట సుమతీ!	true	[]	[]														pdy-v-00871		
pdy-kandamu-0452	kandamu	jaathi	""	train	కనకపు సింహాసనమున\nశునకముఁ గూర్చుండఁబెట్టి శుభ లగ్నమునం\nదొనరఁగఁ బట్టము గట్టిన\nవెనుకటి గుణమేల మాను వినరా సుమతి!	false	["seq"]	["seq"]	106	ీ	ి	shorten	3	15	సుమతి	true	3	4	48	|||	["సు","మ","తి"]	pdy-v-00872		
pdy-kandamu-0456	kandamu	jaathi	""	train	కరణముల ననుసరింపక\nవిరసంబునఁ దిన్నతిండి వికటించుఁ జుమీ\nయిరుసునఁ గందెనఁ బెట్టక\nపరమేశ్వరు బండియైనఁ బాఱదు సుమతీ!	true	[]	[]														pdy-v-00873		
pdy-kandamu-0458	kandamu	jaathi	""	train	కసుగాయఁ గఱచి చూచిన\nమసలక దనయొగరు గాక మధురంబగునా?\nపసగలుగు యువతు లుండగఁ\nబసిబాలలఁ బొందువాఁడు పసరము సుమతి!	false	["seq"]	["seq"]	99	ీ	ి	shorten	3	15	సుమతి	true	3	4	51	|||	["సు","మ","తి"]	pdy-v-00874		
pdy-kandamu-0460	kandamu	jaathi	""	test	కాదుసుమీ దుస్సంగతి\nపోదుసుమీ కీర్తికాంత పొందినపిదప\nన్‌ వాదుసుమీ యప్పిచ్చుట\nలేదుసుమీ సతులవలపు లేశము సుమతి!	false	["seq"]	["seq"]	102	ీ	ి	shorten	3	15	సుమతి	true	3	4	43	|||	["సు","మ","తి"]	pdy-v-00875		
pdy-kandamu-0464	kandamu	jaathi	""	train	కూరిమిగల దినములలో\nనేరము లెన్నఁడును గలుగ నేరవు మఱి యా\nకూరిమి విరసంబైనను\nనేరములే తోఁచుచుండు నిక్కము సుమతి!	false	["seq"]	["seq"]	102	ీ	ి	shorten	3	13	సుమతి	true	3	4	46	|||	["సు","మ","తి"]	pdy-v-00876		
pdy-kandamu-0466	kandamu	jaathi	""	train	కొక్కోకమెల్లఁ జదివినఁ\nజక్కనివాఁడైన రాజ చంద్రుండైన\nన్‌ మిక్కిలి రొక్కంబీయక\nచిక్కదురా వారకాంత సిద్ధము సుమతీ!	true	[]	[]														pdy-v-00877		
pdy-kandamu-0467	kandamu	jaathi	""	train	కొఱగాని కొడుకు పుట్టినఁ\nగొఱగామియె కాదు తండ్రీ గుణములఁ జెఱచు\nన్‌ జెఱకు తుద వెన్ను పుట్టినఁ\nజెఱకునఁ దీపెల్లఁ జెఱచు సిద్ధము సుమతీ!	false	["seq"]	["corr","seq"]	44	ి	ీ	lengthen	1	8	తండ్రీ	true	1	2	16	|UU|	["దు","తం","డ్రీ","గు"]	pdy-v-00878		
pdy-kandamu-0468	kandamu	jaathi	""	train	కోమలీ విశ్వాసంబును\nబాములతోఁ జెలిమి యన్యభామల వలపు\nన్‌ వేముల తియ్యఁదనంబును\nభూమీశుల నమ్మికలును బొంకుర సుమతీ!	false	["seq"]	["corr","seq"]	4	ి	ీ	lengthen	0	2	కోమలీ	true	0	0	0	U|UU	["కో","మ","లీ","వి"]	pdy-v-00879		
pdy-kandamu-0471	kandamu	jaathi	""	train	చీమలు పెట్టిన పుట్టలు\nపాముల కిరవైనయట్లు పామరుఁడు దగ\nన్‌ హేమంబుఁ గూడఁ బెట్టిన\nభుమీశుల పాలఁ జేరు భువిలో సుమతీ!	false	["seq"]	["corr","seq"]	78	ూ	ు	shorten	3	0	భుమీశుల	false	3	1	35	|U|U	["ల","పా","ల","జే"]	pdy-v-00880		
pdy-kandamu-0473	kandamu	jaathi	""	train	చేతులకుఁ దొడవు దానము\nభూతల నాథులకుఁ దొడవు బొంకమి ధరలో\nనీతియ తొడవెవ్వారికి\nనాతికి మానంబు తొడవు నయముగ సుమతీ!	true	[]	[]														pdy-v-00881		
pdy-kandamu-0474	kandamu	jaathi	""	train	తడవోర్వక యొడలోర్వక\nకడువేగం బడచిపడినఁ గార్యంబగునే\nతడవోర్చిన నొడలోర్చినఁ\nజెడిపోయిన కార్యమెల్లఁ జేకుఱు సుమతీ!	true	[]	[]														pdy-v-00882		
pdy-kandamu-0476	kandamu	jaathi	""	train	తన యూరి తపసితనమును\nదన పుత్త్రుని విద్య పెంపుఁ దన సతి రూపు\nన్‌ దన పెరటిచెట్టు మందును\nమనసున వర్ణింపరెట్టి మనుజులు సుమతీ!	true	[]	[]														pdy-v-00883		
pdy-kandamu-0478	kandamu	jaathi	""	train	తన వారు లేని చోటను\nజనువించుక లేని చోట జగడము చోట\nన్‌ అనుమానమైన చోటను\nమనుజునకును నిలువఁదగదు మహిలో సుమతీ!	true	[]	[]														pdy-v-00884		
pdy-kandamu-0482	kandamu	jaathi	""	dev	తలమాసిన నొలుమాసిన\nవలువలూ మాసినను బ్రాణవల్లభునైన\nన్‌ గులకాంతలైన రోఁతురు\nతిలకింపఁగ భూమిలోనఁ దిరముగ సుమతీ!	false	["seq"]	["seq"]	23	ు	ూ	lengthen	1	3	వలువలూ	false	1	0	10	|||U	["వ","లు","వ","లూ"]	pdy-v-00885		
pdy-kandamu-0483	kandamu	jaathi	""	train	తాననుభవింప నర్థము\nమానవపతిఁ జేరుఁ గొంత మఱి భూగతమౌఁ\nగానల నీఁగలు గూర్చిన\nతేనియ యొరుఁజేరునట్లు తిరముగ సుమతీ!	true	[]	[]														pdy-v-00886		
pdy-kandamu-0484	kandamu	jaathi	""	train	దగ్గఱ కొండెము చెప్పెడు\nప్రెగ్గడ పలుకులకు రాజు ప్రియుఁడై మఱి తా\nనెగ్గుఁ బ్రజ కాచరించుట\nబొగ్గులకై కల్పతరువుఁ బొడుచుట సుమతీ!	true	[]	[]														pdy-v-00887		
pdy-kandamu-0486	kandamu	jaathi	""	train	ధీరులకుఁ జేయు మేలది\nసారంబగు నారికేళ సలిలము భంగి\nన్‌ గౌరవమును మఱి మీఁదట\nభూరి సుఖావహము నగును భువిలో సుమతీ!	true	[]	[]														pdy-v-00888		
pdy-kandamu-0488	kandamu	jaathi	""	train	నమ్మకు సుంకరి జూదరి\nనమ్మకు మగసాలివాని నటు వెలయాలి\nన్‌ నమ్మకు మంగడివానిని\nనమ్మకుమీ వామహస్తు నవనిని సుమతీ!	true	[]	[]														pdy-v-00889		
pdy-kandamu-0490	kandamu	jaathi	""	dev	నరపతులు మేరఁ దప్పినఁ\nదిర మొప్పగ విధవ యింటఁ దీర్పరియైన\nన్‌ గరణము వైదికుఁడయినను\nమరణాంతకమౌను గాని మానదు సుమతీ!	true	[]	[]														pdy-v-00890		
pdy-kandamu-0491	kandamu	jaathi	""	dev	నవరస భావాలంకృత\nకవితా గోష్ఠియును మధుర గానంబును దా\nనవివేకి కెంతఁ జెప్పినఁ\nజెవిటికి సంకూదినట్లు సిద్ధము సుమతి!	false	["seq"]	["seq"]	105	ీ	ి	shorten	3	14	సుమతి	true	3	4	45	|||	["సు","మ","తి"]	pdy-v-00891		
pdy-kandamu-0494	kandamu	jaathi	""	train	పగ వలదెవ్వరి తోడనూ\nవగవంగా వలదు లేమి వచ్చిన పిదప\nన్‌ దెగనాడవలదు సభలను\nమగువకు మనసీయవలదు మహిలో సుమతీ!	false	["seq"]	["corr","seq"]	17	ు	ూ	lengthen	0	9	తోడనూ	false	0	2	7	U|U|	["తో","డ","నూ","వ"]	pdy-v-00892		
pdy-kandamu-0495	kandamu	jaathi	""	train	పతికడకుఁ దన్నుగూర్చిన\nసతికడకును వేల్పుకడకు సద్గురుకడకు\nన్‌ సుతుకడకు రిత్తచేతుల\nమతిమంతులు చనరు నీతి మార్గము సుమతీ!	true	[]	[]														pdy-v-00893		
pdy-kandamu-0497	kandamu	jaathi	""	train	పరనారీసోదరుఁడై\nపరధనముల కాసపడక పరులకు హితుఁడై\nపరులు దనుఁ బొగడ నెగడియు\nపరులలిగిన నలుగనతఁడు పరముఁడు సుమతీ!	true	[]	[]														pdy-v-00894		
pdy-kandamu-0498	kandamu	jaathi	""	train	పరసతి కూటమిఁ గోరకు\nపరధనముల కాసపడకు పరునెంచకుమీ\nసరిగాని గోష్ఠి సేయకు\nసిరి చెడిఁ జుట్టంబుకడకుఁ జేరకు సుమతీ!	true	[]	[]														pdy-v-00895		
pdy-kandamu-0499	kandamu	jaathi	""	train	పరసతుల గోష్ఠినుండిన\nపురుషుడు గాంగేయుఁడైన భువి నిందబడు\nన్‌ బరసతి సుశీలయైనను\nబరుసంగతి నున్న నిందపాలగు సుమతి!73	false	["seq"]	["seq"]	104	ీ	ి	shorten	3	14	సుమతి!73	false	3	4	47	|||	["సు","మ","తి"]	pdy-v-00896		
pdy-kandamu-0506	kandamu	jaathi	""	train	పాలసునకైన యాపద\nజాలింబడి తీర్పఁదగదు సర్వజ్ఞునకు\nన్‌ దేలగ్నిఁ బఁడగఁ బట్టిన\nమేలెఱుఁగునె మీటుఁగాక మేదినీ సుమతీ!	false	["seq"]	["seq"]	99	ి	ీ	lengthen	3	11	మేదినీ	false	3	3	41	U|U|	["మే","ది","నీ","సు"]	pdy-v-00897		
pdy-kandamu-0507	kandamu	jaathi	""	train	పిలువని పనులకుఁ బోవుట\nకలయని సతిరతియు రాజుగానని కొలువు\nన్‌ బిలువని పేరంటంబును\nవలవని చెలిమియును జేయవలదుర సుమతీ!	true	[]	[]														pdy-v-00898		
pdy-kandamu-0508	kandamu	jaathi	""	train	పురికిని బ్రాణము కోమటి\nవరికిని బ్రాణంబు నీరు వసుమతి లొన\nన్‌ గరికిని బ్రాణము తొండము\nసిరికిని బ్రాణంబు మగువ సిద్ధము సుమతీ!	false	["seq"]	["corr","seq"]	53	ో	ొ	shorten	1	13	లొన	false	1	4	23	|U|	["లొ","న","న్గ"]	pdy-v-00899		
pdy-kandamu-0510	kandamu	jaathi	""	train	పెట్టిన దినములలోపల\nనట్టడవులకైన వచ్చు నానార్థములు\nన్‌ బెట్టని దినములఁ గనకపు\nగట్టెక్కిన నేమి లేదు గదరా సుమతి!	false	["seq"]	["seq"]	105	ీ	ి	shorten	3	13	సుమతి	true	3	4	46	|||	["సు","మ","తి"]	pdy-v-00900		
pdy-kandamu-0512	kandamu	jaathi	""	train	బంగారు కుదువఁ బెట్టకు\nసంగరమునఁ బాఱిపోకు సరసుఁడవైన\nన్‌ నంగడి వెచ్చము లాడకు\nవెంగలితోఁ జెలిమి వలదు వినురా సుమతి!	false	["seq"]	["seq"]	107	ీ	ి	shorten	3	15	సుమతి	true	3	4	46	|||	["సు","మ","తి"]	pdy-v-00901		
pdy-kandamu-0515	kandamu	jaathi	""	train	మంత్రిగలవాని రాజ్యము\nతంత్రము చెడకుండ నిలచుఁ దఱచుగ ధరలో\nమంత్రివిహీనుని రాజ్యము\nజంత్రపుఁ గీలూడినట్లు జరుగదు సుమతీ!	true	[]	[]														pdy-v-00902		
pdy-kandamu-0518	kandamu	jaathi	""	train	రాపొమ్మని పిలువని యా\nభూపాలునిఁ గొల్వ భుక్తి ముక్తులు గలవే?\nదీపంబు లేని యింటను\nజేపుణికిళ్ళాడినట్లు సిద్ధము సుమతీ!	true	[]	[]														pdy-v-00903		
pdy-kandamu-0519	kandamu	jaathi	""	test	రూపించి పలికి బొంకకు\nప్రాపగు చుట్టంబు నెగ్గు పలుకకు మదిలోఁ\nగోపించు రాజుఁ గొల్వకు\nపాపపు దేశంబు సొరకు పదిలము సుమతి!	false	["seq"]	["seq"]	111	ీ	ి	shorten	3	15	సుమతి	true	3	4	45	|||	["సు","మ","తి"]	pdy-v-00904		
pdy-kandamu-0523	kandamu	jaathi	""	train	వినఁదగు నెవ్వరు సెప్పిన\nవినినంతనె వేగపడక వివరింపఁదగు\nన్‌ గని కల్ల నిజముఁ దెలిసిన\nమనుజుఁడె పో నీతిపరుఁడు మహిలో సుమతీ!	true	[]	[]														pdy-v-00905		
pdy-kandamu-0524	kandamu	jaathi	""	train	వీడెము సేయని నోరును\nజేడెల యధరామృతంబుఁ జెందని నోరు\nన్‌ బాడంగరాని నోరును\nబూడిద కిరవైన పాడు బొందర సుమతీ.	true	[]	[]														pdy-v-00906		
pdy-kandamu-0525	kandamu	jaathi	""	dev	వెలయాలివలనఁ గూరిమి\nగలుగదు మఱిఁ గలిగెనేని కడతేరదుగా\nపలువురు నడిచెడు తేరువునఁ\nబులు మొలవదు మొలిచెనేని బొదలదు సుమతీ!	false	["seq"]	["corr","seq"]	68	ె	ే	lengthen	2	8	తేరువునఁ	false	3	2	46	||U|	["లి","చె","నే","ని"]	pdy-v-00907		
pdy-kandamu-0526	kandamu	jaathi	""	test	శుభముల నొందని చదువును\nనభినయమును రాగరసము నందని పాట\nల్‌ అభిలాష లేని కూటమి\nసభమెచ్చని మాటలెల్లఁ జప్పన సుమతి!	false	["seq"]	["seq"]	102	ీ	ి	shorten	3	14	సుమతి	true	3	4	48	|||	["సు","మ","తి"]	pdy-v-00908		
pdy-kandamu-0527	kandamu	jaathi	""	test	సరసము విరసము కొఱకే\nపరిపూర్ణసుఖంబు లధిక బాధల కొఱకే\nపెరుఁగుట విరుఁగుట కొఱకే\nధరతగ్గుట హెచ్చుకొఱకె తథ్యము సుమతి.	false	["seq"]	["seq"]	106	ీ	ి	shorten	3	15	సుమతి	true	3	4	51	|||	["సు","మ","తి"]	pdy-v-00909		
pdy-kandamu-0528	kandamu	jaathi	""	train	మేలెంచని మాలిన్యుని\nమాలను నగసాలివాని మంగలి హితుగా\nనేలిన నరపతి రాజ్యము\nనేలఁ గలసిపోవుఁగాని నెగడదు సుమతీ.	true	[]	[]														pdy-v-00910		
pdy-kandamu-0531	kandamu	jaathi	""	test	మది నొకని వలచియుండఁగ\nమది చెడి యొక క్రూరవిటుఁడు మానక తిరుగు\nన్‌ ఆది చిలుకఁ బిల్లిపట్టినఁ\nజదువునె యాపంజరమున జగతిని సుమతీ.	false	["seq"]	["seq"]	63	అ	ఆ	lengthen	2	0	ఆది	true	2	2	34	|U||	["ల్లి","ప","ట్టి","న"]	pdy-v-00911		
pdy-kandamu-0534	kandamu	jaathi	""	train	వేసరఁపు జాతి గానీ\nవీసముఁ దాఁ జేయనట్టి వెంగలి గానీ\nదాసికొడుకైనఁ గానీ\nకాసులు గలవాఁడె రాజు గదరా సుమతీ.	true	[]	[]														pdy-v-00912		
pdy-vutpalamaala-0153	vutpalamaala	vruttamu	""	train	క్రొమ్ముడివీడ గబ్బిచనుగుబ్బల పేరులు చింద నత్తుము-\nత్యమ్ము చలింపఁ గేలు కడియమ్ముల చప్పుడు లుప్పతిల్ల లేఁ\nజెమ్మట మేను గ్రమ్మ మగఁసేతలు సేయుచు మోవితేనె తే-\nతెమ్మని చెక్కు గొట్టుదువె, దిట్టతనమ్మున సుందరీమణీ!	true	[]	[]														pdy-v-00913		
pdy-vutpalamaala-0154	vutpalamaala	vruttamu	""	train	బంగరుతీఁగెవంటి మెయి పట్టెఁడు గుబ్బలు, చేరెఁ డేసి క-\nన్నుంగలువల్ కనన్ మినుమినుక్కను కౌన్ బలుమేల్‍పిఱుందు జం-\nకుం గళలుల్లసిల్ల నిటకున్ సిరిచుక్క యనంగ వచ్చి మా\nముంగల నిల్చుటెన్నఁడొకొ ముచ్చట దీరఁగ సుందరిమణీ!	false	["seq"]	["seq"]	198	ీ	ి	shorten	3	17	సుందరిమణీ	true	3	5	75	U||	["సుం","ద","రి"]	pdy-v-00914		
pdy-champakamaala-0269	champakamaala	vruttamu	""	train	తల లొకయింత యెత్తి నునుదళ్కులుపై వెదజల్లి గొంటుపోఁ\nకలవలెనుండి బంతులయి గట్టితనంబున కౌళ్లుగట్టి చెం-\nతల నెఱనిండె నాంతరసుధాకలశంబులఁ గేరు నీ కుచం-\nబులఁ బవళించి, నేఁ దనివి పొందుట యెన్నఁడొ సుందరీమణీ!	true	[]	[]														pdy-v-00915		
pdy-champakamaala-0271	champakamaala	vruttamu	""	train	చెలఁగి కికాకిక న్నగుచుఁ జిల్కలమంచముమీఁదఁ గేరుచు\nన్ గులుకుమెఱుంగుగబ్బీచనుగుబ్బ లురమ్మునఁ గూర్చి రేపవ\nల్ తెలియక యుండువేళ సుదతీ! నిను నన్నెడబాపినట్టి యా\nనలువకుఁ బూజ లేదుగద! నాఁటికి నేటికి, సుందరీమణీ!	false	["seq"]	["seq"]	68	ి	ీ	lengthen	1	7	గులుకుమెఱుంగుగబ్బీచనుగుబ్బ	false	1	2	27	UU|	["గ","బ్బీ","చ"]	pdy-v-00916		
pdy-vutpalamaala-0158	vutpalamaala	vruttamu	""	train	నేటికి నిండె నా తపము నిక్కమటంచు సుఖించి యుంటి, స-\nయ్యాటల నాటపాటల నొయారపుదేటల ముద్దుమాటల\nన్ గూటమి నేలు నిన్నుఁ గని కోమలి! నిన్నెడబాసి యుంటి నీ-\nనాఁటికి నేది మున్నెడ నొనర్చితినో యిట సుందరీమణీ!	true	[]	[]														pdy-v-00917		
pdy-champakamaala-0274	champakamaala	vruttamu	""	train	బహుతరలజ్జఁ గన్ను లొక పాళముగా ముకుళించి, నీ యురో-\nరూహముల నీవిపైఁ గరసరోజములుంచి, తొడల్ బిగించ నే\nరహి వలువెల్లఁ బాపఁగఁ బిరాలునఁ దొల్తటికూటమిన్ స్వయం-\nగ్రహణ మొనర్చినట్టి యుపకారిణి వౌదువె సుందరీమణీ!	false	["seq"]	["seq"]	50	ు	ూ	lengthen	1	0	రూహముల	false	1	0	21	U||	["రూ","హ","ము"]	pdy-v-00918		
pdy-vutpalamaala-0165	vutpalamaala	vruttamu	""	train	మోహముమీఱఁ బంచశరుమోహర మొగ్గినవేళఁ గుల్కు నీ\nసాహస మేమనన్ బయికిఁ జంగున దాఁటి చెలంగి కేళిలో\nని హొనరెల్ల నేర్పఱుపు నేర్పరి వౌదువు విస్ఫురద్వరా-\nరోహ యటన్న పేరు దగు రూఢిగ నీయెడ సుందరీమణీ!	false	["seq"]	["seq"]	89	ీ	ి	shorten	2	0	ని	true	2	0	40	|||	["ని","హొ","న"]	pdy-v-00919		
pdy-vutpalamaala-0167	vutpalamaala	vruttamu	""	train	కోపము మానవే, నెనరుగూర్చిన చల్లనిచూపువెన్నెల\nల్ నాపయిఁ జల్లవే చలము నాయమె బిగ్గఱఁ గౌఁగిలింపవే\nయో పువుఁబోఁడి! యో రమణి! యో చెలి! నీ యధరామృతంబునం\nదాపము దీర్చవే యనుచుఁ దద్దయుఁ బల్కుదు సుందరీమణీ!	true	[]	[]														pdy-v-00920		
pdy-champakamaala-0282	champakamaala	vruttamu	""	test	కిలకిల నవ్వు నవ్వి, గిలిగింతలు వింతలు చేసిచేసి, గు-\nబ్బల నెద గ్రుమ్మిక్రుమ్మి, నునుపల్మొనవాతెఱ నొక్కినొక్కి, రా-\nచిలుకహుమావజీరు విలసిల్లు లడాయి బడాయి చూపు ని\nన్ దలఁచిన గుండెలో దిగులు దైవమెఱుంగును సుందరిమణీ!	false	["seq"]	["seq"]	201	ీ	ి	shorten	3	18	సుందరిమణీ	true	3	6	81	||U	["రి","మ","ణీ"]	pdy-v-00921		
pdy-champakamaala-0283	champakamaala	vruttamu	""	dev	కొదమమిటారిచన్నుఁగవ గొప్పపిఱుందు మెఱుంగుఁజెక్కు లొ-\nప్పిదమగు కన్ను లబ్బురపుఁ బెన్నెఱు లొప్ప వయఃప్రపూర్ణమై\nమదనునిదంతిలాగు నను మక్కువ దక్కఁ బెనంగుచుండూ ని\nన్ వదలఁకయున్న నబ్బు వహవా సహవాసము సుందరీమణీ!	false	["seq"]	["seq"]	147	ు	ూ	lengthen	2	19	బెనంగుచుండూ	false	2	6	60	UUU	["చుం","డూ","ని"]	pdy-v-00922		
pdy-vutpalamaala-0172	vutpalamaala	vruttamu	""	train	హా తరళాక్షి! హా రమణి! హా చెలి! నీవును నేను మేడలోఁ\nగౌతుకమందు నున్‍హవుసు ఖానపు వారము చింద మల్లికా-\nనూతనశయ్యపై మరువినోదములొందు మజా దలంచితే\nరాతిరి కంటికిన్ నిదురరాదిక నెట్లొకొ సుందరీమణీ!	true	[]	[]														pdy-v-00923		
pdy-vutpalamaala-0179	vutpalamaala	vruttamu	""	test	నీ కటిపెంపుచేత ధరణీతలమున్ వశమయ్యె కోమలీ\nనీ కుచకుంభయుగ్మమున నిర్జితమయ్యె సురాలయం బహో\nచేకొనఁగల్గె నీదు జడచే నహిధామము నిన్నుఁ గూడి ము-\nల్లోకము లేలినట్లు మదిలో ముదమందుదు సుందరీమణీ!	true	[]	[]														pdy-v-00924		
pdy-vutpalamaala-0182	vutpalamaala	vruttamu	""	test	పంతము మీఱ నీదు చనుబంతుల ప్రాపున లెక్కసెయఁ గొం-\nడంతటి కార్యమైన భవదంచితసాంద్రకటాక్షయుక్తి కే\nకంతుని బాణపంక్తి నట కట్లను గట్టుదు నీదు పల్కు వి-\nన్నంతనె యింద్రుఁడైన గణనా యనుకొందును సుందరీమణీ!	false	["seq"]	["seq"]	38	ే	ె	shorten	0	17	లెక్కసెయఁ	false	0	5	15	U||	["లె","క్క","సె"]	pdy-v-00925		
pdy-champakamaala-0289	champakamaala	vruttamu	""	train	వెలదిరో! కొంతసిగ్గు విడివీడని కాలమునందుఁ గేళి నే\nచెలఁగుచుఁ బూరుషాయితము చేయుమటన్న నెఱుంగనంచు లోఁ\nగులుకుచునున్న బాహువులు గొబ్బునఁ జేకొని పైకి లాగి, చె-\nక్కిలి గిలిగింతగొల్పి యుబికించుట యెంతును సుందరీమణీ!	false	["seq"]	["seq"]	6	ొ	ో	lengthen	0	3	వెలదిరో	true	0	1	3	UU|	["రో","కొం","త"]	pdy-v-00926		
pdy-champakamaala-0290	champakamaala	vruttamu	""	dev	చెలఁగుచు జాఫరారసపుఁ జిమ్మనగ్రోవులఁ జిమ్ములాట డా-\nల్కలరతనాలమేడగదులం గడు దాఁగుడుమూతలాట వే-\nడ్కలఁ దగు గంజిఫాట, సొగటాల్ చదరంగములాట మున్నుగా\nనలరెడు నన్ని చోద్యములు నాడుదుమో తమి సుందరీమణీ!	true	[]	[]														pdy-v-00927		
pdy-champakamaala-0292	champakamaala	vruttamu	""	train	చిలుకకు నాదు పేర విలసిల్లెడు పద్యము చెప్పుచుండ నా\nయలుకుడుగాగ నూరకె విహారము చేసెడు రీతినుండఁగా\nచెలియలు సైఁగలున్ బరిహసించిన కోపపుఁజూపుచేత బొ-\nమ్మలముడి యొప్పు శేషరతి మారధనుర్గతి సుందరీమణీ!	true	[]	[]														pdy-v-00928		
pdy-vutpalamaala-0189	vutpalamaala	vruttamu	""	train	వేడిమి మాను చంద్ర! నిను వేఁడెదఁ జల్లనిరాజ వీవు నీ\nవాడను నే నటంచు బహువారము దూరిన నీ మొగంబును\nన్ జూడక యేఁచుచుండె జడ చొప్పడ నల్లుము నీదు కొప్పుచే\nవీడదె రాహువం చడలి వెల్వడు దెన్నఁడు సుందరీమణీ!	true	[]	[]														pdy-v-00929		
pdy-champakamaala-0294	champakamaala	vruttamu	""	train	నునుమునిపంటఁ గ్రొంబెదవి నొక్కి యనంగునికేళి నీదు మై\nపెనఁగొని నొక్కి క్రిక్కిరిసి పెక్కువ నెక్కువ పిక్కటిల్లఁ జ-\nక్కని చనుగుబ్బలంటి బిగికౌఁగిటఁ జిక్కిననాఁడె జన్మమె-\nత్తిన ఫలమబ్బె నేమయిన దిట్టము మాకిక సుందరీమణీ!	true	[]	[]														pdy-v-00930		
pdy-champakamaala-0297	champakamaala	vruttamu	""	test	నెల పయనం బటన్న విని నీవడలొందుదువంచు నింతలో\nనెలతరొ వత్తునంచు వెస నిన్నొక సమ్మతి చేసివచ్చి క్రొ-\nన్నెలలకు వేఁడివెన్నెలకు నిద్దపుఁ బూవిలుకాని కాఱుచి-\nన్నెలలకుఁ దాళలేనయితి నీవెటులోర్తువె సుందరిమణీ!	false	["seq"]	["seq"]	188	ీ	ి	shorten	3	18	సుందరిమణీ	true	3	6	81	||U	["రి","మ","ణీ"]	pdy-v-00931		
pdy-vutpalamaala-0194	vutpalamaala	vruttamu	""	train	వింతగ నన్ను నీవు బదివేలవిధంబుల నవ్వులాట కొ-\nట్టింతువు మాటల న్నెదఘటింతువు చన్గవ యల్కసేయ న-\nవ్వింతువు పల్కుఁ గప్పురపు వీడె మొసంగి మనోజరాజ్య మే-\nలింతువు నీ గతుల్ పొగడలెము గదే మది సుందరీమణీ!	false	["seq"]	["seq"]	164	ే	ె	shorten	3	9	పొగడలెము	false	3	3	69	|||	["లె","ము","గ"]	pdy-v-00932		
pdy-champakamaala-0299	champakamaala	vruttamu	""	train	తొలఁగక చెంతనున్న ననుఁ దొంగిలి రెప్పలఁ జూచిచూడన-\nట్టులు వగగుల్కియుండెడు గడున్ బయనం బరుగంగ వేఁగి వి-\nచ్చలవిడి సౌధవీథిపయి చాయలఁ జూచెద వోరగంటనే\nపొలమున వెళ్లు నీ బెళుకుఁబొంకపుఁ జూపులు సుందరీమణీ!	true	[]	[]														pdy-v-00933		
pdy-seesamu-0500	seesamu	upajaathi	""	train	నాథుండు బహుమంది నాటకస్త్రీలతో గలిసియున్నాడని కబురువింటి\nమగూవలతోగూడి మఱచియున్నాడట రాధపై గృప యేల రాకపోయె\nబిలిచి చిన్నప్పుడు ప్రీతిజేసినవాడె యతివరో యిపుడేల యలిగినాడు\nనెలతరో నావల్ల నేరమేమున్నది మాటాడమని నీవు మందలించి	false	["seq"]	["seq"]	58	ు	ూ	lengthen	1	1	మగూవలతోగూడి	false	2	0	25	|U||	["మ","గూ","వ","ల"]	pdy-v-00934		
pdy-teytageethi-0500	teytageethi	upajaathi	""	train	గట్టిగా కృష్ణు నిప్పుడు బట్టి తెచ్చి\nమనసుదీర్పవే యీవేళ మళ్ళిరావె\nతరుణి నీవేగి యిచటికి తాడిమళ్ళ\nరాజగోపాలూ దేగదే రాజవదన.	false	["seq"]	["corr","seq"]	103	ు	ూ	lengthen	3	4	రాజగోపాలూ	false	3	1	41	UUUU	["గో","పా","లూ","దే"]	pdy-v-00935		
pdy-seesamu-0501	seesamu	upajaathi	""	dev	నాథుని కస్తూరినామంబు గన్గొని కలికి యెవ్వతె వాని గౌగిలించె\nదక్కుచు నా యింటి దగ్గర రాకుండ మాటున బెట్టిన మగువ యెవతె\nప్రియుని నా పనుల కొప్పించిన దెవ్వతె దానికి నా యుసుర్తగులుగాక\nదోషమంచెన్నక దుడుకులాడెవ్వతె మన్నన రావించి మరులుకొల్పె	true	[]	[]														pdy-v-00936		
pdy-teytageethi-0501	teytageethi	upajaathi	""	train	దానీ కోరిక లీడేర్చు దైవమిప్పు-\nడెంత యాసక్తితోనున్న నింతె గదవె\nతరుణి నీవేగి యిచటికి తాడిమళ్ళ\nరాజగోపాలు దేగదే రాజవదన.	false	["seq"]	["corr","seq"]	3	ి	ీ	lengthen	0	1	దానీ	true	0	0	0	UUU	["దా","నీ","కో"]	pdy-v-00937		
pdy-seesamu-0506	seesamu	upajaathi	""	train	వ్రేపల్లెవాడలో గాపైన కృష్ణుని గూర్చిన నీకిత్తు గుండ్లపేరు\nచెలియరో యీవేళ జెలికాని దెచ్చిన సఖియరో నా బన్నసరములిత్తు\nవగకాని నీవేళ వదలక తెచ్చిన కలికిరో పౌజుల కమ్మలిత్తు\nమొగమిచ్చి నాతోను ముచ్చటాడించిన ముత్యాలసరములు ముదిత యిత్తు	true	[]	[]														pdy-v-00938		
pdy-teytageethi-0506	teytageethi	upajaathi	""	train	నెన్ని సొమ్ములునైన నేనిత్తూ నీకు\nనా పతిని జూచినంతనె నయముమీఱ\nతరుణి నీవేగి యిచటికి తాడిమళ్ళ\nరాజగోపాలు దేగదే రాజవదన.	false	["seq"]	["corr","seq"]	26	ు	ూ	lengthen	0	9	నేనిత్తూ	false	0	3	8	UUU	["ని","త్తూ","నీ"]	pdy-v-00939		
pdy-teytageethi-0507	teytageethi	upajaathi	""	train	మదనబాణాగ్నీ యేలాగు మానిపోను\nచెలియ నా వెతలేమని చెప్పుకొందు\nతరుణి నీవేగి యిచటికి తాడిమళ్ళ\nరాజగోపాలు దేగదే రాజవదన.	false	["seq"]	["corr","seq"]	10	ి	ీ	lengthen	0	5	మదనబాణాగ్నీ	false	0	1	3	UUUU	["బా","ణా","గ్నీ","యే"]	pdy-v-00940		
pdy-teytageethi-0508	teytageethi	upajaathi	""	test	బుట్టి వెతలకు లోనయి యెట్టూలుందు\nమంచిపనిగాదు రమ్మని మందలించి\nతరుణి నీవేగి యిచటికి తాడిమళ్ళ\nరాజగోపాలు దేగదే రాజవదన.	false	["seq"]	["corr","seq"]	25	ు	ూ	lengthen	0	10	యెట్టూలుందు	false	0	3	9	UUU	["యె","ట్టూ","లుం"]	pdy-v-00941		
pdy-teytageethi-0509	teytageethi	upajaathi	""	train	నతివ యావేళ రుక్మిణీపతిని గాంచి\nవిసికియున్నది రమ్మని వేగిరంబ\nతరుణీ నీవేగి యిచటికి తాడిమళ్ళ\nరాజగోపాలు దేగదే రాజవదన.	false	["seq"]	["seq"]	64	ి	ీ	lengthen	2	2	తరుణీ	true	2	0	27	||U	["త","రు","ణీ"]	pdy-v-00942		
pdy-teytageethi-0510	teytageethi	upajaathi	""	dev	పడతిరో నాదు కౌగిట పంజరమున\nజేర్పబొసగదె యెటులైన జెలిమికాని\nతరుణి నీవేగి యిచటికి తాడిమళ్ళ\nరాజగోపాలు దేగదే రాజవదన.	true	[]	[]														pdy-v-00943		
pdy-teytageethi-0511	teytageethi	upajaathi	""	test	పసులగాపరి కీలాగు పడతిజేసి\nకూర్చె గద నన్ను దైవంబు కుటిలబుద్ధి\nతరుణి నీవేగి యిచటికి తాడిమళ్ళ\nరాజగోపాలు దేగదే రాజవదన.	true	[]	[]														pdy-v-00944		
pdy-teytageethi-0513	teytageethi	upajaathi	""	train	నివు రాకున్న నిక నొక్కనిమిషమైన\nనెలత యుసురులు తనువున నిల్వదనవె\nతరుణి నీవేగి యిచటికి తాడిమళ్ళ\nరాజగోపాలు దేగదే రాజవదన.	false	["seq"]	["corr","seq"]	1	ీ	ి	shorten	0	0	నివు	false	0	0	0	||U	["ని","వు","రా"]	pdy-v-00945		
pdy-teytageethi-0514	teytageethi	upajaathi	""	train	జాగు సేయక రాగదే జాములోన\nనానవాలందుకొని వేగనతనికడకు\nతరుణీ నీవేగి యిచటికి తాడిమళ్ళ\nరాజగోపాలు దేగదే రాజవదన.	false	["seq"]	["seq"]	54	ి	ీ	lengthen	2	2	తరుణీ	true	2	0	27	||U	["త","రు","ణీ"]	pdy-v-00946		
pdy-teytageethi-0515	teytageethi	upajaathi	""	train	నలరువిల్తుని బారికి నప్పగించి\nచెలియ నన్నిప్పుడీరీతి జేసినాడు\nతరుణి నీవేగి యిచటికి తాడిమళ్ళ\nరాజగోపాలు దేగదే రాజవదన.	true	[]	[]														pdy-v-00947		
pdy-teytageethi-0516	teytageethi	upajaathi	""	test	యిన్ని సొగసులు గలిగిన వన్నెకాడు\nదెలిపి నా వర్తమానము దేటపఱచి\nతరుణి నీవేగీ యిచటికి తాడిమళ్ళ\nరాజగోపాలు దేగదే రాజవదన.	false	["seq"]	["corr","seq"]	71	ి	ీ	lengthen	2	5	నీవేగీ	false	2	1	31	UUU|	["నీ","వే","గీ","యి"]	pdy-v-00948		
pdy-teytageethi-0517	teytageethi	upajaathi	""	train	నరయ నా మది చింతచే నడలజేసె\nమానితంబుగ గృష్ణుని మనసురాదు\nతరుణి నీవేగి యిచటికి తాడిమళ్ళ\nరాజగోపాలూ దేగదే రాజవదన.	false	["seq"]	["corr","seq"]	92	ు	ూ	lengthen	3	4	రాజగోపాలూ	false	3	1	43	UUUU	["గో","పా","లూ","దే"]	pdy-v-00949		
pdy-seesamu-0520	seesamu	upajaathi	""	train	లంచమియ్యకను రానంచు బొమ్మనువాని నప్పుడే యేమైన నడుగనైతి\nమొలకనవ్వుల ముద్దుమోము జూచినయంత నాతని గుణము లే నరయనైతి\nమా తల్లిదండ్రుల మాటలాలింపక కుటిలబుద్ధిని గూడి కోలుపోతి\nవేగిరపడి నేను వేడుకొంటిని గాని సవతిపోరనుచు నే జడియనైతి	true	[]	[]														pdy-v-00950		
pdy-teytageethi-0520	teytageethi	upajaathi	""	train	కొమ్మ నా బుద్ధి కేమనుకొందునమ్మ\nవలపు ఘనమాయె యోర్వ నా వశముగాదు\nతరుణి నీవేగి యిచటికి తాడిమళ్ళ\nరాజగోపాలు దేగదే రాజవదన.	true	[]	[]														pdy-v-00951		
pdy-teytageethi-0521	teytageethi	upajaathi	""	train	పగలు రేయును దానింట బండనాయె\nనేలక నాపొందుమదిలోన నెన్నడాయె\nతరుణి నీవేగి యిచటికి తాడిమళ్ళ\nరాజగోపాలు దేగదే రాజవదన.	false	["seq"]	["seq"]	28	ె	ే	lengthen	1	0	నేలక	true	1	1	15	|UU|	["క","నా","పొం","దు"]	pdy-v-00952		
pdy-seesamu-0522	seesamu	upajaathi	""	dev	బాణజాలంబుల పాలు సేయగనేల కాముడా నీ రూపు కాలిపోను\nచెవులు చిందరగొన జెలగి కూయగనేల కోకిల ని యుల్లు గూలిపోను\nప్రళయాగ్నిరూపమై పట్టుగా విసరెడు పవనుడ నినుఁ ద్రాచుపాము మ్రింగ\nవెన్నెల గురిపించి వేడి చూపగనేల చంద్రుడా నీ రూపు సమసిపోను	false	["seq"]	["corr","seq"]	85	ీ	ి	shorten	1	19	ని	true	3	1	42	|U|U	["ని","యు","ల్లు","గూ"]	pdy-v-00953		
pdy-teytageethi-0522	teytageethi	upajaathi	""	dev	వలచి వలపించి నా ప్రాణవల్లభుండు\nరాడనుచు వీరలందఱు గూడికొనిరి\nతరుణీ నీవేగి యిచటికి తాడిమళ్ళ\nరాజగోపాలు దేగదే రాజవదన.	false	["seq"]	["seq"]	63	ి	ీ	lengthen	2	2	తరుణీ	true	2	0	28	||U	["త","రు","ణీ"]	pdy-v-00954		
pdy-seesamu-0523	seesamu	upajaathi	""	train	దశరథనందన ధాత్రీశయచ్యుత దైతేయహర మీకు దండమయ్య\nగౌతమాంగనశాపకలుషంబూ బాపిన ధర్మాత్మ హరి మీకు దండమయ్య\nవనచరవందిత వారిధిబంధన దశకంఠసంహార దండమయ్య\nగోపాలసేవిత గోపీమనోహర తాపసనుత మీకు దండమయ్య	false	["seq"]	["seq"]	61	ు	ూ	lengthen	1	10	గౌతమాంగనశాపకలుషంబూ	false	2	2	31	||UU	["క","లు","షం","బూ"]	pdy-v-00955		
pdy-teytageethi-0524	teytageethi	upajaathi	""	train	నీవు కోరిన కోర్కెలు నిత్యముగను\nసఫలమాయెను బోగదే సత్యభామ\nతరుణి నీవేగి యిచటికి తాడిమళ్ళ\nరాజగోపాలు దేగదే రాజవదన.	true	[]	[]														pdy-v-00956		
pdy-teytageethi-0525	teytageethi	upajaathi	""	dev	యింత చక్కనితనము నీ సంతసమున\nగనెనె మీ తల్లి తన వరగర్భమునను\nతరుణి నీవేగి యిచటికి తాడిమళ్ళ\nరాజగోపాలు దేగదే రాజవదన.	true	[]	[]														pdy-v-00957		
pdy-teytageethi-0527	teytageethi	upajaathi	""	train	వేషధారికి యా బ్రహ్మ వెఱ్ఱియగుచు\nగూర్చినందుకు నేమనుకొందునింక\nతరుణి నీవేగి యిచటికి తాడిమళ్ళ\nరాజగోపాలు దేగదే రాజవదన.	true	[]	[]														pdy-v-00958		
pdy-seesamu-0529	seesamu	upajaathi	""	test	వాదించుచును నీవు వద్దను గూర్చుండి తగులాట బెట్టుట తగవూగాదు\nవారు వీరనుకొన్న వట్టిమాటలగూర్చి చాడీలు చెప్పుట సమముగాదు\nచిన్నవాడవుగాదు తన్నులాడించను బాల్యమా యిది నీకు బాగుగాదు\nపదియేండ్లలోపల బాలుడవై యుండి గోవర్ధనాద్రిని గొడుగుగాను	false	["seq"]	["seq"]	52	ు	ూ	lengthen	0	22	తగవూగాదు	false	1	2	20	||U	["త","గ","వూ"]	pdy-v-00959		
pdy-teytageethi-0529	teytageethi	upajaathi	""	train	బట్టి గోగోపకుల వెతల్పెట్టినావు\nసురవరుడూ ఱాళ్ళవానను గురియు తరిని\nతరుణి నీవేగి యిచటికి తాడిమళ్ళ\nరాజగోపాలు దేగదే రాజవదన.	false	["seq"]	["seq"]	38	ు	ూ	lengthen	1	4	సురవరుడూ	false	1	1	16	|UU|	["రు","డూ","ఱా","ళ్ళ"]	pdy-v-00960		
pdy-seesamu-0531	seesamu	upajaathi	""	train	ఆవతారమెత్తుచు హతము సేయుటగాని గొనసాగనీయవు గొల్లబిరుదు\nవంచించి మరి గొల్లవారల నందఱ చిక్కుబెట్టుచు నీవు చెలగినావు\nబలిచక్రవర్తిని బంధించితివిగాని పాపమెఱుంగవు పడుచవగుచు\nసుఖము నెరుంగగా సూటివౌదువెకాని బిరుదైన చక్కని పేరు గనవు	false	["seq"]	["seq"]	0	అ	ఆ	lengthen	0	0	ఆవతారమెత్తుచు	false	0	1	3	|U||	["ర","మె","త్తు","చు"]	pdy-v-00961		
pdy-teytageethi-0531	teytageethi	upajaathi	""	train	మర్మమొచ్చిన యీలాగు మంచిఘనులు\nసంహరించుట సరసమా సమరసమున\nతరుణి నీవేగి యిచటికి తాడిమళ్ళ\nరాజగోపాలు దేగదే రాజవదన.	true	[]	[]														pdy-v-00962		
pdy-teytageethi-0533	teytageethi	upajaathi	""	test	చోరుడై వచ్చి యీపాటి ధీరవరుల\nగొట్టవచ్చునె పదికోట్ల గుంపులోన\nతరుణి నీవేగి యిచటికి తాడిమళ్ళ\nరాజగోపాలు దేగదే రాజవదన.	true	[]	[]														pdy-v-00963		
pdy-seesamu-0535	seesamu	upajaathi	""	test	రహి లక్ష్మణుండను రాజును గాపిడి సీతను చెరసాల చేసివావూ\nమారీచుడని నీవు మర్మంబుగానక గాసిల్ల నమ్మున నేసినావు\nహా లక్ష్మణా యని యా మృగంబటు గూయ వడిగ నీకోసమె వచ్చినాడు\nరథమెక్కి యత్తరి రావణుం డరుదెంచి సీతను భీతిల్లజేసినాడు	false	["card","seq"]	["card","corr","seq"]	51	ు	ూ	lengthen	0	23	చేసివావూ	false	1	3	22	UUU	["వా","వూ","మా"]	pdy-v-00964		
pdy-teytageethi-0535	teytageethi	upajaathi	""	train	యింత నగుబాటువాఁడవు సంతసమునఁ\nబ్రజ్ఞలాడెదు నాయొద్ద ప్రకటితముగ\nతరుణి నివేగి యిచటికి తాడిమళ్ళ\nరాజగోపాలు దేగదే రాజవదన.	false	["seq"]	["corr","seq"]	67	ీ	ి	shorten	2	3	నివేగి	false	2	1	31	|U||	["ని","వే","గి","యి"]	pdy-v-00965		
pdy-teytageethi-0536	teytageethi	upajaathi	""	train	రమ్యమైనట్టి ముల్లోకరక్షకుఁడగు\nసుదతి దశరథరాజుకు సుతువుగాడె\nతరుణి నీవేగి యిచటికి తాడిమళ్ళ\nరాజగోపాలు దేగదే రాజవదన.	true	[]	[]														pdy-v-00966		
pdy-seesamu-0538	seesamu	upajaathi	""	train	చెంగల్వకొలనిలో శృంగారసతులెల్ల జలక్రీడలాడిన జాడ గంటి\nసిగ్గులేకను బట్టుచీరలన్నియు విప్పిపెట్టిన జాడ నేనట్టె గంటి\nమగువరోయా చీరమడతలన్నియు గొని చెలియరో యా పొన్నచెట్ల నిడితి\nభామఅందఱు గూడి బట్టబైలను నిల్చి ముమ్మారు మ్రొక్కిరి ముద్దుగానూ	false	["seq"]	["seq"]	228	ు	ూ	lengthen	3	23	ముద్దుగానూ	false	7	3	98	UU	["గా","నూ"]	pdy-v-00967		
pdy-teytageethi-0541	teytageethi	upajaathi	""	train	గాన నీదు ప్రభావముఁ గానఁబడియె\nమర్మమెఱిగితి ని కీర్తిమహిమఁ గంటి\nతగవులన్నియు మనమధ్య తాడిమళ్ళ\nరాజగోపాల రావయ్య రమణి గూడ.	false	["seq"]	["corr","seq"]	43	ీ	ి	shorten	1	6	ని	true	1	2	19	|U||	["ని","కీ","ర్తి","మ"]	pdy-v-00968		
pdy-seesamu-0547	seesamu	upajaathi	""	train	నిర్మింపగలవాడు నీలుఁడుండఁగ గదా వారిధి బంధించి వచ్చినావు\nబడలికచె నిద్ర భ్రమసియుండఁగ గదా కుంభకర్ణుని నేల గూల్చినావు\nదైవగతికి దప్పు దనుజులనందఱ సంహరించను నీవు చాలినావు\nయింతటివాఁడవై యింద్రజిత్తుని నాగపాశముచే జిక్కి బడలినావు	false	["seq"]	["corr","seq"]	62	ే	ె	shorten	1	4	బడలికచె	false	2	3	36	||UU	["గ","గ","దా","కుం"]	pdy-v-00969		
pdy-seesamu-0548	seesamu	upajaathi	""	train	మగూవరో కాళిందిమడువులోపల గ్రుంకి ఫణిగర్వ మే నెడబాపినాను\nవనిత నరయబోయి వాలి నా క్షణమందు గురిబెట్టి దెబ్బను గూల్చినాను\nవనజాక్షిరో ఱాళ్ళవానలు గురియగా బలుకొండ గొడుగుగా బట్టినాను\nపశువులతో చిన్నిబాలుఁడనయియుండి గోవుల పాల్వెన్న గ్రోలినాను	false	["seq"]	["seq"]	2	ు	ూ	lengthen	0	1	మగూవరో	false	0	0	0	|U|U	["మ","గూ","వ","రో"]	pdy-v-00970		
pdy-seesamu-0549	seesamu	upajaathi	""	train	చెలగుచు నీ వొక్క చెట్టుచాటుననుండి వాలిని నేయుట వరుస గాదు\nఊరక పడియున్న యురగంబుపై నీవు పాదంబు మోపుట ప్రజ్ఞ గాదు\nవానకోసము నీవు వలీ బట్టియుండగా బర్వతమెత్తుట బరువు గాదు\nమందగొల్లలతోన బొందుగా మెలఁగుచు బాలన్ని గ్రోలుట లీల గాదు	false	["seq"]	["seq"]	126	ి	ీ	lengthen	2	8	వలీ	false	4	2	56	|UU|	["వ","లీ","బ","ట్టి"]	pdy-v-00971		
pdy-teytageethi-0549	teytageethi	upajaathi	""	train	గాన నీయొక్క ప్రజ్ఞలు గట్టిపెట్టి\nరాజసముతోడ నుండుడు తేజమలర\nతగవులున్నది మనమధ్య తాడిమళ్ళ\nరాజగోపాల రావయ్య రమణి గూడ.	true	[]	[]														pdy-v-00972		
pdy-seesamu-0553	seesamu	upajaathi	""	train	పాముమీఁదను జేరి సాము జేసినవాఁడవగుట సద్గుణమెట్లు వచ్చు నీకు\nపాలీయవచ్చిన పడతి జంపినవాఁడ చెలులపై నెనరేల గలుగు నీకు\nమేనమామను గంసు మీఱి త్రుంచినవాడ నెనరుమాటల నేమి నీకు ఘనత\nపసులగాపరివాండ్ర పలుకులు వినువాడ భావజు రతి నేమి భ్రాంతి నీకు	true	[]	[]														pdy-v-00973		
pdy-teytageethi-0553	teytageethi	upajaathi	""	test	జూడు నీ మర్మమెన్నెద సొగసుగాను\nవాడవాడల నీ సాటివారిలోన\nతగవులున్నది మనమధ్య తాడిమళ్ళ\nరాజగోపాల రావయ్య రమణి గూడ.	true	[]	[]														pdy-v-00974		
pdy-teytageethi-0556	teytageethi	upajaathi	""	train	మదనశతకోటిలావణ్యమహీతుడైన\nచిన్నికృష్ణుని దేరమ్మ చెలియలార\nమన్మథుని గన్న శ్రీతాడిమళ్ళవాస\nరాజగోపాల రావన్న రమణి గూడ.	false	["seq"]	["seq"]	17	ి	ీ	lengthen	0	11	మదనశతకోటిలావణ్యమహీతుడైన	false	0	3	10	|U|	["మ","హీ","తు"]	pdy-v-00975		
pdy-teytageethi-0557	teytageethi	upajaathi	""	train	కమలనాభుండ నామీదఁ గరుణయుంచి\nవేగ నిను రమ్మనుచు విన్నవించెనన్న\nతరుణీ నీవేగి యిచటికి తాడిమళ్ళ\nరాజగోపాలు దేగదే రాజవదన.	false	["seq"]	["seq"]	64	ి	ీ	lengthen	2	2	తరుణీ	true	2	0	28	||U	["త","రు","ణీ"]	pdy-v-00976		
pdy-teytageethi-0558	teytageethi	upajaathi	""	dev	నెపుడు కనులార గనుగొందు నెపుడు వాని\nజెలిమితో నాదు కౌగిటఁ జేర్చుకొందు\nతరుణి నీవేగి యిచటికి తాడిమళ్ళ\nరాజగోపాలు దేగదే రాజవదన.	true	[]	[]														pdy-v-00977		
pdy-teytageethi-0560	teytageethi	upajaathi	""	train	నిత్యమును నిన్ను బ్రార్థింతు నీలవర్ణ\nనాదు కోరిక లీడేర్చు నళీననాభ\nతరుణి నీవేగి యిచటికి తాడిమళ్ళ\nరాజగోపాలు దేగదే రాజవదన.	false	["seq"]	["seq"]	59	ి	ీ	lengthen	1	9	నళీననాభ	false	1	3	21	|U|	["న","ళీ","న"]	pdy-v-00978		
pdy-teytageethi-0561	teytageethi	upajaathi	""	dev	వందనము నీకు సతతము యిందిరేశ\nనందనందన శ్రిధర కుందరదన\nతరుణి నీవేగి యిచటికి తాడిమళ్ళ\nరాజగోపాలు దేగదే రాజవదన.	false	["seq"]	["corr","seq"]	38	ీ	ి	shorten	1	5	శ్రిధర	false	2	0	29	|UU	["ణి","నీ","వే"]	pdy-v-00979		
pdy-teytageethi-0563	teytageethi	upajaathi	""	train	అని ప్రణామము లొనరించి యతని మదిని\nగనికరము దోచునట్టుల గారవించి\nతరుణ మిదియని తెలిపి శ్రీ తాడిమళ్ళ\nరాజగోపాలుఁ దోడ్తేరె రమణులార.	true	[]	[]														pdy-v-00980		
pdy-aataveladi-0001	aataveladi	upajaathi	""	train	వేమననగ యోగి వెలసె లోకములోనఁ\nబూజలిడుఁడూ, పుణ్య పురుషులార\nపూజలిడిన యంత, భుక్తి ముక్తుల నిచ్చు\nవిశ్వదాభిరామ వినర వేమ.	false	["seq"]	["seq"]	37	ు	ూ	lengthen	1	4	బూజలిడుఁడూ	false	1	1	17	||U	["లి","డు","డూ"]	pdy-v-00981		
pdy-aataveladi-0003	aataveladi	upajaathi	""	train	ఆత్మశుద్ధి లేని యాచారమది యేల\nభాండ శుద్ధి లేని పాక మేల\nచిత్త శుద్ధి లేని శివపూజ లేలరా\nవిశ్వదాభిరామ వినర వేమ.	true	[]	[]														pdy-v-00982		
pdy-aataveladi-0004	aataveladi	upajaathi	""	train	నిక్కమైన మంచి నిల మొక్కటి చాలు\nతళుకు బెళుకు రాళ్లు తట్టె డేల?\nచదువఁ బద్య మరయఁ జాలదా యొక్కటి\nవిశ్వదాభిరామ వినర వేమ.	false	["seq"]	["corr","seq"]	15	ీ	ి	shorten	0	6	నిల	true	0	4	10	|U||	["టి","చా","లు","త"]	pdy-v-00983		
pdy-aataveladi-0005	aataveladi	upajaathi	""	train	నిన్నుఁ జూచె నేని తన్నుఁ దా మఱచును\nతన్నుఁ జూచె నేని నిన్ను మఱచు;\nనే విధమున జనుఁడు నెఱుగు, నిన్నును దన్ను?\nవిశ్వదాభిరామ వినర వేమ.	true	[]	[]														pdy-v-00984		
pdy-aataveladi-0006	aataveladi	upajaathi	""	test	మురియు వాఁ డెవండు? మురియని దెవ్వఁడు?\nపాటు జేసి చూడ బట్ట బయలు;\nసొరిది జల ఘటమున సూర్యుని చందంబు\nవిశ్వదాభిరామ వినర వేమ.	true	[]	[]														pdy-v-00985		
pdy-aataveladi-0009	aataveladi	upajaathi	""	train	పెట్టి పోయ లేని వట్టి నరులు భూమి\nపుట్ట నేమి? వారూ గిట్ట నేమి?\nపుట్టలోనఁ జెదలు పుట్టదా గిట్టదా?\nవిశ్వదాభిరామ వినర వేమ.	false	["seq"]	["corr","seq"]	48	ు	ూ	lengthen	1	5	వారూ	false	1	2	17	UUU	["వా","రూ","గి"]	pdy-v-00986		
pdy-aataveladi-0010	aataveladi	upajaathi	""	train	తాము గన్న వారు తముఁ గన్న వారును\nచచ్చు టెల్ల, తమకు సాక్షి గాదే?\nబ్రతుకు టెల్ల తమకు బ్రహ్మ కల్పంబులా?\nవిశ్వదాభిరామ వినర వేమ.	false	["seq"]	["corr","seq"]	60	ె	ే	lengthen	1	10	గాదే	true	1	4	22	UU|	["గా","దే","బ్ర"]	pdy-v-00987		
pdy-aataveladi-0012	aataveladi	upajaathi	""	dev	కుటికి నెడఁ బాసి కూర్చున్న మనుజుఁడు\nవెలఁదులఁ గనుగొన్న వెతలఁ జిక్కు\nచెలఁగి యగ్నిఁ జూచు శలభంబు చాడ్పున\nవిశ్వదాభిరామ వినర వేమ.	false	["seq"]	["corr","seq"]	1	ూ	ు	shorten	0	0	కుటికి	false	0	1	3	||U	["నె","డ","బా"]	pdy-v-00988		
pdy-aataveladi-0013	aataveladi	upajaathi	""	train	కసువుఁ బసికిఁజేసె, గాలి ఫణికిఁ జేసె;\nమన్నెఱలకుఁ జేసె, మఱవ కెట్లూ;\nకుంభిని జనులకును కూడట్లు చేసెరా\nవిశ్వదాభిరామ వినర వేమ.	false	["seq"]	["corr","seq"]	63	ు	ూ	lengthen	1	11	కెట్లూ	false	1	4	25	UUU	["కె","ట్లూ","కుం"]	pdy-v-00989		
pdy-aataveladi-0017	aataveladi	upajaathi	""	test	జీవి పోక ముందె జీవ వస్తువు లిచ్చి\nజీవి నిలుప వలయు జీవనముగ\nజీవి తొలఁగు వెనుక జీవ వస్తువూ లేల?\nవిశ్వదాభిరామ వినర వేమ.	false	["seq"]	["seq"]	86	ు	ూ	lengthen	2	12	వస్తువూ	false	2	4	37	|UU|	["స్తు","వూ","లే","ల"]	pdy-v-00990		
pdy-aataveladi-0018	aataveladi	upajaathi	""	train	కల్ల నిజము రెండు కఱకంఠుఁ డెరుగును\nనీరు పల్ల మెఱుఁగు నిజముగాను\nతనయుని జననంబు తల్లిఁదా నెరుగును\nవిశ్వదాభిరామ వినర వేమ.	true	[]	[]														pdy-v-00991		
pdy-aataveladi-0019	aataveladi	upajaathi	""	train	అంగ మెల్ల వదలి, యటు దంతములు నూడి\nతనువు ముదిమిచేతఁ దఱుచు వడక\nముప్పు తిప్పలఁ బడి మోహంబు విడువడు\nవిశ్వదాభిరామ వినర వేమ.	true	[]	[]														pdy-v-00992		
pdy-kandamu-0535	kandamu	jaathi	""	train	తన మదిఁ గపటము గలిగిన\nతనవలెనే కపట ముండు, తగ జీవులకు\nన్‌ తన మది కపటము విడిచినఁ\nదన కెవ్వడు కపటి లెఁడు ధరలో వేమా!	false	["seq"]	["corr","seq"]	94	ే	ె	shorten	3	8	లెఁడు	false	3	3	51	|UUU	["ర","లో","వే","మా"]	pdy-v-00993		
pdy-aataveladi-0023	aataveladi	upajaathi	""	train	తామసించి సేయఁదగ దెట్టి కార్యంబు\nవేగిరింప నదియు విషమ మగును\nపచ్చి కాయ దెచ్చి పడవేయ ఫలమౌనె?\nవిశ్వదాభిరామ వినర వేమ.	true	[]	[]														pdy-v-00994		
pdy-aataveladi-0024	aataveladi	upajaathi	""	train	నీళ్లలోన నోడ నిగిడి తిన్నగఁ బ్రాకు\nబైట మూరెడైనఁ బ్రాక లేదు\nనెలవు దప్పు చోట నేర్పరి కొఱ గాడు!\nవిశ్వదాభిరామ వినర వేమ.	true	[]	[]														pdy-v-00995		
pdy-aataveladi-0026	aataveladi	upajaathi	""	test	కులము లొ నొకండు గుణవంతు డుండెనా\nకులము వెలయు వాని గుణముచేత\nవెలయ వనము లోన మలయజంబున్నట్లు\nవిశ్వదాభిరామ వినర వేమ.	false	["seq"]	["corr","seq"]	7	ో	ొ	shorten	0	3	లొ	true	0	1	3	||U	["లొ","నొ","కం"]	pdy-v-00996		
pdy-aataveladi-0031	aataveladi	upajaathi	""	dev	గంగ పారు చుండు కదలని గతి తోడ\nమూఱికి కాల్వ పారు మ్రోఁత తోడ\nదాత యోర్చునట్లధము డోర్వఁగా లేఁడు\nవిశ్వదాభిరామ వినర వేమ.	false	["seq"]	["seq"]	30	ు	ూ	lengthen	1	0	మూఱికి	false	1	1	16	|U|	["కి","కా","ల్వ"]	pdy-v-00997		
pdy-aataveladi-0032	aataveladi	upajaathi	""	train	కాని వాని చేత కాసు వీసము లిచ్చి\nవెంటఁ దిరుగు టెల్ల వెఱ్ఱి తనము\nపిల్లిఁ బట్ట కోడి పిలిచినఁ బలుకునా?\nవిశ్వదాభిరామ వినర వేమ.	true	[]	[]														pdy-v-00998		
pdy-aataveladi-0033	aataveladi	upajaathi	""	train	పిసిని వానీ యింట పీనుఁగు వెడలిన\nకట్ట కోలలకును కాసు లిచ్చి\nవెచ్చ మాయె నంచు వెక్కి వెక్కేడ్చురా\nవిశ్వదాభిరామ వినర వేమ.	false	["seq"]	["corr","seq"]	10	ి	ీ	lengthen	0	4	వానీ	false	0	1	3	UUU	["వా","నీ","యిం"]	pdy-v-00999		
pdy-aataveladi-0034	aataveladi	upajaathi	""	train	కష్ట లోభి వాని కలీమికి నాశించి\nబడుగు వాఁడు దిరిగి పరిణమించు\nతగరు వెంట నక్క దగిలిన చందంబు\nవిశ్వదాభిరామ వినర వేమ.	false	["seq"]	["seq"]	17	ి	ీ	lengthen	0	7	కలీమికి	false	0	3	6	|U||	["క","లీ","మి","కి"]	pdy-v-01000		
pdy-aataveladi-0035	aataveladi	upajaathi	""	dev	లోభి వానిఁ జంప లోకంబు లోపల\nమందు వలదు; వేఱె మతము గలదు\nపైక మడుగఁ జాల భగ్గున పడి చచ్చు\nవిశ్వదాభిరామ వినర వేమ.	true	[]	[]														pdy-v-01001		
pdy-aataveladi-0036	aataveladi	upajaathi	""	train	మాట లెల్ల కల్ల, మన సెల్ల దొంగకె\nనేటి ప్రాణ మింక నేటి బ్రతుకు?\nమాట సత్యమైన మఱీ శతాయుష్యంబు\nవిశ్వదాభిరామ వినర వేమ.	false	["seq"]	["seq"]	76	ి	ీ	lengthen	2	7	మఱీ	false	2	3	30	|U|U	["మ","ఱీ","శ","తా"]	pdy-v-01002		
pdy-aataveladi-0037	aataveladi	upajaathi	""	train	కలిమి నాఁడు నరుఁడు కానఁడు మదమున\nలేమి నాఁడు మొదలె లేదు పెట్టఁ\nగలిమి లేమి లేని కాలంబు గలుగునా?\nవిశ్వదాభిరామ వినర వెమ.	false	["seq"]	["seq"]	112	ే	ె	shorten	3	9	వెమ	false	3	4	49	||	["వె","మ"]	pdy-v-01003		
pdy-aataveladi-0038	aataveladi	upajaathi	""	train	కనియుఁ గాన లేఁడు కదలింపఁ డానోరు\nవినియు వినగ లేఁడు విస్మయమున\nసంపద గల వాఁడు సన్నిపాతక మది\nవిశ్వదాభిరామ వినర వేమ.	true	[]	[]														pdy-v-01004		
pdy-aataveladi-0039	aataveladi	upajaathi	""	train	తీర్ప నార్ప లేని తీర్పరితన మేల?\nకూర్ప విప్ప లేనీ నేర్ప దేల?\nపెట్టి పొయ్య లేని వట్టి బీరము లేల?\nవిశ్వదాభిరామ వినర వేమ.	false	["seq"]	["corr","seq"]	47	ి	ీ	lengthen	1	5	లేనీ	false	1	2	17	UUU	["లే","నీ","నే"]	pdy-v-01005		
pdy-aataveladi-0040	aataveladi	upajaathi	""	train	తాను గుడువలేఁడు, తగ వేది యాప్తుల\nజేర నివ్వఁడ ట్టి చెనటి గోవు\nచేని లోన బొమ్మఁ జేసి కట్టిన యట్లు\nవిశ్వదాభిరామ వినర వేమ.	true	[]	[]														pdy-v-01006		
pdy-aataveladi-0041	aataveladi	upajaathi	""	dev	పూర్వ జన్మమందుఁ బుణ్యంబు సేయని\nపాపి ధనము కాశ పడుట యెల్ల\nవిత్త మఱచి కోయ వెదకిన చందంబు\nవిశ్వదాభిరామ వినర వేమ.	true	[]	[]														pdy-v-01007		
pdy-aataveladi-0042	aataveladi	upajaathi	""	train	చమురు గలుగు దివ్వె సరవితో మండును\nచమురు లేని దివ్వె సమసి పోవు\nతనువు తీఱె నేనీ తలపు తోడనె తీరు\nవిశ్వదాభిరామ వినర వేమ.	false	["seq"]	["corr","seq"]	75	ి	ీ	lengthen	2	6	నేనీ	true	2	2	32	UU|	["నే","నీ","త"]	pdy-v-01008		
pdy-aataveladi-0043	aataveladi	upajaathi	""	test	భూపతి కృప నమ్మి భూమి జెఱుచు వాఁడు\nప్రజల యుసురు దాకి పడును పిదప\nయెగర వేయ బంతీ యెందాక నిల్చురా\nవిశ్వదాభిరామ వినర వేమ.	false	["seq"]	["corr","seq"]	75	ి	ీ	lengthen	2	6	బంతీ	false	2	2	33	UUU	["బం","తీ","యెం"]	pdy-v-01009		
pdy-aataveladi-0044	aataveladi	upajaathi	""	train	పాప మనఁగ వేఱె పరదేశమున లేదు\nతనదు కర్మములను దగిలియుండు\nకర్మ తంత్రిగాక, గనుకని యుంటొప్పు\nవిశ్వదాభిరామ వినర వేమ.	true	[]	[]														pdy-v-01010		
pdy-aataveladi-0045	aataveladi	upajaathi	""	train	నక్క వినయములను నయగారములఁ బల్కి\nకుడువకెల్ల ధనము కూడఁ బెట్టు\nకుక్క బోను వాతఁ గూడు చల్లిన రీతి\nవిశ్వదాభిరామ వినర వేమ.	true	[]	[]														pdy-v-01011		
pdy-aataveladi-0048	aataveladi	upajaathi	""	train	కాశి బోదు ననుచు గడకట్టగా నేల?\nకాశి తీర్థమునకు గదలనేల?\nదోషకారి కెట్లు దొరుకురా యాకాశి\nవిశ్వదాభిరామ వినర వేమ.	true	[]	[]														pdy-v-01012		
pdy-aataveladi-0049	aataveladi	upajaathi	""	train	ఇనుము విఱిగె నేనీ యినుమాఱు ముమ్మాఱు\nకాచియతుక నేర్చు కమ్మరీడు\nమనసు విఱిగెనేని మఱియంట నేర్చునా?\nవిశ్వదాభిరామ వినర వేమ.	false	["seq"]	["corr","seq"]	16	ి	ీ	lengthen	0	7	నేనీ	true	0	2	6	UU|	["నే","నీ","యి"]	pdy-v-01013		
pdy-kandamu-0536	kandamu	jaathi	""	test	పరనారి దూరగుడై\nపరధనముల కాసపడక పరహితదారై\nపరులలిగిన దానలుగక\nపరులెన్నగ బ్రతుకువాఁడు ప్రాజ్ఞుఁడు వేమా.	false	["seq"]	["corr","seq"]	5	ీ	ి	shorten	0	3	పరనారి	false	0	2	6	|U||	["గు","డై","ప","ర"]	pdy-v-01014		
pdy-aataveladi-0051	aataveladi	upajaathi	""	dev	బొంది యెవరిసొమ్ము పోషింపఁ బలుమారు\nప్రాణ మెవరిసొమ్ము భక్తిసేయ\nధనమ దెవరి సొమ్ము ధర్మమే తనసొమ్ము\nవిశ్వదాభిరామ వినర వేమ.	true	[]	[]														pdy-v-01015		
pdy-aataveladi-0052	aataveladi	upajaathi	""	train	నమశివ యనవచ్చు నారాయ ణనవచ్చు\nమేలువారి నమ్మి మెచ్చవచ్చు\nకొంగుకాసు విడిచి గొబ్బున నీరాదు\nవిశ్వదాభిరామ వినర వేమ.	true	[]	[]														pdy-v-01016		
pdy-aataveladi-0053	aataveladi	upajaathi	""	test	మేడిపండు చూడ మెలిమైయుండును\nబొట్టవిచ్చి చూడఁ బురుగులుండుఁ\nబెరుకువాని మదిని బింక మీలాగురా\nవిశ్వదాభిరామ వినర వేమ.	false	["seq"]	["corr","seq"]	14	ే	ె	shorten	0	6	మెలిమైయుండును	false	0	3	6	||UU	["మె","లి","మై","యుం"]	pdy-v-01017		
pdy-aataveladi-0054	aataveladi	upajaathi	""	dev	ఉసురు లేనితిత్తి యీసుమంత నూదిన\nపంచలోహములును భస్మమౌను\nపెద్ద లుసురుమన్న పెనుమంట లెగయవా\nవిశ్వదాభిరామ వినర వేమ.	false	["seq"]	["corr","seq"]	18	ి	ీ	lengthen	0	7	యీసుమంత	false	0	4	10	|U||	["త","నూ","ది","న"]	pdy-v-01018		
pdy-kandamu-0538	kandamu	jaathi	""	train	మందుదినఁ బోటు మానును\nమందూ దినగ జేయఁ బొలఁతి మహిలో వలచు\nన్‌ మందుదిన కుదురు రోగము\nమందుదినం గలదు పుష్టి మహిలో వేమా.	false	["seq"]	["seq"]	24	ు	ూ	lengthen	1	1	మందూ	true	1	1	11	|||U	["ది","న","గ","జే"]	pdy-v-01019		
pdy-aataveladi-0055	aataveladi	upajaathi	""	train	తలను పాగ పైని తగుపచ్చడము బొజ్జ\nచెవులపోగు లరసి చేరు నర్థి\nశుద్ధపశువు లౌట బుద్ధిలో నెఱుగురా\nవిశ్వదాభిరామ వినర వేమ.	true	[]	[]														pdy-v-01020		
pdy-aataveladi-0057	aataveladi	upajaathi	""	train	కూలినాలిచేసి గుల్లాముపనిచేసి\nతెచ్చిపెట్ట నాలు మెచ్చనేర్చు\nలెమిఁజిక్కువిభుని వేమాఱు దిట్టును\nవిశ్వదాభిరామ వినర వేమ.	false	["seq"]	["corr","seq"]	59	ే	ె	shorten	2	0	లెమిఁజిక్కువిభుని	false	2	0	23	||U	["లె","మి","జి"]	pdy-v-01021		
pdy-kandamu-0540	kandamu	jaathi	""	train	తన గూణము తనకు నుండఁగ\nనెనయంగా నొరునిగుణము నెంచును మదిలో\nతన గుణముఁదాను దెలియక\nపనరి యొరుని ననెడువాఁడు భ్రష్టుఁడు వేమా.	false	["seq"]	["seq"]	4	ు	ూ	lengthen	0	2	గూణము	false	0	2	7	|U||	["కు","నుం","డ","గ"]	pdy-v-01022		
pdy-aataveladi-0059	aataveladi	upajaathi	""	train	తావసించుచోటఁ దగనల్గు డాయెనా\nసౌఖ్యభూమి కపుడు జరుగవలయు\nకొలఁకు లింకెనేని కొంగ లందుండునా\nవిశ్వదాభిరామ వినర వేమ.	true	[]	[]														pdy-v-01023		
pdy-kandamu-0541	kandamu	jaathi	""	train	ముందరి పోటుల మాన్పను\nమందెందును గలదుగాని మహిలోపల నే\nనిందల పోటులు మాన్పెడు\nమందెచ్చట నైనఁ గలదె మహిలో వేమా.	true	[]	[]														pdy-v-01024		
pdy-aataveladi-0069	aataveladi	upajaathi	""	train	తత్వ మెఱూఁగువాడు దైవంబు నెఱుఁగును\nసర్వసారములను జావఁ జేయు\nకదళిమ్రింగునట్లు గరళంబు మ్రింగునా\nవిశ్వదాభిరామ వినర వేమ.	false	["seq"]	["seq"]	8	ు	ూ	lengthen	0	3	మెఱూఁగువాడు	false	0	1	2	|U|	["మె","ఱూ","గు"]	pdy-v-01025		
pdy-aataveladi-0072	aataveladi	upajaathi	""	train	జీవభావ మెఱుగఁ జెడ దెన్నటికి మది\nదైవమును నెఱుంగఁ దనరుబుద్ధి\nతేజ ముదయమందఁ దిమిరంబు నిలువదు\nవిశ్వదాభిరామ వినర వేమ.	true	[]	[]														pdy-v-01026		
pdy-aataveladi-0075	aataveladi	upajaathi	""	test	కుండ పగిలెనేని క్రొత్తది కొనవచ్చు\nభూతలంబునందు బొందుగాను\nకూలబడిన నరూఁడు కుదురుట యరుదయా\nవిశ్వదాభిరామ వినర వేమ.	false	["seq"]	["seq"]	66	ు	ూ	lengthen	2	6	నరూఁడు	false	2	2	29	|U|	["న","రూ","డు"]	pdy-v-01027		
pdy-aataveladi-0080	aataveladi	upajaathi	""	train	దొంగమాటలాడ దొరుకునె మోక్షంబు\nచేతగానికూత చెల్ల దెపుడు\nగురూవుపద్దు గాదు గుణహీన మగుఁగాక\nవిశ్వదాభిరామ వినర వేమ.	false	["seq"]	["seq"]	56	ు	ూ	lengthen	2	1	గురూవుపద్దు	false	2	0	24	|U|	["గు","రూ","వు"]	pdy-v-01028		
pdy-aataveladi-0081	aataveladi	upajaathi	""	dev	గాలిలేని దీపకళిక చందంబున\nనలలుసుళ్లులేని జలధిరీతి\nనిశ్చలాత్మయున్న నిర్వికారంబున\nముక్తియండ్రు దాని మొగిని వేమ.	true	[]	[]														pdy-v-01029		
pdy-aataveladi-0082	aataveladi	upajaathi	""	train	మంటలోహమునలు మ్రాను చీలలయందు\nపటముగోడలందూఁ బరగ నిసుక\nబెట్టనంటునట్ల పెనఁగు దేహముజీవి\nవిశ్వదాభిరామ వినర వేమ.	false	["seq"]	["corr","seq"]	38	ు	ూ	lengthen	1	6	పటముగోడలందూఁ	false	1	2	19	UU|	["లం","దూ","బ"]	pdy-v-01030		
pdy-aataveladi-0085	aataveladi	upajaathi	""	train	స్థూలము కనుగ్రుడ్డు సూక్ష్మంబు కన్పాప\nకంటిపాప నుండు కారణంబు\nకారణమున బ్రహ్మకళ నేఱుంగఁగవలె\nవిశ్వదాభిరామ వినర వేమ.	false	["seq"]	["seq"]	78	ె	ే	lengthen	2	9	నేఱుంగఁగవలె	false	2	3	30	||UU	["క","ళ","నే","ఱుం"]	pdy-v-01031		
pdy-aataveladi-0086	aataveladi	upajaathi	""	train	తేనెతెరలజాడ తెనెటీఁగ యెఱుంగు\nసుమరసంబుజాడ భ్రమర మెఱుఁగు\nపరమయోగి జాడభక్తుం డెఱుంగును\nవిశ్వదాభిరామ వినర వేమ.	false	["seq"]	["corr","seq"]	13	ే	ె	shorten	0	7	తెనెటీఁగ	false	0	4	11	|U||	["యె","ఱుం","గు","సు"]	pdy-v-01032		
pdy-aataveladi-0088	aataveladi	upajaathi	""	train	కప్పురంబు మనసు గాంక్షించుయోగికి\nజ్ఞానదీపశిఖయుఁ దానటించుఁ\nగానవచ్చు నాత్మ క్రమమాణమై నిచ్చ\nవిశ్వదాభిరామ వినర వేమ.	true	[]	[]														pdy-v-01033		
pdy-kandamu-0542	kandamu	jaathi	""	train	నీ వాడిన నే నాడుదు\nనీవుండిన నేను నుందు నిర్విణ్ణుఁడనై\nనీవు తలంచినఁదలఁపుదు\nనీవు నగిన నేను నగుదు నిజముగ వేమా.	true	[]	[]														pdy-v-01034		
pdy-aataveladi-0089	aataveladi	upajaathi	""	dev	నీరు కార మాయె కారంబు నీరాయె\nకారమైన నీరుకార మాయె\nకారమందు నీరు కడురమ్యమైయుండు\nవిశ్వదాభిరామ వినర వేమ.	true	[]	[]														pdy-v-01035		
pdy-aataveladi-0092	aataveladi	upajaathi	""	dev	కడుపునిండ సుధను గ్రమముతోఁ ద్రావిన\nబాలమీఁద నెల పాఱు మనసు?\nతత్వ మెఱుఁగువెనుక తన్వంగు లేటికో?\nవిశ్వదాభిరామ వినర వేమ.	false	["seq"]	["corr","seq"]	43	ే	ె	shorten	1	4	నెల	true	1	2	19	||U	["నె","ల","పా"]	pdy-v-01036		
pdy-aataveladi-0094	aataveladi	upajaathi	""	train	హృదయమందు నున్నయీశుని దెలియక\nశిలలనెల్ల మ్రొక్కుజీవులార\nశిలల నేమియుండు జీవులందే కాక\nవిశ్వదాభిరామ వీనర వేమ.	false	["seq"]	["seq"]	96	ి	ీ	lengthen	3	6	వీనర	false	3	4	46	|U|	["ర","వే","మ"]	pdy-v-01037		
pdy-aataveladi-0095	aataveladi	upajaathi	""	dev	గంగగోవుపాలు గరిటెడైనను జాలు\nకడివెడైననేమీ ఖరముపాలు\nభక్తిగలుగుకూడు పట్టెడైనను జాలు\nవిశ్వదాభిరామ వినర వేమ.	false	["seq"]	["corr","seq"]	39	ి	ీ	lengthen	1	6	కడివెడైననేమీ	false	1	2	19	UU|	["నే","మీ","ఖ"]	pdy-v-01038		
pdy-aataveladi-0096	aataveladi	upajaathi	""	train	బండమీఁద చెలమ పాటించిత్రవ్విన\nనలయి కెక్కుడౌను నాశలేదు\nగుంటపట్టు చెలమ కులముద్ధరించురా\nవిశ్వదాభిరామ వీనర వేమ.	false	["seq"]	["seq"]	98	ి	ీ	lengthen	3	6	వీనర	false	3	4	46	|U|	["ర","వే","మ"]	pdy-v-01039		
pdy-aataveladi-0097	aataveladi	upajaathi	""	test	కాకిగూటిలోన కోకిల మున్నట్లు\nభ్రమర మగుచుపురుగు బ్రతికినట్లు\nగురుని గొల్చువెనుక గురువు తా నౌనయా\nవిశ్వదాభిరామ వినర వేమ.	true	[]	[]														pdy-v-01040		
pdy-aataveladi-0098	aataveladi	upajaathi	""	dev	మాట దిద్దవచ్చు మఱియెగ్గు లేకుండ\nదిద్దవచ్చు ఱాతిఁదిన్నగాను\nమనసు దిద్దరాదు మహి నెంతవారికి\nవిశ్వదాభిరామ వినర వేమ.	true	[]	[]														pdy-v-01041		
pdy-aataveladi-0099	aataveladi	upajaathi	""	train	మనసునందు ముక్తిమలయుచు నుండంగ\nమనసు లెఱుఁగలెక మనుజులెల్ల\nమనసు నంటలేక మాయమై పోదురు\nవిశ్వదాభిరామ వినర వేమ.	false	["seq"]	["corr","seq"]	41	ే	ె	shorten	1	6	లెఱుఁగలెక	false	1	3	23	||U	["ను","జు","లె"]	pdy-v-01042		
pdy-aataveladi-0100	aataveladi	upajaathi	""	train	మనసు ముక్తియనుచు మది నెఱుంగఁగలేరు\nమనసుచేతఁ దగిలి మాయమైరి\nమనసు తానయైన మర్మజ్ఞుడగు యోగి\nవిశ్వదాభిరామ వినర వేమ.	true	[]	[]														pdy-v-01043		
pdy-aataveladi-0101	aataveladi	upajaathi	""	train	మదినెఱిఁగినవాని మహిఁగాన నెందును\nమది నెఱుంగువాఁడు మహిని నరుఁడు\nవెదకి తనువులోన వేడ్కతో నినుఁజూచు\nవిశ్వదాభిరామ వినర వేమ.	true	[]	[]														pdy-v-01044		
pdy-aataveladi-0102	aataveladi	upajaathi	""	train	బ్రహ్మమును నెఱుఁగవు భావమందుండిన\nతనువు గుడిగఁ జేసి తన్ను నిలీపి\nలోకబుద్ధివిడిచి లోఁజూపు చూడరా\nవిశ్వదాభిరామ వినర వేమ.	false	["seq"]	["seq"]	59	ి	ీ	lengthen	1	11	నిలీపి	false	1	4	24	|U|	["ని","లీ","పి"]	pdy-v-01045		
pdy-aataveladi-0103	aataveladi	upajaathi	""	train	నిన్నుఁజూచుచుండ నిండును దత్వంబు\nతన్నుఁ జూచుచుండఁ దగులు మాయ\nనిన్ను నెఱిఁగినపుడె తన్నుఁదా నెఱుఁగును\nవిశ్వదాభిరామ వినర వేమ.	true	[]	[]														pdy-v-01046		
pdy-aataveladi-0104	aataveladi	upajaathi	""	train	గాలి గాలి గలసె గగనంబు గగనంబు\nమన్ను మన్ను గలసె మంట మంట\nనీరు నీటఁ గలసె నిర్మలంబయి యుండె\nవిశ్వదాభిరామ వినర వేమ.	true	[]	[]														pdy-v-01047		
pdy-aataveladi-0105	aataveladi	upajaathi	""	train	వెదక వెదకఁ దొఱకు వేదాంతవేద్యుండు\nవేదకువానిఁ దాను వెదకుచుండు\nవెదకనేర్చునట్టి వెరవరుల్‌ గలరొకో\nవిశ్వదాభిరామ వినర వేమ.	false	["seq"]	["seq"]	34	ె	ే	lengthen	1	0	వేదకువానిఁ	false	1	1	17	|U|	["కు","వా","ని"]	pdy-v-01048		
pdy-kandamu-0543	kandamu	jaathi	""	test	తను వలచినఁదా వలచును\nదనూ వలవక యున్నఁదన్ను దా వలవడిల\nన్‌ దనదు పటాటోపంబులు\nతనమాయలు పనికిరావు ధరలో వేమా.	false	["seq"]	["seq"]	22	ు	ూ	lengthen	1	1	దనూ	true	1	1	14	|||U	["ల","వ","క","యు"]	pdy-v-01049		
pdy-aataveladi-0108	aataveladi	upajaathi	""	train	పురుషుఁడెన్నిగతులఁబుట్టువు మొదలుగఁ\nబాపచింతఁజేయు జాపలమున\nమహిని కుంటినక్క మాంసముదిన్నట్లు\nవిశ్వదాభిరామ వీనర వేమ.	false	["seq"]	["seq"]	102	ి	ీ	lengthen	3	6	వీనర	false	3	4	47	|U|	["ర","వే","మ"]	pdy-v-01050		
pdy-aataveladi-0110	aataveladi	upajaathi	""	test	మొదటఁ బోయునీవు మొగిబీజముల కెక్కి\nమొదటి కుఱుకువేగ మొలక లెత్తు\nమొలక పృథివిఁ బెరిగి వెలయును వృక్షంబు\nవిశ్వదాభీరామ వినర వేమ.	false	["seq"]	["corr","seq"]	106	ి	ీ	lengthen	3	3	విశ్వదాభీరామ	false	3	1	46	UUU	["దా","భీ","రా"]	pdy-v-01051		
pdy-aataveladi-0113	aataveladi	upajaathi	""	train	తారకంబుఁ జూచుదారి వేఱుగఁగల్గు\nసమముగాను జూడఁ జక్కఁబడును\nవెఱ్ఱిగాను జూడ వెలుగెల్ల బాఱురా\nవిశ్వదాభిరామ వినర వేమ.	true	[]	[]														pdy-v-01052		
pdy-aataveladi-0114	aataveladi	upajaathi	""	test	సజ్జనముల చెలిమి చాలింపఁగా రాదు\nప్రకృతి నెఱూఁగకున్న భక్తిలేదు\nపలువ లెట్టిరీతి భక్తి సల్పుదురయా\nవిశ్వదాభిరామ వినర వేమ.	false	["seq"]	["seq"]	42	ు	ూ	lengthen	1	4	నెఱూఁగకున్న	false	1	1	17	|U|	["నె","ఱూ","గ"]	pdy-v-01053		
pdy-aataveladi-0116	aataveladi	upajaathi	""	train	దూలములనుబోలు దురవస్థలనునెల్ల\nరోసి యాసలన్ని గోసివేసి\nవాసనను దెలిసినవాఁడేపో బ్రహ్మంబు\nవిశ్వదాభిరామ వినర వేమ.	false	["seq"]	["corr","seq"]	70	ె	ే	lengthen	2	9	దెలిసినవాఁడేపో	false	2	3	33	UUUU	["వా","డే","పో","బ్ర"]	pdy-v-01054		
pdy-aataveladi-0117	aataveladi	upajaathi	""	train	మన్నునూ దినమన్న మండేరు జనులార\nమంటిలోనిమేలు మఱువనేల\nనీళ్లలోనిమేలు నిఖిలమై యుండురా\nవిశ్వదాభిరామ వినర వేమ.	false	["seq"]	["seq"]	6	ు	ూ	lengthen	0	2	మన్నునూ	false	0	2	4	|U|	["న","మ","న్న"]	pdy-v-01055		
pdy-aataveladi-0119	aataveladi	upajaathi	""	dev	ధనము గూడఁబెట్టి ధర్మంబు సేయక\nతాను దినకలెస్స దాచుగాఁక\nతేనే నీఁగె కూర్చి తెరువర్ల కియ్యదా\nవిశ్వదాభిరామ వినర వేమ.	false	["seq"]	["corr","seq"]	56	ె	ే	lengthen	2	1	తేనే	false	2	0	24	UUU	["తే","నే","నీ"]	pdy-v-01056		
pdy-kandamu-0545	kandamu	jaathi	""	dev	ఇచ్చెడి వారలసంపద\nహెచ్చూనదేకాని లేమి యేలా కలుగు\nన్‌ అచ్చెలమ నీళ్లుచల్లిన\nవిచ్చలవిడి నూరుచుండు వినరా వేమా	false	["seq"]	["corr","seq"]	22	ు	ూ	lengthen	1	1	హెచ్చూనదేకాని	false	1	1	11	|UU|	["న","దే","కా","ని"]	pdy-v-01057		
pdy-aataveladi-0122	aataveladi	upajaathi	""	train	ఒకరి నోరుఁగొట్టి యొకరు భక్షింతురు\nవారినోరు మిత్తి వరుసఁగొట్టు\nచేఁపపిండు పిల్ల చేఁపలఁ జంపును\nజనుఁడు చేఁపపిండుఁ జంపు వేమ	true	[]	[]														pdy-v-01058		
pdy-aataveladi-0124	aataveladi	upajaathi	""	dev	పరగ రాతిగుండు పగులఁగొట్టఁగ వచ్చుఁ\nగొండలన్ని పిండిగొట్టవచ్చూ\nకఠినచిత్తు మనసు కరగింప రాదయా\nవిశ్వదాభిరామ వినర వేమ.	false	["seq"]	["corr","seq"]	58	ు	ూ	lengthen	1	9	పిండిగొట్టవచ్చూ	false	1	4	23	UU|	["వ","చ్చూ","క"]	pdy-v-01059		
pdy-aataveladi-0125	aataveladi	upajaathi	""	train	అంత కొఱత దీఱి అతిశయకాముఁడై\nనిన్ను నమ్మిచాల నిష్ఠతోడ\nనిన్నుఁగొల్వ ముక్తి నిశ్చయముగఁ గల్గూ\nవిశ్వదాభిరామ వినర వేమ.	false	["seq"]	["seq"]	87	ు	ూ	lengthen	2	12	గల్గూ	false	2	4	33	||UU	["ము","గ","గ","ల్గూ"]	pdy-v-01060		
pdy-aataveladi-0126	aataveladi	upajaathi	""	train	తత్వము తిరమైన తావుల వెదకుచుఁ\nదాను తత్వమగును తత్త్వయోగి\nతలఁపులన్ని యుడూగఁ దానెపో తత్వంబు\nవిశ్వదాభిరామ వినర వేమ.	false	["seq"]	["seq"]	69	ు	ూ	lengthen	2	6	యుడూగఁ	false	2	2	30	|U|	["యు","డూ","గ"]	pdy-v-01061		
pdy-aataveladi-0128	aataveladi	upajaathi	""	train	వెలఁది చక్కఁదనము వెరపైన యీడును\nవిభుని కరుణలేక వితగనుండు\nనీదూకరుణలేక నేర్పులు కొఱగావు\nవిశ్వదాభిరామ వినర వేమ.	false	["seq"]	["corr","seq"]	59	ు	ూ	lengthen	2	1	నీదూకరుణలేక	false	2	0	28	UU|	["నీ","దూ","క"]	pdy-v-01062		
pdy-aataveladi-0129	aataveladi	upajaathi	""	dev	ఎంతకష్ట ముండు నంత పాపపుఁజింత\nచింతచేత మిగులఁ జివుకు మనసు\nచింతలేకయున్న చెడనిసంపదఁజూచు\nవిశ్వదాభిరామ వినర వేమ.	true	[]	[]														pdy-v-01063		
pdy-kandamu-0548	kandamu	jaathi	""	train	వినవలె నెవ్వరు చెప్పిన\nవినినంతనె తమకపడక వివరింపవలె\nన్‌ విని కని వివరము దెలిసిన\nమనుజుఁడెపో నీతిపరుడు మహిలో వేమా.	true	[]	[]														pdy-v-01064		
pdy-aataveladi-0131	aataveladi	upajaathi	""	train	శిష్యవర్గమూనకు శివుఁ జూపనేరక\nకానిమతములోని గలుగునట్టి\nగురునియెఱుక నరయ గ్రుడ్డెద్దు చేనురా\nవిశ్వదాభిరామ వినర వేమ.	false	["seq"]	["corr","seq"]	10	ు	ూ	lengthen	0	4	శిష్యవర్గమూనకు	false	0	4	10	|U||	["ప","నే","ర","క"]	pdy-v-01065		
pdy-aataveladi-0134	aataveladi	upajaathi	""	train	మిఱపగింజఁ జూడ మీఁద నల్లగనుండుఁ\nగొఱికిచూడలోన చుఱుకుమనును\nసజ్జను లగువారీ సారమిట్టుల నుండు\nవిశ్వదాభిరామ వినర వేమ.	false	["seq"]	["corr","seq"]	69	ి	ీ	lengthen	2	6	లగువారీ	false	2	2	32	UUU	["వా","రీ","సా"]	pdy-v-01066		
pdy-aataveladi-0135	aataveladi	upajaathi	""	train	పర్వత వనవాసి పరిణామ వర్తన\nకూపవాసి కెట్టు గుఱుతుపడూను\nబ్రహ్మవిష్ణువెంటఁ బ్రాకృతుఁ డరుగునా\nవిశ్వదాభిరామ వినర వేమ.	false	["seq"]	["seq"]	49	ు	ూ	lengthen	1	10	గుఱుతుపడూను	false	1	4	23	|U|	["ప","డూ","ను"]	pdy-v-01067		
pdy-aataveladi-0140	aataveladi	upajaathi	""	train	కాలవశముఁ బట్టి కర్మజీవులపిండు\nమత్తులగుచునూ మదమత్తులైరి\nమత్తులయిన జనుల మనసేటి మనసయా\nవిశ్వదాభిరామ వినర వేమ.	false	["seq"]	["corr","seq"]	41	ు	ూ	lengthen	1	5	మత్తులగుచునూ	false	1	3	21	|U|	["ద","మ","త్తు"]	pdy-v-01068		
pdy-aataveladi-0142	aataveladi	upajaathi	""	dev	పాలలోన బులుసు లీలతోఁ గలిసిన\nవిఱిసి తునుక లగును విరివిగాను\nతెలివి మనసులోన దివ్యతత్త్వము తేట\nవిశ్వదాభిరామ వినర వేమ.	true	[]	[]														pdy-v-01069		
pdy-aataveladi-0144	aataveladi	upajaathi	""	test	ధర్మమరసి పూని ధర్మరాజాదులు\nనిర్మలంపు ప్రౌఢి నిలుపుకొనిరి\nధర్మమే నృపులకు తారకయోగంబు\nవిశ్వదాభిరామ వినర వేమ.	true	[]	[]														pdy-v-01070		
pdy-aataveladi-0145	aataveladi	upajaathi	""	train	దానములను జేయఁ దన చేతులాడక\nబహుధనంబుఁగూర్చి పాతిపెట్టు\nతుదను దండుగ నిడు మొదలు చేర్చునరుండు\nవిశ్వదాభిరామ వినర వేమ.	true	[]	[]														pdy-v-01071		
pdy-kandamu-0552	kandamu	jaathi	""	train	నిత్యంబు కానియొడలికీ\nనిత్యము దుఃఖమునఁబడును నిరతము ధరలో\nనిత్యానందపు పదవికి\nనిత్యంబును దుఃఖపడఁగ నేరదు వేమా.	false	["seq"]	["seq"]	19	ి	ీ	lengthen	0	8	కానియొడలికీ	false	0	2	5	|||U	["యొ","డ","లి","కీ"]	pdy-v-01072		
pdy-aataveladi-0148	aataveladi	upajaathi	""	test	కన్నులందు మదమూ గప్పి కానరుగాని\nనిరుడు మీదటేఁడు నిన్న మొన్న\nదగ్ధులయిన వారు తమకంటెఁ దక్కువా\nవిశ్వదాభిరామ వినర వేమ.	false	["seq"]	["seq"]	13	ు	ూ	lengthen	0	6	మదమూ	false	0	2	4	||U	["మ","ద","మూ"]	pdy-v-01073		
pdy-kandamu-0554	kandamu	jaathi	""	test	దీపంబు లేని యింటను\nరూపంబును దెలియలేరు రూఢిగఁ దమలో\nదీపమగు తెలివి గలిగియు\nపాపంబుల మఱుగుత్రోవఁ బడుదురు వేమా.	true	[]	[]														pdy-v-01074		
pdy-aataveladi-0150	aataveladi	upajaathi	""	train	మంటికుండవంటి మాయాశరిరంబు\nచచ్చు నెన్నడయినఁ జావఁ డాత్మ\nఘటము లెన్నియైన గగనంబదేకమే\nవిశ్వదాభిరామ వినర వేమ.	false	["seq"]	["corr","seq"]	19	ీ	ి	shorten	0	9	మాయాశరిరంబు	false	0	4	9	|U|U	["రి","రం","బు","చ"]	pdy-v-01075		
pdy-aataveladi-0154	aataveladi	upajaathi	""	train	మనసుసూచి గెల్చి మనసులో సుఖియించి\nకడకు మోక్షపదము గనునువాఁడు\nచెట్టుఁబెట్టూ ఫలము చేకూర కుండునా\nవిశ్వదాభిరామ వినర వేమ.	false	["seq"]	["corr","seq"]	71	ు	ూ	lengthen	2	3	చెట్టుఁబెట్టూ	false	2	1	30	UU|	["బె","ట్టూ","ఫ"]	pdy-v-01076		
pdy-aataveladi-0155	aataveladi	upajaathi	""	train	మాటలాడవచ్చు మనసు నిల్పగరాదు\nతెలుపవచ్చు దన్నుఁ దెలియరాదు\nసురియఁబట్టబచ్చు శూరుండు కారాదు\nవిశ్వదాభిరామ వినర వేమ.	true	[]	[]														pdy-v-01077		
pdy-kandamu-0556	kandamu	jaathi	""	train	గురుఁడనఁగా మొదలంతకు\nగురుశిష్యు లనంగ నెల్లకొమ్మలుకాగా\nగురువును గానగఁ జాలరూ\nధరలోపల మనుజులెల్లఁ దలఁపరు వేమా.	false	["seq"]	["corr","seq"]	72	ు	ూ	lengthen	2	9	జాలరూ	false	2	2	31	U|U|	["జా","ల","రూ","ధ"]	pdy-v-01078		
pdy-kandamu-0557	kandamu	jaathi	""	train	గూరుఁ డనఁగా పరమాత్ముఁడు\nపరగంగా శిష్యుఁడనఁగఁ బటుజీవుఁడగు\nన్‌ గురుశిష్య జీవసంపద\nగురుతరముగఁ గూర్చు నతఁడు గురువగు వేమా.	false	["seq"]	["seq"]	1	ు	ూ	lengthen	0	0	గూరుఁ	false	0	2	6	|U||	["ర","మా","త్ము","డు"]	pdy-v-01079		
pdy-aataveladi-0161	aataveladi	upajaathi	""	train	తాననంగ నెవరు తనవారన నెవరు\nతెలిసి తెలియలేరు తిక్క నరులు\nఅరయ పిసినికాయ పురుగు పద్ధతికాగ\nవిశ్వదాభిరామ వినర వేమ.	true	[]	[]														pdy-v-01080		
pdy-kandamu-0558	kandamu	jaathi	""	train	భయమూసుమీ యజ్ఞానము\nభయముడిగిన నిశ్చయంబు పరమార్థంబౌ\nలయముసుమీ యీ దేహము\nజయముసుమీ జీవుఁడనుచుఁ జాటర వేమా.	false	["seq"]	["corr","seq"]	3	ు	ూ	lengthen	0	2	భయమూసుమీ	false	0	1	3	|UUU	["సు","మీ","య","జ్ఞా"]	pdy-v-01081		
pdy-aataveladi-0162	aataveladi	upajaathi	""	test	చచ్చెఁ జచ్చె ననుచుఁ జావుకు వగచెడు\nదీననరుల వెఱ్ఱి దెలుపరాదు\nప్రాణమునకు మృత్యు బంధంబు లుడుగునా\nవిశ్వదాభిరామ వినర వేమ.	true	[]	[]														pdy-v-01082		
pdy-aataveladi-0164	aataveladi	upajaathi	""	test	బ్రహ్మమేడ ననుచు పలుమాఱూ లాడేరు\nవెఱ్ఱిమూర్ఖ జనుల విధముఁజూడ\nబ్రహ్మ మన్నిటందుఁ బరిపూర్ణమైయుండు\nవిశ్వదాభిరామ వినర వేమ.	false	["seq"]	["seq"]	22	ు	ూ	lengthen	0	10	పలుమాఱూ	false	0	3	7	||UU	["ప","లు","మా","ఱూ"]	pdy-v-01083		
pdy-aataveladi-0165	aataveladi	upajaathi	""	train	పసులవన్నె వేఱు పాలెల్లనొక్కటి\nపుష్పజాతి వేఱు పూజయొకటి\nదర్శనంబు వేఱు దైవంబ యొక్కటి\nవిశ్వదాభిరామ వినర వేమ.	true	[]	[]														pdy-v-01084		
pdy-aataveladi-0166	aataveladi	upajaathi	""	train	పనితొడవులు వేఱు బంగార మొక్కటి\nపరగ ఘటమూ వేఱు ప్రాణమొకటి\nఅరయఁ దిండ్లు వేఱు ఆఁకలి యొక్కటి\nవిశ్వదాభిరామ వినర వేమ.	false	["seq"]	["seq"]	37	ు	ూ	lengthen	1	5	ఘటమూ	false	1	1	17	||U	["ఘ","ట","మూ"]	pdy-v-01085		
pdy-aataveladi-0167	aataveladi	upajaathi	""	train	కానలేఁడు నుదురు కర్ణముల్‌ వీఁపును\nనెఱులు కానలేఁడు నెత్తిమీఁద\nతన్ను గానలేఁడు తత్వ మేమెఱుఁగును\nవిశ్వదాభిరామ వినర వేమ.	true	[]	[]														pdy-v-01086		
pdy-aataveladi-0172	aataveladi	upajaathi	""	dev	నీటిలోన వ్రాఁత నిలువకయున్నట్లు\nపాటిజగతిలేదు పరములేదు\nమాటమాటకెల్ల మనసు కోరుచునుండు\nవిశ్వదాభిరామ వినర వేమ.	true	[]	[]														pdy-v-01087		
pdy-aataveladi-0173	aataveladi	upajaathi	""	train	దొంగతెలివిచేత దొరకునా మోక్షంబు\nచేతఁగానిపనులఁ జేయరాదు\nగ్రుడ్డనంగ వలదు గుణహీనుఁడనవలె\nవిశ్వదాభిరామ వినర వేమ.	true	[]	[]														pdy-v-01088		
pdy-aataveladi-0176	aataveladi	upajaathi	""	dev	శ్రీకరశివతత్వశిలుఁడౌ వేమన\nప్రాకటముగ వేయు పద్యములను\nలోకమందుఁ జదివెలోవెతఁ బాయరో\nవిశ్వదాభిరామ వినర వేమ.	false	["seq"]	["corr","seq"]	14	ీ	ి	shorten	0	7	శ్రీకరశివతత్వశిలుఁడౌ	false	0	3	7	||UU	["శి","లు","డౌ","వే"]	pdy-v-01089		
pdy-aataveladi-0177	aataveladi	upajaathi	""	train	వేయుపద్యముల వివేకియై భక్తితోఁ\nబఠనఁ జేసినట్టి భక్తులకును\nబాయకుండు మోక్షపద మరచేతిదై\nవిశ్వదాభిరామ వినర వేమ.	true	[]	[]														pdy-v-01090		
pdy-kandamu-0559	kandamu	jaathi	""	train	శతసంఖ్యపదమ్ముల నే\nమతిమంతుఁడు పఠనసేయూ మమతులు దీరు\nన్నతఁడే నాలుగుపదముల\nశితికంఠునిపదముఁ జేరు సిద్ధము వేమా.	false	["seq"]	["corr","seq"]	35	ు	ూ	lengthen	1	9	పఠనసేయూ	false	1	2	16	|UU|	["న","సే","యూ","మ"]	pdy-v-01091		
pdy-kandamu-0561	kandamu	jaathi	""	test	సర్వము తానని తెలిసిన\nనిర్వాణికిఁ గాక ముక్తి నిలుపఁగ వశమా\nఉర్వెల్లఁ దాను తిరిగిన\nపర్వత బిలజలధులందుఁ బడినను వేమా.	true	[]	[]														pdy-v-01092		
pdy-champakamaala-0307	champakamaala	vruttamu	""	train	తలపఁగ మూలమందు పరతత్త్వము దెల్పఁగ పాటుగాదు లో\nబలిమిని నాత్మగుట్టు మది భావననెంచగ బ్రహ్మకల్పము\nన్‌ గలుగును ముక్తి జీవులకుఁ గావున నాత్మవిధానదృశ్య మీ\nసలలిత శక్తిరూపు నిను సన్నుతి వెమన చేసె కల్పమున్‌.	false	["seq"]	["seq"]	175	ే	ె	shorten	3	13	వెమన	false	3	4	75	|||	["తి","వె","మ"]	pdy-v-01093		
pdy-champakamaala-0308	champakamaala	vruttamu	""	train	పిలిచినఁ బల్కకుండు మరి పిల్చిన నేమనకూరకుండుఁ ద\nన్‌ దలఁచిన నెవ్వ రేమనినఁ దన్నునుగాదని నవ్వుచుండు నా\nత్మలఁ దలపోయుచుండు నెఱ తత్వము నిత్యము దానయై సదా\nతెలిసినయోగి వేమనగతిన్‌ శివరూపుఁడు నెల్లతావులన్‌.	true	[]	[]														pdy-v-01094		
pdy-kandamu-0563	kandamu	jaathi	""	dev	విషయమూలు తెరలపొలుపున\nవిషయము లంటక మహాత్ము విధమున ధరలో\nవిషసంసారము లన్నియు\nవిషయము లన్నియును గెల్వ వేమన నేర్చున్‌.	false	["seq"]	["seq"]	5	ు	ూ	lengthen	0	3	విషయమూలు	false	0	0	0	|||U	["వి","ష","య","మూ"]	pdy-v-01095		
pdy-kandamu-0564	kandamu	jaathi	""	test	కాదని యెవ్వరి తోడను\nవాదాడక దిరుగు వెఱ్ఱివాఁడును వలెనే\nభేదాభేదము లడచును\nవేదాంత రహస్య మెల్ల వేమన నేర్చున్‌.	true	[]	[]														pdy-v-01096		
pdy-aataveladi-0181	aataveladi	upajaathi	""	test	దేవుఁడనఁగ వేఱు దేశమం దున్నాఁడె\nదేహితోడ నెపుడు దేహమందె\nవాహనమూల నెక్కి వడిఁదోలు మన్నాఁడు\nవిశ్వదాభిరామ వినర వేమ.	false	["seq"]	["seq"]	59	ు	ూ	lengthen	2	3	వాహనమూల	false	2	1	26	|U|	["న","మూ","ల"]	pdy-v-01097		
pdy-aataveladi-0183	aataveladi	upajaathi	""	train	గురుచరణముఁ బట్టఁ గుక్కలు గఱచును\nగురుచరణము విడువఁ గుక్క గఱచుఁ\nగుక్కకున్న బుద్ధి గురునకు లేదురా\nవిశ్వదాభిరామ వినర వేమ.	true	[]	[]														pdy-v-01098		
pdy-aataveladi-0185	aataveladi	upajaathi	""	train	పిల్లి యెలుకబట్టఁ బ్రియమున నుండగ\nనదియు కోడిఁబట్ట ననుగమించు\nమమత విడువకున్న మానూనా మోహంబు\nవిశ్వదాభిరామ వినర వేమ.	false	["seq"]	["corr","seq"]	77	ు	ూ	lengthen	2	9	మానూనా	false	2	3	34	UUUU	["మా","నూ","నా","మో"]	pdy-v-01099		
pdy-aataveladi-0186	aataveladi	upajaathi	""	train	మహినీ దధిని ఘృతము మ్రానులం దనలంబు\nసౌరుసుమములందు సౌరభంబు\nతిలలఁ దైలమట్ల తేజరిల్లుఁ జిదాత్మ\nవిశ్వదాభిరామ వినర వేమ.	false	["seq"]	["seq"]	4	ి	ీ	lengthen	0	2	మహినీ	false	0	0	0	||U	["మ","హి","నీ"]	pdy-v-01100		
pdy-aataveladi-0187	aataveladi	upajaathi	""	train	తరువఁ దరువఁ బుట్టు దరువున ననలంబు\nతరువఁ దరువఁ బుట్టు దధినీ ఘృతము\nతలఁప దలపఁ బుట్టు తనువునఁ దత్వంబు\nవిశ్వదాభిరామ వినర వేమ.	false	["seq"]	["seq"]	56	ి	ీ	lengthen	1	10	దధినీ	false	1	3	24	||U	["ద","ధి","నీ"]	pdy-v-01101		
pdy-kandamu-0567	kandamu	jaathi	""	train	జీవుని దెలిసిన దనుకను\nదేవుని భ్రమఁ బొదలు నరుఁడు దేవుఁడు దలఁప\nన్‌ జీవుండని వివరించిన\nభావింపగ ముక్తి బట్టబయలుర వేమా.	true	[]	[]														pdy-v-01102		
pdy-aataveladi-0191	aataveladi	upajaathi	""	train	దోసముల్లువంటి తుర్యమం దాత్మను\nజూచి యాసలనటుతోచివేసి\nవాసనను దెలిసినవాఁడెపో బ్రహ్మంబు\nవిశ్వదాభిరామ వినర వేమ.	true	[]	[]														pdy-v-01103		
pdy-aataveladi-0192	aataveladi	upajaathi	""	train	వెదకి కానలేఁడు వేదాంతవేద్యుని\nతత్వవేత్తలేఁడు ధరణిలోనఁ\nగలిగెనేని యతఁడు కనఁబోఁడు మఱివేఱే\nవిశ్వదాభిరామ వినర వేమ.	false	["seq"]	["seq"]	85	ె	ే	lengthen	2	15	మఱివేఱే	false	2	4	36	||UU	["మ","ఱి","వే","ఱే"]	pdy-v-01104		
pdy-kandamu-0568	kandamu	jaathi	""	train	విషయములఁ బొరలీ రోయక\nవిషమంటినగతిని జూచి విముఖత ధరలో\nవిష సమమాయా సుఖముల\nవిషయములన్‌ గూడకుండ్రు వేత్తలు వేమా.	false	["seq"]	["seq"]	13	ి	ీ	lengthen	0	7	బొరలీ	false	0	1	4	|||U	["ల","బొ","ర","లీ"]	pdy-v-01105		
pdy-aataveladi-0193	aataveladi	upajaathi	""	test	వాక్కునందు గురువు వాక్తత్వము గురువు\nచీఁకటింట గురువు చిక్కియుండు\nఅఖిలమునకు గురువె యాధార మయియుండు\nవిశ్వదాభిరామ వినర వేమ.	true	[]	[]														pdy-v-01106		
pdy-kandamu-0569	kandamu	jaathi	""	dev	కర్మాకర్మము లొక్కటి\nకర్మవినోదునకు దత్వఘనునకు దెలియు\nన్‌ ధర్మాధర్మము లేర్పడ\nనిర్మలమతి తెలుపవలయు నిజముగ వేమా.	true	[]	[]														pdy-v-01107		
pdy-aataveladi-0196	aataveladi	upajaathi	""	train	సిగ్గు విడువకున్న శివసౌఖ్యమేలేదు\nతగ్గ మొగ్గకున్న సిగ్గు విడదు\nసిగ్గు విడుచువాఁడు చిరకాల జీవీరా\nవిశ్వదాభిరామ వినర వేమ.	false	["seq"]	["corr","seq"]	91	ి	ీ	lengthen	2	12	జీవీరా	false	2	4	36	UUUU	["జీ","వీ","రా","వి"]	pdy-v-01108		
pdy-aataveladi-0200	aataveladi	upajaathi	""	train	సొమ్ములున్నచోటు శోధింపఁగలుగును\nసొమ్ములేనిచోట శోధనెల\nయంజనంబులేక యా సొమ్ము తెలియదు\nవిశ్వదాభిరామ వినర వేమ.	false	["seq"]	["corr","seq"]	49	ే	ె	shorten	1	8	శోధనెల	false	1	4	21	||U	["నె","ల","యం"]	pdy-v-01109		
pdy-aataveladi-0201	aataveladi	upajaathi	""	train	నిజము కల్ల నెఱిఁగి నిత్యుండు గాఁడాయె\nపలుకులోన బిందు పదిలపఱచి\nవేడుకైన బిందు వెదఁబెట్టకుండదు\nవిశ్వదాభిరామ వినర వేమ.	true	[]	[]														pdy-v-01110		
pdy-aataveladi-0206	aataveladi	upajaathi	""	train	తానె తత్వమనుచు తన్నెఱుంగక లేక\nమాయతత్వమనుచు మఱుగుచుండు\nధర్మకర్మములను తగరోయ దత్వమౌ\nవిశ్వదాభిరామ వినర వెమ.	false	["seq"]	["seq"]	100	ే	ె	shorten	3	9	వెమ	false	3	4	49	||	["వె","మ"]	pdy-v-01111		
pdy-aataveladi-0208	aataveladi	upajaathi	""	dev	త్రాడుపామతంచుఁ దాఁజూచి భయపడి\nతెలిసి త్రాడటన్నఁ దీఱు భయము\nభయము దీఱినపుడె బ్రహ్మంబు నంగురా\nవిశ్వదాభిరామ వినర వేమ.	true	[]	[]														pdy-v-01112		
pdy-aataveladi-0209	aataveladi	upajaathi	""	train	చూచువారికెల్లఁ జూడ వేఱైయుండు\nచూపుఁజూచి దెలీయఁ జూచువారు\nచూచి తాముచూపుచూపె తామగుదురు\nవిశ్వదాభిరామ వినర వేమ.	false	["seq"]	["seq"]	42	ి	ీ	lengthen	1	5	దెలీయఁ	false	1	2	16	|U|	["దె","లీ","య"]	pdy-v-01113		
pdy-aataveladi-0214	aataveladi	upajaathi	""	train	మనసుఁ బాఱవీడి మనసుఁ దా మగుడించి\nమనసులోనఁగలుగు మర్మమెఱిగి\nమనసు తాను నిల్ప మఱియుఁదా బ్రహ్మంబు\nవిశ్వదాభిరామ వినర వేమ.	true	[]	[]														pdy-v-01114		
pdy-aataveladi-0215	aataveladi	upajaathi	""	train	మర్మమంతగొనకు మనసైన్యమేగాన\nపరరహస్య మంత బయలుపడదు\nపడినమనస దెన్న బయలుపడినరీతి\nవిశ్వదాభిరామ వినర వేమ.	true	[]	[]														pdy-v-01115		
pdy-aataveladi-0216	aataveladi	upajaathi	""	test	గురుని పరమగురుని గుఱుతుగాఁ దెలియక\nగురువుగాను నుండు గ్రుడ్డిరీతి\nగురువుకు గురువైన గురుఁడు ప్రాణేశుండు\nవిశ్వదాభిరామ వినర వేమ.	true	[]	[]														pdy-v-01116		
pdy-kandamu-0578	kandamu	jaathi	""	train	మనసున నెఱుకను మరుపునఁ\nగని విని చూడంగలేరు కదిసినపిదప\nన్‌ పెనగొని పట్టినచోనది\nమనచోటను మాయమౌను మహిలో వేమా.	true	[]	[]														pdy-v-01117		
pdy-aataveladi-0218	aataveladi	upajaathi	""	train	బ్రతుకులెల్ల మాయ భవబంధములు మాయ\nతెలివి మాయ తన్నుఁ దెలియ మాయ\nమాయ దేలియువాఁడు మర్మజ్ఞుఁడగు యోగి\nవిశ్వదాభిరామ వినర వేమ.	false	["seq"]	["seq"]	64	ె	ే	lengthen	2	2	దేలియువాఁడు	false	2	2	31	|U|	["యు","వా","డు"]	pdy-v-01118		
pdy-aataveladi-0219	aataveladi	upajaathi	""	train	మాయలోక మన్న మర్మంబూ దెలియక\nమాయఁజిక్కి యంత మాయఁబడిరి\nమాయ దెలియ దివ్వె మాయదా జన్మంబు\nవిశ్వదాభిరామ వినర వేమ.	false	["seq"]	["corr","seq"]	18	ు	ూ	lengthen	0	8	మర్మంబూ	false	0	3	6	UUU|	["మ","ర్మం","బూ","దె"]	pdy-v-01119		
pdy-aataveladi-0220	aataveladi	upajaathi	""	train	సతులు సుతులు మాయ సంసారములు మాయ\nధనము ఘనము మాయ తనువు మాయ\nమాయ గెల్చువాఁడు మర్మజ్ఞుఁడగు యోగి\nవిశ్వదాభిరామ వినర వేమ.	true	[]	[]														pdy-v-01120		
pdy-kandamu-0579	kandamu	jaathi	""	train	మాయల సంసారమునకు\nమాయలనే తిరుగుచుండు మనుజుఁడులోనై\nమాయలఁ దెలిసిన యంతట\nమాయలనే ముక్తి గలుగు మహిలో వేమా.	true	[]	[]														pdy-v-01121		
pdy-aataveladi-0223	aataveladi	upajaathi	""	dev	మాయరూపు రూపు మాయ తాఁజేసియు\nమాయరూపులఁ బెనుమాయఁజేసి\nమాయలోని మాయమహిమ నెఱుంగురా\nవిశ్వదాభిరామ వినర వేమ.	true	[]	[]														pdy-v-01122		
pdy-aataveladi-0226	aataveladi	upajaathi	""	train	మోదమూనను గురుని ముఖ్యకరుణచేతఁ\nదొమ్మిదిస్థలముల దొడ్డు పాయ\nసర్వజీవుఁడాయె సర్వమ్ముఁ దానాయె\nవిశ్వదాభిరామ వినర వేమ.	false	["seq"]	["corr","seq"]	4	ు	ూ	lengthen	0	2	మోదమూనను	false	0	3	7	|U||	["ని","ము","ఖ్య","క"]	pdy-v-01123		
pdy-aataveladi-0229	aataveladi	upajaathi	""	train	తన్ను వెదకిచూడఁ దానెపో జీవుండు\nతత్వ మరసిచూడఁ దానే యాత్మ\nమన్ను మిన్ను లేదు మాయరా లేదయా\nవిశ్వదాభిరామ వినర వేమ.	false	["seq"]	["corr","seq"]	48	ె	ే	lengthen	1	8	దానే	true	1	3	20	UUU	["దా","నే","యా"]	pdy-v-01124		
pdy-aataveladi-0232	aataveladi	upajaathi	""	train	మ్రానుఁ గాలవేసి మహిమీఁద నొకజాణ\nపూని తిరుగుచుండుఁ బొందుగాను\nకాలవేయు మ్రాను కడురమ్యమైయుండు\nవిశ్వదాభిరామ వినర వేమ.	true	[]	[]														pdy-v-01125		
pdy-kandamu-0583	kandamu	jaathi	""	train	బయలున బంధము గప్పను\nబయలునఁ బరమాత్మునకును బంధమూ తొలఁగు\nన్‌ బయలున బంధము లూడిన\nనయవర్తన ముక్తిఁగాంచు నరుఁడటు వేమా.	false	["seq"]	["corr","seq"]	44	ు	ూ	lengthen	1	13	బంధమూ	false	1	3	21	U|U|	["బం","ధ","మూ","తొ"]	pdy-v-01126		
pdy-aataveladi-0233	aataveladi	upajaathi	""	train	మాట లుడుగకున్న మంత్రంబు దొరకదు\nమంత్ర మూడుగకున్న మనసు నిలదు\nమనసు నిలుపకున్న మఱి ముక్తి లేదయా\nవిశ్వదాభిరామ వినర వేమ.	false	["seq"]	["seq"]	38	ు	ూ	lengthen	1	2	మూడుగకున్న	false	1	2	18	|U|	["గ","కు","న్న"]	pdy-v-01127		
pdy-kandamu-0584	kandamu	jaathi	""	dev	రెప్పలూ మూసియు మూయఁగఁ\nదప్పక తనమనమునందుఁ దత్వము గూడు\nన్‌ ఎప్పుడు చూచెడువానికిఁ\nజొప్పెడు నెచ్చోట ముక్తి సులభము వేమా.	false	["seq"]	["corr","seq"]	6	ు	ూ	lengthen	0	2	రెప్పలూ	false	0	0	0	U|UU	["రె","ప్ప","లూ","మూ"]	pdy-v-01128		
pdy-kandamu-0585	kandamu	jaathi	""	dev	తలఁచిన దత్వంబగునా\nతలఁపక తా నూరకున్నఁ దత్వంబగునా\nతలఁచుట తలఁపమీ రెండును\nదలఁపక తానుండెనేని దత్వము వేమా.	false	["seq"]	["seq"]	60	ి	ీ	lengthen	2	7	తలఁపమీ	false	2	1	27	|||U	["త","ల","ప","మీ"]	pdy-v-01129		
pdy-aataveladi-0238	aataveladi	upajaathi	""	train	నాసికంబునడుమ ననుఁజూచు యోగికి\nవాసి వన్నె లేదు వసుధలోన\nకాశినాథునైనఁ గనఁగలఁ డాయోగి\nవిశ్వదాభిరామ వినర వెమ.	false	["seq"]	["seq"]	99	ే	ె	shorten	3	9	వెమ	false	3	4	47	||	["వె","మ"]	pdy-v-01130		
pdy-kandamu-0586	kandamu	jaathi	""	train	తలఁచినను శూన్యతత్వము\nతలఁపక యుండినను శూన్యతత్వం బదియౌ\nతలఁచీన తలఁపీడేఱును\nదలఁచకయుండినను దానె తత్వము వేమా.	false	["seq"]	["seq"]	57	ి	ీ	lengthen	2	2	తలఁచీన	false	2	1	28	|||U	["న","త","ల","పీ"]	pdy-v-01131		
pdy-kandamu-0587	kandamu	jaathi	""	train	తా నొకటి దెలియునన్నది\nతానట్టిది లేక యెల్లతావులు దానై\nతానేగి పరిణమించిన\nమానవూనకు ముక్తి గలదు మహిలో వేమా.	false	["seq"]	["corr","seq"]	75	ు	ూ	lengthen	3	2	మానవూనకు	false	3	0	32	U|U|	["మా","న","వూ","న"]	pdy-v-01132		
pdy-aataveladi-0246	aataveladi	upajaathi	""	train	లోన బయలుచేసి లోకంబు దెగటార్చి\nకులము గాలఁబెట్టి గుణము వదలి\nచింతలోనిచింతఁ జేరిన యోగిరా\nవిశ్వదాభిరామ వినర వేమ.	true	[]	[]														pdy-v-01133		
pdy-aataveladi-0247	aataveladi	upajaathi	""	train	రోయవచ్చుఁ బరము రూఢిగాఁ దెలిసిన\nగానవచ్చు గ్రుడ్డు కదలకున్న\nరెప్పలార్పకున్న రెంటి సందుననుండి\nవిశ్వదాభిరామ వినర వేమ.	true	[]	[]														pdy-v-01134		
pdy-aataveladi-0248	aataveladi	upajaathi	""	train	కొంపలోన నున్న కోర్కెలు ఛేదించి\nపరగ హృదయ మట్టె పదిలపఱచి\nగృహము నిల్పువాఁడు బహుతత్త్వవేదిరా\nవిశ్వదాభిరామ వినర వేమ.	true	[]	[]														pdy-v-01135		
pdy-aataveladi-0249	aataveladi	upajaathi	""	train	దర్శనంబులందు ధర షణ్మతములందు\nవర్ణకాశ్రమముల వదల కెపుడూ\nతిరుగుచున్నవాఁడు ధరలోన నధముండు\nవిశ్వదాభిరామ వినర వేమ.	false	["seq"]	["seq"]	51	ు	ూ	lengthen	1	12	కెపుడూ	false	1	4	24	||U	["కె","పు","డూ"]	pdy-v-01136		
pdy-aataveladi-0250	aataveladi	upajaathi	""	test	బ్రహ్మ మనగవేఱె పరదేశమున లేదు\nబ్రహ్మ మనగ దానే బట్టబయలు\nతన్నుదా నెఱిఁగినఁ దానెపో బ్రహ్మంబు\nవిశ్వదాభిరామ వినర వేమ.	false	["seq"]	["corr","seq"]	43	ె	ే	lengthen	1	6	దానే	true	1	2	20	UUU	["దా","నే","బ"]	pdy-v-01137		
pdy-aataveladi-0252	aataveladi	upajaathi	""	train	వెన్న చేతఁబట్టి వివరంబు దెలియక\nఘృతముఁ గోరూనట్టి యతనిభంగి\nతాను దైవమయ్యు దైవంబుఁ దలఁచును\nవిశ్వదాభిరామ వినర వేమ.	false	["seq"]	["corr","seq"]	41	ు	ూ	lengthen	1	4	గోరూనట్టి	false	1	1	17	UUU	["గో","రూ","న"]	pdy-v-01138		
pdy-aataveladi-0254	aataveladi	upajaathi	""	dev	తన్నెఱుఁగనివాఁడు తానె తానై యుండుఁ\nదన్నేఱుంగువాఁడు తానె తాను\nతనువులేనివాఁడు తానె తానౌనయా\nవిశ్వదాభిరామ వినర వేమ.	false	["seq"]	["corr","seq"]	38	ె	ే	lengthen	1	1	దన్నేఱుంగువాఁడు	false	1	0	13	UUU	["ద","న్నే","ఱుం"]	pdy-v-01139		
pdy-kandamu-0590	kandamu	jaathi	""	test	తానును సమస్తభూవనము\nలోనసువుల యంగఁదెలిసి లోనను వెలయు\nన్‌ దానై వెలుఁగఁగ నేర్చిన\nమానవునకు ముక్తి గలుగు మహిలో వేమా.	false	["seq"]	["corr","seq"]	13	ు	ూ	lengthen	0	6	సమస్తభూవనము	false	1	1	12	|||U	["సు","వు","ల","యం"]	pdy-v-01140		
pdy-aataveladi-0255	aataveladi	upajaathi	""	train	బయలు రూపు రూపు బయలునుగాఁ జేసి\nబయలు రూపు బట్టబయలు చేసి\nబయలులోనివాని భావింపఁ దత్వంబు\nవిశ్వదాభిరామ వినర వేమ.	true	[]	[]														pdy-v-01141		
pdy-aataveladi-0257	aataveladi	upajaathi	""	train	నిజము వరుస నెఱిఁగి నిత్యుండూ గావలె\nపలుకులోనిపలుకు పదిలపఱపు\nపలుకుఁజూడ నెవరొ పరికించి చూడరా\nవిశ్వదాభిరామ వినర వేమ.	false	["seq"]	["corr","seq"]	27	ు	ూ	lengthen	0	11	నిత్యుండూ	false	0	3	9	UUUU	["ని","త్యుం","డూ","గా"]	pdy-v-01142		
pdy-aataveladi-0258	aataveladi	upajaathi	""	train	పంచవర్ణు నెఱుఁగఁ బరము నెఱుంగును\nపరము నెఱుగ నిచ్ఛ ప్రజ్వరిల్లు\nప్రజ్వరిల్లునాఁడు పరముతా నౌనయా\nవిశ్వదాభిరామ వినర వేమ.	true	[]	[]														pdy-v-01143		
pdy-aataveladi-0264	aataveladi	upajaathi	""	test	వాయువందె పుట్టి వాయువందె పెఱిగి\nవాయువందు మేలు వరుసఁ దెలియ\nవాయువందు ప్రాణవాయువు తత్వంబు\nవిశ్వదాభిరామ వినర వేమ.	true	[]	[]														pdy-v-01144		
pdy-aataveladi-0266	aataveladi	upajaathi	""	train	తలపులోని తలఁపు దలఁపోసి తెలియకా\nతలఁపులెల్ల విడిచి తగినభంగి\nతలఁపూలోనితలఁపె తత్వంబు నాత్మరా\nవిశ్వదాభిరామ వినర వేమ.	false	["seq"]	["seq"]	62	ు	ూ	lengthen	2	2	తలఁపూలోనితలఁపె	false	2	0	29	||U	["త","ల","పూ"]	pdy-v-01145		
pdy-aataveladi-0268	aataveladi	upajaathi	""	train	సర్వ మొకటిఁ జూడ సమకూరును ధ్రువంబు\nరెప్పవేయఁబోక రేయిఁబగలు\nపగలూలోని పగలు పరమాత్మ చూడరా\nవిశ్వదాభిరామ వినర వేమ.	false	["seq"]	["seq"]	60	ు	ూ	lengthen	2	2	పగలూలోని	false	2	0	26	||U	["ప","గ","లూ"]	pdy-v-01146		
pdy-aataveladi-0269	aataveladi	upajaathi	""	train	రూపడఁగక జీవరూపంబుఁ గనరాదు\nనట్టిరూప మడగ నలవిగాదు\nబ్రహ్మ మడఁగకున్న బ్రహ్మంబుఁ గనఁరాదూ\nవిశ్వదాభిరామ వినర వేమ.	false	["seq"]	["seq"]	82	ు	ూ	lengthen	2	13	గనఁరాదూ	false	2	4	36	||UU	["గ","న","రా","దూ"]	pdy-v-01147		
pdy-kandamu-0592	kandamu	jaathi	""	train	భయమంతయు దేహముదే\nభయ ముడిగిన నిశ్చయంబు పరమాత్మునిదే\nలయమంతయు దేహముదే\nజయమంతయు జీవుఁడనుచుఁ జాటర వేమా.	true	[]	[]														pdy-v-01148		
pdy-aataveladi-0271	aataveladi	upajaathi	""	train	భూమిలొనఁ బుట్టు భూభార మెల్లను\nతనువులోనఁ బుట్టు దత్వమెల్ల\nశ్రమములోనఁ బుట్టు సర్వంబుఁ దానౌను\nవిశ్వదాభిరామ వినర వేమ.	false	["seq"]	["corr","seq"]	5	ో	ొ	shorten	0	2	భూమిలొనఁ	false	0	1	2	||U	["లొ","న","బు"]	pdy-v-01149		
pdy-aataveladi-0272	aataveladi	upajaathi	""	train	కాయముఁదగఁ గూడి కడఁగి యోగిగనున్న\nకాయ ముండికాని ఘనుఁడు గాఁడు\nకాయమునను ముక్తిగతి కేగవలెనయా\nవిశ్వదాభిరామ వినర వేమ.	true	[]	[]														pdy-v-01150		
pdy-aataveladi-0276	aataveladi	upajaathi	""	test	లోను చూడఁజూడ లోకాభిరామంబు\nబయలు చూడఁజూడ బంధనంబూ\nతన్నుఁజూడఁజూడ తారక బ్రహ్మంబు\nవిశ్వదాభిరామ వినర వేమ.	false	["seq"]	["corr","seq"]	45	ు	ూ	lengthen	1	10	బంధనంబూ	false	1	4	21	UUU	["నం","బూ","త"]	pdy-v-01151		
pdy-aataveladi-0277	aataveladi	upajaathi	""	train	తలఁపుచేతఁగల్గు తారక బ్రహ్మంబు\nతలచిఁచూడఁదానె తత్వమగును\nతలఁపులోనె తలఁపు తానె తానెఱిఁగిన\nవిశ్వదాభిరామ వినర వేమ.	true	[]	[]														pdy-v-01152		
pdy-kandamu-0595	kandamu	jaathi	""	train	నరకులమునఁ దాఁబుట్టియు\nనరకులమునఁ దాని బెరిగి నరుఁడయ్యును దా\nనరకులమును ఛీ ఛీ యని\nహరకులమునఁ దిరిగెనేని హరుఁడగు వేమా.	true	[]	[]														pdy-v-01153		
pdy-kandamu-0596	kandamu	jaathi	""	train	తనుసంరక్షణ కొఱకయి\nమనమున కార్యములు మానుమనూ తత్వముచే\nదినదినము తిరిగి తిరిగియు\nతనువునఁ గనుగొన్న నాత్మ తత్వము వేమా.	false	["seq"]	["corr","seq"]	40	ు	ూ	lengthen	1	11	మానుమనూ	false	1	3	20	|UU|	["మ","నూ","త","త్వ"]	pdy-v-01154		
pdy-kandamu-0598	kandamu	jaathi	""	train	నిఖిలాకారుం డాతఁడు\nనిఖిలాత్ముఁడు సర్వసాక్షి నిజముగఁ దానై\nనిఖిలంబు నిందుజూఁడగ\nనిఖిలంబై యుండు నిచ్చ నిజముగ వేమా.	true	[]	[]														pdy-v-01155		
pdy-aataveladi-0284	aataveladi	upajaathi	""	test	బ్రహ్మమును దెలిసెడు భావమందున నిల్చి\nతనువు గుడిని జేసి తన్ను నిలిపి\nలోకమందు నిలిచి లోఁజూపు చూడరా\nవిశ్వదాభిరామ వినర వేమ.	true	[]	[]														pdy-v-01156		
pdy-aataveladi-0285	aataveladi	upajaathi	""	train	జీవసంజ్ఞ గలుగు జీవుని తత్వంబ\nజీవపరుని గురుని జెందఁజేసి\nతన్ను నిల్పువాఁడు తానే తత్వజ్ఞుఁడౌ\nవిశ్వదాభిరామ వినర వేమ.	false	["seq"]	["corr","seq"]	76	ె	ే	lengthen	2	7	తానే	true	2	3	31	UUUU	["తా","నే","త","త్వ"]	pdy-v-01157		
pdy-kandamu-0599	kandamu	jaathi	""	train	తనలోననె సకలంబును\nతనరందా నగుటయెఱిఁగి తారకమాత్మ\nన్‌ దనువనుచుఁ బరిణమించిన\nమనుజునకును ముక్తికలదు మహిలో వేమా.	true	[]	[]														pdy-v-01158		
pdy-aataveladi-0286	aataveladi	upajaathi	""	test	తాను దానే యనెడి తత్వాల లోపల\nనన్య మెఱుఁగకుండు నబ్బతోడు\nతానెతానునయిన దల్లడం బేలరా\nవిశ్వదాభిరామ వినర వేమ.	false	["seq"]	["corr","seq"]	8	ె	ే	lengthen	0	3	దానే	true	0	1	2	UU|	["దా","నే","య"]	pdy-v-01159		
pdy-kandamu-0601	kandamu	jaathi	""	train	తా నగుట యెఱిఁగి సర్వముఁ\nదా నగుటయుఁ దెలిసి యెల్లతత్వముదానై\nతానెఱిఁగి పరిణమించిన\nమానవులకు శక్తిలేదు మహిలో వేమా.	true	[]	[]														pdy-v-01160		
pdy-kandamu-0603	kandamu	jaathi	""	test	చేతస్సంకల్పంబులు\nనీతిని వర్జించి నపుడె నిర్మల పదవు\nల్‌ ప్రీతిం బొందు నటందురు\nభూతములనఁ బరఁగ యోగ పురుషులు వేమా.	true	[]	[]														pdy-v-01161		
pdy-aataveladi-0289	aataveladi	upajaathi	""	train	సుఖసుఖాన దాను సుగుణుఁడై యుండఁగఁ\nబ్రకృతి పెండ్లిచేసి పరముఁ జెడిచి\nవిధులఁ బుట్టఁజేయు విధినిదాఁగానఁడు\nవిశ్వదాభిరామ వినర వేమ.	true	[]	[]														pdy-v-01162		
pdy-aataveladi-0290	aataveladi	upajaathi	""	train	పడుచు పక్వమెన్నఁ బసివాఁ డెఱుంగునా\nయెఱుక దివ్యయోగి యెఱుఁగుఁగాక\nమోహగుణ మెఱింగి మోహంబు విడనాఁడు\nవిశ్వదాభిరామ వినర వేమ.	true	[]	[]														pdy-v-01163		
pdy-aataveladi-0291	aataveladi	upajaathi	""	train	రూపు మాయ చూపు రూఢియై వెలుగొందుఁ\nగాదుమాయమ్రానుఁ గల్పతరువు\nచూపు గ్రుంగఁ జేసి చూచుట సుఖమురా\nవిశ్వదాభిరామ వినర వేమ.	true	[]	[]														pdy-v-01164		
pdy-kandamu-0605	kandamu	jaathi	""	train	తన నిజరూపముఁ జూడఁగ\nతన మాయను సిద్ధులయినఁ దపముల మాయ\nన్‌ తానెంతటి ఘనుఁడయీనను\nతనిసినవాఁడైన జూడ ధరలో వేమా.	false	["seq"]	["seq"]	69	ి	ీ	lengthen	2	7	ఘనుఁడయీనను	false	2	2	32	|U||	["డ","యీ","న","ను"]	pdy-v-01165		
pdy-aataveladi-0295	aataveladi	upajaathi	""	train	తాను పుట్టుచోటు తాఁజూచి పలికెనా\nతాను బుద్ధిదిరుగు ధరణిలోన\nతాను బుట్టుచోటు తత్వంబు తలపోయ\nవిశ్వదాభిరామ వినర వేమ.	true	[]	[]														pdy-v-01166		
pdy-kandamu-0606	kandamu	jaathi	""	train	అనలంబున జనియించియూ\nననలంబున సలిలమగును నాకాశమున\nన్‌ గనిపించి పుట్టుఁదానే\nజనకుఁడు లేనట్టిదాయె చరితము వేమా.	false	["seq"]	["corr","seq"]	17	ు	ూ	lengthen	0	9	జనియించియూ	false	0	2	7	U|U|	["యిం","చి","యూ","న"]	pdy-v-01167		
pdy-aataveladi-0297	aataveladi	upajaathi	""	train	కర్మగుణమూ లన్ని కడఁబెట్టి నడువక\nతత్వమేల దన్ను దగులుకొనును\nనూనెలేక దివ్వె నువ్వులమండునా\nవిశ్వదాభిరామ వినర వేమ.	false	["seq"]	["seq"]	8	ు	ూ	lengthen	0	4	కర్మగుణమూ	false	0	1	2	||U	["గు","ణ","మూ"]	pdy-v-01168		
pdy-aataveladi-0298	aataveladi	upajaathi	""	test	కర్మమయుఁడుగాక ధర్మంబు దెలీయఁడు\nకర్మజీవి మేలు గానలేఁడు\nనీరుచొరక లోతు నికరము దెలియదు\nవిశ్వదాభిరామ వినర వేమ.	false	["seq"]	["seq"]	25	ి	ీ	lengthen	0	11	దెలీయఁడు	false	0	4	10	|U||	["దె","లీ","య","డు"]	pdy-v-01169		
pdy-aataveladi-0299	aataveladi	upajaathi	""	train	కర్మఫలములన్ని కపటంబుగాఁ జూచి\nధర్మఫలములన్ని దగిలియుండు\nధర్మమర్మములను దాటుట ముక్తిరా\nవిశ్వదాభీరామ వినర వేమ.	false	["seq"]	["corr","seq"]	91	ి	ీ	lengthen	3	3	విశ్వదాభీరామ	false	3	1	41	UUU	["దా","భీ","రా"]	pdy-v-01170		
pdy-kandamu-0610	kandamu	jaathi	""	train	హరివిధిసూరిమును లాదిని\nమెరసియు జన్మించి పిదప మేలులకెడగా\nజరయందు మరణమందును\nవరుస న్వర్తిలిరి మాయవాసన వేమా.	false	["seq"]	["seq"]	8	ు	ూ	lengthen	0	4	హరివిధిసూరిమును	false	0	2	7	|U||	["ను","లా","ది","ని"]	pdy-v-01171		
pdy-aataveladi-0303	aataveladi	upajaathi	""	train	ముల మెవ్వ రనుచు ముగ్గురిలోపల\nమూల మెఱుఁగలేరు మూఢజనులు\nమూలమందఱకును ముఖ్యమౌఁ గర్మము\nవిశ్వదాభిరామ వినర వేమ.	false	["seq"]	["corr","seq"]	1	ూ	ు	shorten	0	0	ముల	false	0	0	0	||U	["ము","ల","మె"]	pdy-v-01172		
pdy-kandamu-0611	kandamu	jaathi	""	train	విధికృతములందు రన్నియు\nవిధికిని విధి లెస్సయయ్యె విష్ణు జపింప\nన్‌ విధియుభవురూప మందెను\nవీధి బ్రహ్మము సుమ్ముదలప వినరా వేమా.	false	["seq"]	["corr","seq"]	85	ి	ీ	lengthen	3	0	వీధి	true	3	0	35	U|U|	["వీ","ధి","బ్ర","హ్మ"]	pdy-v-01173		
pdy-aataveladi-0307	aataveladi	upajaathi	""	train	ఆకు కానవచ్చు హరిహరాదులకును\nకొమ్మ గానరాదు కోరిచూడ\nకొమ్మగానరాగఁ గొనీయాడ కుండురా\nవిశ్వదాభిరామ వినర వేమ.	false	["seq"]	["seq"]	65	ి	ీ	lengthen	2	7	గొనీయాడ	false	2	3	30	|UU|	["గొ","నీ","యా","డ"]	pdy-v-01174		
pdy-aataveladi-0308	aataveladi	upajaathi	""	dev	వాఁడు వాఁడూ వాఁడు వానిలోపల నుండు\nవాఁడు వాఁడు వాఁడు వాఁడుగాఁడు\nవాని వానిగూర్చువాఁడెపో బ్రహ్మంబు\nవిశ్వదాభిరామ వినర వేమ.	false	["seq"]	["corr","seq"]	10	ు	ూ	lengthen	0	3	వాఁడూ	false	0	1	2	UUU	["వా","డూ","వా"]	pdy-v-01175		
pdy-aataveladi-0310	aataveladi	upajaathi	""	train	బ్రహ్మఁ జంపి విష్ణుభాగంబులోఁ గల్పి\nవిష్ణుఁ జంపి శివునివెలయఁ గల్పి\nశివునిఁ జంపి తాను శివయోగి కావలె\nవిశ్వదాభిరామ వినర వేమ.	true	[]	[]														pdy-v-01176		
pdy-kandamu-0612	kandamu	jaathi	""	train	వేమన చెప్పిన మాటలు\nసామంబున సకలవేద సారంబుగదా\nసామెత పంచాక్షరిలో\nనీమహిమలఁ దెలియకున్న నింపా వేమా.	true	[]	[]														pdy-v-01177		
pdy-kandamu-0614	kandamu	jaathi	""	test	ఘంటారావము మదిలో\nవింటిన్నే కంటఁగంటి విమలపుకాంతి\nన్‌ వెంటాడక బ్రహ్మంబును\nగంటీని వగ కాదు నన్నుఁ గనుగొన వేమా.	false	["seq"]	["seq"]	74	ి	ీ	lengthen	3	1	గంటీని	false	3	1	31	|||U	["ని","వ","గ","కా"]	pdy-v-01178		
pdy-aataveladi-0325	aataveladi	upajaathi	""	dev	మొదలు చూచిచూచి తుదిఁ జూడకుండెనా\nచుపు తప్పినపుడె సొరగవలెను\nసొరగకున్నవానిఁ జులకగాఁ జూతురు\nవిశ్వదాభిరామ వినర వేమ.	false	["seq"]	["corr","seq"]	33	ూ	ు	shorten	1	0	చుపు	false	1	0	14	||U	["చు","పు","త"]	pdy-v-01179		
pdy-aataveladi-0328	aataveladi	upajaathi	""	train	మనసు హక్కు కర్మ మదియేమి లేకయ\nరాకపోకలేని రాజవీధి\nపరగ హాని గలదె పరతత్వయోగికి\nవిశ్వదాభిరామ వినర వేమ.	true	[]	[]														pdy-v-01180		
pdy-aataveladi-0329	aataveladi	upajaathi	""	train	సూక్ష్మరూప మెఱిగి సుఖమొందగా లేక\nబహుళముగను జదువఁబడుచు నరుఁడు\nచావూచేటెఱుఁగని చదువేల చదువునో\nవిశ్వదాభిరామ వినర వేమ.	false	["seq"]	["corr","seq"]	63	ు	ూ	lengthen	2	1	చావూచేటెఱుఁగని	false	2	0	29	UUU	["చా","వూ","చే"]	pdy-v-01181		
pdy-aataveladi-0331	aataveladi	upajaathi	""	train	తనూవ దెవరిసొమ్ము తనదని పోషింప\nధనమదెవరిసొమ్ము దాచుకొనఁగ\nప్రాణ మెవరిసొమ్ము పాయకుండఁగ నిల్ప\nవిశ్వదాభిరామ వినర వేమ.	false	["seq"]	["seq"]	2	ు	ూ	lengthen	0	1	తనూవ	false	0	0	0	|U|	["త","నూ","వ"]	pdy-v-01182		
pdy-aataveladi-0332	aataveladi	upajaathi	""	train	జీవిఁజంపుటెల్ల శివభక్తి తప్పుట\nజీవు నరసిచూడ శివుఁడు గాదే\nజీవుఁడు శివుఁడగును సిద్ధంబు దెలియరో\nవిశ్వదాభిరామ వినర వేమ.	false	["seq"]	["corr","seq"]	55	ె	ే	lengthen	1	11	గాదే	true	1	4	23	UUU	["గా","దే","జీ"]	pdy-v-01183		
pdy-aataveladi-0338	aataveladi	upajaathi	""	train	మగఁడు మదనుఁడైన మంచికాఁపురమైన\nసహజ మెల మాను జారకాంత\nపాలుద్రావు కుక్క బడిబడి పోవదా\nవిశ్వదాభిరామ వినర వేమ.	false	["seq"]	["corr","seq"]	34	ే	ె	shorten	1	3	మెల	false	1	1	18	||U	["మె","ల","మా"]	pdy-v-01184		
pdy-aataveladi-0339	aataveladi	upajaathi	""	train	పురుషుఁ డెఱుఁగఁ జంపు భూపతి వినఁజేటు\nనఖిలనిందలకును నాలయంబు\nపరపురుష గమనము ప్రత్యక్ష నరకము\nవిశ్వదాభిరామ వినర వేమ.	true	[]	[]														pdy-v-01185		
pdy-aataveladi-0340	aataveladi	upajaathi	""	train	ఆలి వంచలేక యధమత్వముననుండి\nవెనుక వంతుననుట వెఱ్ఱితనము\nచెట్టుముదర నిచ్చి చిదిమినఁ బోవునా\nవిశ్వదాభిరామ వినర వేమ.	true	[]	[]														pdy-v-01186		
pdy-aataveladi-0342	aataveladi	upajaathi	""	train	కుక్కతోకఁ దెచ్చి గొట్టంబుఁ జేర్చిన\nగ్రోవిచెంతనుండుఁ గొంతతడవు\nఎంతఁజెప్పఁ జెడుగు పంతంబు మానునా\nవిశ్వదాభిరామ వినర వేమ.	true	[]	[]														pdy-v-01187		
pdy-aataveladi-0344	aataveladi	upajaathi	""	train	మాటవిననియాలు మగనికి మృత్యువు\nయోటిపడవ సర్ప మొంటిగృహమూ\nతనకుఁగానియాలు దానవురాలయా\nవిశ్వదాభిరామ వినర వేమ.	false	["seq"]	["seq"]	51	ు	ూ	lengthen	1	11	మొంటిగృహమూ	false	1	4	23	||U	["గృ","హ","మూ"]	pdy-v-01188		
pdy-aataveladi-0349	aataveladi	upajaathi	""	train	పాగ పచ్చడంబు పైకిఁ గూసంబును\nపోగు లుంగరములు బొజ్జకడుపు\nగలిగినట్టివానిఁ గందురు చుట్టము\nల్‌ విశ్వదాభిరామ వినర వేమ.	true	[]	[]														pdy-v-01189		
pdy-aataveladi-0352	aataveladi	upajaathi	""	train	ఇంతిఁ జూచెనేని యింతంత యనరాదు\nకానవహ్నిలక్క కరఁగినట్లు\nవట్టిమోహ మిట్లు రట్టులఁ జేసెరా\nవిశ్వదాభిరామ వినర వేమ.	true	[]	[]														pdy-v-01190		
pdy-aataveladi-0353	aataveladi	upajaathi	""	train	కలిమి కలిగెనేని కాముగాఁజూతురు\nలేమిచేతఁ జిక్క లేమ లధిపు\nమదనువంటివాని మాలఁగాఁ జూతురు\nవిశ్వదాభిరామ వినర వేమ.	true	[]	[]														pdy-v-01191		
pdy-aataveladi-0354	aataveladi	upajaathi	""	train	కలిగిన మనుజుండు కాముఁడుసోముఁడై\nమిగులఁ దేజమునను మెఱయుచుండు\nవిత్తహీనుఁడైన రిత్తయై పోవును\nవిశ్వదాభిరామ వినర వేమ.	true	[]	[]														pdy-v-01192		
pdy-aataveladi-0357	aataveladi	upajaathi	""	train	తీపులోన తీపు తెలియంగఁ బ్రాణంబు\nప్రాణవితతికన్నఁ బసిడి తీపు\nపసిడికన్న మిగులఁ బడతిమాటలు తీపు\nవిశ్వదాభిరామ వినర వేమ.	true	[]	[]														pdy-v-01193		
pdy-aataveladi-0358	aataveladi	upajaathi	""	train	పనసతొనలకన్నఁ బంచదారలకన్న\nజుంటితేనెకన్న జున్నుకన్నఁ\nజెఱకురసముకన్నఁ జెలిమాట తీపురా\nవిశ్వదాభిరామ వినర వేమ.	true	[]	[]														pdy-v-01194		
pdy-aataveladi-0361	aataveladi	upajaathi	""	train	కుక్క యేమెఱుంగు గురులింగజంగంబుఁ\nబిక్కనొడిసిపట్టి పీఁకుగాక\nసంతపాకతొత్తు సన్యాసి నెఱుఁగునా\nవిశ్వదాభిరామ వినర వేమ.	true	[]	[]														pdy-v-01195		
pdy-aataveladi-0362	aataveladi	upajaathi	""	train	తొత్తుతోడిపొందు తొఱ్ఱిపెసలమూట\nముచ్చుతోడిపొందు తెచ్చునింద\nతలవరింటిపొందు తలతోటీదీరురా\nవిశ్వదాభిరామ వినర వేమ.	false	["seq"]	["seq"]	76	ి	ీ	lengthen	2	10	తలతోటీదీరురా	false	2	3	30	||UU	["త","ల","తో","టీ"]	pdy-v-01196		
pdy-aataveladi-0365	aataveladi	upajaathi	""	dev	తరుణీ సొగసుఁగన్న తనయుని గన్నను\nమరునికళల మించి మనము పాఱు\nపాపజాతి మనము పట్టంగ రాదయా\nవిశ్వదాభిరామ వినర వేమ.	false	["seq"]	["seq"]	4	ి	ీ	lengthen	0	2	తరుణీ	true	0	0	0	||U	["త","రు","ణీ"]	pdy-v-01197		
pdy-aataveladi-0368	aataveladi	upajaathi	""	train	పదుగు రాడుమాట పాటియై ధరఁజెల్లు\nనొక్కఁడాడుమాట యెక్కదెందూ\nనూరకాడుకాని కూరెల్ల నోపదు\nవిశ్వదాభిరామ వినర వేమ.	false	["seq"]	["corr","seq"]	54	ు	ూ	lengthen	1	9	యెక్కదెందూ	false	1	4	22	UUU	["దెం","దూ","నూ"]	pdy-v-01198		
pdy-aataveladi-0369	aataveladi	upajaathi	""	test	గుణయుతునకు మేలు గోరంతఁ జేసినఁ\nగొండయౌను వానిగుణముచేత\nకొండకొలఁదిమేలు గుణహీనుఁ డెఱుఁగునా\nవిశ్వదాభిరామ వినర వేమ.	true	[]	[]														pdy-v-01199		
pdy-aataveladi-0370	aataveladi	upajaathi	""	train	పతిని విడువరాదు పదివేలకైనను\nపెట్టి చెప్పరాదు పెదకైన\nపతిని దిట్టరాదు పతి రూపవతియైన\nవిశ్వదాభిరామ వినర వేమ.	false	["seq"]	["corr","seq"]	46	ే	ె	shorten	1	6	పెదకైన	false	1	3	21	||U	["పె","ద","కై"]	pdy-v-01200		
pdy-aataveladi-0371	aataveladi	upajaathi	""	test	సుతులు పతులు మాయ సుఖదుఃఖములు మాయ\nసంస్మృతీయును మాయ జాతిమాయ\nమాయబ్రతుకుకింత మాయ గల్పించెరా\nవిశ్వదాభిరామ వినర వేమ.	false	["seq"]	["seq"]	40	ి	ీ	lengthen	1	2	సంస్మృతీయును	false	1	2	20	|U|	["ను","మా","య"]	pdy-v-01201		
pdy-aataveladi-0375	aataveladi	upajaathi	""	train	లేని కాలమునకు లేమిమనము నొందు\nనీనిన పులిరీతి నేఱుఁగకుండు\nకఠినబుద్ధి కిట్లు కలిమేమి గల్గురా\nవిశ్వదాభిరామ వినర వేమ.	false	["seq"]	["seq"]	45	ె	ే	lengthen	1	7	నేఱుఁగకుండు	false	1	4	23	|U|	["గ","కుం","డు"]	pdy-v-01202		
pdy-aataveladi-0378	aataveladi	upajaathi	""	train	తన్నుఁ దానెఱుఁగఁడు తా నెవ్వరికి నేర్పు\nప్రాలుమాలితిరుగు పశువుకొడుకు\nకాసులకొఱకైన కర్మముల్‌ గట్టురా\nవిశ్వదాభిరామ వినర వేమ.	true	[]	[]														pdy-v-01203		
pdy-kandamu-0615	kandamu	jaathi	""	train	మొదటను మతమును వదలక\nతుద నెవ్వరిమతమునైన దూషింపకయు\nన్‌ పదిలుఁడయి కోర్కెఁగోరక\nముదమునఁ జరియించువాఁడె ముఖ్యూఁడు వేమా.	false	["seq"]	["seq"]	101	ు	ూ	lengthen	3	11	ముఖ్యూఁడు	false	3	4	49	|UU	["డు","వే","మా"]	pdy-v-01204		
pdy-aataveladi-0381	aataveladi	upajaathi	""	train	తిరిపెగాని మిగూల దీపించఁ గనరాదు\nవెఱ్ఱివానిమాట వినఁగ రాదు\nవెఱ్ఱికుక్కఁ బట్టి వేటాడ వచ్చునా\nవిశ్వదాభిరామ వినర వేమ.	false	["seq"]	["seq"]	14	ు	ూ	lengthen	0	6	మిగూల	false	0	2	5	|U|	["మి","గూ","ల"]	pdy-v-01205		
pdy-aataveladi-0385	aataveladi	upajaathi	""	train	కొండెగాఁడు చావఁ గొంపదనుకఁ బోక\nవంతూ కింతెకాని వగపులేదు\nకొంకనక్క చావ గొఱ్ఱెలేమిటి కేడ్చు\nవిశ్వదాభిరామ వినర వేమ.	false	["seq"]	["corr","seq"]	33	ు	ూ	lengthen	1	1	వంతూ	false	1	0	13	UUU	["వం","తూ","కిం"]	pdy-v-01206		
pdy-aataveladi-0386	aataveladi	upajaathi	""	train	వాడకుఱికి తిట్టు వలదన్న మొఱఁబెట్టు\nముందు మగనిఁ దిట్టు ముసుఁగుపెట్టు\nగడుసురాలు మగని గంపఁ బెట్టమ్మురా\nవిశ్వదాభిరామ వినర వేమ.	true	[]	[]														pdy-v-01207		
pdy-aataveladi-0388	aataveladi	upajaathi	""	train	నిజములాడువాని నిందించూ జగమెల్ల\nనిజము లాడరాదు నీచుతోడ\nనిజమహాత్ముఁగూడ నిజమాడవలయురా\nవిశ్వదాభిరామ వినర వేమ.	false	["seq"]	["corr","seq"]	21	ు	ూ	lengthen	0	9	నిందించూ	false	0	3	7	UUU|	["నిం","దిం","చూ","జ"]	pdy-v-01208		
pdy-kandamu-0616	kandamu	jaathi	""	train	వెఱవవలెఁ బామునకు నిల\nవెఱవఁగవలె మరణమునకు విశ్వములోన\nన్‌ మఱవగవలె సంగమముల\nమఱి మఱువగ వలదు మేలు మహిలో వేమా.	true	[]	[]														pdy-v-01209		
pdy-kandamu-0617	kandamu	jaathi	""	train	ఇచ్చకము భువిని వశ్యము\nకుచ్చిత మీలోకనింద కోవిదునకు నీ\nతుచ్చమున హాని వచ్చునూ\nమచ్చరమే తన్నుఁ జెఱచు మహిలో వేమా.	false	["seq"]	["corr","seq"]	73	ు	ూ	lengthen	2	8	వచ్చునూ	false	2	2	30	U|UU	["వ","చ్చు","నూ","మ"]	pdy-v-01210		
pdy-aataveladi-0389	aataveladi	upajaathi	""	train	కోఁతిఁ బట్టితెచ్చి క్రొత్తపుట్టముగట్టి\nకొండమ్రుచ్చు లెల్లఁ గొలిచినట్లు\nనీతిహీనునొద్ద నిర్భాగ్యు లుందురు\nవిశ్వదాభిరామ వినర వేమ.	true	[]	[]														pdy-v-01211		
pdy-aataveladi-0392	aataveladi	upajaathi	""	train	అప్పుదీయ రోఁత హరిహరాదులకైన\nమొప్పెతోడ మైత్రి మొదలె రోఁత\nతప్పు బలుక రోఁత తాకట్టిడిన రోఁత\nవిశ్వదాభిరామ వినర వేమ.	true	[]	[]														pdy-v-01212		
pdy-aataveladi-0394	aataveladi	upajaathi	""	train	చూపువలనఁ బుట్టు సుఖదుఃఖములు రెండు\nపతికి సతికిఁ బుట్ట పరగ సుతుఁడు\nసతికి సుతునివలన సౌఖ్యంబు గలుగును\nవిశ్వదాభిరామ వినర వేమ.	true	[]	[]														pdy-v-01213		
pdy-aataveladi-0398	aataveladi	upajaathi	""	dev	కలీమినాఁడు మగని కామిని చూచును\nలేమిఁజిక్కునాఁడు లేవకుండు\nమనినమగనినైన మడియంగఁ జూచును\nవిశ్వదాభిరామ వినర వేమ.	false	["seq"]	["seq"]	2	ి	ీ	lengthen	0	1	కలీమినాఁడు	false	0	0	0	|U|	["క","లీ","మి"]	pdy-v-01214		
pdy-aataveladi-0399	aataveladi	upajaathi	""	train	పాలు పంచదార పాపరపండ్లలో\nచాలఁబోసి పండ్లఁ జవికిరావు\nకుటిలమానవులకు గుణ మేల కలుగురా\nవిశ్వదాభిరామ వీనర వేమ.	false	["seq"]	["seq"]	94	ి	ీ	lengthen	3	6	వీనర	false	3	4	47	|U|	["ర","వే","మ"]	pdy-v-01215		
pdy-aataveladi-0400	aataveladi	upajaathi	""	train	భూమి నాదియన్న భూమి ఫక్కున నవ్వు\nదానహీనుఁ జూచి ధనము నవ్వు\nకదన భీతుఁ జూచి కాలుండు నవ్వును\nవిశ్వదాభిరామ వినర వెమ.	false	["seq"]	["seq"]	107	ే	ె	shorten	3	9	వెమ	false	3	4	46	||	["వె","మ"]	pdy-v-01216		
pdy-aataveladi-0401	aataveladi	upajaathi	""	train	తనదుభ్రాత లెల్ల దానంబు సేయంగ\nతనకు ఫలమటంచుఁ దలఁచరాదు\nతనదుకాలు కోయఁ దన తమ్ముఁడేడ్చునా\nవిశ్వదాభిరామ వినర వేమ.	true	[]	[]														pdy-v-01217		
pdy-aataveladi-0402	aataveladi	upajaathi	""	train	పంకజాక్షిఁ గన్న బంగరు పొడగన్న\nదిమ్ముబట్టియుండు తెలివి కెల్ల\nమనుజులకును తత్వమహి మెట్టూ గల్గురా\nవిశ్వదాభిరామ వినర వేమ.	false	["seq"]	["seq"]	84	ు	ూ	lengthen	2	11	మెట్టూ	false	2	3	32	||UU	["మ","హి","మె","ట్టూ"]	pdy-v-01218		
pdy-aataveladi-0403	aataveladi	upajaathi	""	train	దాతగానివాని తఱచుగా వేఁడిన\nవాడుఁ దాతయగునె వసుధలోన\nఅవురు దర్భ యౌనె యబ్ధిలో ముంచిన\nవిశ్వదాభిరామ వినర వెమ.	false	["seq"]	["seq"]	99	ే	ె	shorten	3	9	వెమ	false	3	4	47	||	["వె","మ"]	pdy-v-01219		
pdy-aataveladi-0404	aataveladi	upajaathi	""	dev	మొండివాని కేల ముంజేతి కడియాలు\nతొఱ్ఱివాని కేల కఱ్ఱపండ్లు\nగాడిదలకు నెల గడ్డముల్‌ మీసము\nల్‌ విశ్వదాభిరామ వినర వేమ.	false	["seq"]	["corr","seq"]	66	ే	ె	shorten	2	5	నెల	true	2	2	28	||U	["నె","ల","గ"]	pdy-v-01220		
pdy-aataveladi-0406	aataveladi	upajaathi	""	train	పట్టనేర్చు పాము పడగ నోరఁగఁజేయు\nచెఱుపఁజూచువాఁడు చెలిమిఁజేయు\nచంపఁ దలఁచురాజుచనువిచ్చు చూడరా\nవిశ్వదాభిరామ వీనర వేమ.	false	["seq"]	["seq"]	103	ి	ీ	lengthen	3	6	వీనర	false	3	4	48	|U|	["ర","వే","మ"]	pdy-v-01221		
pdy-aataveladi-0408	aataveladi	upajaathi	""	train	మొదల క్రియను దప్పీ మోసంబుచేసియు\nపొట్టకొఱకు మనసుఁ బొందుపఱచి\nబీద కుక్కరీతి పెరుగును మనుజుండు\nవిశ్వదాభిరామ వినర వేమ.	false	["seq"]	["corr","seq"]	17	ి	ీ	lengthen	0	7	దప్పీ	false	0	2	6	UUU	["ద","ప్పీ","మో"]	pdy-v-01222		
pdy-kandamu-0618	kandamu	jaathi	""	train	చక్కెర గలిపియు తినఁగా\nముక్కీన తవుడైన లెస్స మోహము గలుగ\nన్‌ వెక్కురు బానిసయైన\nన్‌ మక్కువఁ గను దివ్యభామ మహిలో వేమా.	false	["seq"]	["seq"]	27	ి	ీ	lengthen	1	1	ముక్కీన	false	1	1	12	|||U	["న","త","వు","డై"]	pdy-v-01223		
pdy-aataveladi-0410	aataveladi	upajaathi	""	train	ఎట్టివానికైనఁ బుట్టును మోహంబూ\nపుట్టు మోహమెల్లబ్రోవఁద్రొక్కి\nగట్టిచేసి చూడఁ గాన్పించు బ్రహ్మంబు\nవిశ్వదాభిరామ వినర వేమ.	false	["seq"]	["corr","seq"]	28	ు	ూ	lengthen	0	11	మోహంబూ	false	0	4	9	UUUU	["మో","హం","బూ","పు"]	pdy-v-01224		
pdy-aataveladi-0411	aataveladi	upajaathi	""	dev	పట్టుకొమ్మ లేక బలుపాట్ల బడువారు\nపెట్టిపోయ లేక తిట్టువారు\nముట్టిశివునిపూజ మొదలు సేయరు వారు\nవిశ్వదాభిరామ వినర వేమ.	true	[]	[]														pdy-v-01225		
pdy-aataveladi-0414	aataveladi	upajaathi	""	train	చేటు వచ్చెనేని చెడనాడు దైవంబు\nమేలూ వచ్చెనేని మెచ్చుఁ దన్ను\nచేటు మేలుతలఁపుఁ జేసినకర్మము\nల్‌ విశ్వదాభిరామ వినర వేమ.	false	["seq"]	["corr","seq"]	33	ు	ూ	lengthen	1	1	మేలూ	false	1	0	13	UUU	["మే","లూ","వ"]	pdy-v-01226		
pdy-aataveladi-0418	aataveladi	upajaathi	""	train	కడుపు కేల మనసు కళవళపడియెడు\nకడుపు కేలతృప్తి కలుగుచుండు\nకరప రాతిలోని కప్పకుఁ గలుగదా\nవిశ్వదాభిరామ వినర వేమ.	true	[]	[]														pdy-v-01227		
pdy-kandamu-0620	kandamu	jaathi	""	train	వేలయాలి వలనఁ గూరిమి\nకలుగదు, మఱి కలిగెనేని కడతేరదురా\nపలువురు నడిచెడి తెరువున\nపులు మొలవదు, మొలిచెనేని పొదలదు వేమా.	false	["seq"]	["corr","seq"]	1	ె	ే	lengthen	0	0	వేలయాలి	false	0	0	0	U|U|	["వే","ల","యా","లి"]	pdy-v-01228		
pdy-aataveladi-0425	aataveladi	upajaathi	""	train	తొత్తుతోడి పొందు దోషంబు దోషంబు\nలంజతోడిపొందు లజ్జ చెడును\nజారతోటిపొందు చావుకుమూలమౌ\nవిశ్వదాభిరామ వినర వేమ.	true	[]	[]														pdy-v-01229		
pdy-aataveladi-0427	aataveladi	upajaathi	""	train	వెఱ్ఱిమొద్దు కేల వేదశాస్త్రంబులు\nముద్దులాడి కేల ముసలిమగఁడు\nచద్ది మిగులనింట సంసార మేలరా\nవిశ్వదాభిరామ వినర వేమ.	true	[]	[]														pdy-v-01230		
pdy-aataveladi-0428	aataveladi	upajaathi	""	test	సాధుచరితయైన సతి సత్ప్రవర్తన\nజార యే మెఱుంగు సాధువైన\nబ్రహ్మనిష్ఠ నెఱుఁగుఁ బ్రాకృతుఁ డెఱుఁగునా\nవిశ్వదాభిరామ వినర వేమ.	true	[]	[]														pdy-v-01231		
pdy-aataveladi-0432	aataveladi	upajaathi	""	train	మనసులోన నున్న మమత లన్నియుఁ గోసి\nదృఢముఁ జేసి మనసు తేటఁబఱచి\nఘటము నిల్పువాఁడు ఘనతరయోగిరా\nవిశ్వదాభిరామ వినర వేమ.	true	[]	[]														pdy-v-01232		
pdy-aataveladi-0433	aataveladi	upajaathi	""	train	పచ్చవిల్తుచేత గ్రచ్చఱ జను లెల్ల\nతచ్చవాడఁ బడిరి ధరణిలోన\nకులజుఁ డెవ్వఁ డిందుఁ గులహీనూఁ డెవ్వడు\nవిశ్వదాభిరామ వినర వేమ.	false	["seq"]	["seq"]	82	ు	ూ	lengthen	2	10	గులహీనూఁ	false	2	3	32	||UU	["గు","ల","హీ","నూ"]	pdy-v-01233		
pdy-aataveladi-0434	aataveladi	upajaathi	""	train	కాఁగల పను లెల్లగా కెట్లుపోవును\nకాని పనులు భువిని కానె కావు\nమహిమవేఱె యుండు మనతోడ నున్నదా\nవిశ్వదాభిరామ వినర వేమ.	true	[]	[]														pdy-v-01234		
pdy-aataveladi-0437	aataveladi	upajaathi	""	dev	మొదట నాకుఁ బెట్టి తుది లేదు పొమ్మను\nపరమలోభులైన పాపులకును\nవారియుసురు దాకి వగచెడి పోవరా\nవిశ్వదాభిరామ వినర వెమ.	false	["seq"]	["seq"]	105	ే	ె	shorten	3	9	వెమ	false	3	4	49	||	["వె","మ"]	pdy-v-01235		
pdy-aataveladi-0439	aataveladi	upajaathi	""	train	తుంటవింటివాని తూపుల ఘాతకు\nమింటి మంట నడుమ మిడుకఁ దరమె\nయింటియాలి విడిచి యెట్లుండవచ్చురా\nవిశ్వదాభిరామ వినర వేమ.	true	[]	[]														pdy-v-01236		
pdy-aataveladi-0446	aataveladi	upajaathi	""	train	తగినకులజూఁడైన తలయెత్తు ధనమైన\nభాగ్యపురుషునేల పట్టనెంచు\nపరమసాధ్వి చూడ పరులనంటదు సుమీ\nవిశ్వదాభిరామ వినర వేమ.	false	["seq"]	["seq"]	8	ు	ూ	lengthen	0	5	తగినకులజూఁడైన	false	0	1	3	||U	["కు","ల","జూ"]	pdy-v-01237		
pdy-aataveladi-0453	aataveladi	upajaathi	""	train	సతులఁ జూచి నరుఁడు సౌఖ్యంబు గోరును\nగతులఁ గానలేఁడు కర్మమందు\nగతుల సతులవలనఁ గానంగ లేఁడయా\nవిశ్వదాభిరామ వినర వేమ.	true	[]	[]														pdy-v-01238		
pdy-aataveladi-0454	aataveladi	upajaathi	""	train	అన్నీజాడ లుడిగి యానందగాముఁడై\nనిన్ను నమ్మఁజూచు నిష్ఠతోడ\nనిన్ను నమ్మ ముక్తి నిక్కంబు నీయాన\nవిశ్వదాభిరామ వినర వేమ.	false	["seq"]	["corr","seq"]	4	ి	ీ	lengthen	0	1	అన్నీజాడ	false	0	0	0	UUU	["అ","న్నీ","జా"]	pdy-v-01239		
pdy-aataveladi-0455	aataveladi	upajaathi	""	train	ఆలిమాటలు వీని యన్నదమ్ముల రోసి\nవేఱుపడెడువాఁడు వెఱ్ఱివాఁడు\nకుక్కతోఁకఁ బట్టి గోదావ రీఁదునా\nవిశ్వదాభిరామ వినర వేమ.	false	["seq"]	["seq"]	10	ి	ీ	lengthen	0	5	వీని	true	0	2	4	|U|	["లు","వీ","ని"]	pdy-v-01240		
pdy-aataveladi-0457	aataveladi	upajaathi	""	test	మాల మాలగాఁడు మహిమీఁద నేప్రొద్దు\nమాటతిరుగువాఁడు మాలగాక\nవాని మాలయన్నవాఁడెపో పెనుమాల\nవిశ్వదాభిరామ వినర వేమ.	true	[]	[]														pdy-v-01241		
pdy-aataveladi-0458	aataveladi	upajaathi	""	train	చిప్పలోనఁ బడ్డ చినుకు ముత్యం బాయే\nనీళ్ళలోనఁగలిసి నీరె యాయె\nప్రాప్తము గలచోట ఫలమేల దప్పురా\nవిశ్వదాభిరామ వినర వేమ.	false	["seq"]	["corr","seq"]	32	ె	ే	lengthen	0	12	బాయే	false	0	4	10	UUUU	["త్యం","బా","యే","నీ"]	pdy-v-01242		
pdy-aataveladi-0459	aataveladi	upajaathi	""	dev	కులము గలుగువారు గోత్రంబు గలవారు\nవిద్యచేత విఱ్ఱవీగువారు\nపసిఁడిగల్గువాని బానిసకొడుకులు\nవిశ్వదాభిరామ వినర వేమ.	true	[]	[]														pdy-v-01243		
pdy-aataveladi-0460	aataveladi	upajaathi	""	train	కానివాని తోడఁ గలసి వర్తించెనా\nహాని వచ్చు నెంతవాని కైన\nతాటిక్రింద పాలూ ద్రాగిన చందమౌ\nవిశ్వదాభిరామ వినర వేమ.	false	["seq"]	["corr","seq"]	68	ు	ూ	lengthen	2	5	పాలూ	false	2	2	27	UUU	["పా","లూ","ద్రా"]	pdy-v-01244		
pdy-aataveladi-0461	aataveladi	upajaathi	""	train	కరఁగకరగఁబుట్టు కనకంబునకు వన్నె\nపెనఁగ పెనఁగబుట్టు ప్రేమసతికి\nముదియ ముదీయఁ బుట్టు మోహంబు లోభంబు\nవిశ్వదాభిరామ వినర వేమ.	false	["seq"]	["seq"]	69	ి	ీ	lengthen	2	4	ముదీయఁ	false	2	1	32	|U|	["ము","దీ","య"]	pdy-v-01245		
pdy-aataveladi-0463	aataveladi	upajaathi	""	train	గొడ్డుటావూఁ బితుకకుండఁ గొంపోయిన\nపండ్లు నూడఁదన్నుఁ బాలు రావు\nలోభివాని నడుగ లాభంబు లేదయా\nవిశ్వదాభిరామ వినర వేమ.	false	["seq"]	["corr","seq"]	9	ు	ూ	lengthen	0	3	గొడ్డుటావూఁ	false	0	1	2	UU|	["టా","వూ","బి"]	pdy-v-01246		
pdy-aataveladi-0464	aataveladi	upajaathi	""	train	కులము లెనివాఁడు కలిమిచే వెలయును\nకలిమిలేనివాని కులము దిగును\nకులముకన్న మిగులకలిమి ప్రధానంబు\nవిశ్వదాభిరామ వినర వేమ.	false	["seq"]	["corr","seq"]	7	ే	ె	shorten	0	3	లెనివాఁడు	false	0	1	3	||U	["లె","ని","వా"]	pdy-v-01247		
pdy-aataveladi-0465	aataveladi	upajaathi	""	train	నెయ్యి లేనికూడు నీయాన కసవది\nకూరలేని తిండి కుక్కతిండి\nప్రియములేనికూడు పిండపుఁ గూడురా\nవిశ్వదాభిరామ వినర వేమ.	true	[]	[]														pdy-v-01248		
pdy-aataveladi-0472	aataveladi	upajaathi	""	train	కాంత కుంకయైనఁ గానికులం బైనఁ\nబాయలేక విటుఁడు బ్రమసియుండు\nమరగి గ్రుడ్డికుక్క మాంసంబు గన్నట్లు\nవిశ్వదాభిరామ వినర వేమ.	true	[]	[]														pdy-v-01249		
pdy-aataveladi-0474	aataveladi	upajaathi	""	train	ధార్మికునకుఁ గాని ధర్మంబుఁ గనరాదు\nకష్టజీవి కెట్లు కానఁబడును\nనీరుచొరకలోతు నిజముగాఁ దెలీయదు\nవిశ్వదాభిరామ వినర వేమ.	false	["seq"]	["seq"]	85	ి	ీ	lengthen	2	12	దెలీయదు	false	2	4	36	|U||	["దె","లీ","య","దు"]	pdy-v-01250		
pdy-aataveladi-0475	aataveladi	upajaathi	""	train	మొగముఁ జూచినపుడె మోహంబు ఘన మౌను\nధనముఁ జూచినపూడె తగులు మనసు\nకూలినప్పు డరయకుసులెల్ల విఱుగును\nవిశ్వదాభిరామ వినర వేమ.	false	["seq"]	["seq"]	44	ు	ూ	lengthen	1	6	జూచినపూడె	false	1	2	20	|U|	["న","పూ","డె"]	pdy-v-01251		
pdy-aataveladi-0479	aataveladi	upajaathi	""	train	ధర్మమన్న వినరు తము నమ్మి భూనరు\nల్‌ యమునివారూ వచ్చి యడలు నించి\nచొచ్చి కట్టఁదారు చొరఁబారఁ గలరొకో\nవిశ్వదాభిరామ వినర వేమ.	false	["seq"]	["corr","seq"]	43	ు	ూ	lengthen	1	4	యమునివారూ	false	1	1	17	UUU	["వా","రూ","వ"]	pdy-v-01252		
pdy-aataveladi-0480	aataveladi	upajaathi	""	train	దానమడుగువాఁడు ధరలోన నధముండు\nదానమడుగఁడేని దైవసముఁడు\nదానమీనివాఁడు ధన్యుండు కాఁడయా\nవిశ్వదాభిరామ వినర వేమ.	true	[]	[]														pdy-v-01253		
pdy-aataveladi-0481	aataveladi	upajaathi	""	train	తనకు ప్రాప్తిలేక దానమియ్యరటంచు\nదోషబుద్ధిచేత దూరుటెల్ల\nముక్కువంకఁ జూచి ముక్కఱదూరుట\nవిశ్వదాభిరామ వినర వేమ.	true	[]	[]														pdy-v-01254		
pdy-aataveladi-0484	aataveladi	upajaathi	""	train	పాల నీడిగింటఁ గ్రోలుచు నుండెనా\nమనుజు లెల్లగూడి మద్యమండ్రు\nనిలువఁదగనిచోట నిలువ నిందలు వచ్చూ\nవిశ్వదాభిరామ వినర వేమ.	false	["seq"]	["seq"]	89	ు	ూ	lengthen	2	15	వచ్చూ	false	2	4	35	||UU	["ద","లు","వ","చ్చూ"]	pdy-v-01255		
pdy-kandamu-0622	kandamu	jaathi	""	train	వచ్చెడీది పోయెడిది మఱి\nచచ్చెడిదియుఁ గనకలేక సహజము లనుచు\nన్‌ విచ్చలవిడిగాఁ దిరుగుట\nచిచ్చునఁబడునట్టి మిడుత చెలువము వేమా.	false	["seq"]	["corr","seq"]	6	ి	ీ	lengthen	0	2	వచ్చెడీది	false	0	0	0	U|U|	["వ","చ్చె","డీ","ది"]	pdy-v-01256		
pdy-aataveladi-0489	aataveladi	upajaathi	""	train	తల్లిదండ్రి చావఁ దనయుఁడు తానేడ్చు\nమగఁడు చావ నాలు వగచుచుండు\nకార్యవశము గానీ కలుగదు మోహంబు\nవిశ్వదాభిరామ వినర వేమ.	false	["seq"]	["corr","seq"]	72	ి	ీ	lengthen	2	6	గానీ	true	2	2	30	UU|	["గా","నీ","క"]	pdy-v-01257		
pdy-aataveladi-0490	aataveladi	upajaathi	""	test	మనసులోని ముక్తి మఱియొక్క చోటను\nవెదుకఁబోవువాఁడు వెఱ్ఱివాఁడు\nగొఱ్ఱెఁ జింకఁ బెట్టి గొల్ల వెదూకురీతి\nవిశ్వదాభిరామ వినర వేమ.	false	["seq"]	["corr","seq"]	89	ు	ూ	lengthen	2	9	వెదూకురీతి	false	3	0	37	|U|	["తి","వి","శ్వ"]	pdy-v-01258		
pdy-aataveladi-0492	aataveladi	upajaathi	""	train	తత్వహిను లుండ్రు తఱుచుగా భువిలోన\nతత్త్వ మెఱుగువారు తఱుచులేరు\nకలిగిలేనివారు కనిపింపరారయా\nవిశ్వదాభిరామ వినర వేమ.	false	["seq"]	["corr","seq"]	5	ీ	ి	shorten	0	2	తత్వహిను	false	0	1	2	||U	["హి","ను","లుం"]	pdy-v-01259		
pdy-aataveladi-0493	aataveladi	upajaathi	""	test	తామసేంద్రియములఁ దనర జయించిన\nతత్వ మరసి చూడఁ దాన యగును\nరాజయోగి యిట్లు తేజరిల్లుచు నుండు\nవిశ్వదాభిరామ వినర వేమ.	true	[]	[]														pdy-v-01260		
pdy-aataveladi-0494	aataveladi	upajaathi	""	train	స్త్రీలమాయచేతఁ జిక్కి తాఁ గొన్నాళ్ళు\nతగులు గోరునట్లు తగిలిపోవు\nతనిసిపోయి తాను దైవంబుచేఁజెడు\nవిశ్వదాభిరామ వినర వేమ.	true	[]	[]														pdy-v-01261		
pdy-aataveladi-0496	aataveladi	upajaathi	""	train	వారకాంత లెల్ల వలచి యేతెంతురా\nపొందుఁజేసి ధనము పుచ్చుకొఱకు\nమాచలమ్మ వచ్చి మఱి యిల్లువెళ్లురా\nవిశ్వదాభిరామ వీనర వేమ.	false	["seq"]	["seq"]	104	ి	ీ	lengthen	3	6	వీనర	false	3	4	46	|U|	["ర","వే","మ"]	pdy-v-01262		
pdy-kandamu-0624	kandamu	jaathi	""	train	లలితశివ తత్వపదమునఁ\nగలసిన శీవయోగియేల కలియును జనుల\nన్‌ జలబిందువు ముత్తియమై\nకలియునె తొల్లింటి నీటఁగనరా వేమా.	false	["seq"]	["corr","seq"]	26	ి	ీ	lengthen	1	4	శీవయోగియేల	false	1	1	15	U|U|	["శీ","వ","యో","గి"]	pdy-v-01263		
pdy-aataveladi-0500	aataveladi	upajaathi	""	test	గాడ్దె యేమెఱుంగు గంధంబు వాసన\nకుక్క యేమెఱుంగు గొప్పబుద్ధి\nఅల్పుఁడే మెఱుంగు హరునిఁ గొల్చు విరక్తి\nవిశ్వదాభిరామ వినర వేమ.	true	[]	[]														pdy-v-01264		
pdy-aataveladi-0501	aataveladi	upajaathi	""	train	మూఁడువేళలందు ముదముతో శివు నాత్మఁ\nబూజచేయువాఁడు పుణ్యమూర్తి\nపూజలేక మోక్షభోగంబు దొరకునా\nవిశ్వదాభిరామ వినర వేమ.	true	[]	[]														pdy-v-01265		
pdy-aataveladi-0504	aataveladi	upajaathi	""	test	మాలవానిఁ జూచి యేల నిందింపఁగ\nపాటిలేనిమాట పలుకు టొకటె\nవానిలోనఁ బల్కు వానికులం బేది\nవిశ్వదాభిరామ వినర వేమ.	true	[]	[]														pdy-v-01266		
pdy-aataveladi-0506	aataveladi	upajaathi	""	train	సకల శాస్త్రములను జదివియు వ్రాసియు\nతెలియఁగలరు చావు దెలియ లేరు\nచావు తెలియలేని చదువులవేలరా\nవిశ్వదాభిరామ వీనర వేమ.	false	["seq"]	["seq"]	102	ి	ీ	lengthen	3	6	వీనర	false	3	4	50	|U|	["ర","వే","మ"]	pdy-v-01267		
pdy-aataveladi-0508	aataveladi	upajaathi	""	train	కులమువలనఁ గొంత బలిమివలనఁ గొంత\nకలిమివలనఁ గొంత గర్వమునకు\nఱంకు చదూవు చదివి ఱంకునఁ బడుదురు\nవిశ్వదాభిరామ వినర వేమ.	false	["seq"]	["seq"]	62	ు	ూ	lengthen	2	3	చదూవు	false	2	1	31	|U|	["చ","దూ","వు"]	pdy-v-01268		
pdy-aataveladi-0509	aataveladi	upajaathi	""	train	విశ్వము నడుపంగ విశ్వేశ్వరుం డుండ\nబ్రహ్మలకునునేల పాటిదక్కె\nవనములోని క్రోతి వసుమతి నడుపునా\nవిశ్వదాభీరామ వినర వేమ.	false	["seq"]	["corr","seq"]	97	ి	ీ	lengthen	3	3	విశ్వదాభీరామ	false	3	1	41	UUU	["దా","భీ","రా"]	pdy-v-01269		
pdy-aataveladi-0510	aataveladi	upajaathi	""	test	చదువువానికన్న చాకలి తా మేలు\nకులము వేల్పుకన్న కుక్క మేలు\nసర్వసురలకన్న సకలేశ్వరుఁడు మేలు\nవిశ్వదాభిరామ వినర వేమ.	true	[]	[]														pdy-v-01270		
pdy-aataveladi-0511	aataveladi	upajaathi	""	train	బూదిపూఁత లెన్న భుజముల పొంకాలు\nవ్రాలు లింగములును వరుసమతము\nతిక్కడగునుగాక యెక్కఁడ దగ దట్లు\nవిశ్వదాభిరామ వినర వేమ.	true	[]	[]														pdy-v-01271		
pdy-aataveladi-0512	aataveladi	upajaathi	""	train	అద నెఱీఁగిన మగువ యనువెర్గు చనువెర్గు\nముదముతోడ మగని మోహ మెఱుఁగు\nవిభుని శ్రేష్ఠగుణము వేశ్యతా నెఱుఁగునా\nవిశ్వదాభిరామ వినర వేమ.	false	["seq"]	["corr","seq"]	6	ి	ీ	lengthen	0	3	నెఱీఁగిన	false	1	1	19	|U|	["ము","తో","డ"]	pdy-v-01272		
pdy-kandamu-0626	kandamu	jaathi	""	train	త్రాసును పడియును లంజయు\nభాసురగతి నొక్కరూపూ పరికింపంగా\nవీసంబధికంబిచ్చిన\nవాసరమున నొక్కవంక వారలు వేమా.	false	["seq"]	["corr","seq"]	40	ు	ూ	lengthen	1	8	నొక్కరూపూ	false	1	2	16	|UU|	["క్క","రూ","పూ","ప"]	pdy-v-01273		
pdy-kandamu-0627	kandamu	jaathi	""	train	నిరుపెదల రక్షించెడు\nసరసుఁడు నెఱవాతగాక సంపన్నులఁ దా\nభరియించువాఁడు దాతయె\nమెరమెచ్చులదాత యతఁడు మేదిని వేమా.	false	["seq"]	["corr","seq"]	5	ే	ె	shorten	0	2	నిరుపెదల	false	0	1	4	|UU|	["ల","ర","క్షిం","చె"]	pdy-v-01274		
pdy-aataveladi-0515	aataveladi	upajaathi	""	train	ధనము లేకయున్న ధైర్యంబు నిలువదు\nధైర్య మొదవలేని ధనము లేదు\nధనము ధైర్య మరయ ధర భూమిపతులకు\nవిశ్వదాభిరామ వినర వేమ.	true	[]	[]														pdy-v-01275		
pdy-aataveladi-0519	aataveladi	upajaathi	""	dev	అధిక సూక్ష్మమైన యానంద మెఱుఁగక\nమతియు లేక చదివి మగ్నూఁ డయ్యె\nనతిరహస్య మెల్ల నాజనుఁ డెఱుఁగునా\nవిశ్వదాభిరామ వినర వేమ.	false	["seq"]	["corr","seq"]	50	ు	ూ	lengthen	1	9	మగ్నూఁ	false	1	3	22	UUU	["మ","గ్నూ","డ"]	pdy-v-01276		
pdy-aataveladi-0520	aataveladi	upajaathi	""	train	కడక నఖిలమునకు నడినాళమం దున్న\nవేఁగుచుక్కవంటీ వెలుఁగు దిక్కు\nవెలుఁగుకన్న దిక్కు వేఱెవ్వ రున్నారు\nవిశ్వదాభిరామ వినర వేమ.	false	["seq"]	["corr","seq"]	42	ి	ీ	lengthen	1	5	వేఁగుచుక్కవంటీ	false	1	2	20	UU|	["వం","టీ","వె"]	pdy-v-01277		
pdy-aataveladi-0522	aataveladi	upajaathi	""	train	కలిమి కల్గనేమి కరుణలేకుండేనా\nకలిమి యేలనల్ప కర్ములకును\nతేనెఁగూర్చి యీఁగ తెరువునఁ బోవదా\nవిశ్వదాభిరామ వినర వేమ.	false	["seq"]	["corr","seq"]	25	ె	ే	lengthen	0	12	కరుణలేకుండేనా	false	0	4	11	UUU|	["కుం","డే","నా","క"]	pdy-v-01278		
pdy-aataveladi-0523	aataveladi	upajaathi	""	train	తుమ్మచెట్ల ముండ్లు తోడనెపుట్టును\nవిత్తులోననుండి వెడలినట్లూ\nమూర్ఖునకును బుద్ధి ముందుగాఁ బుట్టును\nవిశ్వదాభిరామ వినర వేమ.	false	["seq"]	["corr","seq"]	57	ు	ూ	lengthen	1	10	వెడలినట్లూ	false	1	4	21	UUU	["న","ట్లూ","మూ"]	pdy-v-01279		
pdy-aataveladi-0524	aataveladi	upajaathi	""	train	కామి కానివాఁడు కవి గాఁడు రవీ గాడు\nకామిగాక మోక్షకామి గాఁడు\nకామియైనవాఁడు కవియగు రవియగు\nవిశ్వదాభిరామ వినర వేమ.	false	["seq"]	["seq"]	27	ి	ీ	lengthen	0	11	రవీ	false	0	4	10	|UU|	["ర","వీ","గా","డు"]	pdy-v-01280		
pdy-aataveladi-0525	aataveladi	upajaathi	""	test	కుక్క గోవు గాదు కుందేలు పులికాదు\nదోమ గజము గాదు దొడ్డదైన\nలోభి దాత గాఁడు లోకంబు లోపల\nవిశ్వదాభిరామ వినర వేమ.	true	[]	[]														pdy-v-01281		
pdy-aataveladi-0528	aataveladi	upajaathi	""	train	బ్రహ్మవేత్తల మని పౌరుష మాడేరు\nబ్రహ్మ మనఁగ దాని భావమేమి\nతెలుపొ నలుపొ యెఱుపొ తెలిసినఁ బలుకుఁడీ\nవిశ్వదాభిరామ వినర వేమ.	true	[]	[]														pdy-v-01282		
pdy-aataveladi-0532	aataveladi	upajaathi	""	train	మునిజనములు కలఁగ మునిఁగి వెళ్ళిన బావి\nబ్రహ్మకుఁ దలయెత్తరాని బావి\nమొలల బంటిగానుముంచు నెవ్వరినైన\nవిశ్వదాభిరామ వినర వేమ.	true	[]	[]														pdy-v-01283		
pdy-aataveladi-0534	aataveladi	upajaathi	""	test	కొండఱేఁడు మామ కొండకూతురు నాలు\nకొండ యిల్లు పసిఁడికొండ విల్లు\nకొండవంటి దొరకు గుండురూపంబురా\nవిశ్వదాభిరామ వినర వేమ.	true	[]	[]														pdy-v-01284		
pdy-aataveladi-0535	aataveladi	upajaathi	""	train	వెలయ పరమతత్వ విభవంబు దెలియక\nబాహ్యవిద్యచేత బరఁగు టెల్ల\nపూరి మెసవఁగ హరి పోయినచందంబూ\nవిశ్వదాభిరామ వినర వేమ.	false	["seq"]	["corr","seq"]	80	ు	ూ	lengthen	2	13	పోయినచందంబూ	false	2	4	38	UUUU	["చం","దం","బూ","వి"]	pdy-v-01285		
pdy-aataveladi-0538	aataveladi	upajaathi	""	dev	సతులఁ బడయ రాదు సుతులఁ బడయరాదు\nవెతలఁ బడినవాఁడు వెఱ్ఱివాఁడూ\nనేలనున్న ఱాయి నెత్తి కెత్తినయట్లు\nవిశ్వదాభిరామ వినర వేమ.	false	["seq"]	["corr","seq"]	56	ు	ూ	lengthen	1	11	వెఱ్ఱివాఁడూ	false	1	4	26	UUU	["వా","డూ","నే"]	pdy-v-01286		
pdy-aataveladi-0539	aataveladi	upajaathi	""	train	ద్వార బంధముననూ తనయులు సంపద\nబంధువర్గ మెల్ల ప్రహరిగోడ\nమూఢులైన నరులు మొక్కలి కాండ్రయా\nవిశ్వదాభిరామ వినర వేమ.	false	["seq"]	["seq"]	13	ు	ూ	lengthen	0	6	బంధముననూ	false	0	2	4	||U	["ము","న","నూ"]	pdy-v-01287		
pdy-aataveladi-0540	aataveladi	upajaathi	""	train	కాళ్ళ ముంద ఱేకు కడతేర నీదక\nముగ్గురు ముగురాండ్ర మునిఁగినారు\nనరుఁడు నీఁదెదనుట నగుబాటు గాదయా\nవిశ్వదాభిరామ వినర వేమ.	true	[]	[]														pdy-v-01288		
pdy-aataveladi-0542	aataveladi	upajaathi	""	dev	తంత్రవాదు లెన్న తఱచుగా నుందురు\nమంత్రవాదు లెన్న మహిని లేరు\nజంత్రగాని బొమ్మ చందంబు లాయెరా\nవిశ్వదాభిరామ వినర వేమ.	true	[]	[]														pdy-v-01289		
pdy-aataveladi-0543	aataveladi	upajaathi	""	train	కల్లునీళ్లు ద్రాగీ కడుపెద్ద వారిలో\nచీర విడిచి తిరుగు సిద్ధురాలు\nపనులు దీరువెనుక పాతలు గట్టురా\nవిశ్వదాభిరామ వినర వేమ.	false	["seq"]	["corr","seq"]	17	ి	ీ	lengthen	0	5	ద్రాగీ	false	0	2	4	UU|	["ద్రా","గీ","క"]	pdy-v-01290		
pdy-kandamu-0633	kandamu	jaathi	""	train	చరణంబులు పదితోఁకలు\nపరగంగా మూడు తలలు బైటనె తిరుగు\nన్‌ వరభూమి తల్లడిల్లగ\nనిరవొందఁగ దీని దెలియ నీశుఁడు వేమా.	true	[]	[]														pdy-v-01291		
pdy-aataveladi-0548	aataveladi	upajaathi	""	train	లంజ లంజకానిలాగెల్లఁ గొనియాడు\nలంజతల్లివాని లజ్జ గడుగు\nతల్లి గలుగులంజఁ దగులుట దొషంబు\nవిశ్వదాభిరామ వినర వేమ.	false	["seq"]	["corr","seq"]	77	ో	ొ	shorten	2	11	దొషంబు	false	2	4	35	|U|U	["దొ","షం","బు","వి"]	pdy-v-01292		
pdy-kandamu-0634	kandamu	jaathi	""	dev	రతిలేక ముదియు నంగన\nరతీ కలిగిన ముదియు నశ్వరత్నము ధరలో\nసతతము భ్రాంతిని చేసెడు\nతతిరతిచే ముదియు నరుఁడు తథ్యము వేమా.	false	["seq"]	["seq"]	21	ి	ీ	lengthen	1	1	రతీ	true	1	2	17	||U|	["ది","యు","న","శ్వ"]	pdy-v-01293		
pdy-aataveladi-0549	aataveladi	upajaathi	""	train	దొమ్మరీనిలంజతోఁ గూడ దోషంబు\nపాపియైన మనసుఁ బట్టరాదు\nవీడు గదలిపోవ వెళ్లుదు రెటులనో\nవిశ్వదాభిరామ వీనర వేమ.	false	["seq"]	["seq"]	94	ి	ీ	lengthen	3	6	వీనర	false	3	4	45	|U|	["ర","వే","మ"]	pdy-v-01294		
pdy-aataveladi-0551	aataveladi	upajaathi	""	train	యోనియందె పుట్టి యోనికి రుచిఁజేయు\nచన్నుగూడిచి పెరిగి చన్నుఁబట్టు\nసృష్టిలోన నడఁగు సిగ్గెఱుగని జీవి\nవిశ్వదాభిరామ వినర వేమ.	false	["seq"]	["corr","seq"]	39	ు	ూ	lengthen	1	2	చన్నుగూడిచి	false	1	3	20	|U|	["గి","చ","న్ను"]	pdy-v-01295		
pdy-aataveladi-0552	aataveladi	upajaathi	""	train	మొలక చనులనాఁడు మూఁడు కోటులు చేయు\nకులుకు చనులనాఁడు కోటిసేయు\nతటుకుచనులనాఁడు దమ్మిడి చేయదో\nవిశ్వదాభిరామ వినర వేమ.	true	[]	[]														pdy-v-01296		
pdy-aataveladi-0554	aataveladi	upajaathi	""	train	పండువలనఁ బుట్టె పరఁగ ప్రపంచంబు\nపండువలనఁ బుట్టె పరము నిహము\nపండు కాసపడిరీ బ్రహ్మాది సురలెల్ల\nవిశ్వదాభిరామ వినర వేమ.	false	["seq"]	["seq"]	70	ి	ీ	lengthen	2	6	కాసపడిరీ	false	2	2	31	||U	["ప","డి","రీ"]	pdy-v-01297		
pdy-aataveladi-0557	aataveladi	upajaathi	""	train	ముఱికిలోనఁ బుట్టి ముఱికిలోనఁ బెరిగి\nముఱికితనువు కింత మురిప మేల\nముఱికి తెలియు నరుఁడు ముఱుగునఁ బుట్టునా\nవిశ్వదాభిరామ వినర వేమ.	true	[]	[]														pdy-v-01298		
pdy-kandamu-0635	kandamu	jaathi	""	train	చన్నులు పరసతి కొప్పిన\nచన్నులపై పాప దృఢతఁ జన కటుయునుపే\nచన్నులు తగ దాఁగుడిచియు\nచన్నులపై తలఁపు వలదు సత్యము వేమా.	true	[]	[]														pdy-v-01299		
pdy-aataveladi-0562	aataveladi	upajaathi	""	dev	ప్రళయకాలమందు ప్రమధులచేతను\nనష్టమైరిగాదె నాటిజనులు\nతెలియనేరరైరి దేవుని ద్విజులెల్ల\nవిశ్వదాభిరామ వినర వేమ.	true	[]	[]														pdy-v-01300		
pdy-aataveladi-0564	aataveladi	upajaathi	""	train	బ్రహ్మ యెవనీకొడుకు పరికింపఁగా భువి\nవిష్ణు వెవనికొడుకు వెలయఁజూడ\nశివుఁడు నెవనికొడుకు సిగ్గెఱుఁగరు జను\nల్‌ విశ్వదాభిరామ వినర వేమ.	false	["seq"]	["seq"]	11	ి	ీ	lengthen	0	4	యెవనీకొడుకు	false	0	1	2	||U	["యె","వ","నీ"]	pdy-v-01301		
pdy-aataveladi-0566	aataveladi	upajaathi	""	dev	మునిఁగి బ్రాహ్మణుండు ముందుఁగానకపోయె\nతిరిగి తిరిగి యతఁడు ద్రిమ్మ రాయె\nకూసికూసితుదకు కుక్కయై పోయెరా\nవిశ్వదాభిరామ వినర వేమ.	true	[]	[]														pdy-v-01302		
pdy-aataveladi-0567	aataveladi	upajaathi	""	train	చచ్చూవారిఁజూచి చావని పుట్టని\nతత్వ మెల్ల నాత్మఁ దలఁపుఁ జేసి\nయరసి చూచినట్టి యతనికి మోక్షంబు\nవిశ్వదాభిరామ వినర వేమ.	false	["seq"]	["corr","seq"]	4	ు	ూ	lengthen	0	1	చచ్చూవారిఁజూచి	false	0	0	0	UUU	["చ","చ్చూ","వా"]	pdy-v-01303		
pdy-kandamu-0637	kandamu	jaathi	""	train	కప్పయు పామును బోరఁగ\nకప్పను నాపాముమ్రింగె కడువేడుకతో\nకప్పను చెడలందిగిచెడి\nవిప్పను నా చొప్పు దెలియ వేమననేర్చున్‌.	true	[]	[]														pdy-v-01304		
pdy-aataveladi-0568	aataveladi	upajaathi	""	dev	మన్ను మిన్ను నంటి మహిమీఁద నొకకోట\nకొమ్మ లమరియుండు కొనలుసాగి\nదివ్వెలేని వెలుఁగు తేజరిల్లుచు నుండు\nవిశ్వదాభిరామ వినర వేమ.	true	[]	[]														pdy-v-01305		
pdy-aataveladi-0570	aataveladi	upajaathi	""	train	కాలు చేయి లేదు కంచుకంబు గలదు\nకొమ్మ లేదు ఉరికి చిమ్ము వేగ\nగరిడిలేక చంపుఁగడు పెద్దచోద్యమౌ\nవిశ్వదాభిరామ వినర వేమ.	true	[]	[]														pdy-v-01306		
pdy-aataveladi-0572	aataveladi	upajaathi	""	train	బ్రహ్మ గుఱ్ఱ మాయె భవుఁడూ పల్లం బాయె\nనాదివిష్ణువెన్న నంకె మాయె\nనందు మీఁదివాఁడు నాఁడుదో మగవాఁడొ\nవిశ్వదాభిరామ వినర వేమ.	false	["seq"]	["seq"]	23	ు	ూ	lengthen	0	8	భవుఁడూ	false	0	3	6	||UU	["భ","వు","డూ","ప"]	pdy-v-01307		
pdy-aataveladi-0576	aataveladi	upajaathi	""	dev	సతి యొనర్చు చెడ్డ పతి కవశ్యము వచ్చు\nపతియొనర్చు మంచి సతికి సగము\nపతి యొనర్చు చెడ్డ సతి కేల రాదురా\nవిశ్వదాభిరామ వినర వేమ.	true	[]	[]														pdy-v-01308		
pdy-aataveladi-0578	aataveladi	upajaathi	""	train	ఘటముఁగాన్గఁజేసి కామ మెద్దుగఁజేసి\nతెలిసి కర్మములను తిలలుఁ జేసి\nతెలిసి గాను గాఁడు తిలకార కాత్మయు\nవిశ్వదాభిరామ వినర వేమ.	true	[]	[]														pdy-v-01309		
pdy-kandamu-0638	kandamu	jaathi	""	test	ఆమడ కామడ కడవులు\nగ్రామంబులు చెరువు నదులు కర్మము లింతే\nతా మెందులోనఁ దిరిగిన\nవేమన తోడగుచువచ్చు వెంటనె వేమా.	true	[]	[]														pdy-v-01310		
pdy-aataveladi-0580	aataveladi	upajaathi	""	test	పుడమి నుప్పరంబుఁ బురిగొల్పి జగముల\nరక్ష సేయగల్గు రాజు లెవరు\nమహిసతి యనుపేర మనుజున కేడదో\nవిశ్వదాభిరామ వినర వేమ.	true	[]	[]														pdy-v-01311		
pdy-aataveladi-0581	aataveladi	upajaathi	""	dev	ఎఱుకయుండువాని కెఱుకయేయుండును\nఎఱుకలేనివాని కెఱుకలేదు\nఎఱుకలేని యెఱుక నెఱుగుట తత్వంబు\nవిశ్వదాభిరామ వినర వేమ.	true	[]	[]														pdy-v-01312		
pdy-aataveladi-0585	aataveladi	upajaathi	""	train	పృథివి కుదక మేగె పృథివిపై మొలకెత్తె\nమగుడ పృథివి కేగె మగఁడె సుతుఁడు\nధరణి జనులకెల్ల తల్లియ పెండ్లాము\nవిశ్వదాభిరామ వినర వేమ.	true	[]	[]														pdy-v-01313		
pdy-aataveladi-0587	aataveladi	upajaathi	""	train	తనువు లస్థీరములు ధర్మము నిత్యము\nచేయుధర్మమెల్ల చెడని పదవి\nకనివిని మఱి తెలియఁ గానరు నరపశు\nల్‌ విశ్వదాభిరామ వినర వేమ.	false	["seq"]	["corr","seq"]	10	ి	ీ	lengthen	0	4	లస్థీరములు	false	0	1	3	UU|	["ల","స్థీ","ర"]	pdy-v-01314		
pdy-aataveladi-0589	aataveladi	upajaathi	""	train	కడుపు కెంత నరులు కళవళపడుదురు\nకడుపుకొఱకు నూళ్ళు గహనములును\nకడుపు కెట్ల యయినఁ గలుగును భుక్తిరా\nవిశ్వదాభిరామ వినర వేమ.	true	[]	[]														pdy-v-01315		
pdy-aataveladi-0598	aataveladi	upajaathi	""	train	పతికి మాఱుపల్కు పడతియే శునకంబు\nమీఱుసతిని గవయ మిగులు వగలు\nపంది పంది కూడి పడదొకో రొంపిలో\nవిశ్వదాభిరామ వినర వేమ.	true	[]	[]														pdy-v-01316		
pdy-aataveladi-0599	aataveladi	upajaathi	""	train	పొట్టివాఁడు కీడు పొదిలపురుగు కీడు\nవట్టియాస కీడు వరడు కీడు\nపొట్టిచేయికాలు పొసగుట కీడురా\nవిశ్వదాభిరామ వినర వేమ.	true	[]	[]														pdy-v-01317		
pdy-aataveladi-0600	aataveladi	upajaathi	""	test	కట్టెపైన నున్న కట్టెకు ఘనమేమి\nచెట్టు పైననున్నఁ జేరు ఘనము\nకట్టెచెట్టుగూడి గలసె దైవంబులో\nవిశ్వదాభిరామ వినర వేమ.	true	[]	[]														pdy-v-01318		
pdy-aataveladi-0603	aataveladi	upajaathi	""	train	పొట్లకాయ రాయి పొడవు త్రాటను గట్ట\nలీలతోడ వంక లేక పెరుఁగు\nకుక్కతోఁక గట్టఁ జక్కఁగా వచ్చూనా\nవిశ్వదాభిరామ వినర వేమ.	false	["seq"]	["corr","seq"]	84	ు	ూ	lengthen	2	10	వచ్చూనా	false	2	4	34	UUUU	["వ","చ్చూ","నా","వి"]	pdy-v-01319		
pdy-vutpalamaala-0199	vutpalamaala	vruttamu	""	test	కూటికి లేనివానివలెఁ గోపములేకయూ నెల్లతావుల\nన్‌ మాటికిమాటికిన్‌ మఱియు మాటకుమాటకు పద్యపద్ధతి\nన్‌ ధాటి నెఱుంగఁ జెప్పుచును ధారుణిలో శివరూపధారియై\nమాటికి నున్న వేమన సమానము నెవ్వరు గల్గు వేమనా.	false	["seq"]	["seq"]	29	ు	ూ	lengthen	0	14	గోపములేకయూ	false	0	4	12	U|U	["లే","క","యూ"]	pdy-v-01320		
pdy-kandamu-0645	kandamu	jaathi	""	train	యుగములఁ జల్లగఁ జూచును\nతగలక యుగయుగమునందు తపసుల కైన\nన్‌ వగవక యేవకయుండిన\nనిగనిగమనుకాంతి మదిని నిలుచుర వేమా.	true	[]	[]														pdy-v-01321		
pdy-aataveladi-0606	aataveladi	upajaathi	""	train	వీనియు వినకయుండు వెఱ్ఱివాఁడై యుండు\nకనియుఁ గానకుండు కడఁగి యోగి\nమనుజవరులచేత మఱిపూజఁ గొనుచుండు\nవిశ్వదాభిరామ వినర వేమ.	false	["seq"]	["seq"]	1	ి	ీ	lengthen	0	0	వీనియు	false	0	2	5	|U|	["క","యుం","డు"]	pdy-v-01322		
pdy-aataveladi-0607	aataveladi	upajaathi	""	train	సుఖములెల్లఁ దెలిసి చూడంగ దుఃఖము\nల్‌ పుణ్యములును పాపపూర్వకములె\nకొఱతవేయ దొంగ కోరినచందమా\nవిశ్వదాభిరామ వినర వేమ.	true	[]	[]														pdy-v-01323		
pdy-aataveladi-0610	aataveladi	upajaathi	""	train	విటునిఁగన్నయంత విశదమై వలపుండూ\nబోటిఁజూడకట్టిపాటి గలదె\nకంటిలోనిపాప కన నెంతవాఁడురా\nవిశ్వదాభిరామ వినర వేమ.	false	["seq"]	["seq"]	28	ు	ూ	lengthen	0	14	వలపుండూ	false	0	4	11	||UU	["వ","ల","పుం","డూ"]	pdy-v-01324		
pdy-kandamu-0646	kandamu	jaathi	""	train	నీచుల వినుతులు సేయుచు\nయాచకమున తిరిగి తిరిగి యలయుటకంటె\nన్‌ వీచిన నింద్రియపశువులఁ\nగాచినవాఁ డిందు నందు ఘనుఁ డగు వేమా.	true	[]	[]														pdy-v-01325		
pdy-kandamu-0647	kandamu	jaathi	""	dev	భోగంబుల కాశింపక\nరాగ ద్వేషంబు లుడిగి రంగుగ భువిలో\nవేగమె మోక్షము తనకును\nరాఁగన్ననువాఁడు యోగిరాయఁడు వేమా.	true	[]	[]														pdy-v-01326		
pdy-aataveladi-0615	aataveladi	upajaathi	""	dev	ఆరయ నాస్తి యనక యడ్డుమాటాడక\nతట్టుపడక మదిని తన్నుకోక\nతన్నుఁ దాఁ గనుగొని తాఁ బెట్టినది పెట్టు\nవిశ్వదాభిరామ వినర వేమ.	false	["seq"]	["seq"]	0	అ	ఆ	lengthen	0	0	ఆరయ	true	0	1	2	|U|	["య","నా","స్తి"]	pdy-v-01327		
pdy-aataveladi-0623	aataveladi	upajaathi	""	test	కండలెల్లఁ గోయ కావికిఁజాలని\nబండగోవు కాసపడినఁ గలదె\nకొండఁ బసిఁడి కొండ గోరిన చందమౌ\nవిశ్వదాభిరామ వినర వేమ.	true	[]	[]														pdy-v-01328		
pdy-aataveladi-0626	aataveladi	upajaathi	""	train	బాలచనులఁ బూలబంతులఁ బోల్తురు\nప్రాలుమాలినట్టి భ్రష్టూ లవని\nమాంసఖండమందు మఱియేమియున్నది\nవిశ్వదాభిరామ వినర వేమ.	false	["seq"]	["corr","seq"]	50	ు	ూ	lengthen	1	7	భ్రష్టూ	false	1	3	19	UU|	["భ్ర","ష్టూ","ల"]	pdy-v-01329		
pdy-aataveladi-0628	aataveladi	upajaathi	""	dev	పరగ నీవఱకును పడినపా ట్లెఱుగక\nఘనుఁడుగాగ మనుజుఁ డనఁగఁ బుట్టి\nకీడు మె లెఱుఁగక క్రిందాయెఁ జూడరా\nవిశ్వదాభిరామ వినర వేమ.	false	["seq"]	["corr","seq"]	65	ే	ె	shorten	2	2	మె	true	2	2	34	||U	["గ","క","క్రిం"]	pdy-v-01330		
pdy-aataveladi-0630	aataveladi	upajaathi	""	test	తనదునీడ శిశువు దాఁజూచుకొన్నట్టు\nతనదునీడఁ జూచి తన్ను మఱచి\nపతిని ననుమ నుడువు భ్రాంతుల నేమందు\nవిశ్వదాభిరామ వినర వేమ.	true	[]	[]														pdy-v-01331		
pdy-aataveladi-0638	aataveladi	upajaathi	""	train	పరుల కుపకరించి పరుసొమ్ము పరునకు\nపరఁగ నిచ్చె నేని పరము గల్గు\nపరముకన్న నేమి పావనమా సొమ్ము\nవిశ్వదాభిరామ వినర వేమ.	true	[]	[]														pdy-v-01332		
pdy-aataveladi-0642	aataveladi	upajaathi	""	train	ఎఱుక నెఱుగువాని కెఱుక యే నడుచును\nఎఱుకలేనివాఁడు నెఱుఁగలేఁడు\nఎఱుకలోని యెఱుక నెఱుఁగుట తత్వంబు\nవిశ్వదాభిరామ వినర వేమ.	true	[]	[]														pdy-v-01333		
pdy-aataveladi-0644	aataveladi	upajaathi	""	train	విద్దెదానిపొందు విడువఁ జాలక తుల్వ\nచచ్చుదాఁకమోయు చాపగుడిసె\nభాగవతులపట్టు పట్టంగ నోపఁడు\nవిశ్వదాభిరామ వినర వేమ.	true	[]	[]														pdy-v-01334		
pdy-kandamu-0649	kandamu	jaathi	""	test	అనఘ పురూషుండు నొక్కఁడు\nవిను నిత్య మనిత్యమనెడివిధ మిట్టి దగు\nన్‌ తన సంకల్పమె బంధము\nతన సంకల్పక్షయంబె తత్వము వేమా.	false	["seq"]	["seq"]	7	ు	ూ	lengthen	0	4	పురూషుండు	false	0	2	6	|U||	["డు","నొ","క్క","డు"]	pdy-v-01335		
pdy-aataveladi-0648	aataveladi	upajaathi	""	train	తెలివియైనలేక తిరమును తెలియక\nతిరుగునస్థిరుఁ డయి దేహి జగతి\nతిరుగ నేల యనుచుఁ దెలియఁడా యజ్ఞాని\nవిశ్వదాభిరామ వినర వేమ.	true	[]	[]														pdy-v-01336		
pdy-aataveladi-0649	aataveladi	upajaathi	""	dev	తపముజపములెన్నొ ధాత్రిజనుల కెల్ల\nనొనర శివునిఁజూడ నుపమగలదూ\nమనసుఁజెదరనీక మదిలోనఁజూడరో\nవిశ్వదాభిరామ వినర వేమ.	false	["seq"]	["seq"]	55	ు	ూ	lengthen	1	13	నుపమగలదూ	false	1	4	26	||U	["గ","ల","దూ"]	pdy-v-01337		
pdy-aataveladi-0650	aataveladi	upajaathi	""	train	మతము లెన్నియైన సతముగా నుండవు\nసతము కర్మముండు జగతి నొకటి\nఆమతముల విడిచి యా బ్రహ్మమరయుము\nవిశ్వదాభిరామ వీనర వేమ.	false	["seq"]	["seq"]	99	ి	ీ	lengthen	3	6	వీనర	false	3	4	50	|U|	["ర","వే","మ"]	pdy-v-01338		
pdy-kandamu-0650	kandamu	jaathi	""	train	నవ్వును చదువును పాడును\nనొవ్వక తానిట్లు మెచ్చు నుడువును మఱచు\nన్‌ నివ్వటిలియుండు ముదిమియు\nనివ్విధమునఁ జూడఁజూడ నెవ్వడు వేమా.	true	[]	[]														pdy-v-01339		
pdy-kandamu-0651	kandamu	jaathi	""	train	నే నెఁవడను తలపెట్టఁగ\nమానసమునఁ దలపకున్న మనుజుని కకటా\nకానఁబడు పడకముందే\nమానుగఁ గనుగొనఁగవలయు మహిలో వెమా.	false	["seq"]	["seq"]	96	ే	ె	shorten	3	14	వెమా	false	3	4	50	|U	["వె","మా"]	pdy-v-01340		
pdy-kandamu-0652	kandamu	jaathi	""	train	మనసనలము రెంటీకినిల\nఘనమును కొంచెంబుఁ దెలియఁగావలె సుమ్మీ\nకనుమూసి తెరచినంతనె\nఘనమై విహరించుమనసుఁగానరు వేమా.	false	["seq"]	["corr","seq"]	12	ి	ీ	lengthen	0	7	రెంటీకినిల	false	1	1	14	|UU|	["ను","కొం","చెం","బు"]	pdy-v-01341		
pdy-aataveladi-0667	aataveladi	upajaathi	""	train	చిత్తవాజి నెక్కి శిక్షింప నేరక\nతత్తఱించి రౌతు తరల నేల\nవారణాసి తనకు వయ్యాళి కాబోలు\nవిశ్వదాభిరామ వినర వేమ.	true	[]	[]														pdy-v-01342		
pdy-aataveladi-0669	aataveladi	upajaathi	""	train	దేవభూములందు దేవాలయములందు\nదేవుఁడంచుఁ జెప్పి తెరువుఁజూపె\nతెలియ విశ్వమెల్ల దేవాది దేవుఁడౌ\nవిశ్వదాభీరామ వినర వేమ.	false	["seq"]	["corr","seq"]	95	ి	ీ	lengthen	3	3	విశ్వదాభీరామ	false	3	1	39	UUU	["దా","భీ","రా"]	pdy-v-01343		
pdy-aataveladi-0670	aataveladi	upajaathi	""	train	గంపెడంత తవుడు గంపలోఁ బెట్టక\nచన్నుఁ బట్టనీదూ కొన్నబఱ్ఱె\nవారకాంత లేల వలతురు నూరక\nవిశ్వదాభిరామ వినర వేమ.	false	["seq"]	["corr","seq"]	42	ు	ూ	lengthen	1	5	బట్టనీదూ	false	1	2	17	UUU	["నీ","దూ","కొ"]	pdy-v-01344		
pdy-aataveladi-0671	aataveladi	upajaathi	""	train	తివిరి లేమియుంట తిరీపెకాఁ డెఱుగునె\nమొఱ్ఱబెట్టి నెత్తి మొత్తుఁగాని\nపతిస ధర్మ మెన్నపడుచు కత్తెఱుఁగునా\nవిశ్వదాభిరామ వినర వేమ.	false	["seq"]	["seq"]	19	ి	ీ	lengthen	0	8	తిరీపెకాఁ	false	0	3	7	|U|U	["తి","రీ","పె","కా"]	pdy-v-01345		
pdy-aataveladi-0672	aataveladi	upajaathi	""	train	దాత లేని కొంప దయ్యాల పెనువాడ\nనీతిగాని పాట వాతిచేటు\nప్రీతిలేని లంజ ఘాతియై తోఁచురా\nవిశ్వదాభిరామ వినర వేమ.	true	[]	[]														pdy-v-01346		
pdy-aataveladi-0673	aataveladi	upajaathi	""	train	చినుఁగు బట్ట కాదు చీనాంబరము గాని\nముఱికియొడలు గాదు ముక్తి గాని\nపరమయోగిమహిమఁ బరికింప నరుదురా\nవిశ్వదాభిరామ వినర వేమ.	true	[]	[]														pdy-v-01347		
pdy-aataveladi-0675	aataveladi	upajaathi	""	train	వాని గననివాఁడు వాఁడు కానేకాఁడు\nవానిలోనివాఁడు వాఁడు సుమ్మి\nవాని గన్నవాఁడు వాఁడేపో యోగిరా\nవిశ్వదాభిరామ వినర వేమ.	false	["seq"]	["corr","seq"]	77	ె	ే	lengthen	2	7	వాఁడేపో	false	2	3	29	UUUU	["వా","డే","పో","యో"]	pdy-v-01348		
pdy-aataveladi-0676	aataveladi	upajaathi	""	train	కుక్క యేమెఱుంగు గురులింగ దేవుని\nనక్క యేమెఱుంగు నొక్కప్రొద్దు\nమూర్ఖుఁడే మెఱుంగు మోక్షంబుత్రోవను\nవిశ్వదాభిరామ వినర వేమ.	true	[]	[]														pdy-v-01349		
pdy-aataveladi-0677	aataveladi	upajaathi	""	train	వెదకి కానలేరు వేదాంత వేద్యుని\nనుత్తముండు గాంచు నుర్విమీఁదఁ\nగలిగెనేని వానిఁ గానంగ లేరయా\nవిశ్వదాభిరామ వినర వేమ.	true	[]	[]														pdy-v-01350		
pdy-aataveladi-0678	aataveladi	upajaathi	""	train	జ్ఞానవంతూఁ జూచి సహకర్మబుద్ధులు\nవెఱ్ఱియండ్రు ప్రకృతి విడువలేరు\nవెఱ్ఱి కవనిఁ బ్రకృతి వెదకినఁ గల్గునా\nవిశ్వదాభిరామ వినర వేమ.	false	["seq"]	["corr","seq"]	8	ు	ూ	lengthen	0	3	జ్ఞానవంతూఁ	false	0	1	2	UUU	["వం","తూ","జూ"]	pdy-v-01351		
pdy-aataveladi-0679	aataveladi	upajaathi	""	train	ఇంతికనులు చనులు నెంత లెస్సనిచూచి\nమోహపడును బుద్ధి మోసపోయి\nగరిసెలోనివానిఁ గానలే దాయెరా\nవిశ్వదాభిరామ వినర వేమ.	true	[]	[]														pdy-v-01352		
pdy-aataveladi-0680	aataveladi	upajaathi	""	train	వాతగుణము చేత వలపున మగవాఁడు\nలొట్టకనులదాని లోలతకును\nపుట్టి జగతి నిలుచు పునరుద్భవంబగు\nవిశ్వదాభిరామ వినర వేమ.	true	[]	[]														pdy-v-01353		
pdy-aataveladi-0681	aataveladi	upajaathi	""	train	బందెత్రాళ్ళఁ దెచ్చి బంధించీ కట్టంగ\nలింగఁడేమి దొంగిలించినాఁడొ\nయాత్మలింగ మేల యర్చింపఁజూడరో\nవిశ్వదాభిరామ వినర వేమ.	false	["seq"]	["corr","seq"]	26	ి	ీ	lengthen	0	8	బంధించీ	false	0	3	6	UUUU	["బం","ధిం","చీ","క"]	pdy-v-01354		
pdy-aataveladi-0683	aataveladi	upajaathi	""	train	శైవవైష్ణవాది షణ్మతంబుల కెల్ల\nదేవుఁ డొక్కఁ డనుచుఁ దెలియ లేరు\nతమకు భేదమైన తత్వంబు భేదమా\nవిశ్వదాభిరామ వినర వేమ.	true	[]	[]														pdy-v-01355		
pdy-aataveladi-0684	aataveladi	upajaathi	""	train	పూసపోగు బెట్టిపురుషునిభుజ మెక్కి\nకన్నులార్ప వారకాంత గాదు\nతనకు లొంగువారిఁ దడయక చంపురా\nవిశ్వదాభిరామ వినర వేమ.	true	[]	[]														pdy-v-01356		
pdy-aataveladi-0685	aataveladi	upajaathi	""	train	జదలుదాల్చు టెల్ల జగము ఛీయను టెల్ల\nయొడలువిఱచుటెల్ల యోగ మెల్ల\nముక్తికాంతఁ బట్టి ముద్దాడుకొరకురా\nవిశ్వదాభిరామ వినర వేమ.	true	[]	[]														pdy-v-01357		
pdy-aataveladi-0686	aataveladi	upajaathi	""	dev	కరములందు తాము గంగాధరుని బట్టి\nతీర్థములకు పోయి తిరుగుచుంద్రు\nవెన్నఁ బట్టి నెయ్యి వెదకిన చందమౌ\nవిశ్వదాభిరామ వినర వేమ.	true	[]	[]														pdy-v-01358		
pdy-aataveladi-0687	aataveladi	upajaathi	""	train	అఱుతలింగ ముంచి యదిగనఁజాలక\nపర్వతమున కేగు పామరుండు\nముక్తిఁగాన నగునె మూఢాత్ముఁడగుఁగాక\nవిశ్వదాభిరామ వినర వేమ.	true	[]	[]														pdy-v-01359		
pdy-aataveladi-0693	aataveladi	upajaathi	""	test	పరమహంస ననుచు వరవఁ గట్టుక భూమి\nపరధనముల కాసపఁడెను వాఁడు\nపరమహంస గాఁడు పరమహింసుఁ డటండ్రు\nవిశ్వదాభీరామ వినర వేమ.	false	["seq"]	["corr","seq"]	93	ి	ీ	lengthen	3	3	విశ్వదాభీరామ	false	3	1	46	UUU	["దా","భీ","రా"]	pdy-v-01360		
pdy-aataveladi-0694	aataveladi	upajaathi	""	test	మునిఁగి మునిఁగి మునిఁగి ముద్దయై ముద్దయై\nవనరి వనరి వనరి వక్కి వక్కి\nతిరిగి తిరిగి తిరిగి దిమ్మరై యుండును\nవిశ్వదాభిరామ వినర వేమ.	true	[]	[]														pdy-v-01361		
pdy-aataveladi-0699	aataveladi	upajaathi	""	train	ఒడల భూతిఁ బూసి జడలు ధరించిన\nనొడయుఁడైన ముక్తిఁ బడయలేఁడు\nతడకబిఱ్ఱుపెట్టఁ దలపుతో సరియౌనె\nవిశ్వదాభిరామ వినర వేమ.	true	[]	[]														pdy-v-01362		
pdy-aataveladi-0702	aataveladi	upajaathi	""	train	శీవుని భక్తులెల్ల భువి మంటిపాలైరి\nవాదమేల దైవభేదమేల\nవిష్ణుభక్తులెల్ల వెలిబూదిపాలైరి\nవిశ్వదాభిరామ వినర వేమ.	false	["seq"]	["corr","seq"]	1	ి	ీ	lengthen	0	0	శీవుని	false	0	1	2	|U|	["ని","భ","క్తు"]	pdy-v-01363		
pdy-aataveladi-0704	aataveladi	upajaathi	""	train	వేముఁడిట్లు చెప్పె వేల పద్యంబులు\nతప్పు లెన్నియున్న నొప్పియుండు\nతత్తఱపడ కందుఁ జిత్తము నిల్పుము\nవిశ్వదాభిరామ వినర వేమ.	true	[]	[]														pdy-v-01364		
pdy-aataveladi-0705	aataveladi	upajaathi	""	dev	వెఱ్ఱినక్కలవలె వేదముల్‌ చదివెద\nరాశయంబు లెఱుఁగరయ్య వారు\nవేదసారమంత వేమన యెఱూఁగును\nవిశ్వదాభిరామ వినర వేమ.	false	["seq"]	["seq"]	73	ు	ూ	lengthen	2	10	యెఱూఁగును	false	2	4	34	|U||	["యె","ఱూ","గు","ను"]	pdy-v-01365		
pdy-aataveladi-0708	aataveladi	upajaathi	""	test	ముక్కుత్రాళ్ళ గ్రుచ్చి ముఱికిపోవఁగఁ దోమి\nకచ్చనీరు నించి కడిగి కడిగి\nడొక్క దోమినంత దొరకునా తత్వంబు\nవిశ్వదాభిరామ వినర వేమ.	true	[]	[]														pdy-v-01366		
pdy-aataveladi-0710	aataveladi	upajaathi	""	train	మదమువలనఁ గల్గు మాటల బహుపల్కి\nమ్రుచ్చుసుద్దులఁ గొని మోసపుచ్చీ\nకాసురాఁబెనగెడు కష్టుండుగురుఁ డౌనె\nవిశ్వదాభిరామ వినర వేమ.	false	["seq"]	["corr","seq"]	59	ి	ీ	lengthen	1	10	మోసపుచ్చీ	false	1	4	24	UUU	["పు","చ్చీ","కా"]	pdy-v-01367		
pdy-aataveladi-0711	aataveladi	upajaathi	""	train	పేరు సోమయాజి పెనుసింహబలూఁడయా\nమేఁకపోతుఁబట్టి మెడలువిఱవఁ\nగానిక్రతువువంకఁ గలుగునా మోక్షంబు\nవిశ్వదాభిరామ వినర వేమ.	false	["seq"]	["seq"]	23	ు	ూ	lengthen	0	11	పెనుసింహబలూఁడయా	false	0	4	10	|U|U	["బ","లూ","డ","యా"]	pdy-v-01368		
pdy-kandamu-0658	kandamu	jaathi	""	train	కుక్కల దీని కడుబాపలు\nనక్కను భుజియించువారు నాకేశులగు\nన్‌ చొక్కముగ జీవహత్యల\nమిక్కుటముగఁ జేసి తమిని మించిరి వేమా.	false	["seq"]	["seq"]	8	ి	ీ	lengthen	0	3	దీని	true	0	2	6	|U||	["డు","బా","ప","లు"]	pdy-v-01369		
pdy-aataveladi-0713	aataveladi	upajaathi	""	train	అరయఁదోచునాఁడు గురువని తా నెంచీ\nతిరుగువాఁడు తన్ను నరయలేఁడు\nపనికిమాలినట్టి బానిసె కొడుకురా\nవిశ్వదాభిరామ వినర వేమ.	false	["seq"]	["corr","seq"]	29	ి	ీ	lengthen	0	13	నెంచీ	false	0	4	11	UUU|	["తా","నెం","చీ","తి"]	pdy-v-01370		
pdy-kandamu-0659	kandamu	jaathi	""	test	భేదాభేదంబులకును\nవాదంబై జనముచూడ వర్తించును నా\nభేదాభేదము లుడిగిన\nవేదాంత ధ్యాని యగుచు వెలుఁగుర వేమా.	true	[]	[]														pdy-v-01371		
pdy-aataveladi-0717	aataveladi	upajaathi	""	train	చీరగట్టి రాత్రి సిగ్గును నెఱిఁగుండు\nపగలు చీరవిడుచు పను లదేల\nచేడె గాదుర యిది చేవాడికత్తెర\nవిశ్వదాభిరామ వినర వెమ.	false	["seq"]	["seq"]	108	ే	ె	shorten	3	9	వెమ	false	3	4	48	||	["వె","మ"]	pdy-v-01372		
pdy-aataveladi-0719	aataveladi	upajaathi	""	train	బ్రహ్మనృపతి వైశ్యపతులును శూద్రులు\nబ్రహ్మవిష్ణుహరులు పశువు లెన్న\nబ్రహ్మముం దెలియక బహురూపులైరిట్లు\nవిశ్వదాభిరామ వినర వేమ.	true	[]	[]														pdy-v-01373		
pdy-aataveladi-0721	aataveladi	upajaathi	""	train	తనువునందు నగ్ని దఱికొని కాల్పంగ\nకాల్చుకొనుట యేమీ కర్మమునకు\nకాల్చుకొన్న యంత ఘనుఁడు తానాయెనా\nవిశ్వదాభిరామ వినర వేమ.	false	["seq"]	["corr","seq"]	47	ి	ీ	lengthen	1	6	యేమీ	true	1	2	19	UUU	["యే","మీ","క"]	pdy-v-01374		
pdy-aataveladi-0722	aataveladi	upajaathi	""	train	త్రాడు మేడనువేసి తనదు శూద్రత్వంబు\nపోయె ననెడి దెల్ల బుద్ధి కొదువ\nమనసులకును త్రాడు మఱివన్నెఁ దెచ్చునా\nవిశ్వదాభిరామ వినర వేమ.	false	["seq"]	["seq"]	8	ె	ే	lengthen	0	2	మేడనువేసి	false	0	2	4	|U|	["ను","వే","సి"]	pdy-v-01375		
pdy-aataveladi-0724	aataveladi	upajaathi	""	test	కసవు నేరీ తినెడు పసరపు మైఁ దిన\nమాలఁడండ్రు వాని మహిని నరులు\nపట్టికోడిఁ దిన్న ప్రాజ్ఞులందురు జను\nల్‌ విశ్వదాభిరామ వినర వేమ.	false	["seq"]	["corr","seq"]	8	ి	ీ	lengthen	0	4	నేరీ	false	0	1	3	UU|	["నే","రీ","తి"]	pdy-v-01376		
pdy-aataveladi-0726	aataveladi	upajaathi	""	train	మొనసి యింద్రియముల మొదట నిల్పఁగలేక\nసమసిపోవు వేళ సన్యసించు\nఆత్మశుద్ధిలేక యంటునా మోక్షంబు\nవిశ్వదాభిరామ వినర వేమ.	true	[]	[]														pdy-v-01377		
pdy-aataveladi-0727	aataveladi	upajaathi	""	train	చావుఁ దెలియువాఁడు సన్యసించునదెల్ల\nకడవలందు కులము చెడినయట్లు\nపాపమొకటె మీఁద ఫలమేమి లేదురా\nవిశ్వదాభిరామ వినర వేమ.	true	[]	[]														pdy-v-01378		
pdy-aataveladi-0732	aataveladi	upajaathi	""	dev	పట్టుపాగఁ జుట్టి పట్టుదోవతిఁ గట్టి\nవట్టి వైష్ణవుండు మిట్టిపడును\nచిన్నె లింతెకాని శ్రీవైష్ణవమతంబు\nవిశ్వదాభిరామ వినర వేమ.	true	[]	[]														pdy-v-01379		
pdy-aataveladi-0736	aataveladi	upajaathi	""	train	ప్రాణ లింగ మెన్నఁ బ్రార్థించి కీర్తించి\nకట్టివేయ నేమి కల్గఁజేసె\nనఖిలజనులకెల్ల నానందమే సాక్షి\nవిశ్వదాభిరామ వినర వేమ.	true	[]	[]														pdy-v-01380		
pdy-aataveladi-0738	aataveladi	upajaathi	""	train	శిలలఁ జూచి నరులు శివుఁడని మెత్తురు\nశిలలు శిలలె కాని శివుఁడుగాఁడు\nతనదులోని శివునిఁ దా నేల తెలియఁడో\nవిశ్వదాభిరామ వినర వేమ.	true	[]	[]														pdy-v-01381		
pdy-aataveladi-0741	aataveladi	upajaathi	""	test	మనసు గెలచి పూని మన్నసుజ్ఞానులు\nకడఁక మోక్షపదముఁ గనుచునుండ్రు\nచెట్టుఁబెట్ట ఫలము చేకూర కుండునా\nవిశ్వదాభీరామ వినర వేమ.	false	["seq"]	["corr","seq"]	100	ి	ీ	lengthen	3	3	విశ్వదాభీరామ	false	3	1	42	UUU	["దా","భీ","రా"]	pdy-v-01382		
pdy-kandamu-0661	kandamu	jaathi	""	dev	మోహము తీఱక యుండిన\nదాహంబై దేహమంత దల్లడపడ నీ\nగేహములోఁ బోరాడక\nదేహమూనం దున్న శివునిఁ దెలియర వేమా.	false	["seq"]	["corr","seq"]	63	ు	ూ	lengthen	3	2	దేహమూనం	false	3	0	30	U|UU	["దే","హ","మూ","నం"]	pdy-v-01383		
pdy-aataveladi-0742	aataveladi	upajaathi	""	dev	లింగ మంగమునను లీలఁ దెలియువెన్క\nమనసు లింగమందు మరులుకొనును\nమనసు నిల్పనందె మఱీలింగ ముండురా\nవిశ్వదాభిరామ వినర వేమ.	false	["seq"]	["seq"]	74	ి	ీ	lengthen	2	8	మఱీలింగ	false	2	3	34	|UU|	["మ","ఱీ","లిం","గ"]	pdy-v-01384		
pdy-aataveladi-0744	aataveladi	upajaathi	""	train	అగ్ని చేతఁబట్టి యాపరమేశుని\nనిండఁజేసి నరులు నీఱుగారె\nదక్షుక్రతువులోని తల్లడ మెఱుఁగరా\nవిశ్వదాభిరామ వినర వేమ.	true	[]	[]														pdy-v-01385		
pdy-aataveladi-0747	aataveladi	upajaathi	""	train	పొంకమూలకు మనసుఁ బోనీక సర్వేశు\nవంక నిలుపువాఁడు వంశపరుఁడు\nవంక నిల్పకున్న వచ్చునా పదవులు\nవిశ్వదాభిరామ వినర వేమ.	false	["seq"]	["corr","seq"]	5	ు	ూ	lengthen	0	2	పొంకమూలకు	false	0	3	7	|UU|	["సు","బో","నీ","క"]	pdy-v-01386		
pdy-aataveladi-0749	aataveladi	upajaathi	""	train	గురువు తానయైన హరిని తాఁ జూచును\nబ్రహ్మలోక మతఁడు పాఱఁజూచు\nశిష్యు నరసిపట్టి చీఁకటిఁ బాపురా\nవిశ్వదాభిరామ వినర వేమ.	true	[]	[]														pdy-v-01387		
pdy-kandamu-0662	kandamu	jaathi	""	train	ధనమే మూలము జగతికి\nధనమే మూలంబు సకలధర్మంబులకు\nన్‌ గొనమే మూలము సిరులకు\nమనమే మూలంబు ముక్తి మహిమకు వేమా.	true	[]	[]														pdy-v-01388		
pdy-aataveladi-0753	aataveladi	upajaathi	""	train	లేఁడు లేఁడనినను లేఁడు లేనేలేఁడు\nకాఁడు కాఁడటన్న కానెకాఁడు\nతోడు తోడనినను తోడనే తోడౌను\nవిశ్వదాభిరామ వినర వేమ.	true	[]	[]														pdy-v-01389		
pdy-aataveladi-0756	aataveladi	upajaathi	""	train	లోభమోహములును ప్రాభవములూదప్పు\nదలఁచిన పనులెల్లఁ దప్పిచనును\nతా మొకటి దలంప దైవమొక్కటిఁదల్చు\nవిశ్వదాభిరామ వినర వేమ.	false	["seq"]	["seq"]	22	ు	ూ	lengthen	0	11	ప్రాభవములూదప్పు	false	0	4	10	|UU|	["ము","లూ","ద","ప్పు"]	pdy-v-01390		
pdy-aataveladi-0757	aataveladi	upajaathi	""	train	వరలు రత్నసమితివలెఁ గూర్చుధాన్యంబుఁ\nజక్కదంచి వండి మిక్కుటముగ\nసుష్టుభోజనములఁ జూరగా నిడువాఁడు\nచెప్పనేల వాఁడు శివుఁడు వేమ.	true	[]	[]														pdy-v-01391		
pdy-aataveladi-0759	aataveladi	upajaathi	""	train	అన్న మడుగనతని కన్నంబుఁ బెట్టిన\nబాఱవేయుదాన ఫలిత మేమి\nధనికునకు నొసంగు దానంబు నటువలె\nవిశ్వదాభిరామ వినర వేమ.	true	[]	[]														pdy-v-01392		
pdy-aataveladi-0763	aataveladi	upajaathi	""	dev	తిరిపెగాఁ డయినను దిరిపెమెత్తిన యట్టి\nతిరిపెమందుఁ దాను దిరిపె మిడినఁ\nదిరిపెము తిరిపమున దిగఁబడిపోవురా\nవిశ్వదాభిరామ వినర వేమ.	true	[]	[]														pdy-v-01393		
pdy-aataveladi-0764	aataveladi	upajaathi	""	train	తాము బలిమిఁబెట్ట తమకు తామే కల్గు\nనడుగనిడినఁ దాము నడుగఁగలుగు\nవిందునీనివాని కెందునులేదయా\nవిశ్వదాభిరామ వినర వేమ.	true	[]	[]														pdy-v-01394		
pdy-aataveladi-0765	aataveladi	upajaathi	""	train	తాము గడనసేయు ధనము తమదియని\nనమ్మియుండ్రు వెఱ్ఱి నరులు భువిని\nతాము నొకరి కిచ్చుధన మింతియేకాక\nకడమదీ తనకేల గలుగు వేమ.	false	["seq"]	["seq"]	94	ి	ీ	lengthen	3	3	కడమదీ	false	3	2	46	|U|	["న","కే","ల"]	pdy-v-01395		
pdy-aataveladi-0766	aataveladi	upajaathi	""	train	తాను దినక యటుల ధర్మము సేయక\nకొడుకుల కనిధనము కూడఁబెట్టి\nతెలియఁజెప్పలేక తీఱిపోయినవెన్క\nసొమ్ము పరులనందుఁ జూడు వేమ.	true	[]	[]														pdy-v-01396		
pdy-aataveladi-0767	aataveladi	upajaathi	""	train	రానీధనమునకును దానును కొడుకును\nవాంఛఁబడుటె కాని వట్టి భ్రమలు\nభాగ్యహీనునకును ఫలము లభించునా\nవిశ్వదాభిరామ వినర వేమ.	false	["seq"]	["corr","seq"]	3	ి	ీ	lengthen	0	1	రానీధనమునకును	false	0	0	0	UU|	["రా","నీ","ధ"]	pdy-v-01397		
pdy-aataveladi-0772	aataveladi	upajaathi	""	train	పరుల కుపకరింప పాపక్షయంబగు\nపరుల కుపకరింపఁ బట్టుకొమ్మ\nపరూల కుపకరింపఁ బరలోక సిద్ధియు\nపరుల కుపకరింప బలిమి వేమ.	false	["seq"]	["seq"]	54	ు	ూ	lengthen	2	1	పరూల	false	2	0	26	|U|	["ప","రూ","ల"]	pdy-v-01398		
pdy-aataveladi-0774	aataveladi	upajaathi	""	train	ధర్మకంటకుండు ధనముచే గర్వించి\nసకలసంపదలను జాలఁ బొరసి\nకడకు తాను మేలు గానక చెడిపోవు\nవిశ్వదాభిరామ వినర వేమ.	true	[]	[]														pdy-v-01399		
pdy-aataveladi-0776	aataveladi	upajaathi	""	train	ధర్మమునకుఁ గీడు తలఁచినవాఁడు తా\nదుష్టమార్గుఁ డవును ద్రోవ చెడును\nగురువుపత్నిగవయఁ గోరెడువాఁడు తా\nమొదలెచేడును ముప్పు మొనసి వేమ.	false	["seq"]	["seq"]	100	ె	ే	lengthen	3	3	మొదలెచేడును	false	3	2	45	|U|	["ను","ము","ప్పు"]	pdy-v-01400		
pdy-aataveladi-0777	aataveladi	upajaathi	""	train	అలయఁజేసి మలఁచి యడిగండ్లు మలిగండ్లు\nతిరిపెమీడెడు కటికిదేబెలెల్ల\nనెలమి మన్నుదినెడు నెఱ్ఱలౌదురు సుమీ\nవిశ్వదాభిరామ వినర వేమ.	false	["seq"]	["corr","seq"]	42	ి	ీ	lengthen	1	3	తిరిపెమీడెడు	false	1	3	24	|U|	["కి","దే","బె"]	pdy-v-01401		
pdy-aataveladi-0779	aataveladi	upajaathi	""	train	దానధర్మములును దయయు సత్యము నీతి\nవినయ ధైర్య శౌర్య వీతరణములు\nరాజుపాలిటి కివి రాజయోగంబులు\nవిశ్వదాభిరామ వినర వేమ.	false	["seq"]	["corr","seq"]	49	ి	ీ	lengthen	1	7	వీతరణములు	false	2	0	27	|U|	["లు","రా","జు"]	pdy-v-01402		
pdy-aataveladi-0781	aataveladi	upajaathi	""	train	లోక మరసినట్టి లోకోపకారులు\nభోగభాగ్యములను బొంది తుదను\nపూర్వవాసన విడీపురహరు తావున\nమ్రోగుచుంద్రు తారు మొనసి వేమ.	false	["seq"]	["seq"]	65	ి	ీ	lengthen	2	6	విడీపురహరు	false	2	2	29	||U	["న","వి","డీ"]	pdy-v-01403		
pdy-kandamu-0664	kandamu	jaathi	""	train	నే నెవ్వండని వలపడు\nమానసమునఁ బుడమిలోని మనుజుండటరా\nకానడూ తనశవమును దా\nమానుగఁ గనుగొనుట యెట్లు మహిలో వేమా.	false	["seq"]	["corr","seq"]	53	ు	ూ	lengthen	2	2	కానడూ	false	2	0	25	U|U|	["కా","న","డూ","త"]	pdy-v-01404		
pdy-aataveladi-0783	aataveladi	upajaathi	""	train	జనుఁడు తెలివినొంద చంచలింపదు మది\nదయయు దైవమొగిని దగులు బుద్ధి\nతివురుభానుఁ జూచి తిమిరంబు నిలుచునా\nవిశ్వదాభిరామ వినర వేమ.	true	[]	[]														pdy-v-01405		
pdy-aataveladi-0785	aataveladi	upajaathi	""	train	మంటలోహమందు మ్రాకులు శిలలందు\nపటము గోడలందుఁ బ్రతిమలందు\nతన్నుఁ దెలియుకొఱకు తగూలదా పరమాత్మ\nవిశ్వదాభిరామ వినర వేమ.	false	["seq"]	["seq"]	74	ు	ూ	lengthen	2	9	తగూలదా	false	2	3	33	|U|U	["త","గూ","ల","దా"]	pdy-v-01406		
pdy-aataveladi-0787	aataveladi	upajaathi	""	train	మాటలోనివాని మహిమఁ దాఁ దెలియక\nమాటబయలె లేక మమతఁ జిక్కె\nమాట దెలిసెనెని మఱియాత్మ యోగిరా\nవిశ్వదాభిరామ వినర వేమ.	false	["seq"]	["corr","seq"]	64	ే	ె	shorten	2	5	దెలిసెనెని	false	2	3	34	|U|U	["ఱి","యా","త్మ","యో"]	pdy-v-01407		
pdy-aataveladi-0789	aataveladi	upajaathi	""	train	వంటదప్పునపుడు వంటకము వీషంబు\nకంటఁ జూడఁగానె కంటగించుఁ\nగంటకమునఁ దిన్నకడి గండమైవచ్చు\nవిశ్వదాభిరామ వినర వేమ.	false	["seq"]	["seq"]	22	ి	ీ	lengthen	0	11	వీషంబు	false	0	4	10	|UU|	["ము","వీ","షం","బు"]	pdy-v-01408		
pdy-aataveladi-0790	aataveladi	upajaathi	""	train	వండివచ్చునపుడు వంటక మమృతంబు\nకంటికింపుగానూ కానుపించు\nనొడలతినినదిండి వడిమించ గడిదేఱు\nవిశ్వదాభిరామ వినర వేమ.	false	["seq"]	["corr","seq"]	40	ు	ూ	lengthen	1	5	కంటికింపుగానూ	false	1	2	18	UUU	["గా","నూ","కా"]	pdy-v-01409		
pdy-aataveladi-0791	aataveladi	upajaathi	""	train	కలిగి ధర్మమీయఁ గాననివారును\nకలిగి తినక చాలగ్రాఁగువారు\nకలిమి నెచటఁ జూడఁ గానక చెడుదురు\nవిశ్వదాభిరామ వినర వేమ.	true	[]	[]														pdy-v-01410		
pdy-aataveladi-0794	aataveladi	upajaathi	""	train	దూరదృష్టిఁ గనరు దుడుకుడువదలక\nబారప ట్టెఱుగరు పడినదనుక\nదండసాధ్యు లయిరి ధర్మసాధ్యులూగాక\nభూమిజనులు వెఱ్ఱిబుద్ధి వేమ.	false	["seq"]	["seq"]	80	ు	ూ	lengthen	2	11	ధర్మసాధ్యులూగాక	false	2	4	38	|UU|	["ధ్యు","లూ","గా","క"]	pdy-v-01411		
pdy-aataveladi-0795	aataveladi	upajaathi	""	train	ముష్టి వేపచెట్టు మొదలుగా ప్రజలకు\nపరఁగ మూలికలకు పనికివచ్చు\nనిర్దయాత్మకుండు నీచుఁడెందునకును\nపనికీరాఁడు గదర పరఁగ వేమ.	false	["seq"]	["seq"]	94	ి	ీ	lengthen	3	2	పనికీరాఁడు	false	3	0	40	||U	["ప","ని","కీ"]	pdy-v-01412		
pdy-aataveladi-0797	aataveladi	upajaathi	""	train	తిట్టెనేని మొట్టు మొట్టినఁ గొట్టును\nకొట్టెనేని యముఁడు కొద్దిపఱచూఁ\nగోప మెంచ చెడ్డపాపము నరహత్య\nవిశ్వదాభిరామ వినర వేమ.	false	["seq"]	["seq"]	63	ు	ూ	lengthen	1	11	కొద్దిపఱచూఁ	false	1	4	21	||U	["ప","ఱ","చూ"]	pdy-v-01413		
pdy-aataveladi-0798	aataveladi	upajaathi	""	train	కోపమునను ఘనత కొంచెమై పోవును\nకోపమునను మిగుల గోడుఁజెందుఁ\nగొపమడచెనేని గోరిక లీడేరు\nవిశ్వదాభిరామ వినర వేమ.	false	["seq"]	["corr","seq"]	56	ో	ొ	shorten	2	0	గొపమడచెనేని	false	2	1	29	||U	["డ","చె","నే"]	pdy-v-01414		
pdy-aataveladi-0799	aataveladi	upajaathi	""	dev	కోపమునను నరక కూపముఁ జెందును\nకోపమునను గుణము కొంచె మగును\nకోపమునను బ్రతుకు కొంచేమై పోవును\nవిశ్వదాభిరామ వినర వేమ.	false	["seq"]	["corr","seq"]	76	ె	ే	lengthen	2	9	కొంచేమై	false	2	3	35	UUUU	["కొం","చే","మై","పో"]	pdy-v-01415		
pdy-aataveladi-0801	aataveladi	upajaathi	""	train	పరఁగ లేమిచేత బంధువుల్‌ పగవారు\nపరఁగ లేమిచేతఁ బరము తప్పు\nపరఁగ లేమిచేతఁ బరపతి దప్పురా\nవిశ్వదాభిరామ వీనర వేమ.	false	["seq"]	["seq"]	97	ి	ీ	lengthen	3	6	వీనర	false	3	4	48	|U|	["ర","వే","మ"]	pdy-v-01416		
pdy-aataveladi-0802	aataveladi	upajaathi	""	train	నేర్చి నడుతునన్న నేరమి తా వచ్చు\nనోర్చీ నడతునన్న నోర్పురాదు\nకూర్చి నడతునన్నఁ గూడంగ నీయదు\nవిశ్వదాభిరామ వినర వేమ.	false	["seq"]	["corr","seq"]	37	ి	ీ	lengthen	1	1	నోర్చీ	false	1	0	13	UU|	["నో","ర్చీ","న"]	pdy-v-01417		
pdy-aataveladi-0803	aataveladi	upajaathi	""	train	ధనము లేమి యనెడు దావానలం బది\nతన్నుఁ జెఱచూను దరిదాపుఁ జెఱచు\nధనములేమి చూడఁదలఁచగా పాపంబు\nవిశ్వదాభిరామ వినర వేమ.	false	["seq"]	["seq"]	39	ు	ూ	lengthen	1	4	జెఱచూను	false	1	1	16	||U	["జె","ఱ","చూ"]	pdy-v-01418		
pdy-aataveladi-0804	aataveladi	upajaathi	""	dev	కాఁపు బల్మియున్నఁ గరణాన కది బల్మి\nకరణముబలిమెల్ల గాఁపుబలిమి\nకాఁపుసంతసంబు కరణముసంతోష\nమరసిచూడ లోకమందు వేమ.	true	[]	[]														pdy-v-01419		
pdy-aataveladi-0807	aataveladi	upajaathi	""	train	దోపునిచ్చువాఁడు తులలేని నెఱదాత\nదోఁచుకొన్నవాఁడు ద్రోహి యయ్యె\nప్రాపుఁ జూపువాఁడు పరమపుణ్యుం డయ్యె\nప్రాపుఁజెఱచువాఁడూ పశువు వేమ.	false	["seq"]	["corr","seq"]	111	ు	ూ	lengthen	3	6	ప్రాపుఁజెఱచువాఁడూ	false	3	2	42	UU|	["వా","డూ","ప"]	pdy-v-01420		
pdy-aataveladi-0808	aataveladi	upajaathi	""	test	కూటవాసి యగుచు గుణములఁ బచరించి\nనీటనీడవలెను నిలిచియుండు\nనుదకఘటములందు నొగిఁదోఁచుటే గానీ\nసూర్యుఁడొకఁడు గాఁడె చూడ వేమ.	false	["seq"]	["corr","seq"]	83	ి	ీ	lengthen	2	14	గానీ	true	2	4	39	UUUU	["టే","గా","నీ","సూ"]	pdy-v-01421		
pdy-aataveladi-0811	aataveladi	upajaathi	""	dev	మనసు నిల్పినట్టి మర్మజ్ఞులగువారూ\nగరిమ మోక్షపదముఁ గన్నవారు\nచెట్టుఁబెట్ట ఫలము చేకొనఁడాతాను\nవిశ్వదాభిరామ వినర వేమ.	false	["seq"]	["seq"]	31	ు	ూ	lengthen	0	13	మర్మజ్ఞులగువారూ	false	0	4	10	||UU	["ల","గు","వా","రూ"]	pdy-v-01422		
pdy-aataveladi-0817	aataveladi	upajaathi	""	test	చంపఁదలఁచురాజు చనవగ్గలం బిచ్చుఁ\nజెఱుపనున్న పగఱ చెలిమిసేయుఁ\nగఱవనున్న పాము నెఱికాచుకొనియుండు\nవిశ్వదాభిరామ వినర వేమ.	true	[]	[]														pdy-v-01423		
pdy-aataveladi-0818	aataveladi	upajaathi	""	dev	చెఱకులోననైనఁ జెడ్డగుణం బున్నఁ\nదీసివేయకున్నఁ దినగఁ బోసగ\nదంతిపురము ద్రోహి యాతఁడెట్లుండురా\nవిశ్వదాభిరామ వినర వేమ.	false	["seq"]	["corr","seq"]	51	ొ	ో	lengthen	1	9	బోసగ	false	2	0	24	|U|	["గ","దం","తి"]	pdy-v-01424		
pdy-aataveladi-0819	aataveladi	upajaathi	""	train	తనకు లేనివాఁడు దైవముందూఱును\nతనకుఁ గలీగెనేని దైవ మేల\nతనకు దైవమునకుఁ దగులాటమేశాంతి\nవిశ్వదాభిరామ వినర వేమ.	false	["seq"]	["seq"]	36	ి	ీ	lengthen	1	4	గలీగెనేని	false	1	1	16	|U|	["గ","లీ","గె"]	pdy-v-01425		
pdy-aataveladi-0821	aataveladi	upajaathi	""	train	తన్నుఁ దెలియువారు దైవజ్ఞు లెంతయు\nనిన్నుఁ దెలీయరేని నిలువరైరి\nమాయఁ దెలియకుండ మంటపాలైరయా\nవిశ్వదాభిరామ వినర వేమ.	false	["seq"]	["seq"]	44	ి	ీ	lengthen	1	3	దెలీయరేని	false	1	1	15	|U|	["దె","లీ","య"]	pdy-v-01426		
pdy-aataveladi-0823	aataveladi	upajaathi	""	train	నీవుగలుగుచోటు నెళువు దెలియువాఁడు\nవసుధయందు త్రోవ వదలఁ డెందుఁ\nకాలు కదలనీక గ్రక్కునఁ జెరురా\nవిశ్వదాభిరామ వినర వేమ.	false	["seq"]	["corr","seq"]	83	ే	ె	shorten	2	10	జెరురా	false	2	4	37	||UU	["జె","రు","రా","వి"]	pdy-v-01427		
pdy-aataveladi-0824	aataveladi	upajaathi	""	test	నీవు నిలిచియుండు నిఖిలంబు నిలువదు\nనిలిచియుండు నెండు నీరువలెను\nనీవు నిశ్చయంబు నిఖిలంబు మాయయౌ\nవిశ్వదాభీరామ వినర వేమ.	false	["seq"]	["corr","seq"]	100	ి	ీ	lengthen	3	3	విశ్వదాభీరామ	false	3	1	42	UUU	["దా","భీ","రా"]	pdy-v-01428		
pdy-aataveladi-0827	aataveladi	upajaathi	""	train	చిక్కియున్న వెళ సింహంబునైనను\nబక్కకుక్క చేరి బాధచేయు\nబలిమిలేనివేళఁ బంతంబు చెల్లదు\nవిశ్వదాభిరామ వినర వేమ.	false	["seq"]	["corr","seq"]	13	ే	ె	shorten	0	4	వెళ	false	0	2	4	||U	["వె","ళ","సిం"]	pdy-v-01429		
pdy-aataveladi-0828	aataveladi	upajaathi	""	train	జ్ఞానుల మని యెంచి చపలాత్ము లగువారు\nతెలివిలేక తమ్ముఁ దెలియలేరు\nకష్టగహనమందు కాడ్పడియున్నారు\nవిశ్వదాభిరామ వినర వేమ.	true	[]	[]														pdy-v-01430		
pdy-aataveladi-0830	aataveladi	upajaathi	""	train	పెద్దల వచనములఁ బ్రేమతోఁ జూచి తా\nనటుల నడవఁబోవ ననువుపడదు\nపులిని చూచి నక్క పూతఁపూసిన యట్లు\nవిశ్వదాభిరామ వీనర వేమ.	false	["seq"]	["seq"]	102	ి	ీ	lengthen	3	6	వీనర	false	3	4	50	|U|	["ర","వే","మ"]	pdy-v-01431		
pdy-aataveladi-0831	aataveladi	upajaathi	""	train	బుద్ధియుతున కేల పొసఁగని సౌఖ్యంబు\nకార్యవాదికేల కడుచలంబు\nకుత్సితునకు నేల గురుదేవతాభక్తి\nవిశ్వదాభిరామ వినర వేమ.	true	[]	[]														pdy-v-01432		
pdy-kandamu-0669	kandamu	jaathi	""	test	వినుకలి కనుకలి గోరము\nకనుకలియాకాంతగూడి కవయగ గోరు\nన్‌ గనుగొని ప్రేమన్బొరలును\nఘనతరమోహంబూచోటు గదరా వేమా.	false	["seq"]	["corr","seq"]	84	ు	ూ	lengthen	3	6	ఘనతరమోహంబూచోటు	false	3	2	42	UU||	["బూ","చో","టు","గ"]	pdy-v-01433		
pdy-kandamu-0670	kandamu	jaathi	""	train	మఱవవలె భావసంగతి\nమఱవంగావలెను దూరము మఱి విశ్వములో\nమఱవవలెఁ బరులనేరము\nమఱవంగా వలదు మేలు మహిలో వేమా.	false	["seq"]	["corr","seq"]	29	ు	ూ	lengthen	1	7	దూరము	true	1	3	19	|||U	["ము","మ","ఱి","వి"]	pdy-v-01434		
pdy-aataveladi-0834	aataveladi	upajaathi	""	train	కడుపులోనిరోఁత కడు నోటీయెంగిలి\nకడుగ వశమె బ్రహ్మకొడుకుకైన\nసత్యమున్న కొంత జగతిపై సిద్ధించు\nవిశ్వదాభిరామ వినర వేమ.	false	["seq"]	["seq"]	21	ి	ీ	lengthen	0	10	నోటీయెంగిలి	false	0	3	7	||UU	["క","డు","నో","టీ"]	pdy-v-01435		
pdy-aataveladi-0835	aataveladi	upajaathi	""	train	అన్నిగోసివేసి యనలంబు చల్లార్చి\nగోచిబిగియఁగట్టి కోప మడచి\nయాసవిడిచెనేని యతఁడు తా యోగిరా\nవిశ్వదాభిరామ వినర వేమ.	true	[]	[]														pdy-v-01436		
pdy-aataveladi-0837	aataveladi	upajaathi	""	train	గీము విడిచి సుగుడి గిక్కురుమన కుండూ\nజీవు విడుచువేళ శివునిఁ దలఁచు\nమనసు గొల్పకయును మాయచేఁ బొరలెడు\nపాపనరుల కేటి పరము వేమ.	false	["seq"]	["seq"]	34	ు	ూ	lengthen	0	14	కుండూ	false	0	4	11	||UU	["మ","న","కుం","డూ"]	pdy-v-01437		
pdy-aataveladi-0841	aataveladi	upajaathi	""	train	అరుదుగా నడిగిన యతఁడర్థిగాఁబోడు\nతఱచుగా నొసగక దాతగాఁడు\nదాత కర్థి కింత తారతమ్యము సుమా\nవిశ్వదాభిరామ వినర వేమ.	true	[]	[]														pdy-v-01438		
pdy-aataveladi-0842	aataveladi	upajaathi	""	test	తల్లిదండ్రులందు దారిద్ర్యయుతులందు\nనమ్మని నిరుపేద నరులయందు\nప్రభువులందుఁ జూడ భయభక్తు లమరిన\nనిహముఫలము కల్గు నెసఁగు వేమ.	true	[]	[]														pdy-v-01439		
pdy-aataveladi-0843	aataveladi	upajaathi	""	train	ముట్టుముట్టనుచును ముట్టరా దందురు\nముట్టుకు దరి యేమి మూలమేమి\nనవబిలములముఱికి నరుల కందఱకును\nవిశ్వదాభిరామ వినర వేమ.	true	[]	[]														pdy-v-01440		
pdy-aataveladi-0844	aataveladi	upajaathi	""	dev	పరఁగఁదానొసఁగక పరులు చెప్పినదైన\nనియ్యజాలకవిధి నెసఁగువాఁడు\nపొట్టుఁదినెడులండి బువ్వలు పెట్టునా\nవిశ్వదాభిరామ వినర వేమ.	true	[]	[]														pdy-v-01441		
pdy-aataveladi-0846	aataveladi	upajaathi	""	train	సకలవిద్య లరసి సంతోషపడవచ్చుఁ\nజెయ్యిసాచి కాసు లియ్యఁలేడు\nచెలఁగీ యొరులకైన చెప్పవచ్చునుగాని\nతాను చేయలేఁడు ధరను వేమ.	false	["seq"]	["seq"]	60	ి	ీ	lengthen	2	2	చెలఁగీ	false	2	0	25	||U	["చె","ల","గీ"]	pdy-v-01442		
pdy-aataveladi-0847	aataveladi	upajaathi	""	test	ధర్మసత్యములను దప్పకచేయని\nకర్మజీవీ మేలుఁ గానఁలేఁడు\nనిర్మలహృదయుండు నీరూపమున నుండు\nవిశ్వదాభిరామ వినర వేమ.	false	["seq"]	["corr","seq"]	32	ి	ీ	lengthen	1	3	కర్మజీవీ	false	1	1	15	UUU	["జీ","వీ","మే"]	pdy-v-01443		
pdy-aataveladi-0848	aataveladi	upajaathi	""	train	ధనములేమి కులము తక్కువపడవచ్చు\nధనములేమి కీర్తి దలఁగిపోవు\nధనములేమి శుచినీ దగఁబుట్టనియ్యదు\nధనములేమి ఘనత తప్పు వేమ.	false	["seq"]	["seq"]	69	ి	ీ	lengthen	2	7	శుచినీ	false	2	2	32	||U	["శు","చి","నీ"]	pdy-v-01444		
pdy-aataveladi-0849	aataveladi	upajaathi	""	train	ధనములేమి సుతులు తప్పుల నిడుదురు\nధనమూలేమి పత్నిఁ దాకరాదు\nధనములే మెవరికి తాళిక యుండదు\nవిశ్వదాభిరామ వినర వేమ.	false	["seq"]	["seq"]	35	ు	ూ	lengthen	1	2	ధనమూలేమి	false	1	0	15	||U	["ధ","న","మూ"]	pdy-v-01445		
pdy-aataveladi-0850	aataveladi	upajaathi	""	dev	చచ్చువార లెవరు చావనివా రేరి\nచచ్చి బ్రతికియుండుజన్ము లెవరు\nవిచ్చలవిడిగాను వివరించి చూడరా\nవిశ్వదాభిరామ వినర వేమ.	true	[]	[]														pdy-v-01446		
pdy-aataveladi-0852	aataveladi	upajaathi	""	dev	పెట్టువార లెవరు పెట్టకుందు రెవరు\nపెట్టిపుట్టినట్టిదిట్ట లెవరూ\nపట్టుదప్పకుండ భావించి చూడరా\nవిశ్వదాభిరామ వినర వేమ.	false	["seq"]	["seq"]	60	ు	ూ	lengthen	1	10	లెవరూ	false	1	4	22	||U	["లె","వ","రూ"]	pdy-v-01447		
pdy-aataveladi-0854	aataveladi	upajaathi	""	train	కట్టువార లేరి కట్టినవారేరి\nకట్టికట్ట లేని కర్ము లేరి\nగట్టిపఱచిలెస్స గనుగల్గి చూడరా\nవిశ్వదాభిరామ వినర వేమ.	true	[]	[]														pdy-v-01448		
pdy-aataveladi-0859	aataveladi	upajaathi	""	train	రోగియైనవాఁడు రోగి నెఱుంగును\nరోగి నరసిచూచి రూఢిగాను\nరోగీ కిడినవానిరాగి బంగా రౌను\nవిశ్వదాభిరామ వినర వేమ.	false	["seq"]	["corr","seq"]	54	ి	ీ	lengthen	2	1	రోగీ	false	2	0	23	UU|	["రో","గీ","కి"]	pdy-v-01449		
pdy-aataveladi-0862	aataveladi	upajaathi	""	train	నేరనిజనులకును నేర్పు నేరము లెల్లఁ\nజక్కఁజేయరిల నసాధుజనము\nలొప్పుదుర్జనులను తప్పుగనెంతురు\nవిశ్వదాభిరామ వినర వేమ.	true	[]	[]														pdy-v-01450		
pdy-aataveladi-0863	aataveladi	upajaathi	""	train	దిక్కులేనిరోఁత దీనతఁ బాపిన\nపురుషుఁడిహమునందు పూజ్యుఁడగును\nపరమునందు వాని భాగ్య మేమనవచ్చు\nవిశ్వదాభిరామ వినర వేమ.	true	[]	[]														pdy-v-01451		
pdy-aataveladi-0864	aataveladi	upajaathi	""	dev	పలుగువానీ కేల పరసమృద్ధి దలంప\nపలుగువాని కేల భక్తిపదము\nపలుగువాని కేల పరమార్థ తత్వంబు\nవిశ్వదాభిరామ వినర వేమ.	false	["seq"]	["corr","seq"]	8	ి	ీ	lengthen	0	4	పలుగువానీ	false	0	1	3	UUU	["వా","నీ","కే"]	pdy-v-01452		
pdy-aataveladi-0865	aataveladi	upajaathi	""	train	తండ్రిసొమ్మునైన దాయాదిసొమ్మైనఁ\nబరులసొమ్మునయినఁ బ్రాప్తధనము\nదయను దీనులకును దాన మిచ్చినవాఁడె\nబహుళపుణ్యజనుఁడు పరఁగ వేమ.	true	[]	[]														pdy-v-01453		
pdy-aataveladi-0867	aataveladi	upajaathi	""	train	ధైర్యయుతుని కితరధనమైన నదురేమి\nదాన మిచ్చునపుడె తనకూఁదక్కె\nనెలమి మించుపనికినెవ రేమిసేయుదు\nరడుగుదప్ప తప్పు పిడుగు వేమ.	false	["seq"]	["seq"]	49	ు	ూ	lengthen	1	9	తనకూఁదక్కె	false	1	3	23	||U	["త","న","కూ"]	pdy-v-01454		
pdy-aataveladi-0872	aataveladi	upajaathi	""	train	పట్టువస్త్రములను పరఁగ భూషణములు\nకుదువ లిడుటలెల్ల గొదువవద్దు\nలనుభవింపఁగూడఁ డతఁడెంతవాఁడైన\nవిశ్వదాభిరామ వినర వేమ.	true	[]	[]														pdy-v-01455		
pdy-aataveladi-0876	aataveladi	upajaathi	""	train	కండకావరమునఁ గానఁడు మరణంబు\nమదముచెతఁ దత్వమహిమఁ గనఁడు\nభోగవాంఛచేతఁ బుణ్యంబుఁ గానఁడు\nవిశ్వదాభిరామ వినర వేమ.	false	["seq"]	["corr","seq"]	31	ే	ె	shorten	1	3	మదముచెతఁ	false	1	1	17	||U	["చె","త","ద"]	pdy-v-01456		
pdy-aataveladi-0877	aataveladi	upajaathi	""	train	తెలుపు మాపుచేసి దిట్టతనంబునఁ\nదెలుపు భస్మముగను దేటపఱుచు\nవిధముకన్నఁ బరూసవేదియు లేదురా\nవిశ్వదాభిరామ వినర వేమ.	false	["seq"]	["seq"]	68	ు	ూ	lengthen	2	6	బరూసవేదియు	false	2	2	31	|U|	["బ","రూ","స"]	pdy-v-01457		
pdy-aataveladi-0878	aataveladi	upajaathi	""	train	దుండగీడు కొడుకు కొండీడు చెలికాఁడు\nబండరాజునకును బడుగుమంత్రి\nకొండముచ్చునకును గోఁతియు సరియౌను\nవిశ్వదాభిరామ వినర వేమ.	true	[]	[]														pdy-v-01458		
pdy-aataveladi-0879	aataveladi	upajaathi	""	train	పుట్టుదుఃఖమూనను పొరలుదుఃఖమునను\nగిట్టుదుఃఖమునను క్రిం దగుదురు\nమనుజదుఃఖమువలె మఱిలేదు దుఃఖంబు\nవిశ్వదాభిరామ వినర వేమ.	false	["seq"]	["corr","seq"]	11	ు	ూ	lengthen	0	4	పుట్టుదుఃఖమూనను	false	1	0	13	||U	["న","ను","గి"]	pdy-v-01459		
pdy-aataveladi-0880	aataveladi	upajaathi	""	train	పెట్టినంత ఫలము పెక్కండ్ర కుపహతిఁ\nజెయకున్నఁ దాను జెఱుపకున్న\nపెండ్లిసేయునట్టి పెద్దఫలంబురా\nవిశ్వదాభిరామ వినర వేమ.	false	["seq"]	["corr","seq"]	34	ే	ె	shorten	1	0	జెయకున్నఁ	false	1	0	14	||U	["జె","య","కు"]	pdy-v-01460		
pdy-aataveladi-0881	aataveladi	upajaathi	""	test	మేకఁ జంకఁబెట్టి మెలఁగుచు మందలో\nబ్రమసి తిరుగూ గొల్లపగిది గాక\nదైవ మెఱుఁగక పరదైవముల్‌ దలఁచును\nవిశ్వదాభిరామ వినర వేమ.	false	["seq"]	["seq"]	43	ు	ూ	lengthen	1	5	తిరుగూ	false	1	1	16	||U	["తి","రు","గూ"]	pdy-v-01461		
pdy-aataveladi-0882	aataveladi	upajaathi	""	train	వేడబంబువానీ వినయంబు లధికంబు\nచెడ్డముండ ముసుఁగు చెలఁగిపెట్టు\nచెడిపెకొడుకు మిగులచేయు నాచారంబు\nవిశ్వదాభిరామ వినర వేమ.	false	["seq"]	["corr","seq"]	10	ి	ీ	lengthen	0	5	వేడబంబువానీ	false	0	2	4	UU|	["వా","నీ","వి"]	pdy-v-01462		
pdy-aataveladi-0884	aataveladi	upajaathi	""	train	ఇమ్ము దప్పువేళ నెమ్మెలన్నియుఁ దక్కి\nకాల మొక్క రీతిఁ గడూపవలయు\nవిజయుఁ డనువుదప్పి విరటుని గొలువఁడా\nవిశ్వదాభిరామ వినర వేమ.	false	["seq"]	["seq"]	54	ు	ూ	lengthen	1	7	గడూపవలయు	false	1	3	19	|U|	["గ","డూ","ప"]	pdy-v-01463		
pdy-aataveladi-0891	aataveladi	upajaathi	""	dev	నొసలు బత్తుఁడయ్యె నోరు తోడే లయ్యె\nమనసు భూతమువలె మలయఁగాను\nశివునిఁ గనియె నన్నసిగ్గెట్లూ గాదొకొ\nవిశ్వదాభిరామ వినర వేమ.	false	["seq"]	["corr","seq"]	84	ు	ూ	lengthen	2	10	నన్నసిగ్గెట్లూ	false	2	3	34	UUUU	["సి","గ్గె","ట్లూ","గా"]	pdy-v-01464		
pdy-aataveladi-0900	aataveladi	upajaathi	""	train	భూతి దేహమందుఁ బూసిన నాయెనా\nనిష్ఠ శివునియందె నిలుపవలయుఁ\nగానీ భస్మమందు గాడిదె పొర్లదా\nవిశ్వదాభిరామ వినర వేమ.	false	["seq"]	["corr","seq"]	58	ి	ీ	lengthen	2	1	గానీ	true	2	0	25	UUU	["గా","నీ","భ"]	pdy-v-01465		
pdy-aataveladi-0902	aataveladi	upajaathi	""	train	బోడితలల జడల బూడిదెపూఁతల\nభాషణాసనముల వేషములనూ\nయోగిగాఁడు లోన బాగుగాకుండెనా\nవిశ్వదాభిరామ వినర వేమ.	false	["seq"]	["seq"]	42	ు	ూ	lengthen	1	11	వేషములనూ	false	1	4	23	||U	["ము","ల","నూ"]	pdy-v-01466		
pdy-aataveladi-0903	aataveladi	upajaathi	""	train	కాయగూరలుతిని కాషాయవస్త్రము\nల్‌ బోడినెత్తి గలిగి పొరయుచుండ్రు\nతలలు బోడులైనఁ దలఁపులు బోడులా\nవిశ్వదాభిరామ వినర వేమ.	true	[]	[]														pdy-v-01467		
pdy-aataveladi-0905	aataveladi	upajaathi	""	train	కావిపంచె గట్టికడుయోగివలెనుండి\nవెదకి కోర్కులెల్ల విడీచిపెట్టి\nతొడరి తిరుగువాఁడు దొంగసన్యాసిరా\nవిశ్వదాభిరామ వినర వేమ.	false	["seq"]	["seq"]	51	ి	ీ	lengthen	1	8	విడీచిపెట్టి	false	1	3	21	|U|	["వి","డీ","చి"]	pdy-v-01468		
pdy-aataveladi-0908	aataveladi	upajaathi	""	dev	జీవలింగపూజఁ జేసినవారికి\nశిలలరూపమందుఁ జింతయేల\nచెలఁగి మధువు గ్రోలఁజెదు రుచించునా\nవిశ్వదాభిరామ వినర వేమ.	false	["seq"]	["corr","seq"]	65	ే	ె	shorten	2	8	గ్రోలఁజెదు	false	2	4	35	|UU|	["చు","నా","వి","శ్వ"]	pdy-v-01469		
pdy-aataveladi-0909	aataveladi	upajaathi	""	dev	శివుఁడు గలఁడటంచు శిలలకు మ్రొక్కెడి\nవెఱ్ఱిజీవులార వెతల విడుడి\nజీవులందే కాక శిలల నేమున్నది\nవిశ్వదాభిరామ వినర వేమ.	false	["seq"]	["corr","seq"]	68	ె	ే	lengthen	2	3	జీవులందే	true	2	1	29	UUU	["లం","దే","కా"]	pdy-v-01470		
pdy-aataveladi-0910	aataveladi	upajaathi	""	train	రాతిప్రతిమ దెచ్చి రాజసంబుననుంచి\nపూజసేయు నరుఁడు బుద్ధిమాలి\nభావమందుఁ బరము భావించ నేరఁడు\nవిశ్వదాభిరామ వీనర వేమ.	false	["seq"]	["seq"]	100	ి	ీ	lengthen	3	6	వీనర	false	3	4	46	|U|	["ర","వే","మ"]	pdy-v-01471		
pdy-aataveladi-0911	aataveladi	upajaathi	""	train	జంగమాఖ్య భక్తి సంధివేఱుగలేదు\nసగుణభావ మదియ శాస్త్ర విధియు\nనిర్గుణంబు వీడు నెఱినేదియెఱుఁగఁడు\nవిశ్వదాభిరామ వినర వేమ.	true	[]	[]														pdy-v-01472		
pdy-aataveladi-0913	aataveladi	upajaathi	""	test	జాతిమతము విడిచి చని యోగిగా మేలు\nజాతితొనెయుండె నీతులెల్ల\nమతముఁబట్టి జాతి మానకుంట కొఱంత\nవిశ్వదాభిరామ వినర వేమ.	false	["seq"]	["corr","seq"]	37	ో	ొ	shorten	1	2	జాతితొనెయుండె	false	1	1	17	||U	["తొ","నె","యుం"]	pdy-v-01473		
pdy-aataveladi-0915	aataveladi	upajaathi	""	train	వెదవిద్యలెల్ల వేశ్యలవంటివి\nభ్రమలపెట్టి తేటపడగ నీవు\nగుప్తవిద్య యొకటె కులకాంతవంటిది\nవిశ్వదాభిరామ వినర వేమ.	false	["seq"]	["corr","seq"]	1	ే	ె	shorten	0	0	వెదవిద్యలెల్ల	false	0	0	0	||U	["వె","ద","వి"]	pdy-v-01474		
pdy-aataveladi-0919	aataveladi	upajaathi	""	train	ప్రేతయన్న మనుచుఁ బ్రీతీతోఁ బిలిపించి\nకాకులకును బెట్టు కర్ములార\nకాకులందు నేమి ఘనులకుఁ బెట్టుఁడీ\nవిశ్వదాభిరామ వినర వేమ.	false	["seq"]	["corr","seq"]	22	ి	ీ	lengthen	0	8	బ్రీతీతోఁ	false	0	3	7	UUU|	["బ్రీ","తీ","తో","బి"]	pdy-v-01475		
pdy-aataveladi-0920	aataveladi	upajaathi	""	train	పిండములను జేసి పితరులఁదలపోసి\nకాకులకును బెట్టూ గాడ్దెలార\nపెంటఁదినెడు కాకి పితరుఁ డెట్లాయెనో\nవిశ్వదాభిరామ వినర వేమ.	false	["seq"]	["corr","seq"]	44	ు	ూ	lengthen	1	6	బెట్టూ	false	1	2	20	UUU	["బె","ట్టూ","గా"]	pdy-v-01476		
pdy-aataveladi-0922	aataveladi	upajaathi	""	dev	కంబళములఁ గట్టి గంటలు గజ్జలు\nబోడితలలు కావి బొంతచీటికె\nలాత్మదేవపూజ లవి సేయనేరవు\nవిశ్వదాభిరామ వినర వేమ.	false	["seq"]	["corr","seq"]	47	ి	ీ	lengthen	1	9	బొంతచీటికె	false	2	0	24	|U|	["కె","లా","త్మ"]	pdy-v-01477		
pdy-aataveladi-0923	aataveladi	upajaathi	""	train	మానసంపురక్తి మసలక యాత్మలో\nబోడితలల సొంపు పొల్పుమీఱ\nకడుపుకొఱకుఁ దిరుగు కష్టంపుమతితోడ\nవిశ్వదాభిరామ వినర వేమ.	true	[]	[]														pdy-v-01478		
pdy-aataveladi-0924	aataveladi	upajaathi	""	train	పుస్తకములు జడలు పులితోలు బెత్తంబు\nకక్షపాలలు పది లక్షలైన\nమోత చేటు గాని మోక్షంబు లేదయా\nవిశ్వదాభిరామ వినర వేమ.	true	[]	[]														pdy-v-01479		
pdy-kandamu-0675	kandamu	jaathi	""	train	హృదయమూ పదిలంబైనను\nగుదికొను సన్యాసమునకుఁ గొమ్మలు గలవా\nయిదియెఱుఁగరు చదువరులటు\nమది ముక్తికి నాస్పదంబు మహిలో వేమా.	false	["seq"]	["seq"]	5	ు	ూ	lengthen	0	3	హృదయమూ	false	0	0	0	|||U	["హృ","ద","య","మూ"]	pdy-v-01480		
pdy-aataveladi-0925	aataveladi	upajaathi	""	dev	ఆసనములు పన్ని యంగంబు బిగియించి\nయొడలు విఱుచుకొనెడి యోగమెల్ల\nజెట్టిసాముకన్నఁ జింతాకు తక్కువ\nవిశ్వదాభిరామ వినర వేమ.	true	[]	[]														pdy-v-01481		
pdy-aataveladi-0926	aataveladi	upajaathi	""	train	కడుపు బోరగించి కన్నులు ముకుళించి\nబిఱ్ఱబిగిసికొన్న బీదయోగి\nయమునిబాఱిగొఱ్ఱె యతఁ డేమిసేయును\nవిశ్వదాభిరామ వినర వేమ.	true	[]	[]														pdy-v-01482		
pdy-kandamu-0676	kandamu	jaathi	""	train	రేచకపూరక కుంభక\nసూచకములు రాజయోగి సుస్థిరమతియై\nలోచూపుచూడనొల్లక\nవాచాబ్రహ్మంబు పలుకవద్దుర వేమా.	true	[]	[]														pdy-v-01483		
pdy-kandamu-0677	kandamu	jaathi	""	train	పడిపడి మ్రొక్కఁగ నేటికి\nగుడిలోపలి కఠినశిలల గుణములు చెడునా\nగూడి దేహ మాత్మదేవుఁడు\nచెడురాళ్ళకు వట్టిపూజ సేయకు వేమా.	false	["seq"]	["corr","seq"]	59	ు	ూ	lengthen	2	0	గూడి	true	2	0	28	U|U|	["గూ","డి","దే","హ"]	pdy-v-01484		
pdy-aataveladi-0927	aataveladi	upajaathi	""	train	పలుగురాళ్ళఁ దెచ్చి పరఁగగుడులు కట్టి\nచెలఁగిశిలలసేవఁ జేయనేల\nశిలలసేవఁ జేయ ఫలమేమి గల్గురా\nవిశ్వదాభిరామ వినర వేమ.	true	[]	[]														pdy-v-01485		
pdy-aataveladi-0930	aataveladi	upajaathi	""	dev	వ్రాఁత వెంటఁగానీ వరమీడు దైవంబు\nసేఁతకొలదిగాని వ్రాఁతగాదు\nవ్రాఁతకజుఁడు కర్త చేఁతకుఁ దాఁగర్త\nవిశ్వదాభిరామ వినర వేమ.	false	["seq"]	["corr","seq"]	15	ి	ీ	lengthen	0	5	వెంటఁగానీ	false	0	2	4	UU|	["గా","నీ","వ"]	pdy-v-01486		
pdy-aataveladi-0931	aataveladi	upajaathi	""	train	దోసకారియైన దూసరికాఁడైనఁ\nబతితుఁడైన వేదబాహ్యుఁడైన\nవట్టిలేని పేదవాని కీఁదగు నీవి\nధనికునకు నొసంగఁ దగదు వేమ.	true	[]	[]														pdy-v-01487		
pdy-aataveladi-0933	aataveladi	upajaathi	""	train	తాను విమలుఁడైనఁ దనగుణ మంతయు\nశివుని కీనిగురువు చెడుగురుండు\nగ్రుడ్డిగుఱ్ఱ మెక్కీ గుడి దిరిగినటుల\nవిశ్వదాభిరామ వినర వేమ.	false	["seq"]	["corr","seq"]	77	ి	ీ	lengthen	2	5	మెక్కీ	false	2	2	31	UU|	["మె","క్కీ","గు"]	pdy-v-01488		
pdy-aataveladi-0934	aataveladi	upajaathi	""	train	జార పురుషుమీఁద సద్భక్తి నిలుపుచు\nపతికి నిచ్చకంబు బడయుభంగి\nపరముకొఱకు యోగి పాటించు దేహంబు\nవిశ్వదాభిరామ వినర వేమ.	true	[]	[]														pdy-v-01489		
pdy-aataveladi-0935	aataveladi	upajaathi	""	train	తనువులోన జీవతత్వ మెఱుంగక\nవేఱె కలదటంచు వెదుకనేల\nభానుడుండ దివ్వెఁబట్టి వెదుకు రీతి\nవిశ్వదాభిరామ వినర వేమ.	true	[]	[]														pdy-v-01490		
pdy-aataveladi-0936	aataveladi	upajaathi	""	train	చదువులందు లేదు శాస్త్రంబులను లేదు\nవేదములను దైవభేదములను\nబైటనున్న ముక్తీ పాటించ లేఁడయా\nవిశ్వదాభిరామ వినర వేమ.	false	["seq"]	["corr","seq"]	69	ి	ీ	lengthen	2	5	ముక్తీ	false	2	2	30	UUU	["ము","క్తీ","పా"]	pdy-v-01491		
pdy-aataveladi-0938	aataveladi	upajaathi	""	dev	బొమ్మలాటవాఁడు బొమ్మల నాడించు\nభువిని జనులుచూఁడ బొలుపుమీఱ\nతానుమఱిగియుండి దైవ మాడించురా\nవిశ్వదాభిరామ వినర వేమ.	true	[]	[]														pdy-v-01492		
pdy-aataveladi-0939	aataveladi	upajaathi	""	test	పరయువతిరతంబు పాటించి కోరిన\nకోటిపూజలెల్లఁ గొల్లఁబోవు\nసెగకు పొంతనున్న చెడదె తాపముచేత\nవిశ్వదాభిరామ వినర వేమ.	true	[]	[]														pdy-v-01493		
pdy-aataveladi-0940	aataveladi	upajaathi	""	dev	తప్పురూపు గట్టి ధరలోనఁ దిరిగెడు\nసేఁతలెల్ల మిత్తిఁజేరుకొఱకె\nకడుపునిండ నింత కష్టంబు లేలరా\nవిశ్వదాభిరామ వినర వెమ.	false	["seq"]	["seq"]	107	ే	ె	shorten	3	9	వెమ	false	3	4	47	||	["వె","మ"]	pdy-v-01494		
pdy-aataveladi-0941	aataveladi	upajaathi	""	train	వాక్కుశుద్ధి లేనివాఁడు చండాలుండు\nప్రేమశుద్ధిలేని పెట్టులేల\nనొసలు భక్తుఁడైన నోరూ తోడేలయా\nవిశ్వదాభిరామ వినర వేమ.	false	["seq"]	["corr","seq"]	78	ు	ూ	lengthen	2	8	నోరూ	false	2	3	29	UUUU	["నో","రూ","తో","డే"]	pdy-v-01495		
pdy-aataveladi-0942	aataveladi	upajaathi	""	train	పరఁగ బొమ్మగుడ్డు పరికించి చూచిన\nకులముల నిలయందుఁ గూడఁబెట్టు\nనందఱొకటఁ గలియ నన్నదమ్ములె కదా\nవిశ్వదాభిరామ వినర వేమ.	true	[]	[]														pdy-v-01496		
pdy-aataveladi-0943	aataveladi	upajaathi	""	train	కూడ దేమిచేసె గులమేమి చేసెను\nభూమి యేమిచేసె బొందికట్టె\nనరుఁడు పడెడుపాట్లు నగుబాట్లు చూడరా\nవిశ్వదాభిరామ వినర వేమ.	true	[]	[]														pdy-v-01497		
pdy-aataveladi-0945	aataveladi	upajaathi	""	test	చావు వచ్చినపుడు సన్యసించునదెట్లు\nకడకు మొదటీకులము చెడినదగును\nపాప మొకటి గలదు ఫలమేమి లేదయా\nవిశ్వదాభిరామ వినర వేమ.	false	["seq"]	["seq"]	42	ి	ీ	lengthen	1	5	మొదటీకులము	false	1	1	17	||U	["మొ","ద","టీ"]	pdy-v-01498		
pdy-aataveladi-0946	aataveladi	upajaathi	""	train	శూద్రు లనుచు భువిని శూద్రులఁ బోనాఁడు\nమాలకన్న చెడుగు మహినిలేఁడు\nనరకమునకు నేగు నష్టమైన వెనుక\nవిశ్వదాభిరామ వినర వేమ.	true	[]	[]														pdy-v-01499		
pdy-aataveladi-0947	aataveladi	upajaathi	""	train	పూజకన్న నెంచ బుద్ధి నిధానంబు\nమాటకన్న నెంచ మనసు దృఢము\nకులముకన్న మిగుల గుణమే ప్రధానంబు\nవిశ్వదాభిరామ వినర వేమ.	true	[]	[]														pdy-v-01500		
pdy-kandamu-0680	kandamu	jaathi	""	train	గ్రామము భూముల మానుక\nప్రేమోదయమింత లేక భీకరమతులై\nభామల సుతులను వదలుక\nబాములఁ బడనేల యడవిపట్టున వేమా.	true	[]	[]														pdy-v-01501		
pdy-aataveladi-0953	aataveladi	upajaathi	""	train	మాలవాఁడయినను మఱియాత్మమీఁదను\nమనసు నిల్పెనేని మాలగాఁడు\nమనసు నిల్పకున్న మహిమీఁద మాలఁడు\nవిశ్వదాభిరామ వినర వేమ.	true	[]	[]														pdy-v-01502		
pdy-aataveladi-0954	aataveladi	upajaathi	""	train	తాతఁ గన్నతల్లి తనతండ్రిఁ గనుతల్లి\nతన్నుఁగన్న తల్లి తల్లితల్లి\nతల్లి శూద్రురాలు తానెట్లు బాపఁడో\nవిశ్వదాభిరామ వినర వేమ.	true	[]	[]														pdy-v-01503		
pdy-kandamu-0681	kandamu	jaathi	""	train	ధర గిరులూ జలధు లన్నియు\nపరికింపగఁ బ్రళయమునను భస్మావృతులౌ\nసురలును మునులును జనఁగా\nనెరయోగులు నుండఁగలరె నేర్పున వేమా.	false	["seq"]	["seq"]	8	ు	ూ	lengthen	0	4	గిరులూ	false	0	2	7	|U||	["ధు","ల","న్ని","యు"]	pdy-v-01504		
pdy-aataveladi-0958	aataveladi	upajaathi	""	train	గట్టురాళ్ళఁ దెచ్చి కాళ్ళచేతులఁ ద్రొక్కి\nకాసెయులులచేతఁ గాసిఁజేసి\nమొఱుపురాళ్ళ కెఱగుమొప్పెల నేమందు\nవిశ్వదాభిరామ వినర వేమ.	true	[]	[]														pdy-v-01505		
pdy-aataveladi-0959	aataveladi	upajaathi	""	train	తోలుకడుపులోన దొడ్డవాఁ డుండఁగ\nరాతిగుళ్ళలోన రాశిఁబోయ\nరాళ్లుదేవుఁడైన రాసుల మ్రింగవా\nవిశ్వదాభిరామ వీనర వేమ.	false	["seq"]	["seq"]	95	ి	ీ	lengthen	3	6	వీనర	false	3	4	43	|U|	["ర","వే","మ"]	pdy-v-01506		
pdy-aataveladi-0960	aataveladi	upajaathi	""	train	రాతిబసవని గని రంగుగా మ్రొక్కుచు\nగునుకుబసవని గని గ్రుద్దుచుండ్రు\nబసవభక్తులెల్ల పాపులె తలపోయ\nవిశ్వదాభిరామ వినర వేమ.	true	[]	[]														pdy-v-01507		
pdy-aataveladi-0961	aataveladi	upajaathi	""	train	మన్నుమెత్తి కడిగి మఱిరూపు గావించి\nగుంతనిండఁ బూడ్చి గుఱుతు నిల్పి\nమనుజులెల్లఁ గుడి మఱిదేవుఁ డందురు\nవిశ్వదాభిరామ వినర వేమ.	false	["seq"]	["corr","seq"]	78	ూ	ు	shorten	2	5	గుడి	true	2	3	33	|U|U	["ఱి","దే","వు","డం"]	pdy-v-01508		
pdy-aataveladi-0963	aataveladi	upajaathi	""	test	విషసహితులు నరులు విషధరు లెన్నఁగ\nవిష విషధరములను విరియఁగొట్ట\nనఘము వచ్చుకడకు నాయువుకొదువగు\nవిశ్వదాభిరామ వినర వేమ.	true	[]	[]														pdy-v-01509		
pdy-aataveladi-0965	aataveladi	upajaathi	""	train	వాడవదినెకేల వావివర్తనములు\nచాడివాని కేల జాడబుద్ధి\nమూఢసతులకేల ముదముతో జ్ఞానంబు\nవిశ్వదాభిరామ వినర వేమ.	true	[]	[]														pdy-v-01510		
pdy-kandamu-0682	kandamu	jaathi	""	train	దూలాలు టెంకినుండిన\nవాలాయము చేటు వచ్చు వసుమతిలోన\nన్‌ లోలాక్ష విడిచిపెట్టిన\nమేలిమిగా బ్రతుకవచ్చు మేదిని వేమా.	true	[]	[]														pdy-v-01511		
pdy-aataveladi-0967	aataveladi	upajaathi	""	test	మానినీమనోజమంది రానందైక\nలోలురెల్ల రూర్ధ్వలోకసుఖము\nమాలవాడకుక్క మధురాన్న మెఱుఁగునా\nవిశ్వదాభిరామ వినర వేమ.	true	[]	[]														pdy-v-01512		
pdy-aataveladi-0969	aataveladi	upajaathi	""	dev	నాణెమైన చెడిప నయ మెఱింగి తిరుగు\nవిటుని కుస్తరించు వివర మెఱుఁగు\nబానిసైనతొత్తు పాటింపరాదయా\nవిశ్వదాభిరామ వినర వేమ.	true	[]	[]														pdy-v-01513		
pdy-aataveladi-0970	aataveladi	upajaathi	""	train	పంద నధికుఁ జేసి బవరంబునకుఁ బంపఁ\nబాఱిపోవుఁ గార్యభంగమౌను\nపాఱునట్టిబంటు పనికిరాఁ డెందును\nవిశ్వదాభిరామ వీనర వేమ.	false	["seq"]	["seq"]	100	ి	ీ	lengthen	3	6	వీనర	false	3	4	46	|U|	["ర","వే","మ"]	pdy-v-01514		
pdy-aataveladi-0974	aataveladi	upajaathi	""	dev	గొప్పపిఱుఁదు గన్న కుచకుంభములఁ గన్న\nచెప్పరానిచోటి చెలూవుగన్న\nముప్పిరి గొనునయ్య మొనసిన మోహంబు\nవిశ్వదాభిరామ వినర వేమ.	false	["seq"]	["seq"]	52	ు	ూ	lengthen	1	7	చెలూవుగన్న	false	1	3	21	|U|	["చె","లూ","వు"]	pdy-v-01515		
pdy-aataveladi-0976	aataveladi	upajaathi	""	train	మతముదారి యగుచు మధురాధరముఁ జూచి\nమగువరూపుఁ జూచి మనసు మఱచు\nయోనిఁజూచి సర్వయోగముల్‌ మఱచురా\nవిశ్వదాభిరామ వినర వేమ.	true	[]	[]														pdy-v-01516		
pdy-aataveladi-0977	aataveladi	upajaathi	""	train	నీళ్ళ మునుఁగనేల నిధుల మెట్టఁగనేల\nమొనసి వేల్పులకును మ్రొక్కనేల\nకపటకల్మషములు కడుపులో నుండఁగా\nవిశ్వదాభిరామ వినర వేమ.	true	[]	[]														pdy-v-01517		
pdy-aataveladi-0979	aataveladi	upajaathi	""	train	కుంటికుక్క కెల కుందేటిపరువులు\nపిరికిబంటుకేల బిరుదుగొడుగు\nముసలిముండ కేల ముసిముసినవ్వులు\nవిశ్వదాభిరామ వినర వేమ.	false	["seq"]	["corr","seq"]	12	ే	ె	shorten	0	4	కెల	false	0	2	4	||U	["కె","ల","కుం"]	pdy-v-01518		
pdy-aataveladi-0981	aataveladi	upajaathi	""	train	పరఁగ జలకమాడి పట్టెనామముదీర్చి\nనీరుకావిపంచె నెగడఁగట్టి\nవారకాంతఁజూచి వ్రతమెల్ల మఱచురా\nవిశ్వదాభిరామ వినర వేమ.	true	[]	[]														pdy-v-01519		
pdy-aataveladi-0983	aataveladi	upajaathi	""	test	తొడలమెఱుపుసొంపూ తోరంపుకుచములు\nవారకొప్పుగలుగు వనితఁజూచి\nవిటుఁడు నిలుచుటెట్లు విరహాగ్ని కొగ్గును\nవిశ్వదాభిరామ వినర వేమ.	false	["seq"]	["corr","seq"]	14	ు	ూ	lengthen	0	7	తొడలమెఱుపుసొంపూ	false	0	2	6	UUU	["సొం","పూ","తో"]	pdy-v-01520		
pdy-aataveladi-0984	aataveladi	upajaathi	""	train	కాశినీళ్ళు మోసి కాళ్లు మొగము వాచి\nయెందు సుఖము లేక యెండి యెండి\nచచ్చివెనుక ముక్తి సాధించఁగలరొకో\nవిశ్వదాభిరామ వీనర వేమ.	false	["seq"]	["seq"]	108	ి	ీ	lengthen	3	6	వీనర	false	3	4	46	|U|	["ర","వే","మ"]	pdy-v-01521		
pdy-aataveladi-0986	aataveladi	upajaathi	""	test	కచ్చమీఁద నాస కనకంబుపై నాస\nలేనివాఁడు పుడమి లేనివాఁడు\nకలిగెనేనీ యతఁడు గానంగ రాఁడయా\nవిశ్వదాభిరామ వినర వేమ.	false	["seq"]	["corr","seq"]	60	ి	ీ	lengthen	2	4	కలిగెనేనీ	false	2	1	27	UU|	["నే","నీ","య"]	pdy-v-01522		
pdy-aataveladi-0987	aataveladi	upajaathi	""	test	వలపు తీఱువెనుక వనజాక్షి యధరంబు\nములకపంటిగిజరు ముష్టిరసము\nచింతలేనివేళ జీడిసమానమౌ\nవిశ్వదాభిరామ వినర వేమ.	true	[]	[]														pdy-v-01523		
pdy-aataveladi-0990	aataveladi	upajaathi	""	train	చదువు చదువ నెల సన్యాసి గానేల\nషణ్మతములఁజిక్కి చావ నేల\nఅతని భజనఁజేసి యాత్మలోఁ దెలియుఁడీ\nవిశ్వదాభిరామ వినర వేమ.	false	["seq"]	["corr","seq"]	12	ే	ె	shorten	0	6	నెల	true	0	2	6	||U	["నె","ల","స"]	pdy-v-01524		
pdy-aataveladi-0991	aataveladi	upajaathi	""	train	మనములోనఁ బుట్టు మఱికోర్కులన్నియు\nకోర్కులందు ముక్తి కుదురుపడదు\nమనము బ్రహ్మమనుచు మదినేఱుంగఁగ లేరు\nవిశ్వదాభిరామ వినర వేమ.	false	["seq"]	["seq"]	83	ె	ే	lengthen	2	10	మదినేఱుంగఁగ	false	2	3	34	||UU	["మ","ది","నే","ఱుం"]	pdy-v-01525		
pdy-aataveladi-0992	aataveladi	upajaathi	""	dev	చదువులన్ని చదివి చాలవివేకియౌ\nకపటికెన్న నెట్లూ కలుగుముక్తి\nదాలిగుంటఁగుక్క తలఁచిన చందము\nవిశ్వదాభిరామ వినర వేమ.	false	["seq"]	["corr","seq"]	44	ు	ూ	lengthen	1	6	నెట్లూ	false	1	2	19	UU|	["నె","ట్లూ","క"]	pdy-v-01526		
pdy-teytageethi-0571	teytageethi	upajaathi	""	train	అవని వేమన్న చెప్పిన యాత్మబుద్ధిఁ\nదెలియలేనట్టి యజ్ఞాని తేజమెల్ల\nతలనుఁ బాసిన వెంట్రుకవలెను జూడ\nభుక్తి ముక్తులు హీనమైపోవు వేమ.	true	[]	[]														pdy-v-01527		
pdy-vutpalamaala-0201	vutpalamaala	vruttamu	""	train	శ్రీసతీ నీల జాంబవతి శ్రీయమునాసతి సత్యభామ ధా\nత్రీసతి రుక్మిణీరమణి దేవియిలాసతి వీర లందఱు\nన్‌ జేసినసేవ చేసెదను జేకొను శ్రీయలమేలుమంగ నీ\nమూసినముత్యమై యురము ముంగిటఁ జెంగట వేంకటేశ్వరా!	false	["seq"]	["seq"]	6	ి	ీ	lengthen	0	2	శ్రీసతీ	false	0	0	0	U|U	["శ్రీ","స","తీ"]	pdy-v-01528		
pdy-champakamaala-0310	champakamaala	vruttamu	""	dev	కిలకిల నవ్వు నవ్వి తిలకించితి మంచి సుధారసంబు నీ\nపలుకులతేనెలన్‌ విభునిఁ బట్టముఁ గట్టితి నీదుకౌఁగిట\nన్‌ వలదని చెప్పినన్‌ వినవు వద్దు సుమీ యలమేలుమంగ నీ\nకెలవు లటంచు నెచ్చెలులు కీర్తన సేతురు వేంకటేశ్వరా!	true	[]	[]														pdy-v-01529		
pdy-vutpalamaala-0205	vutpalamaala	vruttamu	""	train	కూరిమి సానవట్టీన చకోరపుఁ గన్నుఁగొనన్‌ దళుక్కున\nన్‌ జేరువ మించులై మెఱయఁ జిమ్ములబొమ్మలఁ బంపు నవ్వు దై\nవారఁగఁ గాంచి నీతరుణి వన్నెల శ్రీయలమేలుమంగ నీ\nసారపు నేర్పుఁ జక్కగొనెఁ జక్కని మోమున వేంకటేశ్వరా!	false	["seq"]	["seq"]	14	ి	ీ	lengthen	0	6	సానవట్టీన	false	0	2	6	U||	["ట్టీ","న","చ"]	pdy-v-01530		
pdy-vutpalamaala-0208	vutpalamaala	vruttamu	""	train	నించిన పంచదారలును నేతుఁలు దేనెలు గమ్మ గాఁగఁ దా\nలించినకూరలున్‌ బరిమళించగ నయ్యలమేలుమంగ వ\nడ్డించిన నిర్మలాన్నములు డెంద మెలర్పఁగ నారగింతు ని\nమించిన వేయుచేతులును మేలములాడుచు వేంకటేశ్వరా!	false	["seq"]	["seq"]	135	ీ	ి	shorten	2	19	ని	true	2	6	58	||	["తు","ని"]	pdy-v-01531		
pdy-vutpalamaala-0210	vutpalamaala	vruttamu	""	test	లోలవిలోలనేత్రకుఁ దళుక్కున ఱెప్పలు వంచి యెత్తిన\nన్‌ మేలిమిఁ జెక్కుటద్దముల మేలములై యలమేలుమంగకు\nన్‌ నీలపయోదపుందుఱూము నిగ్గుతటిల్లతలే యటంచు ను\nన్మీలనిమీలనంబులకె మెత్తువు నీవును వేంకటేశ్వరా!	false	["seq"]	["seq"]	110	ు	ూ	lengthen	2	7	నీలపయోదపుందుఱూము	false	2	2	46	|U|	["దు","ఱూ","ము"]	pdy-v-01532		
pdy-vutpalamaala-0211	vutpalamaala	vruttamu	""	dev	పక్ష్మలనేత్ర! యోచిలుకుపల్కులకల్కి! సరోజవల్లి! యొ\nలక్ష్మి! లతాంగి! యోబహుకళావతి! యోయలమేలుమంగ! నీ\nసూక్ష్మవివేకలీలలకుఁ జొక్కితి నంచు నఖేందువల్లికా\nలక్ష్మివికాసతన్‌ సతిఁ జెలంగఁగఁజేతువు వేంకటేశ్వరా!	false	["seq"]	["seq"]	47	ో	ొ	shorten	0	19	యొ	true	0	6	18	||	["ల్లి","యొ"]	pdy-v-01533		
pdy-champakamaala-0318	champakamaala	vruttamu	""	test	లలితపుఁగంకణాంగదకలధ్వని ఘల్లని మ్రోయ నుంగరం\nబులు మణినీల కాంతుల ప్రభుత్వముతో నలమేలుమంగ గు\nబ్బల పెనువ్రేఁగుతోఁ దుఱుముభారముతో నినుఁ జేరవచ్చు నం\nదెలు మొలనూలు ఘంటలుఁ బ్రతిధ్వను లీనఁగ వేంకటేశ్వరా!	true	[]	[]														pdy-v-01534		
pdy-champakamaala-0319	champakamaala	vruttamu	""	train	పరిమళమో కదంబమొ ప్రభల్‌ విడ నించిననిగ్గొ నిర్మలా\nభరణమొ నిత్యవైభవమొ భాగ్యమొ శ్రీయలమేలుమంగ భూ\nధరునకు నాదిలక్ష్మి యని తత్త్వమహత్త్వ రహస్యవేత్తలం\nబరమున నుండి నీవనితఁ బ్రస్తుతి సేతురు వేంకటేశ్వరా!	true	[]	[]														pdy-v-01535		
pdy-champakamaala-0321	champakamaala	vruttamu	""	dev	కొలఁదికిమీఱుఁ గ్రొవ్విరులు కొప్పునఁ జాఱఁగఁ జూపుకన్నుల\nన్‌ గులుకుచు నుండ నెన్నుదుటికుంకుమతో నలమేలుమంగ వె\nన్నెలనునుఁదీఁగయై కళలునించినఁపుత్తడి బొమ్మయై నినుం\nగలికి కరంబునం జెనయఁగంటిరిగా తమి వేంకటేశ్వరా!	true	[]	[]														pdy-v-01536		
pdy-champakamaala-0323	champakamaala	vruttamu	""	train	చెఱఁ గిడఁగా నదల్చెదవూ చేరినఁ దిట్టెదు కౌఁగిలించిన\nన్‌ గొఱఁతలె యెన్నఁజూచెదవు కోపము న ద్దలమేలుమంగ నా\nవెఱ పిఁకనైనఁ దీర్పుమని వేడ్కల నీవు మనోజలీలల\nన్‌ దఱితఱి నింతిఁ గూడుటలుఁ దత్తఱపాటులు వేంకటేశ్వరా!	false	["seq"]	["seq"]	20	ు	ూ	lengthen	0	9	నదల్చెదవూ	false	0	3	9	UU|	["వూ","చే","రి"]	pdy-v-01537		
pdy-vutpalamaala-0232	vutpalamaala	vruttamu	""	train	చక్కనితల్లికిన్‌ నవరసంబుల వెల్లికిఁ బుష్పవల్లికిం\nజక్కనిమోవిముత్తియపుజల్లికి శ్రీయలమేలుమంగకు\nన్‌ జెక్కూలు మించుటద్దములు చేతులు క్రొత్తమెఱుంగుఁదీగ లా\nక్రిక్కిరిగుబ్బలే పసిఁడికిన్నరకాయలు వేంకటేశ్వరా!	false	["seq"]	["seq"]	102	ు	ూ	lengthen	2	1	జెక్కూలు	false	2	0	40	UU|	["న్జె","క్కూ","లు"]	pdy-v-01538		
pdy-champakamaala-0334	champakamaala	vruttamu	""	test	కులికెడు పండుటామనులఁ గోయిలకూఁతల గుండె ఝల్లన\nన్‌ జెలువము గల్గు రాకలను జెంగట శ్రీయలమేలుమంగ కో\nవిలకలనాదకోటులచవిం బచరింపఁగ నెట్టు లోర్తువో\nవలపులవార్ధిలోన ననివారణఁ దేలుచు వేంకటేశ్వరా!	true	[]	[]														pdy-v-01539		
pdy-champakamaala-0335	champakamaala	vruttamu	""	train	తొలఁకెడుకొప్పులో నెరులొ తుమ్మెదదాటులొ చూపువంపులో\nగులుకులొ మంచివెన్నెలల గుంపులొ శ్రీయలమేలుమంగకు\nన్‌ బలుకులు పచ్చకప్పురపుఁ బల్కులు తావులె దివ్యగంధము\nల్‌ పలుచనినవ్వులే విరులపాన్పులు నీకును వేంకటేశ్వరా!	true	[]	[]														pdy-v-01540		
pdy-champakamaala-0337	champakamaala	vruttamu	""	train	నెఱి నలమేలుమంగకును నీకును పద్మభవాండభాండమే\nమెఱసిన బొమ్మరిల్లు తగుమేడలు మీఁదటిలోకముల్‌ ప్రభ\nల్‌ తెఱలఁగ మించు నయ్యినుఁడె దీపము గుజ్జనఁగూడు చంద్రుడే\nతొఱలిన దేవసంఘములె తొత్తులు బంట్లును వేంకటేశ్వరా!	true	[]	[]														pdy-v-01541		
pdy-champakamaala-0339	champakamaala	vruttamu	""	train	నిను నలమేలుమంగ ఘననీరజపంక్తులు దాఁక నేసిన\nన్‌ జనుఁగవ నొత్తినట్లు కెరజంబుల వాండ్లును నొత్తినట్లు ని\nగ్గునఁగనుదోయితామరలఁ గొంకక సారెకు నొత్తినట్లు మైఁ\nజెనకి మరుండు బాణములు చిమ్మినయట్లగు వేంకటేశ్వరా!	true	[]	[]														pdy-v-01542		
pdy-champakamaala-0340	champakamaala	vruttamu	""	train	అపు డలమేలుమంగ పొలయల్కలు వద్దని చాఁటి చెప్పిన\nన్‌ గపటపుటల్క లల్లితివి గర్వితనంబునఁ గాంత కోరమే\nరపమునఁ జూతుగా కలుక రాజసలీలల నింత దీఱునా\nవిపులవియోగతాపమూన వేడుకకూటమి వేంకటేశ్వరా!	false	["seq"]	["seq"]	147	ు	ూ	lengthen	3	8	విపులవియోగతాపమూన	false	3	2	69	U|U	["తా","ప","మూ"]	pdy-v-01543		
pdy-champakamaala-0345	champakamaala	vruttamu	""	test	నగ వలమేలుమంగకును నాటవవల్కలు నీకు మాటల\nన్‌ బగ డలమేలుమంగకును బచ్చెనగర్వము నీకుఁ జూపుల\nన్‌ జిగి యలమేలుమంగకును శ్రీమల వేడుక నీకు నిట్ల పొ\nమిగిలిన మోహసంపదలు మీరును మీరును వేంకటేశ్వరా!	false	["seq"]	["seq"]	132	ో	ొ	shorten	2	20	పొ	true	2	6	60	U||	["ని","ట్ల","పొ"]	pdy-v-01544		
pdy-champakamaala-0352	champakamaala	vruttamu	""	train	నడవకుమమ్మ పాదనలినంబులు గందెడి, మాట బెట్టుగా\nనొడువకుమమ్మ, చెక్కునును నొక్కులతో నలమేలుమంగ ని\nవెడనగ కీమొగంబునకు వెన్నెలలాయె నటంచు నీసతి\nన్‌ బడఁతులు మేలమాడుదురు పల్కుల తేనెల వేంకటేశ్వరా!	false	["seq"]	["seq"]	89	ీ	ి	shorten	1	20	ని	true	1	6	39	U||	["మం","గ","ని"]	pdy-v-01545		
pdy-vutpalamaala-0244	vutpalamaala	vruttamu	""	train	బూతలబండ్లనే వలపుఁబుక్కిట నించితి వాఁడిగోళ్లనే\nఘాతలు గాఁగఁ జించితివి కాయముపై నలమేలుమంగ నీ\nచేతిదె యంచు నీతరుణి చెంతలఁ దట్టపునుంగుఁ గస్తురి\nన్‌ జాతుదు రోలి నీదూ పరిచారిక కాంతలు వేంకటేశ్వరా!	false	["seq"]	["seq"]	156	ు	ూ	lengthen	3	6	నీదూ	false	3	2	66	U||	["దూ","ప","రి"]	pdy-v-01546		
pdy-vutpalamaala-0245	vutpalamaala	vruttamu	""	train	పచ్చల సందిదండలును బాహుపురుల్‌ మణినూపురంబులు\nన్‌ మచ్చరికంబులుం బసిఁడిమట్టెలమ్రోతలుఁ బెల్లు మ్రోయఁగా\nనెచ్చేలు లోలిఁ గొల్వఁ దరుణీమణి శ్రీయలమేలుమంగ నీ\nముచ్చట దీర్చు నొక్కపరి ముందఱ నిల్చిన వేంకటేశ్వరా!	false	["seq"]	["seq"]	104	ె	ే	lengthen	2	1	నెచ్చేలు	false	2	0	40	UU|	["నె","చ్చే","లు"]	pdy-v-01547		
pdy-vutpalamaala-0247	vutpalamaala	vruttamu	""	train	యోగ్యతలేనికష్టుఁడ నయోగ్యుఁడ నన్నిటఁ జూడ గర్భని\nర్భాగ్యుఁడ నీకృపామతికిఁ బ్రాప్తుఁడ నోయలమేలుమంగ నా\nభాగ్యము నీగృపాకరుణఁ బ్రాప్యము కావుమటంచు సారెని\nభాగ్యవతీ శిరోమణినిఁ బ్రస్తుతిసేసెద వేంకటేశ్వరా!	false	["seq"]	["seq"]	142	ీ	ి	shorten	2	19	సారెని	false	2	6	58	||	["రె","ని"]	pdy-v-01548		
pdy-vutpalamaala-0248	vutpalamaala	vruttamu	""	test	రాజసలీల నన్నును గరంబునఁ బట్టకు చూప వేల నీ\nతేజము నాకటంచు సుదతీమణి శ్రీయలమేలుమంగ ని\nన్నీ జగదేకనాయకుని నింపొలయించుచు సారెసారెకు\nన్‌ జాజులకొప్పువీడ సరసంబున వీచును వేంకటేశ్వరా!	true	[]	[]														pdy-v-01549		
pdy-vutpalamaala-0250	vutpalamaala	vruttamu	""	test	మానవతీశిరోమణికి మంజులవాణికి మోవితేనియ\nల్‌ కానిక లిచ్చినాఁడవట కౌఁగిట నాయలమేలుమంగకు\nన్‌ మీనచకోరనేత్రి నిను మెచ్చి మదంబునఁ గౌఁగిలించి నీ\nపానుపుమీఁది చేఁత లివి పచ్చితలంపులు వేంకటేశ్వరా!	true	[]	[]														pdy-v-01550		
pdy-champakamaala-0355	champakamaala	vruttamu	""	test	చెఱఁగులు చూపి క్రొవ్విరులు చిందెడు తేనెలు నాల్గువంకల\nన్‌ వఱదలువాఱె ఘర్మములు వాహినులై యలమేలుమంగతోఁ\nగఱఁగుచు నీవు కౌఁగిట సుఖస్థితిఁ గుడుచు బంధుసంగతి\nన్‌ దెఱ దిగనేసి వేడుకలు తెప్పలఁ దేలఁగ వేంకటేశ్వరా!	false	["seq"]	["seq"]	130	ూ	ు	shorten	2	13	గుడుచు	true	2	4	54	|||	["తి","గు","డు"]	pdy-v-01551		
pdy-seesamu-0568	seesamu	upajaathi	""	train	కౌస్తుభవక్ష శ్రీకరపాదరాజీవ । దీనశరణ్య మహానుభావ\nకరిరాజవరద భాస్కరకోటిసంకాశ । పవనభుగ్వరశాయి పరమపురుష\nవేదవేద్యానంతవిభవ చతుర్దశ- । భువనశోభనకీర్తి పుణ్యమూర్తి\nవైకుంఠపట్టణవాస యోగానంద । విహగరాడ్వాహన విశ్వరూప	true	[]	[]														pdy-v-01552		
pdy-teytageethi-0574	teytageethi	upajaathi	""	train	సుందరకపోల విబుధసంస్తుత కౄపాల- ।\nవాల ధృతశైల కాంచనవర్ణచేల\nమదరిపువిఫాల మునిజనహృదయలోల ।\nవేణుగోపాల భక్తసంత్రాణశీల!	false	["seq"]	["seq"]	24	ృ	ౄ	lengthen	0	12	కౄపాల	false	0	3	10	||U	["స్తు","త","కౄ"]	pdy-v-01553		
pdy-teytageethi-0579	teytageethi	upajaathi	""	train	గురుపదాంబుజముల భక్తి కుదిరి తమ్ముఁ ।\nదా మెఱుంగక ముక్తి లేదవనియందు\nమదరిపువిఫాల మునిజనహృదయలోల ।\nవేణుగోపాల భక్తసంత్రాణశీల!	true	[]	[]														pdy-v-01554		
pdy-teytageethi-0581	teytageethi	upajaathi	""	train	లక్ష్యభావంబుఁ జూడ సలక్షణముగ ।\nబండువెన్నెల గతిఁ గానబడును ముక్తి\nమదరిపువిఫాల మునిజనహృదయలోల ।\nవేణుగోపాల భక్తసంత్రాణశీల!	true	[]	[]														pdy-v-01555		
pdy-teytageethi-0584	teytageethi	upajaathi	""	train	తనకు గతిలేక యొకఁడిచ్చు తఱిని వారి ।\nమతులు చెరపెడి రండకుఁ గ్రతువులేల\nమదరిపువీఫాల మునిజనహృదయలోల ।\nవేణుగోపాల భక్తసంత్రాణశీల!	false	["seq"]	["seq"]	75	ి	ీ	lengthen	2	4	మదరిపువీఫాల	false	2	1	34	|UU|	["పు","వీ","ఫా","ల"]	pdy-v-01556		
pdy-teytageethi-0586	teytageethi	upajaathi	""	test	కనుక విని దెల్సి జాగ్రత్తగాను ప్రజలఁ ।\nబాలనముఁ జేయు టది రాజపద్ధతి యగు\nమదరిపువిఫాల మునిజనహృదయలోల ।\nవేణుగోపాల భక్తసంత్రాణశీల!	true	[]	[]														pdy-v-01557		
pdy-teytageethi-0588	teytageethi	upajaathi	""	test	కూటికియ్యని విటకాని పోటు మెండు ।\nమాచకమ్మకు మోహంబు మదిని మెండూ\nమదరిపువిఫాల మునిజనహృదయలోల ।\nవేణుగోపాల భక్తసంత్రాణశీల!	false	["seq"]	["corr","seq"]	60	ు	ూ	lengthen	1	12	మెండూ	false	1	4	24	UU|	["మెం","డూ","మ"]	pdy-v-01558		
pdy-teytageethi-0592	teytageethi	upajaathi	""	dev	ననుచుఁ బాత్ర మపాత్రము ననక యిచ్చి ।\nచెప్పుకొందురు మూఢులు సిగ్గులేక\nమదరిపూవిఫాల మునిజనహృదయలోల ।\nవేణుగోపాల భక్తసంత్రాణశీల!	false	["seq"]	["corr","seq"]	71	ు	ూ	lengthen	2	3	మదరిపూవిఫాల	false	2	4	39	|U|	["య","లో","ల"]	pdy-v-01559		
pdy-teytageethi-0594	teytageethi	upajaathi	""	train	బవరమునఁ జొచ్చి పొడువని బంటుచేతి ।\nదాయుధంబైననేమి తెడ్డయిననేమి\nమదరిపువీఫాల మునిజనహృదయలోల ।\nవేణుగోపాల భక్తసంత్రాణశీల!	false	["seq"]	["seq"]	68	ి	ీ	lengthen	2	4	మదరిపువీఫాల	false	2	1	31	|UU|	["పు","వీ","ఫా","ల"]	pdy-v-01560		
pdy-teytageethi-0595	teytageethi	upajaathi	""	train	ఘనతగల్గిన దొరబిడ్డ గాక సుకవి ।\nనోటితిట్లకు వెఱచునా మొటువాడు\nమదరిపువిఫాల మునిజనహృదయలోల ।\nవేణుగోపాల భక్తసంత్రాణశీల!	false	["seq"]	["corr","seq"]	52	ో	ొ	shorten	1	9	మొటువాడు	false	1	3	24	||U	["మొ","టు","వా"]	pdy-v-01561		
pdy-teytageethi-0596	teytageethi	upajaathi	""	train	అనుచు మూర్ఖాళి యీ రీతి ననుదినంబు ।\nభుతలమునందు వచియింత్రు నీతిలేక\nమదరిపువిఫాల మునిజనహృదయలోల ।\nవేణుగోపాల భక్తసంత్రాణశీల!	false	["seq"]	["corr","seq"]	36	ూ	ు	shorten	1	0	భుతలమునందు	false	1	1	17	|U||	["ము","నం","దు","వ"]	pdy-v-01562		
pdy-teytageethi-0597	teytageethi	upajaathi	""	train	తో నరుగుదెంచి బలిని భూదాన మడిగి ।\nతెచ్చి సురపతి కిచ్చితి విచ్చతోడ\nమదరిపువిఫాల మునిజనహృదయలోల ।\nవేణుగోపాల భక్తసంత్రాణశీల!	true	[]	[]														pdy-v-01563		
pdy-teytageethi-0599	teytageethi	upajaathi	""	train	నిట్టివారలపైఁ బ్రేమ పెట్టుకొనక ।\nకసరుబెట్టిన మనుజుండు గనఁడు కీర్తి\nమదరిపువిఫాల మునిజనహృదయలోల ।\nవేణుగోపాల భక్తసంత్రాణశీల!	true	[]	[]														pdy-v-01564		
pdy-teytageethi-0600	teytageethi	upajaathi	""	train	నట్టియాతఁడు సుకవి కానట్టి యతనిఁ ।\nగవియనఁగనేల కవిమాలకాకి గాఁడె\nమదరిపువిఫాల మునిజనహృదయలోల ।\nవేణుగోపాల భక్తసంత్రాణశీల!	true	[]	[]														pdy-v-01565		
pdy-teytageethi-0602	teytageethi	upajaathi	""	train	గాఁపువానికి గ్రామాధికారమైన ।\nదేవభూసురవృత్తులు దియ్యఁగోరు\nమదరిపువిఫాల మునిజనహృదయలోల ।\nవేణుగోపాల భక్తసంత్రాణశీల!	true	[]	[]														pdy-v-01566		
pdy-teytageethi-0603	teytageethi	upajaathi	""	train	మంచిమాటల నెంత బోధించి చెప్ప ।\nమడియ రండకుని గుణంబు వీడువబోదు\nమదరిపువిఫాల మునిజనహృదయలోల ।\nవేణుగోపాల భక్తసంత్రాణశీల!	false	["seq"]	["corr","seq"]	51	ి	ీ	lengthen	1	10	వీడువబోదు	false	1	4	24	|U|	["వ","బో","దు"]	pdy-v-01567		
pdy-seesamu-0601	seesamu	upajaathi	""	dev	గజముపై చౌడోలు గాడిదకెత్తితే । మోయునా పడవేసి కూయుఁ గాక\nచిలుక పంజరములోపల గూబ నుంచితే । పలుకునా భయపడి యులుకుఁ గాక\nకుక్క నందలములోఁ గూర్చుండఁబెట్టితే । కూర్చుండునా తోళ్ళు కొఱుకుఁ గాక\nధర్మకార్యములలో దరిబేసి నుంచితే । యిచ్చునా తన్నుక చచ్చుఁ గాక	true	[]	[]														pdy-v-01568		
pdy-teytageethi-0605	teytageethi	upajaathi	""	train	చేడి బ్రతికినట్టి శుంఠను జేర్చుకొనిన ।\nవాఁడు చెడు నుంచుకొన్నట్టివాఁడు జెడును\nమదరిపువిఫాల మునిజనహృదయలోల ।\nవేణుగోపాల భక్తసంత్రాణశీల!	false	["seq"]	["seq"]	1	ె	ే	lengthen	0	0	చేడి	false	0	2	6	|U||	["ట్టి","శుం","ఠ","ను"]	pdy-v-01569		
pdy-seesamu-0602	seesamu	upajaathi	""	test	గోవుల నఱకంగఁ గోసి వండుక తిను । మాలమాదిగలు భూపాలురయిరి\nమానాభిమానముల్ మాని ప్రవర్తించు । మంకుగులాములు మంత్రులైరి\nఅక్షరం బెఱుగక యాకారపుష్టిచే । వర్ణసంకరులు విద్వాంసులైరి\nబాజారిఱంకుకైఁ బంచాయతీ చెప్పు । పాతలంజెలు వీరమాతలైరి	true	[]	[]														pdy-v-01570		
pdy-seesamu-0603	seesamu	upajaathi	""	train	చదువుచుండెడివేళ సభలోనఁ గూర్చుండి । దున్నపోతుల కొడుకెన్నుఁ దప్పు\nవిద్యాధికుల కిచ్చువేళడ్డుపడి మాల- । ధగిడీల కొడుకు వద్దనుచుఁ జెప్పు\nధనమెక్కుడుగఁ గూర్చి తినలేక యేడ్చెడి । పెనులుబ్ధుఁ డర్థుల గనిన ఱొప్పు\nబిరుదుగల్గిన యింటఁ బెరిగినఁ గొణతంబు । విప్పినంతనె కుక్క వెదకుఁ జెప్పు	true	[]	[]														pdy-v-01571		
pdy-teytageethi-0607	teytageethi	upajaathi	""	train	రాజసభలందుఁ బండితరత్నములకూఁ ।\nబనులు చెఱచును నొక్కొక్క ప్రల్లదుండు\nమదరిపువిఫాల మునిజనహృదయలోల ।\nవేణుగోపాల భక్తసంత్రాణశీల!	false	["seq"]	["seq"]	24	ు	ూ	lengthen	0	13	బండితరత్నములకూఁ	false	0	4	11	||U	["ము","ల","కూ"]	pdy-v-01572		
pdy-teytageethi-0608	teytageethi	upajaathi	""	train	సురభిబదనిక పాముకుఁ జూపినట్లు ।\nదుష్టునకు నీతి వెగటుగాఁ దోఁచునయ్య\nమదరీపువిఫాల మునిజనహృదయలోల ।\nవేణుగోపాల భక్తసంత్రాణశీల!	false	["seq"]	["seq"]	68	ి	ీ	lengthen	2	2	మదరీపువిఫాల	false	2	0	28	||U	["మ","ద","రీ"]	pdy-v-01573		
pdy-teytageethi-0609	teytageethi	upajaathi	""	dev	గనుక నివియెల్ల నొరులచేఁ గాని భువిని ।\nతమదు శక్తికి మంత్రతంత్రములు లేవు\nమదరిపువిఫాల మునిజనహృదయలోల ।\nవేణుగోపాల భక్తసంత్రాణశిల!	false	["seq"]	["seq"]	121	ీ	ి	shorten	3	10	భక్తసంత్రాణశిల	false	3	4	56	||	["శి","ల"]	pdy-v-01574		
pdy-teytageethi-0610	teytageethi	upajaathi	""	train	గట్టిముచ్చెలతోఁ బడగొట్టి విఱుగ- ।\nగట్టి పంపించవలయునుఁ గాలుపురికి\nమదరిపువిఫాల మునిజనహృదయలోల ।\nవేణుగోపాల భక్తసంత్రాణశీల!	true	[]	[]														pdy-v-01575		
pdy-teytageethi-0611	teytageethi	upajaathi	""	train	ముదముతో సంతతము నీదు వదినెగారు ।\nవిడిది చేసియు వీరిని విడువకుండు\nమదరిపువిఫాల మునిజనహృదయలోల ।\nవేణుగోపాల భక్తసంత్రాణశీల!	true	[]	[]														pdy-v-01576		
pdy-teytageethi-0613	teytageethi	upajaathi	""	train	రవివికాసంబు లేనట్టి దివసమేల ।\nధైర్యమొదవని వస్తాదుతనమదేల\nమదరిపువిఫాల మునిజనహృదయలోల ।\nవేణుగోపాల భక్తసంత్రాణశీల!	true	[]	[]														pdy-v-01577		
pdy-teytageethi-0614	teytageethi	upajaathi	""	dev	ముజ్జగము లేలు నా విరాణ్మూర్తీకయినఁ ।\nగాని దుర్వృత్తి దగదెంతవానికైన\nమదరిపువిఫాల మునిజనహృదయలోల ।\nవేణుగోపాల భక్తసంత్రాణశీల!	false	["seq"]	["corr","seq"]	28	ి	ీ	lengthen	0	10	విరాణ్మూర్తీకయినఁ	false	0	3	9	UU|	["ణ్మూ","ర్తీ","క"]	pdy-v-01578		
pdy-seesamu-0611	seesamu	upajaathi	""	train	పరదళంబులఁ గాంచి భయముచే నురికిన । రాజుగాఁడతడు గోరాజు గాని\nధర్మంబులకు విఘాతముసేయ మంత్రిశే- । ఖరుఁడు గాఁడతఁడు సంకరుఁడు గానీ\nవిద్యాప్రసంగము ల్విన రసజ్ఞత లేని । ప్రాజ్ఞుల సభగాదు రచ్చ గాని\nపతితోడ కలహించి పడుకొని యేడ్చెడి । దాలుగా దది యెఱ్ఱతేలు గాని	false	["seq"]	["corr","seq"]	119	ి	ీ	lengthen	1	26	గానీ	true	3	3	52	UUU	["గా","నీ","వి"]	pdy-v-01579		
pdy-teytageethi-0617	teytageethi	upajaathi	""	train	దాతలకు మోస మచటి విద్వాంసులకును ।\nబ్రాణసంకట మా భూమీఁ బ్రజకుఁ గీడు\nమదరిపువిఫాల మునిజనహృదయలోల ।\nవేణుగోపాల భక్తసంత్రాణశీల!	false	["seq"]	["corr","seq"]	49	ి	ీ	lengthen	1	7	భూమీఁ	false	1	2	20	UUU|	["మా","భూ","మీ","బ్ర"]	pdy-v-01580		
pdy-seesamu-0615	seesamu	upajaathi	""	dev	పూపొదలో దాఁగి పులి యున్నరీతిని । మొగిలిరేకున ముండ్లు మొలచినట్లు\nనందనవనములో నాగుఁబామున్నట్లు । చందురునకు నల్పు చెందినట్లు\nసొగసైన లేమకు సేగరోగమున్నట్లు । మృగనాభిలోఁ బిప్పి తగిలినట్లు\nజలధిలోన విషంబు సంభవంబైనట్లు । కమలాప్తునకు శని గలిగినట్లు పద్మరాగమునకుఁ బటలమేర్పడినట్లు । బుగ్గవాకిటి చుట్టు పుట్టినట్లు	false	["seq"]	["corr","seq"]	135	ె	ే	lengthen	2	7	సేగరోగమున్నట్లు	false	4	3	60	|UU|	["గ","ము","న్న","ట్లు"]	pdy-v-01581		
pdy-teytageethi-0619	teytageethi	upajaathi	""	train	ధర్మవిధులైన రాజసంస్థానములను ।\nజెరు నొక్కొక్క చీవాట్లమారిశుంఠ\nమదరిపువిఫాల మునిజనహృదయలోల ।\nవేణుగోపాల భక్తసంత్రాణశీల!	false	["seq"]	["corr","seq"]	31	ే	ె	shorten	1	0	జెరు	true	1	0	14	||U	["జె","రు","నొ"]	pdy-v-01582		
pdy-teytageethi-0620	teytageethi	upajaathi	""	train	చేసినను కాదు పాచిని ద్రోసి శుద్ధ- ।\nగంగ యెత్తినయటు ముక్తి గాంచవలయు\nమదరిపువిఫాల మునిజనహృదయలోల ।\nవేణుగోపాల భక్తసంత్రాణశీల!	true	[]	[]														pdy-v-01583		
pdy-seesamu-0617	seesamu	upajaathi	""	train	మంగలకత్తిపై నంగవేసిన యట్లు । క్రోడెత్రాచును ముద్దులాడినట్లు\nకొఱవితో నడినెత్తి గోఁకినట్లీనిన । పులితోడ సాముకుఁ బూనినట్లు\nపెదసింగమును ఱాల నదలించికొనినట్లు । మినుకువజ్రపురవ మ్రింగినట్లు\nకొర్తిమీదను గొంతు కూర్చుండుకొనినట్లు । నూతిపైఁ బసిబిడ్డ నునిచినట్లు	true	[]	[]														pdy-v-01584		
pdy-teytageethi-0621	teytageethi	upajaathi	""	train	క్ష్మాతలేంద్రుని సేవ కష్టంబు వార- ।\nలిచ్చిరని గర్వమున నిక్కి మెచ్చరాదు\nమదరిపువిఫాల మునిజనహృదయలోల ।\nవేణుగోపాల భక్తసంత్రాణశీల!	true	[]	[]														pdy-v-01585		
pdy-teytageethi-0622	teytageethi	upajaathi	""	train	రాజసభలఁ బరోపకారములు తెలుప ।\nశ్రేష్ఠులె కాక దుష్టులు చెప్పఁగలరె\nమదరిపువిఫాల మునిజనహృదయలోల ।\nవేణుగోపాల భక్తసంత్రాణశీల!	false	["seq"]	["corr","seq"]	37	ే	ె	shorten	1	2	శ్రేష్ఠులె	false	1	1	17	|U|U	["లె","కా","క","దు"]	pdy-v-01586		
pdy-seesamu-0619	seesamu	upajaathi	""	train	మద్యపాయీలతో మచ్చిక కారాదు । బడవాల గొప్పగాఁ బట్టరాదు\nశాత్రవునింట భోజనము చేయఁగరాదు । సన్యాసులను గేలి సలుపరాదు\nదేవభూసురవృత్తి తెరువు పోవఁగరాదు । పరునాలిపై నాస పడగఁరాదు\nకంకోష్ఠునకు నధికార మియ్యగరాదు । చెలగి లోభీనిఁ జేర బిలువరాదు	false	["seq"]	["corr","seq"]	206	ి	ీ	lengthen	3	18	లోభీనిఁ	false	7	3	100	|U|	["వ","రా","దు"]	pdy-v-01587		
pdy-teytageethi-0623	teytageethi	upajaathi	""	train	లంచగాండ్లను దగవుల నుంచరాదు ।\nమాతృపితరుల యెడ భక్తి మఱువరాదు\nమదరిపువిఫాల మునిజనహృదయలోల ।\nవేణుగోపాల భక్తసంత్రాణశీల!	true	[]	[]														pdy-v-01588		
pdy-teytageethi-0625	teytageethi	upajaathi	""	train	చెలులతో రాజకార్యముల్ చెప్పరాదు ।\nపలువ మంత్రైన దొరలకుఁ బరువులేదు\nమదరిపువిఫాల మునిజనహృదయలొల ।\nవేణుగోపాల భక్తసంత్రాణశీల!	false	["seq"]	["corr","seq"]	87	ో	ొ	shorten	2	14	మునిజనహృదయలొల	false	2	4	42	||U	["లొ","ల","వే"]	pdy-v-01589		
pdy-teytageethi-0627	teytageethi	upajaathi	""	train	అవని సత్కీర్తికోసమై యాశనొందు ।\nరాజవరులకు నివియఁ గారాని పనూలు\nమదరిపువిఫాల మునిజనహృదయలోల ।\nవేణుగోపాల భక్తసంత్రాణశీల!	false	["seq"]	["seq"]	57	ు	ూ	lengthen	1	13	పనూలు	false	1	4	25	|U|	["ప","నూ","లు"]	pdy-v-01590		
pdy-teytageethi-0630	teytageethi	upajaathi	""	train	నీటుగాఁ బిన్నవై పల్లెకూటమునకూ ।\nనరుగుచున్నట్లె ధేనుకాసురుని బట్టి\nకొట్టి ధరఁ గూలద్రోయవా గుండెలవియ\nమదరిపువిఫాల మునిజనహృదయలోల । వేణుగోపాల భక్తసంత్రాణశీల!	false	["seq"]	["seq"]	28	ు	ూ	lengthen	0	12	పల్లెకూటమునకూ	false	0	4	10	||U	["ము","న","కూ"]	pdy-v-01591		
pdy-teytageethi-0631	teytageethi	upajaathi	""	train	కవిభటుల కార్యములకు విఘ్నములు చేయు ।\nరాయసాల్ పిండమూలు తిను వాయసాలు\nమదరిపువిఫాల మునిజనహృదయలోల ।\nవేణుగోపాల భక్తసంత్రాణశీల!	false	["seq"]	["corr","seq"]	49	ు	ూ	lengthen	1	5	పిండమూలు	false	1	3	24	|U|	["ను","వా","య"]	pdy-v-01592		
pdy-teytageethi-0635	teytageethi	upajaathi	""	train	నతూలితంబైన యల పతివ్రతకుఁ గాక ।\nశుద్ధవేశ్యకు మంగళసూత్రమేల\nమదరిపువిఫాల మునిజనహృదయలోల ।\nవేణుగోపాల భక్తసంత్రాణశీల!	false	["seq"]	["seq"]	2	ు	ూ	lengthen	0	1	నతూలితంబైన	false	0	0	0	|U|	["న","తూ","లి"]	pdy-v-01593		
pdy-teytageethi-0636	teytageethi	upajaathi	""	train	నిట్టి యపకీర్తి మంత్రిని బెట్టఁదగదు ।\nమంచిమాటల జరగఁ బోయించవలయూ\nమదరిపువిఫాల మునిజనహృదయలోల ।\nవేణుగోపాల భక్తసంత్రాణశీల!	false	["seq"]	["seq"]	61	ు	ూ	lengthen	1	13	బోయించవలయూ	false	1	4	25	||U	["వ","ల","యూ"]	pdy-v-01594		
pdy-teytageethi-0639	teytageethi	upajaathi	""	train	వేదబాహ్యుల విద్యలు వినగ రోత ।\nక్రూరుఁడైయున్న హరిభక్తుఁ గూడ రోత\nమదరిపువిఫాల మునిజనహృదయలోల ।\nవెణుగోపాల భక్తసంత్రాణశీల!	false	["seq"]	["corr","seq"]	92	ే	ె	shorten	3	0	వెణుగోపాల	false	3	0	42	||U	["వె","ణు","గో"]	pdy-v-01595		
pdy-teytageethi-0640	teytageethi	upajaathi	""	dev	పరుల సంపద కనూగొని బ్రమయ రోత ।\nబలము లేనట్టి రాజుల బ్రతుకు రోత\nమదరిపువిఫాల మునిజనహృదయలోల ।\nవేణుగోపాల భక్తసంత్రాణశీల!	false	["seq"]	["seq"]	12	ు	ూ	lengthen	0	7	కనూగొని	false	0	2	6	|U||	["క","నూ","గొ","ని"]	pdy-v-01596		
pdy-teytageethi-0641	teytageethi	upajaathi	""	dev	ప్రాకృతజనంబు లీరీతిఁ బలుకుచుంద్రు ।\nతెలివి యించుక లేకను దేలిసికొనక\nమదరిపువిఫాల మునిజనహృదయలోల ।\nవేణుగోపాల భక్తసంత్రాణశీల!	false	["seq"]	["corr","seq"]	57	ె	ే	lengthen	1	9	దేలిసికొనక	false	2	4	42	|U|	["య","లో","ల"]	pdy-v-01597		
pdy-teytageethi-0642	teytageethi	upajaathi	""	train	వావివరుసలు లేవాయె వసుధలోన ।\nనీదు కరుణయు రాదాయె నీరజాక్ష\nమదరిపువిఫాల మునిజనహృదయలోల ।\nవేణుగోపాల భక్తసంత్రాణశీల!	true	[]	[]														pdy-v-01598		
pdy-teytageethi-0643	teytageethi	upajaathi	""	train	లిట్టి ప్రభు దుర్ణయపుఁ జేష్ట లెఱుగలేక ।\nవెంబడించెడివాడెపో వెఱ్ఱివాడు\nవాని కొడబడఁ డింగితజ్ఞానశాలి\nమదరిపువిఫాల మునిజనహృదయలోల । వేణుగోపాల భక్తసంత్రాణశీల!	true	[]	[]														pdy-v-01599		
pdy-teytageethi-0646	teytageethi	upajaathi	""	dev	దుర్ణయుల దుర్గుణంబులు ద్రోయరాదు ।\nదానికి ఫలంబు యమసన్నిధానమునను\nదేటపడు గాక యొరులకు దెలుప వశమే\nమదరిపువిఫాల మునిజనహృదయలోల । వేణుగోపాల భక్తసంత్రాణశీల!	false	["seq"]	["seq"]	91	ె	ే	lengthen	2	15	వశమే	true	2	4	41	||U	["వ","శ","మే"]	pdy-v-01600		
pdy-seesamu-0643	seesamu	upajaathi	""	dev	కందిరీగల పట్టు కడఁగి రేపఁగవచ్చు । మానిపింపఁగరాదు దానీ పోటు\nచెట్లలో బెబ్బులిఁ జెనకి రావచ్చును । దప్పించుకొనరాదు దాని కాటు\nపఱచునశ్వము తోఁకబట్టి యీడ్వఁగవచ్చు । దప్పించుకోరాదు దాని తన్ను\nకాఁకచే బొరుగిల్లు గాల్చిరావచ్చును । దన యిల్లు కాపాడఁ దరము గాదు	false	["seq"]	["corr","seq"]	52	ి	ీ	lengthen	0	23	దానీ	true	1	2	22	UUU	["దా","నీ","పో"]	pdy-v-01601		
pdy-seesamu-0644	seesamu	upajaathi	""	train	కన్నంబు ద్రవ్వి తస్కరు డింటివానికి । వాడలేదని ముంత వైచి చనునె\nతెరవాటుకాడు చింతించునే కట్టిన । బట్ట నూడ్చిన మానభంగమనూచు\nవలబడ్డ మెకము చూల్ వహియించెనంచును । విడువంగఁ జూచునే వేఁటకాఁడు\nజారుండు పరకాంత శయ్యపై దారిచి । వావి గాదని పల్కి వదలి చనునె	false	["seq"]	["seq"]	115	ు	ూ	lengthen	1	23	మానభంగమనూచు	false	3	3	47	|U|	["మ","నూ","చు"]	pdy-v-01602		
pdy-teytageethi-0649	teytageethi	upajaathi	""	train	దుర్జనుఁడు వాని నమ్మిన దొడరకున్నె ।\nహాని యెంతటివానికినైన గాని\nతలదడవి బాసజేసిన తగదు నమ్మ\nమదరిపువిఫాల మునిజనహృదయలోల । వేణుగోపాల భక్తసంత్రాణశీల!	true	[]	[]														pdy-v-01603		
pdy-seesamu-0649	seesamu	upajaathi	""	train	తల్లిని సేవించ దైవతార్చన యేల । తండ్రి గల్గిన పెన్నిధానమేల\nదీనరక్షణమున్న దీర్థాటనంబేల । విద్యాధికతయున్న వేషమేల\nపరమమిత్రుండున్న బంధువర్గంబేల । పతిభక్తి గల్గిన వ్రతములేల\nరసికత్వమున్న సురత్నభూషణమేల । ఘనవాహనంబున్నఁ గవచమేల	true	[]	[]														pdy-v-01604		
pdy-seesamu-0652	seesamu	upajaathi	""	test	పాపాత్మునకు బారుపత్య మియ్యగరాదు । చాలని పనికిఁ గాల్సాచరాదు\nపలుగాకివానితో భాషింపగా రాదు । చెడ్డవానికి మేలు సేయరాదు\nయాదాయమెఱుఁగక యప్పు తీయగరాదు । పలువురితో ద్వేషపడగరాదు\nతప్పు సేయనివాని దండింపబోరాదు । చేసిన కృత్యంబు చెప్పరాదు	true	[]	[]														pdy-v-01605		
pdy-teytageethi-0657	teytageethi	upajaathi	""	train	గాని వస్తువుఁ బెట్టుకోఁ గాంక్షచేత ।\nబేనఁగుమాత్రంబె కాని లభింపదేమి\nదాని కొడఁబడఁ డింగితజ్ఞానశాలి\nమదరిపువిఫాల మునిజనహృదయలోల । వేణుగోపాల భక్తసంత్రాణశీల!	false	["seq"]	["seq"]	37	ె	ే	lengthen	1	0	బేనఁగుమాత్రంబె	false	1	1	14	|UU|	["గు","మా","త్రం","బె"]	pdy-v-01606		
pdy-teytageethi-0658	teytageethi	upajaathi	""	train	యర్కుఁ డుదయింపఁ జెడునె గుహాతిమిరము ।\nతాళ మెత్తుకపోవ మందసములోని\nవిత్త మలవడకుండునే వెచ్చమునకు\nమదరిపువిఫాల మునిజనహృదయలోల । వేణుగోపాల భక్తసంత్రాణశీల!	true	[]	[]														pdy-v-01607		
pdy-teytageethi-0659	teytageethi	upajaathi	""	train	గుణము బహుళంబు దోషంబు గొంచమైనఁ ।\nగొదవఁ జెందక యుండు నెక్కుడు గుణంబు\nతాఱుమాఱైన నిదియె పద్ధతి తలంప\nమదరిపువిఫాల మునిజనహృదయలోల । వేణుగోపాల భక్తసంత్రాణశీల!	true	[]	[]														pdy-v-01608		
pdy-teytageethi-0660	teytageethi	upajaathi	""	train	ప్రబలపాతకపూర్ణుఁ డల్పంపు సుకృత- ।\nమునను శుద్ధుండు గాకుండుననుట నిక్క-\nమాడు గాకేమి యిచ్చకం బనృతవాది\nమదరీపువిఫాల మునిజనహృదయలోల । వేణుగోపాల భక్తసంత్రాణశీల!	false	["seq"]	["seq"]	101	ి	ీ	lengthen	3	2	మదరీపువిఫాల	false	3	0	41	||U	["మ","ద","రీ"]	pdy-v-01609		
pdy-teytageethi-0661	teytageethi	upajaathi	""	train	దైవకృతమైన వంకర దలఁగద్రోయ ।\nవశము గాకుండు గద యెంతవానికైన\nబొరలు దాని నెఱుంగడు బుద్ధి జడుఁడు\nమదరిపువిఫాల మునిజనహృదయలోల । వేణుగోపాల భక్తసంత్రాణశీల!	true	[]	[]														pdy-v-01610		
pdy-teytageethi-0663	teytageethi	upajaathi	""	train	నుభయభ్రష్టత్వములు గాన నుర్విలోన ।\nరాజసభలందూ నెన్నగా రాదు గదర\nమదరిపువిఫాల మునిజనహృదయలోల ।\nవేణుగోపాల భక్తసంత్రాణశీల!	false	["seq"]	["seq"]	42	ు	ూ	lengthen	1	5	రాజసభలందూ	false	1	1	16	||UU	["స","భ","లం","దూ"]	pdy-v-01611		
pdy-teytageethi-0664	teytageethi	upajaathi	""	dev	హుంకరించిన నెటువంటి మంకునైనఁ ।\nదిట్టవలయును గవులకు దిట్టమదియె\nమదరిపువిఫాల మునిజనహృదయలోల ।\nవేణుగోపాల భక్తసంత్రాణశీల!	true	[]	[]														pdy-v-01612		
pdy-teytageethi-0665	teytageethi	upajaathi	""	dev	గుడిసెవేటుల నిల్లాలు గుత్తులంజె ।\nగనుక నీ రీతిఁ బెక్కులు గలవు తలప\nమదరిపువిఫాల మునిజనహృదయలొల ।\nవేణుగోపాల భక్తసంత్రాణశీల!	false	["seq"]	["corr","seq"]	89	ో	ొ	shorten	2	14	మునిజనహృదయలొల	false	2	4	42	||U	["లొ","ల","వే"]	pdy-v-01613		
pdy-teytageethi-0669	teytageethi	upajaathi	""	train	బలము గలవాడు దుర్బలు బాఱఁ దఱుమ ।\nదైవమోక ప్రాపు గల్పింపఁ దలఁపకున్నె\nపొరలునే ప్రొద్దహంకారమున నరుండు\nమదరిపువిఫాల మునిజనహృదయలోల । వేణుగోపాల భక్తసంత్రాణశీల!	false	["seq"]	["seq"]	36	ొ	ో	lengthen	1	2	దైవమోక	false	1	2	20	|UU|	["పు","గ","ల్పిం","ప"]	pdy-v-01614		
pdy-teytageethi-0670	teytageethi	upajaathi	""	train	గలియుగమ్మున వర్ణసంకరము ప్రబలి ।\nయుత్తమకులంబు లొకమూల నొత్తిగిల్లె\nమదరిపువిఫాల మునిజనహృదయలోల ।\nవేణుగోపాల భక్తసంత్రాణశీల!	true	[]	[]														pdy-v-01615		
pdy-seesamu-0667	seesamu	upajaathi	""	train	తల్లి ఱంకునఁ దండ్రి ధనము పోయినయట్లు । మూలనిక్షేపంబు మునిఁగినట్లు\nకూఁతురి ముడుపెల్లఁ గొల్లవోయినయట్లు । కాణాచివల్లెలు కాలినట్లు\nతన యాలి గడనెల్ల దండుగ కైనట్లు । దండ్రి తద్దినమేమొ తప్పినట్లు\nచెల్లేపైఁ బడి దొంగ చెఱచిపోయినయట్లు । కొడుకు నప్పుడు తలగొట్టినట్లు	false	["seq"]	["corr","seq"]	192	ె	ే	lengthen	3	1	చెల్లేపైఁ	false	6	0	75	UUU|	["చె","ల్లే","పై","బ"]	pdy-v-01616		
pdy-teytageethi-0671	teytageethi	upajaathi	""	dev	దిగులుపడి చూచి మూర్ఛిల్లి తెప్పరిల్లి ।\nకవుల కియ్యంగవద్దని కన్ను మీటు\nమదరిపువిఫాల మునిజనహృదయలోల ।\nవేణుగోపాల భక్తసంత్రాణశీల!	true	[]	[]														pdy-v-01617		
pdy-teytageethi-0673	teytageethi	upajaathi	""	train	ఘనము నీచం బెఱుంగక కలియుగమూన ।\nనవని నడుతురు మూఢులైనట్టి దొరలు\nమదరిపువిఫాల మునిజనహృదయలోల ।\nవేణుగోపాల భక్తసంత్రాణశీల!	false	["seq"]	["seq"]	25	ు	ూ	lengthen	0	13	కలియుగమూన	false	0	4	12	|U|	["గ","మూ","న"]	pdy-v-01618		
pdy-seesamu-0670	seesamu	upajaathi	""	train	వసుధాధిపతికి విశ్వాసగుణంబు జా- । రునకు సత్యంబు చోరునకు భయము\nలంజెకు మొమోట పంజకు ధైర్య మెం- । గిలి కెగ్గు మద్యపాయులకు సిగ్గు\nద్రవ్యాధికులకును దానధర్మములపై । దృష్టియు జారిణిస్త్రీకి వావి\nపలుగాకులకు మేలు పందగొడ్డుకుఁ బాలు । మానికిఁ గఱవు కోమటికి బరువు	false	["seq"]	["corr","seq"]	68	ో	ొ	shorten	1	3	మొమోట	false	2	1	30	|U|U	["మొ","మో","ట","పం"]	pdy-v-01619		
pdy-teytageethi-0674	teytageethi	upajaathi	""	train	మేకమెడచన్నులకుఁ బాలు మేడి పులు ।\nలేవు త్రిభువనములను గాలించి చూడ\nమదరిపువిఫాల మునిజనహృదయలోల ।\nవేణుగోపాల భక్తసంత్రాణశీల!	false	["seq"]	["corr","seq"]	27	ూ	ు	shorten	0	12	పులు	true	0	4	12	||U	["పు","లు","లే"]	pdy-v-01620		
pdy-teytageethi-0675	teytageethi	upajaathi	""	train	కీర్తి యపకీర్తి దక్కఁ దక్కినవి నిల్వఁ- ।\nబోవు శాశ్వతమౌనట్లు పుడమిమీద\nమదరిపువిఫాల మునిజనహృదయలోల ।\nవేణుగోపాల భక్తసంత్రాణశీల!	true	[]	[]														pdy-v-01621		
pdy-seesamu-0672	seesamu	upajaathi	""	train	సుంకరులకు వర్ణసంకరులకుఁ దన । పొత్తొసంగెడి తొత్తుముండలకూను\nసారాయినీళ్ళకు జాతరగాండ్లకు । బంగుభాయీలకు బందెనకును\nబడవాలకును లేని భడవాలకును ఱంకు- । రాట్నాలకును శుంఠరండలకును\nకలిమిదండుగులకు గారడీవిద్యకుఁ । దోడఁబోతుల కాటదొమ్మరులకు	false	["seq"]	["seq"]	54	ు	ూ	lengthen	0	24	తొత్తుముండలకూను	false	1	3	23	|U|	["ల","కూ","ను"]	pdy-v-01622		
pdy-teytageethi-0676	teytageethi	upajaathi	""	test	లోభితనమున నేడ్చె నిద్రాభవాని ।\nగడన వీండ్లకె కాక సత్కవులకౌనే\nమదరిపువిఫాల మునిజనహృదయలోల ।\nవేణుగోపాల భక్తసంత్రాణశీల!	false	["seq"]	["corr","seq"]	58	ె	ే	lengthen	1	13	సత్కవులకౌనే	false	1	4	25	UU|	["కౌ","నే","మ"]	pdy-v-01623		
pdy-vutpalamaala-0257	vutpalamaala	vruttamu	""	train	భక్తిరసాభిషిక్త! భవపాశవితాన విముక్త! జంగమా\nసక్త! దయాభిషిక్త! తనుసంగతసౌఖ్యవిరక్త! సంతతో\nద్యుక్త గుణానురక్త! పరితోషితభక్త! శివైక్యయుక్త! ప్ర\nవ్యక్తమ నీవే దిక్కు బసవా! బసవా! బసవా! వృషాధిపా!	false	["seq"]	["seq"]	150	ె	ే	lengthen	3	4	నీవే	true	3	1	63	UUU	["నీ","వే","ది"]	pdy-v-01624		
pdy-vutpalamaala-0271	vutpalamaala	vruttamu	""	train	కామితభక్తిభామ! గతకామ! మహాగణ సార్వభౌమ! ని\nస్సీమ యశోభిరామ! సవిశేష విముక్తిలలామ! సద్గుణ\nస్తోమ! శివైక్యదామ! సుఖదుఃఖ విరామ! ప్రమోదసీమ! దే\nవా మముఁ గావుమయ్య బసవా! బసవా! బసవా! వృషాధిపా!	true	[]	[]														pdy-v-01625		
pdy-vutpalamaala-0273	vutpalamaala	vruttamu	""	train	శ్రీవిలసత్ప్రభావ! ప్రవిశిష్ట పరాజిత యన్యదైవ! స\nద్భావ! యుత స్వభావ! శివతత్త్వ విశిష్ట మహానుభావ! యం\nహోవనదావ! పాలిత మహోద్ధతశైవ! విభుండవీవ దె\nవా వరదానశీల బసవా! బసవా! బసవా! వృషాధిపా!	false	["seq"]	["seq"]	135	ే	ె	shorten	2	19	దె	true	2	6	58	||	["వ","దె"]	pdy-v-01626		
pdy-vutpalamaala-0277	vutpalamaala	vruttamu	""	train	స్వీకృత భక్తలోక! యవశీకృత కర్కశవావదూక! యూ\nరీకృత సద్వివేక! యురరీకృత జంగమభక్తి శూక! దూ\nరీకృత దుష్టపాక! యధరీకృత వేద విరుద్ధబౌద్ధ చా\nర్వాక! శరణ్యమయ్య బసవా! బసవా! బసవా! వృషాధిపా!	true	[]	[]														pdy-v-01627		
pdy-vutpalamaala-0279	vutpalamaala	vruttamu	""	dev	ధన్య మహావదాన్య! గతదైన్య! విధూత జఘన్య! భక్తిచై\nతన్య! గుణైక్యమాన్య! హతదర్పక సైన్య! నిరస్త మాతృకా\nస్తన్య! జితారిఘోరభవజన్య! శరణ్యము చిత్సుఖాత్మ భా\nవన్య! శరణ్యమయ్య బసవా! బసవా! బసవా! వృషాధిపా!	true	[]	[]														pdy-v-01628		
pdy-vutpalamaala-0285	vutpalamaala	vruttamu	""	train	నందితభక్తబృంద! యవినాశిరదాంశు ముఖారవింద! సా\nనంద వినీతికంద! కరుణామకరంద! రసోపలాలీత\nస్కంద! యుదాత్త భక్తి తరుకంద! యశోజితకుంద! నాకరా\nడ్వందిత! నీవె దిక్కు బసవా! బసవా! బసవా! వృషాధిపా!	false	["seq"]	["seq"]	77	ి	ీ	lengthen	1	18	రసోపలాలీత	false	1	6	38	UU	["లీ","త"]	pdy-v-01629		
pdy-vutpalamaala-0286	vutpalamaala	vruttamu	""	train	లౌల్యపరాయణాత్మ గుణలౌల్య! యమూల్య సదోపయుక్త ని\nర్మాల్య! వినీతికల్య! యసమానదయా రసకుల్య! నిత్యనై\nర్మల్య! యమూల్య! దుష్టజనమానసశల్య! పదాబ్జలబ్ధ కై\nవల్య! శరణ్యమయ్య బసవా! బసవా! బసవా! వృషాధిపా!	true	[]	[]														pdy-v-01630		
pdy-champakamaala-0358	champakamaala	vruttamu	""	train	భువన హితార్థ తీర్థ! భవభూరుహ శాతకుఠారధార! గౌ\nరవ సముదాత్తవృత్త! యనురాగ రసామృతసారపూర! శాం\nభవమయ వేదబోధ! శివభక్తహృదబ్జ వికాసభాస! దే\nవ వరద కావుమయ్య బసవా! బసవా! బసవా! వృషాధిపా!	true	[]	[]														pdy-v-01631		
pdy-vutpalamaala-0288	vutpalamaala	vruttamu	""	train	నిర్గతధర్మ కర్మ! యవినీత పునర్చవ యంత్ర తంత్ర! దు\nర్మార్గ విహీనయాన! గుణమాన్య మహావృషసామ్య! సౌమష\nడ్వర్గ విరక్త శక్త! మదడంబర వర్జిత వేషభూష! నీ\nవర్గమునేఁ జుమయ్య బసవా! బసవా! బసవా! వౄషాధిపా!	false	["seq"]	["seq"]	174	ృ	ౄ	lengthen	3	16	వౄషాధిపా	false	3	5	75	UUU	["వా","వౄ","షా"]	pdy-v-01632		
pdy-vutpalamaala-0289	vutpalamaala	vruttamu	""	train	లింగనిరూఢ! సంచితవిలీఢ! పరాక్రమగూఢ! మానసా\nసంగి వృషాంక! నిర్గళితశంక! నిరస్తకళంక! సంతతా\nభంగురపుణ్య! శీలముఖమణ్య త్రిలోకవరేణ్య! దేవ నీ\nవంగడమేఁ జుమయ్య బసవా! బసవా! బసవా! వృషాధిపా!	true	[]	[]														pdy-v-01633		
pdy-champakamaala-0367	champakamaala	vruttamu	""	dev	సురవర పూజ్య! పూజ్యగుణశోభిత! శోభితరూప! రూప వి\nస్ఫురతరశీల! శీలగుణపుంగవ! పుంగవ సత్త్వ! సత్త్వసం\nవర పరవాద! వాద భయవర్జిత పాపవిచారచార! ఈ\nశ్వర సమ! నీవే దిక్కు బసవా! బసవా! బసవా! వృషాధిపా!	false	["seq"]	["seq"]	143	ె	ే	lengthen	3	5	నీవే	true	3	1	66	|UU	["మ","నీ","వే"]	pdy-v-01634		
pdy-champakamaala-0369	champakamaala	vruttamu	""	train	విరచిత శుద్ధసాళగ నవీన మృదుస్వర మంద్ర మధ్య తా\nర రుచిర దేశిమార్గ మధురస్వర గీతసుధాతరంగిణీ\nతరళ తరంగజాల సముదంచిత కేళివిలోల సంగమే\nశ్వర శరణయ్య నీకు బసవా! బసవా! బసవా! వృషాధిపా!	true	[]	[]														pdy-v-01635		
pdy-vutpalamaala-0296	vutpalamaala	vruttamu	""	dev	చూర్ణిత మన్మథాయ! పరిశోభితభస్మవిలేపనాయ! సం\nపూర్ణమనోరథాయ! గతపూర్వ భవాశ్రిత వర్తనాయ! తే\nవర్ణ నిరాసకాయ! సశివాయ నమో" యని సంతతంబు ని\nన్వర్ణన సెయువాడ బసవా! బసవా! బసవా! వృషాధిపా!	false	["seq"]	["seq"]	136	ే	ె	shorten	3	3	సెయువాడ	false	3	1	63	||U	["సె","యు","వా"]	pdy-v-01636		
pdy-champakamaala-0372	champakamaala	vruttamu	""	train	పరమనె యన్నె యాండవనె పన్నగతానె యనాథ నాధనే\nపెరియనెపే నివుందనవె పేరు డయాననే పేరు జెప్పనే\nతరి మురియాయనే" యనుచు 'ద్రావిడభాష' నుతింతు మన్మనో\nవరకరుణా విధేయ! బసవా! బసవా! బసవా! వృషాధిపా!	false	["seq"]	["seq"]	71	ె	ే	lengthen	1	15	డయాననే	false	1	5	36	UU|	["నే","పే","రు"]	pdy-v-01637		
pdy-champakamaala-0373	champakamaala	vruttamu	""	train	"హసుళెయరన్న రక్షిసు వుహారయ లెన్న వనీవనెందు మ\nన్నిసువుడు నిమ్మడింగెరగ నిమ్మ ప్రసాదిత నిమ్మదాత్మ వే\nకసిగతి" యంచు భక్తి నినుఁ 'గన్నడభాష' నుతింతు షడ్గుణ\nశ్వసన పురాతనాత్మ! బసవా! బసవా! బసవా! వృషాధిపా!	true	[]	[]														pdy-v-01638		
pdy-champakamaala-0377	champakamaala	vruttamu	""	train	బలుపొడ తోలు చీరయును పాపసరుల్‌ గిలుపాడు కన్ను వె\nన్నేల తలఁ జేఁదు కుత్తుకయు నిండినవేలుపుటేఱు పల్గు పూ\nసలు గలఱేని లెంకవని 'జానుఁదెనుంగు'న విన్నవించెద\nన్‌ వలపు మదిన్‌ దలిర్ప బసవా! బసవా! బసవా! వృషాధిపా!	false	["seq"]	["seq"]	51	ె	ే	lengthen	1	0	న్నేల	true	1	0	21	U||	["న్నే","ల","త"]	pdy-v-01639		
pdy-vutpalamaala-0302	vutpalamaala	vruttamu	""	train	వేఁడిన మిండ జంగమము వెక్కసమందగఁ దత్సభాస్థలి\nన్నాఁడట నారి వల్వొలువ నైజపుమానము దూలకుండఁగాఁ\nబోఁడిమిఁ బట్టుపుట్టములు ప్రోవులు పెట్టిన పుణ్యమూర్తి ని\nవాఁడఁ జుమయ్య జియ్య బసవా! బసవా! బసవా! వృషాధిపా!	false	["seq"]	["seq"]	142	ీ	ి	shorten	2	19	ని	true	2	6	58	||	["ర్తి","ని"]	pdy-v-01640		
pdy-vutpalamaala-0306	vutpalamaala	vruttamu	""	train	కర్ణవతంసమీక పెనఁగన్‌ సతిచెక్కిలి వ్రేయుడున్‌ మహా\nతూర్ణతఁజెంది జంగమము దో స్థలమెత్తి పసిండియాకు సం\nపూర్ణ నికృష్టభక్తి మెయిఁబొల్పుగ నిచ్చిన నిష్ప్రపంచ! నీ\nవర్ణమూ నేఁజుమయ్య బసవా! బసవా! బసవా! వృషాధిపా!	false	["seq"]	["seq"]	157	ు	ూ	lengthen	3	2	వర్ణమూ	false	3	0	60	U|U	["వ","ర్ణ","మూ"]	pdy-v-01641		
pdy-vutpalamaala-0309	vutpalamaala	vruttamu	""	dev	తంగెటిజున్ను, ముంగటి నీధానము, పండిన కల్పవల్లి, ముం\nగొంగున ముత్తియంబనఁగ, గూర్మి మనంబునఁ దొంగలింపగా\nజంగమకోటికర్చనలు సల్పుచునున్న యగణ్యపుణ్య! నీ\nవంగడమేఁ జుమయ్య బసవా! బసవా! బసవా! వృషాధిపా!	false	["seq"]	["seq"]	22	ి	ీ	lengthen	0	8	నీధానము	false	0	2	6	||U	["గ","టి","నీ"]	pdy-v-01642		
pdy-vutpalamaala-0311	vutpalamaala	vruttamu	""	dev	శంకదలిర్చ నెంతయు వెసన్‌ బరదైవ పతంగ కోట్లకు\nన్‌ బింకమూతోడ ఫాలతట భీమవిలోచన వహ్ని నేర్చు నా\nశంకరదాసి దేవునకు సద్భటుఁడంచు నుతించు నన్ను నీ\nవంకను ద్రిప్పుమయ్య బసవా! బసవా! బసవా! వృషాధిపా!	false	["seq"]	["seq"]	52	ు	ూ	lengthen	1	2	బింకమూతోడ	false	1	0	20	U|U	["న్బిం","క","మూ"]	pdy-v-01643		
pdy-vutpalamaala-0318	vutpalamaala	vruttamu	""	test	బల్లిదుఁడై గణాధిపుల పాదజలంబులు కట్టెమోపుపైఁ\nజల్లికడాని గావుడును జంగమకోటికిఁ బంచి యిచ్చుచు\nన్‌ మొల్లపు భక్తిఁ బేర్కొనిన మోళిగ మారయ కూర్మిబంట! మ\nద్వల్లభ! నీవె దిక్కు బసవా! బసవా! బసవా! వృషాధిపా!	true	[]	[]														pdy-v-01644		
pdy-vutpalamaala-0327	vutpalamaala	vruttamu	""	train	దండితవాదియై శివుఁడ దైవముగా కని కన్నూలిచ్చి తా\nనిండు మనంబుతో నిలువు నిద్దపుఁగన్నులు దాల్చి పొల్చు మా\nపండిత మల్లికార్జునుఁడు ప్రస్తుతి సేయఁగ నేర్చు నిన్ను నె\nవ్వండు నుతింప నేర్చు బసవా! బసవా! బసవా! వృషాధిపా!	false	["seq"]	["seq"]	35	ు	ూ	lengthen	0	16	కన్నూలిచ్చి	false	0	5	15	UUU	["క","న్నూ","లి"]	pdy-v-01645		
pdy-champakamaala-0386	champakamaala	vruttamu	""	train	వసుమతిఁ బేరుకొన్న నరువత్తురు మువ్వురి కూర్మిబంట! షో\nడసుల సుతుండ! తేరసుల దక్కిన భృత్యుఁడ! వీరలాది గా\nనెసగు మహానుభావులకు నెల్ల ననర్గళమైన భక్తిన\nన్‌ వసిగొని ప్రోవుమయ్య బసవా! బసవా! బసవా! వృషాధిపా!	true	[]	[]														pdy-v-01646		
pdy-vutpalamaala-0328	vutpalamaala	vruttamu	""	train	నా యొడయండ! నా వీభుఁడ! నా హృదయేశ్వర! నా మనోరమా!\nనా యిలవేల్ప! నా వరుఁడ! నా గురులింగమ! నాదు జంగమా!\nనా యదినాథ! నా వరద! నన్నుఁ గృపామతిఁ బ్రోవుమయ్య దే\nవా యమిబృందవంద్య! బసవా! బసవా! బసవా! వృషాధిపా!	false	["seq"]	["seq"]	15	ి	ీ	lengthen	0	6	వీభుఁడ	false	0	2	6	U||	["వీ","భు","డ"]	pdy-v-01647		
pdy-vutpalamaala-0329	vutpalamaala	vruttamu	""	train	నోరికి వచ్చినట్టు నిను నూఱువిధంబులఁ బ్రస్తుతింతు నే\nనేరుతు నేరఁ బొమ్మనక నీపయి నొచ్చెములేని మచ్చిక\nన్‌ గారవమంద మత్ప్రణుతిఁ గైకొనఁగాఁ దగు గౌరవంబున\nన్‌ వారని కూర్మి పేర్మి బసవా! బసవా! బసవా! వృషాధిపా!	true	[]	[]														pdy-v-01648		
