padyam_text	padyam_type
"శ్రీమదనంత లక్ష్మీ యుతోరః స్థల- చతురాననాండ పూరిత పిచండ
ధర చక్ర ఖడ్గ గదా శరాసనహస్త- నిఖిల వేదాంత వర్ణిత చరిత్ర
సకల పావన నదీ జనక పాదాంభోజ- దమణీయ ఖగకులోత్తమ తురంగ
మణి సౌధవ త్ఫణామండ లోరగతల్ప- వరకల్పకోద్యాన వన విహార"	seesamu
"భాను సితభాను నేత్ర సౌభాగ్యగాత్ర-యోగిహృద్గేయ భవనైక భాగధేయ
చిత్ర చిత్ర ప్రభావ దాక్షిణ్యభావ-హత విమతజీవ శ్రీకాకుళాంధ్రదేవ!"	teytageethi
"వైజయంతీధామ వర్ణిత సుత్రామ- శోభననామ లోకాభిరామ
కువలయశ్యామ వికుంఠపట్టణధామ- శ్రుతిహితనామ దైవతలలామ
కృత్యదైత్య సంగ్రామ గీతార్థ పరిణామ- యదుకులాంబుధిసోమ అఘవిరామ
సంగర జిత భౌమ రంగద్గుణస్తోమ- త్రిభువన క్షేమ వర్ధిష్ణుకామ"	seesamu
"దాసులము గామ? నీ పేరు దలఁచుకోమ?-కొసరితిమి ప్రేమ కోరిన కోర్కు లీవ?
చిత్ర చిత్ర ప్రభావ దాక్షిణ్యభావ-హత విమతజీవ శ్రీకాకుళాంధ్రదేవ!"	teytageethi
"మానుషహర్యక్ష మార్తాండ సోమాక్ష- త్రిభువనాధ్యక్ష కౌంతేయపక్ష
మదనకోటివిలాస మంజుల దరహాస- శ్రీహృన్నివాస కౌశేయవాస
శార్ఙ్గకోదండ పిచండ భృతాజాండ- వినుతవేదండ రవిప్రచండ
దీనశరణ్య విద్విట్భేద నైపుణ్య- భక్తానుగణ్య దిక్ప్రభువరేణ్య"	seesamu
"సిద్ధసంకల్ప అవికల్ప శేషతల్ప-నిష్కలంక నిరాతంక నిరుపమాంక
చిత్ర చిత్ర ప్రభావ దాక్షిణ్యభావ-హత విమతజీవ శ్రీకాకుళాంధ్రదేవ!"	teytageethi
"గోవింద ముచికుంద సేవిత పాదార- వింద నిత్యానంద విశ్వతుంద
శ్రీమంత విజయలక్ష్మీకాంత నిర్మల- స్వాంత భక్తోద్యాన వనవసంత
అఘనాశ కోటిసూర్యప్రకాశ వరేశ- విజితాశ సన్మనోంబుజ నివేశ
సద్గుణ గేహ వాసవనీల సమదేహ- బంధురోత్సాహ సువర్ణవాహ"	seesamu
"పండితస్తోత్ర చారిత్ర పద్మనేత్ర-మధుర మంజులభాష సమస్తపోష
చిత్ర చిత్ర ప్రభావ దాక్షిణ్యభావ-హత విమతజీవ శ్రీకాకుళాంధ్రదేవ!"	teytageethi
"శ్రీకాకుళము భక్తలోక చింతామణి- శ్రీకాకుళము సుకృతాకరంబు
శ్రీకాకుళము ధరాలోక వైకుంఠంబు- శ్రీకాకుళము మర్త్యసేవితంబు
శ్రీకాకుళము వేదసిద్ధాంత మహిమంబు- శ్రీకాకుళము హతవ్యాకులంబు
శ్రీకాకుళము మహాక్షేత్రావతంసంబు- శ్రీకాకుళము సర్వసిద్ధికరము"	seesamu
"తెలియ శ్రీకాకుళంబు నీ దివ్యదేశ-మాంధ్రనాయక నీవె శ్రీహరివి నిజము
చిత్ర చిత్ర ప్రభావ దాక్షిణ్యభావ-హత విమతజీవ శ్రీకాకుళాంధ్రదేవ!"	teytageethi
"ఇంద్రనీలచ్ఛాయ లీను నెమ్మేనిపైఁ- గనకాంబరప్రభ గ్రందుకొనఁగఁ
బర్వసుధాంశు శోభసముజ్జ్వలవక్త్ర- మున నూర్ధ్వపుండ్రము ముద్దు గుల్క
నెగుభుజంబుల ధగద్ధగితాంగద ద్యుతుల్‌- మూర్ధరత్నకిరీటమునఁ జరింప
వర్ణితోరస్థలి వైయంతిక కౌస్తు- భాంతర శ్రీదేవియంద మమర"	seesamu
"రమ్ము దర్శన మిమ్ము ఘోరములఁ జిమ్ము-మభయ మిమ్ము భవత్తత్త్వ మానతిమ్ము 
చిత్ర చిత్ర ప్రభావ దాక్షిణ్యభావ-హత విమతజీవ శ్రీకాకుళాంధ్రదేవ!"	teytageethi
"కలిగినప్పుడె కన్న తలిదండ్రు లెన్న నే- నిసువు మాటాడంగ నేర్చె జగతి
జయలిజగంబు లంబకు నిజోదరమునం- దేబిడ్డ చూపించె నిద్ధరిత్రిఁ
దొడలపై ముద్దుగా నిడుకొన్న జనని కే- పసిపిల్ల కొండంతబరువు దోఁచెఁ
దల్లిచెంగటనుండి యిల్లిల్లుఁ జొచ్చి యే- కుఱ్ఱఁ డింతుల బల్మిఁ గూడ నేర్చె"	seesamu
"నాబుడత వీవెరా యబ్బ! యబ్బురంపు-కతలమారివి నీ వెఱుంగనివి గలవె?
చిత్ర చిత్ర ప్రభావ దాక్షిణ్యభావ-హత విమతజీవ శ్రీకాకుళాంధ్రదేవ!"	teytageethi
"వరమిచ్చినట్టి శంకరుని కెగ్గు దలంచు- భస్మాసురుని పేరుఁ బాపినావు
తనయిల్లుఁ గాచు నుగ్రుని బోరుటకుఁ బిల్చు- బాణుచేతులు తెగఁ బఱికినావు
తొలుమిన్కు లజుని మ్రుచ్చిలి గొన్న సోమకుఁ- జంపి విద్యలు ధాత కంపినావు
బలిమి దైత్యులు సుధాకలశము న్గొన వారి- వంచించి సురలకుఁ బంచినావు"	seesamu
"నిఖిలదైవత కార్యముల్‌ నిర్వహించు-నీకు నిజకార్యము భరంబె నిర్వహింప!
చిత్ర చిత్ర ప్రభావ దాక్షిణ్యభావ-హత విమతజీవ శ్రీకాకుళాంధ్రదేవ!"	teytageethi
"అచట లే వని కదా యరచేతఁ జఱచెఁ గ్రు- ద్ధత సభా స్తంభంబు దానవేంద్రుఁ
డచట లే వని కదా యస్త్రరాజం బేసె- గురుసుతుం డుత్తరోదరమునందు
నచట లే వని కదా యతికోపి ననిచెఁ- బాండవు లున్నవనికిఁ గౌరవకులేంద్రుఁ
డచట లే వని కదా యాత్మీయసభను ద్రౌ- పది వల్వ లూడ్చె సర్పధ్వజుండు"	seesamu
"లేక యచ్చోటులను గల్గలేదె ముందు-కలవు కేవల మిచ్చోటఁ గల్గు టరుదె
చిత్ర చిత్ర ప్రభావ దాక్షిణ్యభావ-హత విమతజీవ శ్రీకాకుళాంధ్రదేవ!"	teytageethi
"అంచితాఖండ దీపారాధనల చేత- దీపించు నెప్పుడు దేవళంబు
అగరుసాంబ్రాణి ధూపార్పణంబులచేత- భవనం బ దెప్పుడుఁ బరిమళించు
నతినృత్యగీత వాద్యస్వనంబులచేత- నెప్పుడుఁ గోవెల యెసక మెసఁగు
నఖిలోపచార సమర్పణంబులచేత- మెఱయు నెప్పుడుఁ దిరుమేను కళల"	seesamu
"నిపు డొకించుక లోభిత్వ మెనసి నట్లు-దోఁచుచున్నాఁడ విట్టియద్భుతము గలదె
చిత్ర చిత్ర ప్రభావ దాక్షిణ్యభావ-హత విమతజీవ శ్రీకాకుళాంధ్రదేవ!"	teytageethi
"భక్తిఁజేసిన శిలాప్రతిమ మాత్రమే కాని- హరి యిందుఁ గలుగునా యనెడువారు
స్వామి యిం దుండిన సత్యంబుఁ జూపక- యుండునే యని పల్కుచుండువారు
బుద్ధావతారంబుఁ బూనినాఁ డఖిలంబుఁ- గని కనన ట్లుండు ననెడువారు
దేవతామహిమంబు దెలియునో యేమేమి- నడువ నున్నదో యని నుడువువారు"	seesamu
"నీకు నిత్యోపచారముల్‌ లేకయున్న-లోకు లి ట్లాడుకొండ్రు పరాకిదేమి
చిత్ర చిత్ర ప్రభావ దాక్షిణ్యభావ-హత విమతజీవ శ్రీకాకుళాంధ్రదేవ!"	teytageethi
"ధర నూటయెనిమిది తిరుపతులందు శ్రీ- కాకుళం బరయఁ బ్రఖ్యాతమేని
యాంధ్రనాయకుఁడ వం చఖిలదేశంబుల- నిన్నుఁ గీర్తించుటే నిజమయేని
వైఖానసోక్తికి వంచన రాకుండ- నెరలు చూపినమాట నిజమయేని
వైకుంఠుఁడవు స్వయంవ్యక్తిగా మర్చావ- తార మొందినమాట తథ్యమేని"	seesamu
"వివిధ పూజోత్సవములు నిర్విఘ్నములుగఁ-జేసికొనకున్న నీకుఁ బ్రసిద్ధి గలదె
చిత్ర చిత్ర ప్రభావ దాక్షిణ్యభావ-హత విమతజీవ శ్రీకాకుళాంధ్రదేవ!"	teytageethi
"మానితంబుగ గరుత్మద్ధ్వజారోహణం- బెప్పుడొనర్తువో చెప్పుమయ్య!
గరిమతో నీ తిరుక్కల్యాణసంభ్రమం- బెప్పు డెప్పుడొ వేగ చెప్పు మయ్య
రమతో మహోన్నతరథ మెక్కి తిరువీథు- లెప్పు డేతెంతువో చెప్పు మయ్య
ధరణి నభ్యాగతదాన ప్రజాబృంద- మెప్పుడు బలియునో చెప్పు మయ్య"	seesamu
"వత్సరోత్సవ వీక్షణవాంఛ జనుల-కెపుడు ఫలియించునో యానతీయు మయ్య
చిత్ర చిత్ర ప్రభావ దాక్షిణ్యభావ-హత విమతజీవ శ్రీకాకుళాంధ్రదేవ!"	teytageethi
"తగునట్లు తిరుమేను తా నామతింపుచు- మిన్న పీతాంబరం బున్న దనుచుఁ
గమలతోఁ బుట్టిన కౌస్తుభం బది పోవఁ- దక్కు సొమ్మది నీకు తక్కె ననుచు
లలితరత్న ద్యుతి మొలచినట్లు కిరీట- ముత్తమాంగముఁ బాయ కున్న దనుచు
మండితమాణిక్యకుండలంబులు కర్ణ- యుగళితోఁ బుట్టిన ట్లున్న వనుచు"	seesamu
"నిండుకొన్నావు గడియించు నేరుపరివె-ప్రావలువ బ్రారువాణముల్‌ బ్రాఁతి యేమి?
చిత్ర చిత్ర ప్రభావ దాక్షిణ్యభావ-హత విమతజీవ శ్రీకాకుళాంధ్రదేవ!"	teytageethi
"వంచన గాదె దివ్యక్షేత్రపతులలో- మంత్రార్థకృత్యము ల్మాని యున్న?
నపకీర్తిగాదె లోకాలోకములయందు- వత్సరోత్సవములు వదలి యున్న?
నగుబాటు గాదె యన్యమతస్థజనులలో- నిజదాసకోటి మన్నింపకున్నఁ?
బరిపాటి గాదె యల్పజ్ఞానమతులలో- దేవతామహిమంబుఁ దెలుపకున్న?"	seesamu
"నేఁటిదా నీ ప్రతిష్ఠ వర్ణించి చూడఁ-బాడి దప్పిన బలునిందపాలు గావె?
చిత్ర చిత్ర ప్రభావ దాక్షిణ్యభావ-హత విమతజీవ శ్రీకాకుళాంధ్రదేవ!"	teytageethi
"తిరునాళ్ళతఱి వచ్చెఁ బరిపరివిధముల- నెలమి సామగ్రిఁ జేయింప వేమి?
సేవకు లందందు సేవింప భావింప- తిరువీథుల రథంబుఁ ద్రిప్పవేమి?
వృజిన మెల్లఁ దొలంగు నిజ మంచుఁ బ్రజ లెంచు- పరమప్రసాదంబుఁ బంచవేమి?
దివ్య దేశం బిది తీర్థంబు సార్థంబు- చక్రతీర్థము కృప సలుప వేమి?"	seesamu
"హఠము గావించి నీయన్వయంబు లెత్తి-కీర్తి నిందఁగ వర్ణించి గేలిపఱతు
చిత్ర చిత్ర ప్రభావ దాక్షిణ్యభావ-హత విమతజీవ శ్రీకాకుళాంధ్రదేవ!"	teytageethi
"చెల్లింపఁ దగునె వ్రేపల్లెలోఁ గల వెఱ్ఱి- గొల్లయిల్లాండ్రను గొల్లగొనఁగ?
మెక్కంగఁ దగునె ము న్పెక్కిండ్లలో నుట్ల- కెక్కి పాల్వెన్నలు డొక్క నిండ?
మ్రుచ్చిలఁ దగునె మళ్ళుచ్చి జలక మ్మాడు- మచ్చెకంటుల కోక లిచ్చకముగ?
మ్రొక్కంగఁ దగునె ముం దొక్కపువ్వునకుఁ దాఁ- గక్కసించినయాలి కక్కజముగ"	seesamu
"నిట్టీ నగుబాటుపనులు నీ వెన్ని కలుగఁ-జేసినాఁడవు మంచిప్రసిద్ధకుఁడవె
చిత్ర చిత్ర ప్రభావ దాక్షిణ్యభావ-హత విమతజీవ శ్రీకాకుళాంధ్రదేవ!"	teytageethi
"అబ్బుకో గలవొ కాయక్లేశ మొనరించుఁ- దేవాసురు లటుండ దివ్యరమను
దోచుకోఁ గలవొ చే సాచి లోకము లాచి- బలిమహాదాత వైభవము లెల్ల
రాఁ దీయఁగలవొ సత్రాజిత్తుఁ డీకున్న- మణిశమంతక మొక మమతఁ గొల్పి
నాటించఁ గలవొ సన్న కసన్ననె వనంబు- పెట్టు మ్రాన్పెకలించి పెరటిలోనఁ"	seesamu
"దెచ్చుకొన వేమి వస్త్రాన్నదీపధూప-గంధ తాంబూలములకైన గడన దెలిసె
చిత్ర చిత్ర ప్రభావ దాక్షిణ్యభావ-హత విమతజీవ శ్రీకాకుళాంధ్రదేవ!"	teytageethi
"తలను బించెపుదండ ధరియించవలె గాని- మణికిరీటము బెట్ట మనుజపతివె?
గళమున వనమాలికలు పూనవలెఁ గాని- హారము న్వేయ దేశాధిపతివె?
కరమున మురళి చక్కఁగఁ బూనవలెఁ గాని- శాతాసిఁ బూనంగ క్షత్రియుఁడవె?
తనువు గోక్షీరవాసన గుప్పవలెఁ గాని- చందనం బలఁద రాజవె తలంప?"	seesamu
"నెల్లలోక మెఱింగిన గొల్లవాఁడ-వేది కుల మింత రాజస మేమి నీకు
చిత్ర చిత్ర ప్రభావ దాక్షిణ్యభావ-హత విమతజీవ శ్రీకాకుళాంధ్రదేవ!"	teytageethi
"కన్నవారల మున్ను గారాగృహంబున- విడిచి పాఱితివి నీ కడిమి యేమి?
పగవాఁడు పురిటిలోఁ బట్టి నెత్తుకపోవఁ- దమకించుచున్న నీ ధైర్య మేమి?
ముద్దుమన్మని గోప్యముగ నొండు బంధింపఁ- దెలియన ట్లున్న నీ తెగువ యేమి?
వైరిధాటికి నోడి వనధి మధ్యమునందు- నిలు గట్టుకొన్న నీ బలిమి యేమి?"	seesamu
"విఱిగి తిరి గెన్నఁడెన్నఁడో తఱి యెఱింగి-యొరుల నడఁచితి వది యేమి భరము నీకు?
చిత్ర చిత్ర ప్రభావ దాక్షిణ్యభావ-హత విమతజీవ శ్రీకాకుళాంధ్రదేవ!"	teytageethi
"భిల్లాంగనాదంతపీడిత ఫలభుక్తి- హేయంబు దోఁచలే దింత నీకు
సంక్రందనాత్మజ స్యందన సారథ్య- మెరుసుగాఁ దోఁచలే దింత నీకు
గోపాలకానేక గోవత్సపాలనం- బెగ్గుగాఁ దోఁచలే దింత నీకు
వ్రజబాలికా ముక్తవస్త్రాపహరణము- హీనమై తోఁచలే దింత నీకు"	seesamu
"నుచ్చనీచంబు లెఱుఁగక యిచ్చఁ జేయు-చేష్ట లివి భక్తహితమతిఁ జేసి తండ్రు
చిత్ర చిత్ర ప్రభావ దాక్షిణ్యభావ-హత విమతజీవ శ్రీకాకుళాంధ్రదేవ!"	teytageethi
"విమతభూపతు లెట్లు విముఖులై పాఱిరో- రాజపీఠం బెక్కరాని నీకు
కుంభినీధవు లెట్లు కూఁతుండ్ర నిచ్చిరో- కుల మొల్లకయె నీకు గోపకునకు
సుందరీమణు లెట్లు చూచి మోహించిరో- క ప్పగు మైచాయ గలుగునీకు
దాసజనం బెట్లు దాస్యంబు సలిపిరో- తిరియువానిని మారు తిరియు నీకు"	seesamu
"మమత నీలీల లటు సూచి బ్రమసి రేమె-తగుదువే యిట్టిఘనతకు దంభభూప
చిత్ర చిత్ర ప్రభావ దాక్షిణ్యభావ-హత విమతజీవ శ్రీకాకుళాంధ్రదేవ!"	teytageethi
"విక్రమాక్రమిత భూచక్రుఁ డౌ హేమాక్షు- పొం గణంచుటలు కోణంగితనము
కరగతామృతకుంభ గర్వితాసురకోటిఁ- దూలఁగొట్టుటలు గయ్యాళితనము
కుచపూర్ణ విషదుగ్ధకుటిల యౌ పూతన- పేరు మాయించుట పిల్లతనము
కంసపురీ ద్వారగమనావరోధి యౌ- మదకరి నీడ్చుట మకురుతనము"	seesamu
"వడిగలతనంబులా యివి? గడన యేమి-కొద్దిపను లివి నీ కిది పెద్దతనమె?
చిత్ర చిత్ర ప్రభావ దాక్షిణ్యభావ-హత విమతజీవ శ్రీకాకుళాంధ్రదేవ!"	teytageethi
"కెరలి కంసుఁడు నిన్ను నఱకఁ గాచినవాని- బారి సోదరిఁ ద్రోచి పాఱినావు
సరిపోర నరకు నొంచఁగ లేక చేతివి- ల్లాలిచే నిడి దండ నలరినావు
తెగడి బంధువు లాజిఁ దిట్టి కొట్టఁగ నోర్చి- వైదర్భిఁ జేపట్టి వచ్చినావు
దర్పకోద్ధతి కెంతొ తత్తరపడి నిజ- స్త్రీ పదాబ్జములఁ జే మోపినావు"	seesamu
"నీ పరాక్రమ మిట్టిది నిఖిలజగము-లాజ్ఞ మీఱక నిల్చుట యద్భుతంబు
చిత్ర చిత్ర ప్రభావ దాక్షిణ్యభావ-హత విమతజీవ శ్రీకాకుళాంధ్రదేవ!"	teytageethi
"వ్రేపల్లెలో గొల్లవెలఁదులు గొట్ట రా- దొడిదొడి యిల్లిల్లుఁ దూఱలేదొ
రాసకేళికయందు రమణులా యెందఱో- చుట్టి పట్టినఁ బాఱఁ జూడలేదొ
పదియాఱు వేల గోపకుమారికలు తేరి- పాఱఁ జూచిన మతి బ్రమయలేదొ
ప్రణయవాదంబున భార్య లా యెనమండ్రు- గసరివేసినఁ గూర్మిఁ గొసరలేదొ"	seesamu
"తలిరుబోఁ డుల యెదుటఁ దత్తరము గలుగ-నేవు పరరాజముఖమున నిలువ గలవె
చిత్ర చిత్ర ప్రభావ దాక్షిణ్యభావ-హత విమతజీవ శ్రీకాకుళాంధ్రదేవ!"	teytageethi
"ఆలు నిర్వాహకురాలు భూదేవి యై- యఖిలభారకుఁ డనునాఖ్యఁ దెచ్చె
నిష్టసంపన్నురా లిందిర భార్యయై- కామితార్థదుఁ డన్న ఘనతఁ దెచ్చెఁ
గమలగర్భుఁడు సృష్టికర్త తనూజుఁడై- బహుకుటుంబకుఁడన్న బలిమి దెచ్చెఁ
గలుషవిధ్వంసిని గంగ కుమారి యై- బతితపావనుఁ డన్న ప్రతిభఁ దెచ్చె"	seesamu
"నాండ్రు బిడ్డలు దెచ్చుప్రఖ్యాతి గాని-మొదటినుండియు నీవు దామోదరుఁడవె
చిత్ర చిత్ర ప్రభావ దాక్షిణ్యభావ-హత విమతజీవ శ్రీకాకుళాంధ్రదేవ!"	teytageethi
"కడలి రాయనిముద్దుకన్నియఁ బెండ్లాడి- యూఁచఁగా నిల్లట ముండు టేమి
సహజ నొక్కర్తెను షండ పాండవునకుఁ- బెండ్లిఁ జేసితి నీవు పెద్ద వేమి
చిరరతిప్రౌఢను జిన్నబిడ్డని కీవు- గూర్చితి వారీతి గూడు నేమి
యుగములనాటి పెన్మగువను ముసలన్న- కొగిఁ జేసితివి తగుం దగు మఱేమి"	seesamu
"తెలియ నవ్యక్తుఁడవు గావు తెలిసికొన్న-నిట్టివాఁ డని తెలియలే దెవ్వరికిని
చిత్ర చిత్ర ప్రభావ దాక్షిణ్యభావ-హత విమతజీవ శ్రీకాకుళాంధ్రదేవ!"	teytageethi
"నీ జ్యేష్ఠపుత్త్రుఁ డెన్నికకు రాని యశాశ్వ- తపుఁ బను ల్సేయు సంతతము జగతి
వేరొక ముద్దుకుమారుఁడందఱిమోహ- లతల స్త్రీపురుషుల లంకెఁ బెట్టు
నీతలోదరి లోకమాత పక్షాపక్ష- దృష్టిఁ జంచలవృత్తిఁ దిరుగుచుండు
నీ వనన్యకృతాది నిబిడమాయావిధా- నుల జేయు దెవ్వరిఁ దొలఁగనీక"	seesamu
"నొకరికంటె గుణాధికు లొకరు మీరు-ఇంతచక్కన దెలిసె మీయింటివరుస
చిత్ర చిత్ర ప్రభావ దాక్షిణ్యభావ-హత విమతజీవ శ్రీకాకుళాంధ్రదేవ!"	teytageethi
"సకలంబు నీవ యై మొకమఱ్ఱియాకుపై- నిచ్చఁ బరుండునాఁ డెంత గలవొ!
తన బిడ్డఁ డని యశోదాదేవి పొత్తుల- నిడుక ముద్దాడునాఁ డెంత గలవొ!
తక్కులమారత్త దక్కించుకొనఁగ ని- న్నెత్తుక పెంచునాఁ డెంత గలవొ!
భయలేశ మెఱుఁగక బల్పాముపడగపై- గంతులు వైచునాఁ డెంత గలవొ!"	seesamu
"పరువు గలవాఁడ వేమి ప్రాఁబల్కు లంచు-దెలియ వరిముక్కు ముల్లంత తలవొ! లేవొ!
చిత్ర చిత్ర ప్రభావ దాక్షిణ్యభావ-హత విమతజీవ శ్రీకాకుళాంధ్రదేవ!"	teytageethi
"కల్లరు ల్గాని వ్రేపల్లెవా రందఱు- హర్షింప నచట నీయాట సాగె
మధురాపురీవరమనుజు లామోదించి- మన్నింప నచట నీయాట సాగె
ద్వారకాపట్టణధన్యులు నినుఁ గోరి- కొల్వఁగా నచట నీకొల్వు సాగెఁ
గరిపురధర్మజుం డురురాజసభ నిన్ను- భూషింప నచట నీముర్వు సాగె"	seesamu
"నెరుక మాలినవారుఁ నీపరువు దలఁతు-రేమి నీపొంకములు సాగు నేమి యచట?
చిత్ర చిత్ర ప్రభావ దాక్షిణ్యభావ-హత విమతజీవ శ్రీకాకుళాంధ్రదేవ!"	teytageethi
"దూడలలోఁ బెరదూడ మేయఁగఁజూచి- యట్టె పట్టుక చావఁగొట్టవలెనె
పొడవ రా వేగ నాబోఁతుకొమ్ములు పట్టి- విడువక దానిపే రుడుపవలెనె
ముక్కుతోఁ జెనకిన కొక్కెరాయనిఁ బట్టి- వెర వొప్పఁగా మెడ విఱువవలెనె
తన్నుఁ బో తని మృగాధమ మంచు నెంచక- తొడరి గార్ధభమును ద్రుంపవలెనె"	seesamu
"మేమి ఘనకార్యములు చేసి తిద్ధరిత్రి-నెన్నటికి నీ వొనర్చిన విట్టిపనులె
చిత్ర చిత్ర ప్రభావ దాక్షిణ్యభావ-హత విమతజీవ శ్రీకాకుళాంధ్రదేవ!"	teytageethi
"కవ్వడి కెంత చక్కఁగ బోధ చేసిన- నితరహింసాకర్మ మిష్టపఱుప
రాయబారం బెంత రసికత నడిపిన- ననికి భారతుల నాయత్త పఱుప
విశ్వరూపం బెంత విమలతఁ జూపిన- నోర్వని కురురాజు నులుకు పఱుప
విలుఁ బట్ట నని యెంతొ చెలిమిగఁ బలికిన- నవల సుయోధను నాసపఱుప"	seesamu
"పోరు చంపక చుట్టముల్‌ పోర నీల్గఁ-జూచుచుంటివి యేనాఁటి చుట్ట మీవు?
చిత్ర చిత్ర ప్రభావ దాక్షిణ్యభావ-హత విమతజీవ శ్రీకాకుళాంధ్రదేవ!"	teytageethi
"శ్రీమద్వికుంఠపురీ వరేశుఁడ వయ్యు- గొల్లపల్లెల నుండఁ గోరు టేమి
యక్షీణలక్ష్మీ కటాక్షవీక్షుఁడ వయ్యుఁ- ద్రోవ లే కింటింటఁ దోఁచ నేమి
భూరి చతుర్దశ భువనావనుఁడ వయ్యుఁ- గడువేడ్కఁ దొఱ్ఱులఁ గాయ నేమి
సన్మునిదేవతా సంభావితుఁడ వయ్యు- నాలగావరులతో నాడ నేమి?"	seesamu
"గొప్పలో గొప్పవాఁడవు కొలదిలోనఁ-గొలదివాఁడవు ని న్నెట్లు గొలువ వచ్చు?
చిత్ర చిత్ర ప్రభావ దాక్షిణ్యభావ-హత విమతజీవ శ్రీకాకుళాంధ్రదేవ!"	teytageethi
"దుర్యోధనుం డవధ్యుఁడ వంచు మానెఁ గా- కలుక బంధింపఁగాఁ దలఁప లేదె?
గోపాలుఁడవు పూజఁ గొందువేరా యని- సభ నిన్నుఁ దిట్టఁడే చైద్యుఁ డెదిరి?
నీలాంఛనంబులఁ బోలు చిహ్నలు దాల్చి- తానె నీ వనఁడె యుద్ధతినిఁ బౌండ్రుఁ?
డెవ్వరుఁ బట్టలే రేను బట్టెద నంచు- యవనుండు దరుమఁడే యాహవమున"	seesamu
"నృపులు కొందఱు వెఱచిరే నీకు మున్ను-ప్రాణముల కాసపడరేని భండమున
చిత్ర చిత్ర ప్రభావ దాక్షిణ్యభావ-హత విమతజీవ శ్రీకాకుళాంధ్రదేవ!"	teytageethi
"రాజు లెవ్వరుఁ బఙ్క్తిభోజన మిడకున్న- దాసునింట భుజించి తనియలేదొ?
బంధువు లెవ్వరు గంధ మీ కుండిన- మువ్వంకలది పూయ మురియలేదొ?
దొర లెవ్వరును బూలసరము లీకుండినఁ- దెలిసి మాలికుఁ డీగ నలరలేదొ?
ప్రభువు లెవ్వరు వస్త్రబహుమాన మీ కున్నఁ- దెచ్చి యిచ్చిన చాకి మెచ్చలేదొ?"	seesamu
"పాటి సేయంగ నేరాజు బంధుగుఁడవొ?-మున్నె నీపస దెలిసిన దెన్న నేమి?
చిత్ర చిత్ర ప్రభావ దాక్షిణ్యభావ-హత విమతజీవ శ్రీకాకుళాంధ్రదేవ!"	teytageethi
"నాఁగలి రోఁక లన్నకు నిచ్చి శంఖాది- పంచాయుధము లీవు పట్టినావు
తాఱిటెక్కెంబు కోల్తల పెద్ద కెత్తించి- గరుడధ్వజం బీవు గట్టినావు
వెలరాని కఱవోని వలువ జ్యేష్ఠున కిచ్చి- కనకాంబరం బీవు గట్టినావు
మద్య మగ్రజునకు మత్తిలఁ దావించి- జున్ను బాల్‌ పెరుఁ గీవు జుఱ్ఱినావు"	seesamu
"తగువరివె యన్నదమ్ముల ధర్మ మీవె-తీర్చవలెఁ గాని మఱియొండు తీర్పఁగలఁడె
చిత్ర చిత్ర ప్రభావ దాక్షిణ్యభావ-హత విమతజీవ శ్రీకాకుళాంధ్రదేవ!"	teytageethi
"అప్పనంబులు గొన్ను నఖిలదిఙ్మండలే- శ్వరులచే వేంకటాచలనివాసుఁ
డరుదుగా నరువదా ఱవసరంబులు మహా- భోగంబుఁ గొనునీలభూధ్రవరుఁడు
పానకం బాలు సాఁబాలు భక్తుల కిచ్చి- మెసఁగును మంగళాద్రీశ్వరుండు
పుట్టకొలంది మైపూఁతఁగాఁ గొను మంచి- గంధంబు సింహనగ ప్రభుండు"	seesamu
"సాటిసాములరీతి నిచ్చోట నీవు-మూర్తిమంతంబుఁ జూపక కీర్తి గలదె?
చిత్ర చిత్ర ప్రభావ దాక్షిణ్యభావ-హత విమతజీవ శ్రీకాకుళాంధ్రదేవ!"	teytageethi
"బొచ్చెచేఁపకు నైన మచ్చరం బున్నది- తాఁబేటి కైన సత్త్వంబు గలదు
డీకొన్న నడవిపందికిఁ గల్గు రోసంబు- తెరనోటినరుఁడైనఁ దెగువ సేయుఁ
బొట్టివానికి నైన దిట్టతనం బుండు- బాపని కైన దర్పంబు గలదు
చుంచురాజున కైన శూరత్వ మున్నది- ముసలికి నైనఁ జేపుష్టి గలదు"	seesamu
"సిద్ధ మాభీరుఁడవు నీవె బుద్ధి నెంచఁ-గలికి వై యేమి సేయఁ గలవొ కాని
చిత్ర చిత్ర ప్రభావ దాక్షిణ్యభావ-హత విమతజీవ శ్రీకాకుళాంధ్రదేవ!"	teytageethi
"మును నందగోవత్సములఁ గాయునప్పుడు- సనునయించిరె కంజజాది సురలు?
విటచోరచేష్టల వ్రేపల్లెఁ దిరుగు నీ- దగుమ్రోల నచ్చర లాడినారె?
నరరథాశ్వముల సంగరవీథిఁ దోలునాఁ- డెంచి దిక్పతులు భావించినారె?
మగధేశుదాడికి మథుర వీడిననాఁడు- దేవర్షు లెల్లఁ గీర్తించినారె?"	seesamu
"యల్పునిగ నెంచినారె లోకైకనాథ-నాథునిఁగ నెంచినారె ము న్దరణిఁ? జెపుమ
చిత్ర చిత్ర ప్రభావ దాక్షిణ్యభావ-హత విమతజీవ శ్రీకాకుళాంధ్రదేవ!"	teytageethi
"పూతనాకుచకుంభపూర్ణ విషస్తన్య- పాయివై బ్రదికిన భాగ్య మేమి?
కాళియాశీవిషగ్రసన ప్రమాదంబు గడచి జీవించిన ఘనత యేమి?
చాణూరమల్లదో స్తంభ ఘట్టన కోర్చి- లబ్ధజయుఁడ వైన లాభ మేమి?
సాళ్వరాజామోఘ శక్తిప్రయోగంబు- మరలించుకొనిన సామర్ధ్యమేమి?"	seesamu
"బడుగుదాసరివలె నన్నవస్త్రములకుఁ-బరుల కాశింతు విచట నీపంత మేమి?
చిత్ర చిత్ర ప్రభావ దాక్షిణ్యభావ-హత విమతజీవ శ్రీకాకుళాంధ్రదేవ!"	teytageethi
"పట్టి గొల్లది రోఁట గట్ట నోపిననీకుఁ- రోసంబు లే దన్న నీసు గలదె?
జారచోరాదిచేష్టలఁ బ్రవర్తిల్లు నీ- కపకీర్తి యన్న భయంబు గలదె?
భార్యచేఁ దన్నులుఁ బడ్డవానికి నీకు- లజ్జ లే దని యన్న లాఘవంబె?
కుండంటు లే దని కొసరి మెక్కిన నీకు- హీనత లెంచిన న్యూన మగునె?"	seesamu
"కోరి దాసులు ని న్నెంత దూరుచున్నఁ-బంత మున్నదె నీ కిసుమంత యైన?
చిత్ర చిత్ర ప్రభావ దాక్షిణ్యభావ-హత విమతజీవ శ్రీకాకుళాంధ్రదేవ!"	teytageethi
"కడు దొంగతనమునఁ గని తల్లి వైచినఁ- దనబిడ్డనిగ బెంచె నిను యశోద
జనని గర్భము దించుకొనిన వేఱొకతల్లి- కడుపుఁ జేసికొనంగ గలిగెనన్న
తండ్రి వివాహయత్నము సేయ నొల్లక- తగులుక వచ్చె నీ ధర్మపత్ని
యన్న రారాజు కీనున్న నీసోదరి- యింటికి జోగిరా నంటుకొనియె"	seesamu
"నిట్టి నీ సంప్రదాయంబు గుట్టు బెట్టు-రట్టు సేయుదుఁ గనుము నా భట్టుతనము
చిత్ర చిత్ర ప్రభావ దాక్షిణ్యభావ-హత విమతజీవ శ్రీకాకుళాంధ్రదేవ!"	teytageethi
"పక్షంబు గల దండ్రు పాండుపుత్రులయందు- పాండవుల్‌ పడినట్టి పాటులేమి!
పూర్వజన్మమునందుఁ బూజించె గజ మండ్రు- గజరాజు పొందిన గాసి యేమి!
యల కుచేలునకు బాల్యస్నేహితుఁడ వండ్రు- నెఱిఁ గుచేలుఁడు పడ్డనెవ్వ లేమి!
ప్రహ్లాదుఁ డాజన్మభక్తియుక్తుం డండ్రు- ప్రహ్లాదుఁ డొందిన బాధ లేమి!"	seesamu
"యెంతయాలస్యమున వారి నేలినాఁడ-విట్టిదే నీ దయారసం బెంచి చూద
చిత్ర చిత్ర ప్రభావ దాక్షిణ్యభావ-హత విమతజీవ శ్రీకాకుళాంధ్రదేవ!"	teytageethi
"అనఘ మౌ విప్రసత్రాన్న మెంగిలిఁ జేసి- తీవె మున్‌ క్రతుభోక్త నేనే యనుచు
సవతికొమాళ్ళ సమయించి తందఱిఁ- దరుగని రాక్షసాంతకుఁడ ననుచు
బంధువు లన్యోన్య వైరానుహతులుగా- నడచితి భూభారహారి ననుచు
బలిమి నన్య స్త్రీలఁ బట్టితి వెందఱి- నస్ఖలద్బ్రహ్మచర్యమతి ననుచు"	seesamu
"లోకమున నడ్డ మెవ్వరు లేకయునికి-హద్దు లే కిట్లు నడచితి వళుకు మాలి
చిత్ర చిత్ర ప్రభావ దాక్షిణ్యభావ-హత విమతజీవ శ్రీకాకుళాంధ్రదేవ!"	teytageethi
"అది యోగ్యంతరం గాలానబంధంబు- వదలించుకొని నీకు వశము గాదొ!
వేదాంత సకృద చుంబితల మంత్రావర్ణ- నల గుహలుండి రా నలవి గాదొ!
నిమి షార్ధ నిమిషాది నిత్యవేళాచక్ర- గతి నిరోధించి రాఁ గ్రమము గాదొ!
వక్రకంటక పంకవత్క్రూరజనమనః- కాపథంబులను గా ల్మోపరాదొ!"	seesamu
"యేమి యాలస్య మిది నీకు నేల సకల-జంతుసంతాన రక్షావిచక్షణునకు
చిత్ర చిత్ర ప్రభావ దాక్షిణ్యభావ-హత విమతజీవ శ్రీకాకుళాంధ్రదేవ!"	teytageethi
"కఠిన స్తనంబుల ఘట్టించి దట్టించి- జడలచే మోది నున్దొడల నదిమి
పలుగంట్లు చేసి గోరుల నాటి దొమ్మిగా- యువతీసహస్రంబు లుపరతాది
బంధనంబుల నిన్నుఁ బైకొని తమి రేచి- రమియింప నిదురింప రాక నాఁటి
బడలిక దీర నాపఁగ రాని సుఖనిద్ర- బవళించియున్నట్టి భావ మిచటఁ"	seesamu
"దోఁచుచున్నది సంఫుల్లతోయజాక్ష!-మేల్‌ బళా! యింత జా గేమి మేలుకొనవె!
చిత్ర చిత్ర ప్రభావ దాక్షిణ్యభావ-హత విమతజీవ శ్రీకాకుళాంధ్రదేవ!"	teytageethi
"నీ బొడ్డుదమ్మి లోనికిఁ జొచ్చి చూచిన- నలువకు నీలోఁతు దెలియకున్నె?
బహుసహస్రాంగనా గృహముల నినుఁ గన్న- మునిరాజు నీమాయఁ గనకయున్నె?
నీ విశ్వరూప మెన్నికఁ జేసి పొడఁగన్న- నరుఁడు నీయురువు దా నెఱుఁగకున్నె?
తనమనఃపీఠి ని న్ననిశ మారాధించు- హరుఁడు భవత్తత్త్వం బరయకున్నె?"	seesamu
"గరువ మేటికి నీ మర్మ మెఱుఁగ రనుచుఁ-దెలిసినమహాత్ములకు నైనఁ దెలియకున్నె
చిత్ర చిత్ర ప్రభావ దాక్షిణ్యభావ-హత విమతజీవ శ్రీకాకుళాంధ్రదేవ!"	teytageethi
"పురుషాకృతిగ నిన్ను గురుతుఁ బట్టఁగ రాదు- స్త్రీమూర్తి వనుచును జెప్ప రాదు
పరఁగ నపుంసకభావ మెన్నఁగ రాదు- రూపంబు గల్గు టెఱుంగ రాదు
గుణవంతుఁడ వ టంచు గణుతింపఁగా రాదు- మర్యాద దెలియ నేమతికి రాదు
కులజుఁడ వనుచు నిక్కువముఁ జెప్పఁగ రాదు- స్థల మెక్కడనొ కాని తెలియరాదు"	seesamu
"వస్తునిర్దేశ మొనరింప వశము గాని-నిన్ను వర్ణింపరా దయా నిశ్చితముగ
చిత్ర చిత్ర ప్రభావ దాక్షిణ్యభావ-హత విమతజీవ శ్రీకాకుళాంధ్రదేవ!"	teytageethi
"నమ్ముదు రేరీతి నారదు నాత్మజు- మానిని జేసిన మాయవానిఁ?
దలఁతు రేరీతి నల్‌దలలదయము నోలి- బొడ్డుదమ్మినిఁ గన్న పురుషమణిని?
భూషింతు రేరీతి పుష్పబాణవిరోధి- విషయభ్రమితుఁ జేయు వేసగాని?
భాషింతు రేరీతి బ్రహ్మాదిమశకప- ర్యంతంబు గలిగిన వింతవాని?"	seesamu
"ని న్నెఱిఁ గెఱింగి యందఱు నన్నుతింతు-రెవ్వరికి నీవు కావలె నెంచి చూడ?
చిత్ర చిత్ర ప్రభావ దాక్షిణ్యభావ-హత విమతజీవ శ్రీకాకుళాంధ్రదేవ!"	teytageethi
"ఎక్కడ నీకన్న దిక్కు లేనట్ల ని- న్నర్చింతు రబ్జగర్భాది సురలు
మఱి యెందు గతి లేనిమాడ్కి మహామును- ల్నీయందె లక్ష్యము ల్నిలుపు కొందు
రిలఁ దరణోపాయ మెందున లేనట్లు- సజ్జనుల్‌ నీకథల్‌ చదువుకొండ్రు
పగతుర మెయ్యెడ బ్రతికెద మన్నట్లు- దునిసిరి నీచేత దనుజు లెల్ల"	seesamu
"దత్త్వ మరసిన శుద్ధబుద్ధస్వరూప-మింత మధికార మెన్నటి దేమి చెపుమ
చిత్ర చిత్ర ప్రభావ దాక్షిణ్యభావ-హత విమతజీవ శ్రీకాకుళాంధ్రదేవ!"	teytageethi
"ఆడించెదవు బొమ్మలాటవాఁడును బోలె- సర్వచరాచరజంతువులను
కనుకట్టు గట్టెదు గారడీఁడును బోలె- మిథ్యాప్రపంచంబు తథ్యముగను
వేర్వేఱఁ దోఁతువు వేషధారియుఁ బోలెఁ- బహువిధదేవతాభద్రకళలఁ
దెలివి మాన్పుదువు జక్కులవాని చందానఁ- బ్రజల సంపద్రంగవల్లిఁ జేర్చి"	seesamu
"యిట్టివే కద నీవిద్య లెన్ని యైన-నింక నేమిట ఘనుఁడవో యెఱుఁగరాదు
చిత్ర చిత్ర ప్రభావ దాక్షిణ్యభావ-హత విమతజీవ శ్రీకాకుళాంధ్రదేవ!"	teytageethi
"కూరిమి నల తంతెగొట్టు సన్న్యాసితో- ముచ్చటించెద వేమి పుణ్యమూర్తి
సాటిగా వెలిగొండవీటి జంగముచెల్మిఁ- బచరింతు వేనాఁటి బాంధవుండు
వెలిపాపపాన్పుపై వేడ్కతోఁ బవళింతు- వది యేమి భోగిభోగాంతరంబు
పొరుగిండ్ల కేప్రొద్దుఁ బో రాఁ దలఁచునింతిఁ- బాయకుండెద వేమి భాగ్యలక్ష్మి"	seesamu
"మంచి సహవాసములు గల్గె నెంచి చూడ-నీకె తగు నట్టివారితో బెనరు నెఱివ
చిత్ర చిత్ర ప్రభావ దాక్షిణ్యభావ-హత విమతజీవ శ్రీకాకుళాంధ్రదేవ!"	teytageethi
"అఖిలపోషకుఁడ వ న్నాఖ్య మాత్రమె కాని- కర్తవు నీవె భోక్తవును నీవె
యక్షరుండ వను ప్రఖ్యాతి మాత్రమె కాని- చర్చింప వేఱొండు సాక్షి గలఁడె
సుగుణాబ్ధి వని నిన్ను స్తుతి యొనర్చుటె కాని- నిర్గుణుం డెవ్వఁడు నీకు మించ
విశ్వాత్ముఁడ వటంచు వినుతించుటయే కాని- చొచ్చి ని న్నెవ్వఁడు చూచినాఁడు"	seesamu
"వినుకలులె గాని నిన్ను నీవిశ్వములను-మొద లెఱుంగుదురే నిజంబునకుఁ బిల్వ
చిత్ర చిత్ర ప్రభావ దాక్షిణ్యభావ-హత విమతజీవ శ్రీకాకుళాంధ్రదేవ!"	teytageethi
"ఒక గుణంబున నీవె సకల ప్రపంచంబుఁ- గల్పించితి వభూతకల్పనముగ
వేఱొకగుణముచే విశ్వవిశ్వప్రాణ- రక్షణం బొనరింతు వక్షయముగ
మఱి యొండు గుణముచే మండలంబులు గూడఁ- జెఱపివేయుదువు నిశ్శేషముగను
నిర్గుణంబున నీవె నిరవకాశంబుగాఁ- బట్టక యుందువు బయలు మెఱసి"	seesamu
"గుణ మొకటి గాదు తెలిసినగుణము లేదు-చేరి నినుఁ గొల్వరాదు వచింపరాదు
చిత్ర చిత్ర ప్రభావ దాక్షిణ్యభావ-హత విమతజీవ శ్రీకాకుళాంధ్రదేవ!"	teytageethi
"జీవిని జీవి భక్షింపఁ జేసితి వింతె- కొని పెట్టినావె చేతనుల కెల్లఁ?
జేసినంత భుజింపఁ జేసినా వింతె కా- కెక్కువ లెవ్వరి కిచ్చినావు?
కర్మసూత్రంబునఁ గట్టి త్రిప్పెదవు గా- కిచ్చ నొక్కనిఁ బోవనిచ్చినావె?
వెసంబృథక్ప్రతుల వేఱుఁబెట్టితివి గా- కందఱి కైకమత్య మిడినావె?"	seesamu
"తెలిసె నీరక్షకత్వంబు దేవదేవ!-వేఱె గతి లేక నిన్ను సేవింప వలసె?
చిత్ర చిత్ర ప్రభావ దాక్షిణ్యభావ-హత విమతజీవ శ్రీకాకుళాంధ్రదేవ!"	teytageethi
"నీరుపట్టుగ నుంట నారాయణుఁడ వండ్రు- నారాయణాఖ్యాధికార మేమి?
బలిసి యంతట నీవె గలుగ విష్ణుఁడ వందు- రావిష్ణునామప్రభావ వేమి?
ముగురు నీవై వెలుంగఁగఁ గేశవుఁడ వండ్రు- కేశవాభిఖ్యాప్రకాశ మేమి?
సిరికి మగఁడ వై మెరయ శ్రీపతి వండ్రు- శ్రీపతినామప్రసిద్ధి యేమి?"	seesamu
"పెట్టుపేరు లనేకముల్‌ పుట్టుపేరు-గుఱు తెఱింగిన నీమూల మెఱుఁగవచ్చు
చిత్ర చిత్ర ప్రభావ దాక్షిణ్యభావ-హత విమతజీవ శ్రీకాకుళాంధ్రదేవ!"	teytageethi
"వేఁడని చూదక విపినవహ్నిజ్వాలఁ- ద్రావెదో తేనియఁ ద్రావినట్లు
భార మం చనక గోవర్ధనపర్వతం- బెత్తెదో పూబంతి యెత్తినట్లు
విషపుంజ మనక నాభీలాజగరజిహ్వఁ- జింపెదో ప్రాబట్టఁ జింపినట్లు
పెస నసాధ్యుండని వెరవక నరకుని- నఱికెదో పార్వేఁట నఱికినట్లు"	seesamu
"భక్తసంరక్షణ త్వరా పరవశతను-జేసినా వేమొ యూరక సేయఁగలవె?
చిత్ర చిత్ర ప్రభావ దాక్షిణ్యభావ-హత విమతజీవ శ్రీకాకుళాంధ్రదేవ!"	teytageethi
"వత్సాపహరణగర్వము మాని యజుఁడు దా- నపరాధి ననుచు సాష్టాంగ మెఱఁగె
భవుఁడు బాణున కాజి బాసట యై వచ్చి- భక్తునిఁ బట్టిచ్చి ప్రణుతిఁ జేసె
వజ్రి శిలావృష్టి వర్షించి లజ్జించి- తప్పుఁ జేసితి నంచు దండ మిడియె
సమవర్తి భీతి నంజలిఁ జేసి యాత్మలో- కస్థితు గురుపుత్రుఁ గాను కిచ్చె"	seesamu
"క్షోణిఁ బుట్టుక మాలిన గొల్లవాని-నిన్ను నావేల్పు లోడింప నేర రేమి?
చిత్ర చిత్ర ప్రభావ దాక్షిణ్యభావ-హత విమతజీవ శ్రీకాకుళాంధ్రదేవ!"	teytageethi
"కొనముట్ట హెచ్చుతగ్గుల ప్రాతఁసుద్దుల- తాతపుస్తక మొకఁ డాతతాయి
మ్రుచ్చిలి నీటిలోఁ జొచ్చి డాఁగిన వాని- పావన మేమి వెంబడిగఁ బెద్ద
కోఱమీనంబవై యాఱొండుసంద్రము- ల్నిముసంబులో నీఁది నెమకి వాని
డొక్క వ్రక్కలుగాఁ గఱుక్కున బరిఁ గోసి- కడ లేనినుడువు లెక్కటికి నోట"	seesamu
"మాట వెళ్ళనివానికి మగుడ నిచ్చి-యింతపనికిని నవతార మెత్తి తీవు
చిత్ర చిత్ర ప్రభావ దాక్షిణ్యభావ-హత విమతజీవ శ్రీకాకుళాంధ్రదేవ!"	teytageethi
"అబ్ధిపయఃపాత్ర మద్రికాణంధాన- మహిరాజగుణము దా రమరఁ గూర్చి
యమృతాభిలాష దేవతాసురుల్‌ మథియింప- గిరి మున్గం గచ్ఛపాకృతి వహించి
నిర్వహించుట గాని సర్వకాశ్యపులలోఁ- బఙ్క్తిభేదముఁ జేసి పల్మ ఱాస
కొల్పి దైత్యులనోరుఁ గొట్టి యాదిత్యుల- కమృతాన్న మిడితి వాయమరులందుఁ"	seesamu
"బక్షపాతివి గావె? యభక్తిఁ బడిరి-నమ్ముదురె యానిశాటు లెన్నటికి నిన్ను
చిత్ర చిత్ర ప్రభావ దాక్షిణ్యభావ-హత విమతజీవ శ్రీకాకుళాంధ్రదేవ!"	teytageethi
"ఉక్కునఁ బసిఁడికన్‌ రక్కసుఁ డొకఁడు ప- ల్దిక్కు లోరిచి బొల్లిపక్కి మావు
నెక్కు రౌ తెక్కడఁ జిక్కెడు నంచు నీ- యిక్కువ లరయంగఁ గిక్కురించి
నక్కితి విలక్రిందఁ జొక్కపుఁ బంది వై- కొక్కరింపుచు నాతఁ డక్కడికిని
మొక్కరింపఁగఁ జొరఁ బొక్కతే కట వాని- డొక్కగఱుక్కునఁ జెక్కిపట్టి"	seesamu
"నొక్కి పుడ మింత నీటిపై కెక్కఁదీయ-మక్కువ దనర్ప నది యేమి రక్కరింపు
చిత్ర చిత్ర ప్రభావ దాక్షిణ్యభావ-హత విమతజీవ శ్రీకాకుళాంధ్రదేవ!"	teytageethi
"అయవారు చదివించినట్లుగాఁ జదువక- మఱి కొట్టి తిట్టక వెఱపుఁ గొనక
తనయుఁ డెంతో పరధ్యానంబుగా నున్నఁ- దండ్రి వల్దని చెప్పఁ దగఁడె ధాత్రి
నీకుఁ గోపం బేమి నృహరిరూపంబున- స్తంభంబులోఁ బుట్టి చటులనేత్ర
దంష్ట్రానఖప్రభ దహనకీలలఁ బోలి- భగ్గు రనంగఁ బైఁబడి హిరణ్య"	seesamu
"కశిపుఁ దునుమాడి ప్రహ్లాదుఁ గరుణ నేలి-తందఱి కసహ్య మయ్యె ని న్నపుడె కనఁగ
చిత్ర చిత్ర ప్రభావ దాక్షిణ్యభావ-హత విమతజీవ శ్రీకాకుళాంధ్రదేవ!"	teytageethi
"కశ్యపుఁ డదితి ని న్గన్నవారలు గారె- పెంచిరే మరుగుజ్జుబిడ్డ వనుచుఁ
గుండిక దండంబు గోఁచితో వచ్చిన- కపటవటుండు నిక్కముగ భూమి
సురుఁడు గాఁడని యాత్మగురుఁడీయవల దనఁ- గరుణించి బలిదాత కామితార్థ
మొసగంగ నభివృద్ధి నొంది మే లొర్వక- ధర్మంబు నాల్గుపాదముల జరుపు"	seesamu
"నట్టిదాతను దిగఁద్రొక్కి యతనిసిరులు-దెచ్చి కులగోత్రభేది కీ నిచ్చకంబో
చిత్ర చిత్ర ప్రభావ దాక్షిణ్యభావ-హత విమతజీవ శ్రీకాకుళాంధ్రదేవ!"	teytageethi
"జపతపోనిష్ఠుఁడౌ జమదగ్ని కుదయించి- కరము దారుణవృత్తిఁ గత్తి కట్టి
కినుక రాజద్రోహమునకు శంకింపక- సకలభూపతుల గొంతుకలు గోసి
కార్తవీర్యార్జును కరసహస్రం బొండు- తఱి గండ్రగొడ్డంట నఱికివైచి
వసుధపై రక్తప్రవాహంబు లొనరించి- తజ్జలంబులఁ బితృతర్పణములు"	seesamu
"సేసి యిల విప్రులకు ధారఁ బోసినట్టి-కీర్తియే కాని బ్రహ్మణ్యకృత్య మగునె
చిత్ర చిత్ర ప్రభావ దాక్షిణ్యభావ-హత విమతజీవ శ్రీకాకుళాంధ్రదేవ!"	teytageethi
"తా వచ్చెద నటంచు ధైర్యలక్ష్మి మహీజ- వెంట రా నడవికి వెడలినావు
సుగ్రీవుఁ డున్నచో సొమ్ము దా నిడ సీత- యాజాడ నతనిపొం దతికినావు
ముందు జానకి లంక మూర్ఖించి చొచ్చి నిన్‌- దెచ్చినరిపుల సాధించినావు
వైదేహి భవదంకవసతిఁ గూర్చున్నచో- భువనసామ్రాజ్యముల్‌ పొందినావు"	seesamu
"గట్టిగా మైథిలినిఁ జెట్టఁ బట్టినట్టి-పౌరుషము లబ్బె నేనాఁటి పూరుషుఁడవొ
చిత్ర చిత్ర ప్రభావ దాక్షిణ్యభావ-హత విమతజీవ శ్రీకాకుళాంధ్రదేవ!"	teytageethi
"ధర్మవిఘాత మిద్ధర నీ వొనర్చిన- మూఁడులోకంబులు మ్రోసె నపుడె
జనకునికూఁతు నిచ్చను బెండ్లి యాడంగ- నరనాథకోటులు నవ్వి రపుడె
పుణ్యజనంబులఁ బోరి బాధింపంగ- సుర లద్భుతము నొంది చూచి రపుడె
సంతతాశ్రిత విభీషణు రాజుఁ జేయంగ- నల రవీంద్రులు సాక్షి నిలిచి రపుడె"	seesamu
"మంచినడవడి నడిచినా పెంచి చూడఁ-గీర్తి గల మూర్తివే యిట్టి వార్త లరయ
చిత్ర చిత్ర ప్రభావ దాక్షిణ్యభావ-హత విమతజీవ శ్రీకాకుళాంధ్రదేవ!"	teytageethi
"నన్ముని నధ్వరసాఫల్యుఁ గావింప- జానకీపరిణయోత్సవము గలిగె
రవినందనునిఁ గీశరాజ్యాధిపతిఁ జేయ- సేతుబంధనకీర్తిఁ జెందఁ గలిగె
బహుదేవతాస్త్రీల బందిగంబులఁ బాపఁ- జెఱ నున్న వైదేహిఁ జెందఁ గలిగె
నలవిభీషణుని లంకాధినాథునిఁ జేయ- నెలమి నయోధ్య నీ వేలఁ గలిగె"	seesamu
"నబ్బె నీకుఁ బరోపకారైన ఫలము-లంతియే కాక నీచేత నైన దేమి?
చిత్ర చిత్ర ప్రభావ దాక్షిణ్యభావ-హత విమతజీవ శ్రీకాకుళాంధ్రదేవ!"	teytageethi
"ఒకపినతల్లి మే లోర్వలే కనిచిన- విపినంబులకుఁ బోవు వెఱ్ఱి గలఁడె?
తండ్రి మృతుండైనఁ దనరాజ్య మత్తఱి- నేల రాకుండిన బేల గలఁడె?
యనుజుండు వల దన నాలిమాటలు విని- చెడుగిఱ్ఱిఁ బట్టఁ బో వెడఁగు గలఁడె?
పరదేశమున నుండి బలవద్విరోధంబు- బలిపించుకొన్న వెంగలియు గలఁడె?"	seesamu
"నీవు సేసినపను లిట్టి నేరుపరివె-జగదుపద్రవ మెట్లు పోఁ జఱచినావొ?
చిత్ర చిత్ర ప్రభావ దాక్షిణ్యభావ-హత విమతజీవ శ్రీకాకుళాంధ్రదేవ!"	teytageethi
"నినుఁ గోరి కన్నతండ్రిని నీనిమిత్త మై- చింతించి మృతిఁ బొందఁ జేసినావు
నిను వని న్సేవింప ననుజు నాఁకటి కేమి- యొసఁగ కీవే పండ్లు మెసఁగినావు
నినుఁ గపు ల్గొల్చి తల్చినకార్య మీడేర్పఁ- బిదపవారలఁ జెట్లఁ బెట్టినావు
నిన్నుఁ బాయ కడవికిఁ జనుదేర నిల్లాలి- నొరుపంచఁ గొన్నాళు లుంచినావు"	seesamu
"రాజకళఁ జూచి ని న్నొక రాజు వనిన-మానుషం బేది? యిది యంత మాయ గాని
చిత్ర చిత్ర ప్రభావ దాక్షిణ్యభావ-హత విమతజీవ శ్రీకాకుళాంధ్రదేవ!"	teytageethi
"కులగురుద్వేషి నొజ్జలుగ పెన్కొని కాచి- నిష్ఠురమంత్రము ల్నేర్చినావు
పూర్వదేవతలు కాపుర మున్నపురియందు- వంచించి యగ్గిఁ బెట్టించినావు
తాతలతరమునఁ ద్రవ్వించినపయోధి- పేరుగాఁ గొంత పూడ్పించినావు
మోస మౌ టెఱుఁగక మోహించి వచ్చిన- యెలనాగముక్కుఁ గోయించినావు"	seesamu
"బళిర! నీవంటిధార్మికుఁ బ్రస్తుతింపఁ-గొదువ లింకేమి కైవల్య మెదుట వచ్చు
చిత్ర చిత్ర ప్రభావ దాక్షిణ్యభావ-హత విమతజీవ శ్రీకాకుళాంధ్రదేవ!"	teytageethi
"శౌర్య మెక్కించి విశ్వామిత్రుఁ డూరకఁ- దొడరింపఁ దాటకఁ దునిమినావు
వైదేహి వాక్యనిర్భంధంబుఁ ద్రోయలే- కఱిముఱి మారీచు నఱికినావు
వెనుకంజ వైచిన విడువక పైకి రా- నరుదుగా ఖరుతలఁ దరిగినావు
మొఱ్ఱో యనుచు దేవమునులు వా రెన్నాళ్ళో- యనుసరింప దశాస్యుఁ దునిమినావు"	seesamu
"కాని రోసంబు గలదె నిక్కముగ నీకు?-మనసు మెత్తనివాఁడ నే మనఁగ వచ్చు
చిత్ర చిత్ర ప్రభావ దాక్షిణ్యభావ-హత విమతజీవ శ్రీకాకుళాంధ్రదేవ!"	teytageethi
"కొంచెపుఁ బని దాసి నించుక దండింపఁ- బగబట్టి యది యెన్నిపాట్లు వెట్టె
బలిమినిఁ బట్టి శూర్పణఖ నాసికఁ గోయ- నది నీకుఁ బిదప నెం తలఁతఁ దెచ్చె
జిన్నతనంబునఁ జెనకి పోఁ దోలిన- మారీచుఁ డొనరించె మాయ లెన్ని
నిరపరాధుని వాలి నురుశరాహతిఁ గూల్ప- వానియిల్లా లెంత వగచి తిట్టె"	seesamu
"స్వామి వై యేమి యెఱుఁగవు స్వల్పకార్య-కారణంబున నెన్నెన్ని కతలు పుట్టె
చిత్ర చిత్ర ప్రభావ దాక్షిణ్యభావ-హత విమతజీవ శ్రీకాకుళాంధ్రదేవ!"	teytageethi
"నీపేరు వినుటకే యోపక చెవిఁ గంట- గట్టుకున్నాతనిఁ గావ నేమి?
కలన నీతోఁ గత్తిఁ గట్టుక పోరాడు- వాని సోదరుని బ్రోవఁగ బ నేమి?
బాధింపఁ దగు మహాపాత కుండటుచేరి నీవాఁడ నంటె మన్నింప నేమి?
మాయవేసముల నీ మర్మ మారయుచున్న- విమత ధూతల బట్టి విడువ నేమి?"	seesamu
"పతిత శరణాగతావన ప్రకటదీక్ష-లోకముల కబ్బురంబుగ నీకె గలదొ?
చిత్ర చిత్ర ప్రభావ దాక్షిణ్యభావ-హత విమతజీవ శ్రీకాకుళాంధ్రదేవ!"	teytageethi
"పఱపిన శస్త్రంబె బహుముఖంబుల దైత్య- వాహినీమర్మము ల్వ్రచ్చి వెడల
ముందు దూసిన బాణమునకన్న సరి మించి- వెనుకమ్ము దైత్యుల విఱుగఁ బొడువ
నేసినమార్గణం బెదు రెక్కి యితరాస్త్ర- మడఁచి క్రవ్యాదుల మగుడఁ జేయ
నిగిడించిన శరంబె నిర్జరారులఁ ద్రుంచి- తొడిఁదొడిఁ దనకుఁ దా దొసకుఁ జేరఁ"	seesamu
"దొలఁగి రసురులు కొంత నీబలిమి దెలిసె-ముష్టి నీ దెంత నీయస్త్రములదె వింత
చిత్ర చిత్ర ప్రభావ దాక్షిణ్యభావ-హత విమతజీవ శ్రీకాకుళాంధ్రదేవ!"	teytageethi
"అడవిలోఁ దెరువర్ల నుడుగక తినుచున్న- యాఁడుదాని వధించు టర్హ మగునె?
చిక్కినవారికిఁ జేతు లెంతయుఁ జాఁచు- మొండివాని వధించ ముఖ్య మగునె?
యెక్క డెక్కడ నైన నేఱుక తినుకాకి- కన్ను బోఁ బొడుచుట ఘనగుణంబె?
కడు వ్రేటుఁ బడి గడ్డి కఱచినఁ మారీచుఁ- దఱిమి బాధించుట నెఱతనంబె?"	seesamu
"యెవ్వ రేరాజు లొనరించి రిట్టిపనులు?-చేసితివి యింక నె ద్దేని సేయఁగలవు!
చిత్ర చిత్ర ప్రభావ దాక్షిణ్యభావ-హత విమతజీవ శ్రీకాకుళాంధ్రదేవ!"	teytageethi
"రాజకార్యపరుండు తేజోబలాధికుఁ- డాంజనేయుఁడు భృత్యుఁ డగుటఁ జేసి
యమితశౌర్యుఁడు ప్లవంగమకులేశుఁ డినజుఁ- డఱ లేని స్నేహితుఁడగుటఁ జేసి
విమతమర్మజ్ఞుండు విశ్వాసభరితాత్ముఁ- డల విభీషణుఁ డాప్తుఁ డగుటఁ జేసి
సుమనస్కు లమనస్కు లమృతవాక్యంబులన్‌- బొసఁగ నాశీర్వదించుట జేసి"	seesamu
"లంక సాధించితివి గాని లావుచేత-నిర్జరారుల గెలువంగ నీతరంబె?
చిత్ర చిత్ర ప్రభావ దాక్షిణ్యభావ-హత విమతజీవ శ్రీకాకుళాంధ్రదేవ!"	teytageethi
"నడువఁజాల దని జానకి నెత్తుకొని ముందు- నడచు విరాధుని నఱకు టేమి?
చనవున వైదేహి చనుబిడ్డవలెఁ నోటఁ- బట్టిన యైంద్రికన్గొట్టు టేమి?
సీత సంతోషింపఁ జిత్రవేషముఁ దాల్చి- తిరుగు మారీచుని నరుకు టేమి?
తల్లినివలెఁ దెచ్చి ధరణీజను నశోక- వని నిల్ప రావఁణు దునుము టేమి?"	seesamu
"కోప మిటు లేమి? వారు మహాపరాధు-లైన ముక్తిప్రసాదార్హు లగుట యేమి?
చిత్ర చిత్ర ప్రభావ దాక్షిణ్యభావ-హత విమతజీవ శ్రీకాకుళాంధ్రదేవ!"	teytageethi
"వరరాజ్యకాంక్షలోఁ బట్టకుండెద వైన- సుగ్రీవునగరంబుఁ జూడరాదె?
పరధనంబున కాస పడక యుండెద వైన- నాలంక నొకరాయి యంటరాదె?
పరయోష పై నిచ్చఁబాయ కుండెద వైన- నల శూర్పణఖముక్కు నిలుపరాదె?
పరదానవులఁ ద్రుంపఁ బంతగించెద వైన- మూల దైత్యులఁ దోలి పుచ్చరాదె?"	seesamu
"చేసిన ప్రతిజ్ఞలో నొండు వీస మైనఁ-దప్పు వోకుండ నడచిన ధార్మికుఁడవొ!
చిత్ర చిత్ర ప్రభావ దాక్షిణ్యభావ-హత విమతజీవ శ్రీకాకుళాంధ్రదేవ!"	teytageethi
"నిర్దయాత్ములె కాని నిత్యాగ్ని హోత్రాది- కర్మనైష్ఠికులైన ఘనులు గారె?
శుచిశూన్యులే కాని శ్రుత్యాదిపాఠక- ప్రకటవేదార్థబోధకులు గారె?
సత్యహీనులె కాని చంద్రశేఖరపాద-పద్మపూజానందపరులు గారె?
మాయికులే గాని మంత్ర ప్రయోగోప- సంహరణ క్రియాచణులు గారె?"	seesamu
"కులము బ్రాహ్మణ్య మగు దైత్యకులము నెట్లు-గూల్చితివి బ్రహ్మహత్యకు గొంక కహహ?
చిత్ర చిత్ర ప్రభావ దాక్షిణ్యభావ-హత విమతజీవ శ్రీకాకుళాంధ్రదేవ!"	teytageethi
"ఒక్కవ్రేటునఁ గూలునో వాలి బలశాలి- చెట్లుమా టొగ్గి వేసితివి గాని
మొనసి నీల్గునె పఙ్క్తిముఖుఁడు తన్నాభికా- మృతకుంభ పగలఁ గొట్టితివి గాని
కుంభకర్ణుఁడు రణక్షోణిలోఁ దీరునే- తీఱని నిద్ర నెదిర్చెఁ గాని
చిక్కునే యింద్రజి త్తుక్కున సోదరుం- డశననిద్రలు మాని యఁడఁచె గాని"	seesamu
"యింద ఱాయంబు లెరుగుదు వందువలన-మడిసి రసురులు నీచేత మడియువారె?
చిత్ర చిత్ర ప్రభావ దాక్షిణ్యభావ-హత విమతజీవ శ్రీకాకుళాంధ్రదేవ!"	teytageethi
"మొసలిఁ బెట్టినకస్తి మొఱ్ఱ బెట్టినహస్తి- రక్కరించితి నన్నరంబె మేమి?
తులువ పల్వురిలోన వలువ నిప్పంగ జాన- సిగ్గుఁ గాచితి నన్నపగ్గె యేమి?
బలువు శాపముచేత బండపాఱిననాఁతి- ఱంకుఁ బాపితి నన్న బింక మేమి?
పెద్ద మోదినభీతి బెగడి వచ్చినకోఁతి- కండ జేసితి నన్న యంద మేమి?"	seesamu
"భవభయంబున నిన్నెంత ప్రస్తుతింపఁ-గరుణఁ జేపట్ట లేని నీ ఘనత యేమి?
చిత్ర చిత్ర ప్రభావ దాక్షిణ్యభావ-హత విమతజీవ శ్రీకాకుళాంధ్రదేవ!"	teytageethi
"నీచువాసనచేత నీటిలో నుండుట- యెక్కువప్పులను రా యెత్తుకొనుట
కడుపాఁకటికిఁ దుంగకాయలు మెక్కుట- యని నోరు దెఱచి పెల్లఱచుచుంట
సిరి గల్గి బిచ్చపుఁ జిప్పఁ జేపట్టుట- చేకత్తి పరరాజుచేతి కిడుట
పట్టణప్రజకుఁ జెప్పక పాఱిపోవుట- కలు ద్రావి నిను నీవె దెలియకుంట"	seesamu
"మ్రానువై యుంట గుఱ్ఱపుమనిసి వంట-పుడమి నాడిక సేయక విడువ నిన్ను
చిత్ర చిత్ర ప్రభావ దాక్షిణ్యభావ-హత విమతజీవ శ్రీకాకుళాంధ్రదేవ!"	teytageethi
"ఖరు నాజిలోఁ జొచ్చి శర ముచ్చి పో నేయ- వెనుకకు లంఘించి వెఱచె ననిరి
యనిఁ బాఱునో కోఁతి యతి మ్రానిమాటున- నేయ వాలినిఁ బొంచి యేసె ననిరి
గరుడధ్వజుం డన్న గురుతుఁ దెల్పుట కున్న- బలభీతి శస్త్రాహి బద్ధుఁ డనిరి
బలినిఁ జంపఁగ రానివరమున యాచింప- వృత్తి నాతని భిక్ష మెత్తె ననిరి"	seesamu
"యశ మదెంతొ ప్రయాస లభ్యంబె కాని-యెంతలో వచ్చు నపకీర్తి యెఱుఁగ వేమి
చిత్ర చిత్ర ప్రభావ దాక్షిణ్యభావ-హత విమతజీవ శ్రీకాకుళాంధ్రదేవ!"	teytageethi
"ఘోరకబంధుదీర్ఘోరుదోర్దండముల్‌- తరిగి వచ్చిన మాట తథ్య మేని
పంఙ్క్తికంఠాత్మజ ఫణిరాజబంధమో- చనుఁడ వై వచ్చుట సత్యమేని
మైరావణాభేద్య కారాగృహముఁ గూల్చి- బ్రదికి వచ్చినపల్కు భద్రమేని
మారీచు దుస్తరమాయాభ్రమతఁ బాసి- విజయ మొందినసుద్ధి నిజమ యేని"	seesamu
"కలిత రాజోపచార భోగములఁ గీర్తి-శాలి పై యిందు మెఱయుట సాక్షి జగతి
చిత్ర చిత్ర ప్రభావ దాక్షిణ్యభావ-హత విమతజీవ శ్రీకాకుళాంధ్రదేవ!"	teytageethi
"నీ శాంతి యంభోధి నిర్భరాంబువులు బా- ణముఖంబునకుఁ దెచ్చు నాఁడె తెలిసె
నీ కోప మరి రావణైకానుజన్ము నా- నగరి రాజుగఁ జేయు నాఁడె తెలిసె
నీ కీర్తి కపటదుర్నితుఁడౌ ధ్వాంక్షదా- నవు తప్పుఁ గాచిన నాఁడె తెలిసె
నీయభిజ్ఞత యవినిందిత నీతన్వి- నగ్నినిఁ జొరు మన్న యపుడె తెలిసె"	seesamu
"నెంచరాని గుణాఢ్యుఁడ వీవె యనుచుఁ-దెలిసి మ్రొక్కెద నితర మౌ దిక్కు లేక
చిత్ర చిత్ర ప్రభావ దాక్షిణ్యభావ-హత విమతజీవ శ్రీకాకుళాంధ్రదేవ!"	teytageethi
"జనకువాక్యమున రాజ్యవిసర్జనమె కాని- యడరు శౌర్య మొకింత విడిచినావె?
దీక్ష నాభరణము ల్దివియు మాత్రమె కాని- వర ధనుర్బాణము ల్వదలినావె?
వ్రత మని కాంచనాంబరముఁ గట్టవు గాని- బిగువు వజ్రాంగి మై విదచినావె?
ప్రతినఁ బరార్థమే మితర మొల్లవు గాని- యభిమానధనముపై నలిగినావె?"	seesamu
"నిఖిల రక్షోవిదారణ నిర్భయాంక-వేషధారివి నీ మునివృత్తి యేమి?
చిత్ర చిత్ర ప్రభావ దాక్షిణ్యభావ-హత విమతజీవ శ్రీకాకుళాంధ్రదేవ!"	teytageethi
"వెఱపించఁ గలవొ చేవిలు నీ కొసంగి తా- విగతరోషుం డైన విప్రవరునిఁ
గట్టించఁ గలవొ సాగరముపై సేతువు- మలలఁ గోఁతులమూక లలరఁ బట్టి
ఘనత నీఁ గలవొ యన్నను గొట్టి తమ్మున- కారాజ్య మా చంద్రతారకముగ
వేంచేయఁ గలవొ విన్వీథిఁ దేరగ నున్న- పుష్పకం బెక్కి నీపురికి మరల"	seesamu
"జగతి నిటు సంతతోత్సాహచరణమునకు-యుక్తి సేయుదు వోహొ నీ శక్తి దెలిసె
చిత్ర చిత్ర ప్రభావ దాక్షిణ్యభావ-హత విమతజీవ శ్రీకాకుళాంధ్రదేవ!"	teytageethi
"ని న్నెదుర్కొన రాని నెపమునఁ గోపించి- గోపితహితు నూతుఁ గొట్టవలెనె?
సంబంధినోటఁ గొంచెపుమాట రా వాని- కరిపురం బలుకఁ బెకల్పవలెనె?
నిను జూచి వేడ్క నొందిన గర్వముగ నెంచి- నిండి పాఱెడు నీరు నిలుపవలెనె?
చెలికానివలె నొద్దఁ చేరి యెత్తుకొనంగఁ- గినుకఁ ప్రలంబునిఁ దునుమవలెనె?"	seesamu
"ఎంతరోసంబు గలవాఁడ వేమి నీవు-తెలివికాఁడవె బలరామ! తెలిసె నిందు
చిత్ర చిత్ర ప్రభావ దాక్షిణ్యభావ-హత విమతజీవ శ్రీకాకుళాంధ్రదేవ!"	teytageethi
"పరపురుషాకృత గురుతుగాఁ జూడక- త్రిపుర పతివ్రతాతిలకములను
విటపయుక్తి భ్రమించి విఫలభ్రమతఁజేసి- తత్సతీపతుల దుర్దాంతబలుల
హతము సేయించితి వల మహానటునిచే- రథారధాంగాశ్వసారథిశరాన
గుణనిషంగాస్త్రము ల్కోరినట్లుండు నే- సమకూర్చి యసురుల సంహరించి"	seesamu
"సాహసుఁడ వైతిని న్నుంచి శంకరుండు-త్రిపురసంహరుఁ డను నాఖ్యఁ దెచ్చుకొనియె
చిత్ర చిత్ర ప్రభావ దాక్షిణ్యభావ-హత విమతజీవ శ్రీకాకుళాంధ్రదేవ!"	teytageethi
"సకల వర్ణంబులు సంకరంబులు జేసి- యఖిల ధర్మములు శూన్యములు సేసి
భూతలంబును బాపభూయిష్ఠముగఁ సేసి-పరగఁ బ్రపంచంబు భ్రష్టు సేసి
కలి విజృంభించిన కడపటనా నీవు- తురగవాహనుఁడ వై దోర్విరాజి
ఖడ్గచంచద్ధారఁ గలుషాత్ముల వధించి- శిష్టసంరక్షణ సేయు టెల్ల"	seesamu
"ననిశము చరాచరాది జీవావనైక-జాగరూకుఁడవా నీవు జాగు దెలిసె
చిత్ర చిత్ర ప్రభావ దాక్షిణ్యభావ-హత విమతజీవ శ్రీకాకుళాంధ్రదేవ!"	teytageethi
"భువనమోహన! కృష్ణమూర్తివి నీ వేని- ఆలీల లిచ్చట నాడవలదె?
బలసముజ్జ్వల కామపాలుఁడ వీ వేని- దీపించి యాబల్మిఁ జూపవలదె?
వీరనృసింహావతారుఁడ వీ వేనిఁ- దత్తేజ మింతైనఁ దాల్పవలదె
సత్యవిక్రమ! రామచంద్రుఁడ వీ వేని- ఆపౌరుష మొకింత చూపవలదె?"	seesamu
"యెంచ దేవర దైవమో యీవె కాని-చూపఱకు నీదు మహిమను జూపవలదె?
చిత్ర చిత్ర ప్రభావ దాక్షిణ్యభావ-హత విమతజీవ శ్రీకాకుళాంధ్రదేవ!"	teytageethi
"ఆలగాపరివాఁడ వనక నిన్నఖిలవే- దాంతమార్గ విహారి వందు నేమి?
హలముఁ బట్టివవాఁడ వనక న్బహువిధా- జాండనిర్వాహుఁడ వందు నేమి?
యలసారివాఁడ వంచనక నిన్ను సమస్త- శాస్త్రప్రపూర్ణుఁడ వందు నేమి?
యడవి ద్రిమ్మరివాఁడ వనక నిన్సకల లో- కాపన్నివారుఁడ వందు నేమి?"	seesamu
"పుడమి నీ దగు కొంచెపునడత లెంచ-కభినుతింతునె లోకైక విభుఁడ వనుచు
చిత్ర చిత్ర ప్రభావ దాక్షిణ్యభావ-హత విమతజీవ శ్రీకాకుళాంధ్రదేవ!"	teytageethi
"మామయింటికిఁ బోవ మంచితీర్థము పుట్ట- దతఁ డంత కారువాఁడతఁడె సుమ్ము
పునుక కంచము తోలుపుట్టంబు గలమిత్రుఁ- డెందు నన్నముఁ జెట్టు నేమి గప్పు
మాటమాత్రం బైన మగువ నో రాపదు- కొడుకు పెట్తునె తలగొట్లమారి
యన్నది మేషాండ మున్న దిచ్చే దొక్క- తొఱ్ఱిగొ డ్డది నీకుఁ దోలు నేమి"	seesamu
"ఎవ్వరింటికిఁ బోయిన నేమి ఫలము-ఉన్నచో నుండి సిరులఁ బెంపొందు మయ్య
చిత్ర చిత్ర ప్రభావ దాక్షిణ్యభావ-హత విమతజీవ శ్రీకాకుళాంధ్రదేవ!"	teytageethi
"దుర్జనభంజనోర్యుక్త సుదర్శన- ధారివే నీవు యదార్థముగను
శాత్రవభయద విస్వన పాంచజన్య భూ- షిత కరాంబుజుఁడవే సిద్ధముగను
మత్తారిభేదనాయత్త కౌమోదకి- నిజకరభరితమే నిశ్చయముగ
ఘోరవిద్విడ్రక్త ధారార్ధ్రనందక- సంధానపాణివే సత్యముగను"	seesamu
"సన్నుతామోఘ బాణైకశార్ఞ్గచక్ర-శయుఁడవే నమ్మవచ్చునే స్వామి! నిన్ను?
చిత్ర చిత్ర ప్రభావ దాక్షిణ్యభావ-హత విమతజీవ శ్రీకాకుళాంధ్రదేవ!"	teytageethi
"ఇల్లు రత్నాకరం బెన్నాళ్ళకును జాలు- జీవనం బొరుల యాచింపవలెనె?
ఇంట మహాలక్ష్మి యెప్పుడు దాండవం- బొనరించు నొకఁడు నీ కొసఁగవలెనె?
స్థిరత లోలోన నిక్షేపించు ధనము నెం- చఁగ రాని దొకరిఁ జేఁ జాపవలెనె?
పంటపైరులకాఁపు కంటఁ గాయుచునుండు- కోరికఁ బెరసొమ్ము గొనఁగవలెనె?"	seesamu
"ధాత్రి నెవ్వరి రక్షించఁ దలఁచినావొ-కోరువారలచేఁ బూజ గొందు వింతె
చిత్ర చిత్ర ప్రభావ దాక్షిణ్యభావ-హత విమతజీవ శ్రీకాకుళాంధ్రదేవ!"	teytageethi
"అబ్ధికన్యా వివాహ మహోత్సవము నాఁడుఁ- జూడలే దిచ్చోట జూడఁ గలిగె
జానకీకల్యాణసంభ్రమం బానాఁడు- జూడలే దిచ్చోట జూడఁ గలిగె
భోజసుతోద్వాహ భూరివైభవమందుఁ- జూడలే దిచ్చోటఁ జూడఁ గలిగె
రేవతీపరిణయ శ్రీవిలాసంబపుడు- చూడలే దిచ్చోటఁ జూడఁ గలిగె"	seesamu
"ననుచు నిట రాజ్యరమఁ బెండ్లియాడ-నిన్నుఁ బ్రజలు సేవించి సంతోషభరితులైరి
చిత్ర చిత్ర ప్రభావ దాక్షిణ్యభావ-హత విమతజీవ శ్రీకాకుళాంధ్రదేవ!"	teytageethi
"అఖిలలోక స్థాపనాచార్యమణి వయ్యు- నిజభక్తగురునిచే నిలుపుకొన్న
గర్భస్థితానేక కమలజాండుఁడ వయ్యు- నొండుకోవెలని జెల్వొందుచున్న
బహుచరాచర భూతపరిపాలకుఁడ వయ్యు- భక్తార్పితార్థము ల్పట్టుచున్న
హరచతుర్ముఖ దేవతాగోచరుఁడ వయ్యు- నెప్పుడు దర్శనం బిచ్చుచున్న"	seesamu
"నిన్ను సేవింప రెవ్వరో పెన్నిధాన-మెదుట నుండంగఁ గనిమూసి యేఁగువారె
చిత్ర చిత్ర ప్రభావ దాక్షిణ్యభావ-హత విమతజీవ శ్రీకాకుళాంధ్రదేవ!"	teytageethi
"కైలాస మేరు సంకాశ నాగాశన- స్కంధంబుపై రథోత్సవము గల్గఁ
జందనమందార సంతానకల్పక- వనముల మృగయోత్సవమ్ము గల్గ
రంగత్పయఃపయోరాశి వీచికలపై- వర్ణింప డోలోత్సవంబు గల్గ
బహుఫణారత్న శుంభద్భుజంగమ భోగ- వసతిఁ బర్యంకోత్సవంబు గల్గ"	seesamu
"బరకృతోత్సవ మిచ్చట బ్రాఁతె నీకు-భక్త జనులకు నేత్రోత్సవంబె కాని
చిత్ర చిత్ర ప్రభావ దాక్షిణ్యభావ-హత విమతజీవ శ్రీకాకుళాంధ్రదేవ!"	teytageethi
"కోరిక లీను వైకుంఠంబులోని- లోననగరిలో నామూల నవ్యదివ్య
సౌధంబుదాపలి సరసమందారవ- నాంతరామృత సరఃప్రాంతచంద్ర
కాంతోపలోత్పల కల్పితపర్యంక- సకల సౌభాగ్య లక్షణనివాస
లక్ష్మీమనోజ్ఞ విలాసివశీకృత- సంభోగసామ్రాజ్యసంతతాభి"	seesamu
"రామమూర్తికి వాంఛేతర ప్రపంచ-మేమి గావరె లీలార్థ మింతె కాని
చిత్ర చిత్ర ప్రభావ దాక్షిణ్యభావ-హత విమతజీవ శ్రీకాకుళాంధ్రదేవ!"	teytageethi
"గుఱుతుగ సద్భక్తకోటి కీనాఁటికి- విడరాని బహుఋణస్థుఁడవు నీవు
సేవకు లెన్నెన్ని త్రోవలఁ జనుచున్న- వదలక యనుసరించెదవు నీవు
నిజదాసు లాత్మేచ్ఛ నిలిపి రెచ్చో నిన్నుఁ- దొలఁగ కచ్చోటనే నిలచె దీవు
శ్రితు లంబలియు నైనఁ జేఁ జూప నది యెంత- యమృతభోగంబుగా నలరె దీవు"	seesamu
"జగము లన్నియు నీకు వశ్యము లటంటి-వీవు నిజదాసవశ్యుఁడ వెంత ఘనత?
చిత్ర చిత్ర ప్రభావ దాక్షిణ్యభావ-హత విమతజీవ శ్రీకాకుళాంధ్రదేవ!"	teytageethi
"వెనుక వేసుకొని యుర్వీనాథకోటులు- సైంథవుఁ గావంగఁ జాలినారె?
ధర నేయు తనసుతు శిర మెవ్వఁడతఁ డీల్గ- శాపించి సింధురా జోపినాఁడె?
సాటింతు నాసర్వసైన్యంబు లని కర్ణు- చేశక్తి నరు నేయఁ జెప్పినారె?
పరులచే నొవ్వని పంతంబు గలభీష్ము- డర్జునాస్త్రంబుల కాఁగినాఁడె?"	seesamu
"మనుజయత్నంబు బల మెంత మాత్ర మీవు-నిజము కరుణించు నాతఁడే విజయుఁ డరయ
చిత్ర చిత్ర ప్రభావ దాక్షిణ్యభావ-హత విమతజీవ శ్రీకాకుళాంధ్రదేవ!"	teytageethi
"ఆగామి సంచిత ప్రారబ్ధము లటుండ- నిజజన్మమందు నే నెల్లవేళ
నఘములే చేసితి నని యుష్మత్సుధా- సదృశ నిర్హేతుక జాయమాను
కరుణాకటాక్ష వీక్షణ మెంచ కెప్పుడో- ప్రసరింపవలె నే నపారదురిత
వారధిఁ దరియింపవలెఁ గాని గతి యితః- పర మెఱుంగను భక్తపాలనాంక!"	seesamu
"శేషపర్యంక! రాజ్యలక్ష్మీ సహాంక-ప్రధననిశ్శంక! యదుకులాంబుధిశశాంక!
చిత్ర చిత్ర ప్రభావ దాక్షిణ్యభావ-హత విమతజీవ శ్రీకాకుళాంధ్రదేవ!"	teytageethi
"పూర్వకవీంద్రులు పుణ్యఫలం బేమి- సాక్షాత్కరించి యస్మత్పరంబు
గా గద్యపద్యముల్‌ గల్పించు మనిన వే- వర మొసంగితి వండ్రు వాంఛఁ జేసి
నేర్చి నట్లుగఁ గూర్చి నేఁటి కవిత్వంబు- నీకంకితముఁ జేసి నెనరు దోఁపఁ
జేదోయి యొగ్గిన శ్రీపాదరజ మింత- నామీఁదఁ బాఱ నీ వేమి సామి"	seesamu
"కృపకుఁ బాత్రముఁ జేయు మక్షీణభాగ్య-లక్షణాంచిత పాదపల్లవకరాబ్జ!
చిత్ర చిత్ర ప్రభావ దాక్షిణ్యభావ-హత విమతజీవ శ్రీకాకుళాంధ్రదేవ!"	teytageethi
"కావ్యదోషము లెఱుంగని మత్కవిత్వంబు- విద్వన్నుతంబుఁ గావించినావు
బహిరంత రింద్రియ పరిశుద్ధి లేని నా- తలఁపులోపల వచ్చి నిలచినావు
పుణ్యకర్మ మొకింత పూని సేయని నన్నుఁ- బెద్దలచేత మెప్పించినావు
పురుషప్రయత్నంబు గురు తెఱుంగని నన్ను- భుక్తి గల్గఁగ జేసి ప్రోచినావు"	seesamu
"పతితుఁ జేపట్టినావు చేపట్టినావె-యన్యగతిఁ బోవనీయకు మార్తరక్ష!
చిత్ర చిత్ర ప్రభావ దాక్షిణ్యభావ-హత విమతజీవ శ్రీకాకుళాంధ్రదేవ!"	teytageethi
"శబరి యెంగిలిపండ్లు చవిఁజూచు ననుకంప- కుబ్జ గంధము పూఁతఁ గొన్నకరుణ
పాంచాలి కోర సాపడిన దయారతి- గోపమ్మ యుగ్గుఁబాల్‌ గ్రోలుకృపను
మాలికుఁ డొసఁగు తోమాలెఁ దాల్చినప్రేమ- ద్విజుని కొం గటుకులు దిన్నకూర్మి
గుహుఁడు పాదములు బట్టుట కుల్బు నెనరును- నుడుతదాస్యమునకుఁ బొడము ప్రేమ"	seesamu
"శతక మంగీకరింపుము జగతి జనకుఁ-డర్భ కావ్యక్త భాషల నలరి నట్లు
చిత్ర చిత్ర ప్రభావ దాక్షిణ్యభావ-హత విమతజీవ శ్రీకాకుళాంధ్రదేవ!"	teytageethi
"శతక మొకటి 'మనసా హరిపాదము- లాశ్రయించవె' యని యల్లినాఁడఁ
గరిమ 'రామా! భక్త కల్పద్రుమా!' యని యొప్పగా శతకంబుఁ జెప్పినాఁడ
నలరులదండ మీ కనఁగ 'హంసలదీవి- గోపాల శతకంబుఁ' గూర్చినాఁడ
యుష్మ దంకితముగా నూహించ శకమ మీ- నంచితంబుగ రచియించినాఁడ"	seesamu
"భవదనుగ్రహ కవితచేఁ బ్రబలువాఁడ-నవని గాసుల పురుషోత్త మాఖ్యవాఁడ
చిత్రజిత్ర ప్రభావ దాక్షిణ్యభావ-హతవిమతజీవ శ్రీ కాకుళాంధ్ర దేవ!"	teytageethi
"శ్రీసాకేతపురీవరంబున సునాసీరోపలస్థాపిత-
ప్రాసాదాంతర చంద్రకాంతమణియుక్పర్యంకభాగంబునన్
శ్రీసీతాసతిఁ గూడ వేడ్కలలరం గ్రీడించు మిమ్మెప్పుడున్
మా సన్మానసవీథిఁ గొల్చెదము రామా! భక్తమందారమా!"	saardulamu
"అస్తోకామలకీర్తికామ! లసదుద్యన్నీరదశ్యామ! భూ
విస్తారప్రభుతాలలామ! త్రిజగత్ప్రఖ్యాతసన్నామ! ధీ-
రస్తుత్యోరుగుణాభిరామ! భుజసారస్ఫారపౌలస్త్యదు-
ర్మస్తస్తోమవిరామ! ధీమహిత! రామా! భక్తమందారమా!"	saardulamu
"కదనప్రాంగణకార్తికేయ! విలసద్గాంగేయకౌశేయ! భా-
స్వదుదంచద్ఘననీలకాయ! త్రిజగత్సంరక్షణోపాయ! స-
మ్ముదితాశేషమరున్నికాయ! దివిషన్ముఖ్యాతిగేయా! గరు-
త్మదమేయాశ్వ! సుధీవిధేయగుణ! రామా! భక్తమందారమా!"	mattebhamu
"అకలంకాయతకీర్తి జాల! మహనీయాభీలశౌర్యస్ఫుర-
న్మకరాక్షాసురరావణప్రముఖ నానాదానవోత్తాలతూ-
లకరాళస్ఫుటవహ్నికీల! జయశీలా! సద్దయావాల! హే-
మకనచ్చేల! బుధానుపాల! రఘురామా! భక్తమందారమా!"	mattebhamu
"దురితధ్వాంతపతంగ! సంగరమహాదుర్వారగర్వాహితో-
త్కర సేనాకదళీమతంగ! లసదేకాంతాత్మపంకేజసం-
చరదుద్యన్మదభృంగ! పుంగవ ఘనశ్యామాంగ! సద్గంగ! క-
మ్రరమాలింగనసంగతాంగ! రఘురామా! భక్తమందారమా!"	mattebhamu
"దండం బీయదె నీకుఁ గైకొనుము దోర్దండాగ్రజాగ్రన్మహో-
దండోత్తాలవిశాల దివ్యతరకోదండాగ్రనిర్ముక్త స-
త్కాండవ్రాతవిఖండితాహితశిరఃకాండా! కనత్కుండలా!
మాండవ్యాది తపోధనప్రణుత! రామా! భక్తమందారమా!"	saardulamu
"వింతల్‍గాఁ గడు మీకు సత్కృతులు గావింతున్ దుషారాద్రిజా-
కాంతాక్రాంతజటాంతరాళవిలుఠద్గంగాతరంగచ్ఛటో-
త్క్రాంతాత్యంత ఝళంఝళన్నినద రంగద్ధాటి మీఱంగ సా-
మంతా! సంతతశాంతిమంత! జయరామా! భక్తమందారమా!"	saardulamu
"రకపుం గావ్యకళాకలాపరచనాప్రాగల్భ్యసంసిద్ధికై
ప్రకటప్రేమ భజింతు నీశ మకుటప్రస్ఫీతగంగాజలా-
ధికమాధుర్యకవిత్వధూర్వహన ధీదివ్యప్రభావాఢ్యఁ ది-
మ్మకవిశ్రేష్ఠు మదగ్రజున్ మదిని రామా! భక్తమందారమా!"	mattebhamu
"సకలాభీష్టఫలప్రదాయకుఁడవై చంచద్దయాశాలివై
ప్రకటస్నేహరసార్ద్రమానసుఁడవై భంగీకృతానేకపా-
తకఘోరామయశాత్రవోత్కరుడవై ధాత్రీసుతం గూడి మా-
మక చిత్తాబ్జమునన్ వసించు మొగి, రామా! భక్తమందారమా!"	mattebhamu
"మణిపుంఖాంకితకంకపత్రచయ సమ్యగ్దివ్యతూణద్వయం-
బణుమధ్యంబునఁ దళ్కు గుల్క ఖలదైత్యానీకహృద్భేదకృ-
ద్ధణనీయోగ్రకఠోరకార్ముకము చేతంబూని నా వెంట ల-
క్ష్మణుడు న్నీవును నంటి త్రిమ్మరుము రామా! భక్తమందారమా!"	mattebhamu
"పలుమాఱున్ భవదీయకావ్యరచనాప్రాగల్భ్య మొప్పార ని-
న్గొలుతున్ మామక మానసాబ్జమున బొంకుల్ గావు నీ వెచ్చటం
గలలోనం బొడకట్ట విట్టి వగ బాగా! మేల్! బళా! శ్యామకో-
మలవిభ్రాజితమందరావయవ! రామా! భక్తమందారమా!"	mattebhamu
"రఘువంశాంబుధిపూర్ణచంద్ర! విలసద్రాజన్యదేవేంద్ర! నా
యఘసంఘంబులఁ బాఱఁద్రోలి భవదీయామేయకారుణ్యదృ-
ష్టి ఘనప్రక్రియఁ జూచి యేలుకొనుమా! సేవింతు నత్యంతమున్
మఘవప్రస్తుతసద్గుణాభరణ! రామా! భక్తమందారమా!"	mattebhamu
"గణుతింతున్ భవదీయ సద్గుణకథల్ కౌతూహలం బొప్పఁగాఁ
బ్రణుతింతున్ సచరాచరాదిక మహాబ్రహ్మాండభాండచ్ఛటా-
గణితప్రాణిజనాంతరాత్మవని వేడ్కన్ సంతతంబున్ నభో-
మణివంశాంబుధిశీతభాను! రఘురామా! భక్తమందారమా!"	mattebhamu
"సారాసారవిచార! ధీరజనతాసంరక్షణాధార! స-
త్కారుణ్యాకరమూర్తివంచు నెద నత్యంతంబు మీ దివ్యశృం-
గారాగారపదారవిందములు వేడ్కన్ గొల్తు నన్ బ్రోవుమీ
మారీచప్రమదప్రహారశర! రామా! భక్తమందారమా!"	mattebhamu
"మిహికాంశూపమసుందరాననముతో మేలీను కందోయితో
నహిజిద్రత్నవినీలవిగ్రహముతో నంచత్కిరీటంబుతో
విహగాధీశ్వరు నెక్కి నా యెదుటికిన్ విచ్చేయవే యో పితా-
మహసుత్రామముఖామరప్రణుత! రామా! భక్తమందారమా!"	mattebhamu
"కంజాతప్రభవాండభాండచయరంగచ్చేతనాచేతనా-
ళిం జెన్నారఁగఁ బ్రోదిసేతువని హాళిన్ ధీజనుల్ దెల్ప హృత్
కంజాతంబున మిమ్ము గొల్తు నను వేడ్కన్ వేగ రక్షింపుమీ
మంజుశ్రీకరుణాకటాక్షమున రామా! భక్తమందారమా!"	saardulamu
"తళుకుం బంగరుకామ గుబ్బగొడు గందంబొప్ప శత్రుఘ్నుఁడ-
ర్మలి బట్టన్ భరతుండు చామరము గూర్మి న్వీవఁగా లక్ష్మణుం-
డలదుం దూపుల విల్లు డాల్పఁ గపిసేనాధీశ్వరుల్ గొల్వ ని-
ర్మలలీలం గొలువుండు నిన్ దలఁతు రామా! భక్తమందారమా!"	mattebhamu
"నిక్కంబారయఁ దావకాంఘ్రివిలసన్నీరేరుహద్వంద్వమే
దిక్కెల్లప్పుడు మాకటంచు మదినెంతే వేడ్క భావించెదన్
జిక్కుల్ పన్నక నమ్మికిచ్చి సరగం జేపట్టి రక్షింపు స-
మ్యక్కారుణ్యకటాక్షవీక్ష నను రామా! భక్తమందారమా!"	saardulamu
"అతసీపుష్పసమానకోమలవినీలాంగున్ సముద్యన్మహో-
న్నతకోదండనిషంగగంగు బలవన్నక్తంచరాఖర్వప-
ర్వతజీమూతతురంగుఁ గింకరజనవ్రాతావనాత్యంతర-
మ్యతరాపాంగుని నిన్ భజింతు మది రామా! భక్తమందారమా!"	mattebhamu
"ఆర్తత్రాణపరాయణుండవని నిన్నత్యంతమున్ సజ్జను-
ల్గీర్తింపన్ విని తావకీన పదనాళీకద్వయంబాత్మ వి-
స్ఫూర్తిం జెందఁగ నెంతు నెల్లపుడు నన్బోషింపుమీ సత్కృపన్
మార్తాండద్విజరాజసన్నయన! రామా! భక్తమందారమా!"	saardulamu
"మదనాగాశ్వశతాంగ కాంచనకనన్మాణిక్యభూషా మృగీ
మదదివ్యాంబరచామరధ్వజ లసన్మంజూషికాందోళికా-
మృదుతల్పార్థసమృద్ధిగల్గి పిదప న్నీ సన్నిధిం జేరు నిన్
మదిలో నెప్పుడు గొల్చు మానవుఁడు రామా! భక్తమందారమా!"	mattebhamu
"శ్రీకంఠాంబుజసంభవేంద్రరవిశోచిష్కేశముఖ్యామరా-
నీకంబుల్ గడుభక్తి నిన్ గొలిచి పూన్కిన్ ధన్యులైనారు నేఁ-
డాకాంక్షన్ భజియింతు మేమఱక చిత్తానంద మొందింపుమా
మాకుం బ్రాపును దాపు నీవగుచు రామా! భక్తమందారమా!"	saardulamu
"కరిరా, జార్జున, పుండరీక, శుక, గంగానందన వ్యాసులున్
పరమాధీశ, బలీంద్ర, మారుతసుతుల్, సంప్రీతి సద్భక్తి మీ
పరమాంఘ్రిద్వయచింతనాభిరతిమైఁ బ్రాపించిరౌ సద్గతిన్
స్మరకోటిప్రతిమానరూపయుత రామా! భక్తమందారమా!"	mattebhamu
"అహితార్తుల్ వెడఁబాయు లేము లెడలున్ వ్యాధుల్ దొలంగు న్నవ-
గ్రహదోషంబులు శాంతిఁ బొందుఁ గలుషవ్రాతంబు జాఱున్ శుభా-
వహమౌ తావక దివ్యనామ మెలమిన్ వాక్రుచ్చినన్ ధాత్రిపై
మహితోద్దండతరప్రతాపగుణ! రామా! భక్తమందారమా!"	mattebhamu
"గర్గాగస్త్య వసిష్ఠశుక మార్కండేయగాధేయు లం-
తర్గాఢాధికశత్రుశిక్షణకళాధౌరేయతాబుద్ధి సం-
సర్గప్రక్రియ మిమ్ముఁ గొల్తురుగదా క్ష్మాకన్యకోరోజస-
న్మార్గస్ఫాయదురఃకవాటతట! రామా! భక్తమందారమా!"	mattebhamu
"అకలంకాయతభోగభాగ్యదము నిత్యానందసంధానహే-
తుక మాభీలతరాఘమేఘఘనవాతూలంబు ముక్తిప్రదా-
యక మత్యంతపవిత్ర మెంచ నిల నాహా! తారకబ్రహ్మ నా-
మకమంత్రంబు భళీ! భవన్మహిమ! రామా! భక్తమందారమా!"	mattebhamu
"ఇనుఁ డద్దంబగు నగ్ని నీరగు భుజగేంద్రుండు పూదండయౌ
వనధుల్ పల్వలపంక్తులే జలధరాధ్వం బిల్లెయౌ రాజయో-
గనిరూఢస్థితిఁ దావకీన పదయుగ్మం బెల్లకాలంబు ప్రే-
మ నెదం బూని భజించు ధన్యులకు రామా! భక్తమందారమా!"	mattebhamu
"ముదమొప్పార నిరంతరంబు బలవన్మోక్షప్రదామేయభా-
స్వదుదలచ్ఛవదంఘ్రితామరససేవాసక్తచిత్తంబు దు-
ర్మదులం జేరునే పారిజాతసుమనోమత్తద్విరేఫంబు దా
మదనోర్వీజము చెంతకుం జనునె రామా! భక్తమందారమా!"	mattebhamu
"ఖండించున్ బహుజన్మసంచితచలద్గాఢోగ్రదోషావలిం
జండప్రక్రియ శైలజావినుతభాస్వచ్చారుదివ్యన్మహో-
ద్దండశ్రీ భవదీయనామ మిలమీఁదన్ భూతభేతాళకూ-
ష్మాండవ్రాతఘనాఘనశ్వనన రామా! భక్తమందారమా!"	saardulamu
"సారాసారకృపాకటాక్షమున నిచ్చల్ భూర్భువస్వః త్రిలో-
కారూఢాఖిలజంతుజాలముల నెయ్యం బొప్పఁగాఁ బ్రోచు ని-
న్నారాధించి సుఖింపలేక శిలలం బ్రార్థింతురెంతే నప-
స్మారభ్రాంతిమదాత్మమూఢు లిల రామా! భక్తమందారమా!"	saardulamu
"సరసీజాతభవాభవామరుల్ చర్చింప మీ మాయ గా-
నరటంచున్ సతతంబు ప్రాఁజదువులు న్నానాపురాణంబులున్
సరసప్రక్రియఁ జాటుచుండఁగఁ బిశాచప్రాయు లెంతేని సో-
మరిపోతుల్ నరులెట్లు గాంచెదరు? రామా! భక్తమందారమా!"	mattebhamu
"ధర్మంబంచు నధర్మమంచుఁ గడుమిథ్యాలీల లేపారఁగా
నిర్మాణం బొనరించి ప్రాణులను నిర్నిద్రప్రభావంబులన్
బేర్మిం జెందఁగఁ జేసి యంత్రకుగతిన్ బిట్టూరకే త్రిప్పు నీ
మర్మం బెవ్వ రెఱుంగఁగాఁ గలరు? రామా! భక్తమందారమా!"	saardulamu
"వ్రతముల్ పట్టిన దేవభూసురగురువ్రాతంబులం గొల్చినం
గ్రతుతంత్రంబులు దానధర్మము లపారంబౌనటుల్ చేసినన్
శతవర్షంబులు గంగలో మునిఁగినన్ సంధిల్లునే ముక్తి దు-
ర్మతికిం దావక భక్తి గల్గమిని ? రామా! భక్తమందారమా!"	mattebhamu
"సందేహింపక కొంచకెప్పుడు హృదబ్జాతంబులో భక్తి నీ
యందంబై తగుమూర్తి నిల్పికొని యత్యాసక్తి సేవించువాఁ
డొందుం గుప్పున వాంఛితార్థములు బాగొప్పారు వందారు స-
న్మందారంబవు గావె నీ వరయ, రామా! భక్తమందారమా!"	saardulamu
"అరిషడ్వర్గముఁ బాఱఁద్రోలి సకలవ్యామోహముల్ వీడి సు-
స్థిరయోగాంతరదృష్టి మీ చరణముల్ సేవించు పుణ్యాత్మకుల్
వరవైకుంఠపురాంతరాళమున భాస్వల్లీలలన్ ముక్తి తా-
మరసాక్షీరతికేలిఁ జొక్కుదురు రామా! భక్తమందారమా!"	mattebhamu
"ఉదయార్కాంశువికస్వరాంబుజరమాయుక్తంబులై యొప్పు నీ
పదముల్ ధ్యానము చేసి ముక్తియువతిం బ్రాపింపఁగా లేక దు-
ర్మదవృత్తిన్ బశుమాంస మగ్ని దనరారన్ వేల్చుఁగా దేవతా
మదిరాక్షీసురతేచ్ఛ, భూసురుఁడు రామా! భక్తమందారమా!"	mattebhamu
"ప్రాణివ్యూహలలాటభాగముల లీలాలోలచిత్తంబునన్
పాణీకోకిలవాణినాథుఁడు లిఖింపంబొల్చు భాగ్యాక్షర-
శ్రేణిం బెంపఁ గరంబె యెవ్వరికి సంసిద్ధంబు స్వారాట్ఛిరో-
మాణిక్యస్ఫురదంఘ్రితామరస రామా! భక్తమందారమా!"	saardulamu
"నిను సేవింపని పాపకర్ములకు వాణీనాథగోరాజవా-
హనసుత్రామముఖామరప్రవర వాచాగోచరంబై సనా-
తనమై ముక్తి రమాసమేతమగు నీ ధామంబు సిద్ధించునే
మనురాడ్వంశసుధాబ్ధిసోమ! రామా! భక్తమందారమా!"	mattebhamu
"మొదలంజేసిన పుణ్యపాపములు సన్మోదాతిఖేదంబులై
యదన న్వచ్చి భుజింపఁ బాలుపడు నాహా! యెవ్వరి న్వేఁడిన
న్వదలంజాల వవెన్నిచందములఁ దా వారింపఁ జింతించినన్
మదనారాతికినైనఁ దథ్యమిది రామా! భక్తమందారమా!"	mattebhamu
"ఇందందున్ సుఖమీయఁజాలని మహాహేయార్థసంసారఘో-
రాంధూబృందనిబద్ధులై సతతమన్యాయప్రచారంబులన్
గ్రిందున్మీఁదును గానకెంతయును రక్తిన్ ధాత్రి వర్తింతురౌ
మందుల్ సుందరమందహాసముఖ రామా! భక్తమందారమా!"	saardulamu
"అమరశ్రేష్ఠుని వారువంబునకు దూండ్లాహార మీశానమౌ-
ళి మహాభోగికి గాలిమేఁత, నిను హాళిన్మోయు మాద్యద్విహం-
గమలోకేంద్రున కెల్లఁ బుర్వుగమియే బోనంబు ప్రారబ్ధక-
ర్మ మవశ్యంబ భుజింప కెట్లు చను ? రామా! భక్తమందారమా!"	mattebhamu
"నరుఁడెల్లప్పుడు నాజవంజవభరానమ్రాత్ముఁడై యున్నఁగా-
ని రహస్యంబుగ నీ పదద్వయము ధ్యానింపన్ వలెన్ భక్తితో
బరమానందసుధాసారనుభవలిప్సాబుద్ధియై నుర్విఁ గు-
మ్మరిపుర్వుం బలెఁ బంకదూరగతి రామా! భక్తమందారమా!"	mattebhamu
"దానం బాభరణంబు హస్తమునకు దద్‍జ్ఞానికి న్నీపద-
ధ్యానం బాభరణంబు భూసురున కత్యంతంబ గంగానదీ-
స్నానం బాభరణంబు భూతలమునన్ నాడెంపుటిల్లాలికిన్
మానం బాభరణంబు తథ్యమిది రామా! భక్తమందారమా!"	saardulamu
"అదన న్వేఁడిన యాచకప్రతతి కీయంగావలెన్ రొక్కమిం-
పొదవన్ మీ కథలాలకింపవలె మేనుప్పొంగ గంగామహా-
నదిలో స్నానము లాచరింపవలె హీనప్రక్రియ న్మాని స-
మ్మదచిత్తంబున మర్త్యుఁడెల్లపుడు రామా! భక్తమందారమా!"	mattebhamu
"ఉద్యానాదిక సప్తసంతతుల బాగొప్పార నిల్పన్ వలెన్
సద్యోదానమునన్ బుధాళి కెపుడున్ సంప్రీతి సల్పన్ వలెన్
ప్రోద్యద్విద్యలు సంగ్రహింపవలె నిత్యోత్సాహియై మర్త్యుఁ డో
మాద్యద్దానవకాననజ్వలన! రామా! భక్తమందారమా!"	saardulamu
"నిను భక్తిన్ భజియించినన్ గురువుల న్నిత్యంబు సేవించినన్
ధనవంతుండయి గర్వదూరుఁడగుచున్ ధర్మంబు గావించినన్
జనతామోదకపద్ధతి న్మెలఁగినన్ జారుండు గాకుండినన్
మనుజుం డారయ దేవుఁ డిమ్మహిని రామా! భక్తమందారమా!"	mattebhamu
"అన్యాయంబు దొఱంగి యెల్లరకు నత్యానంద మింపొంద సౌ-
జన్యప్రక్రియ నేల యేలునతఁడున్ శాస్త్రానుసారంబుగాఁ
గన్యాదానము సేయు నాతఁడును వేడ్కన్ భూసురున్ బిల్చి స-
న్మాన్యం బిచ్చినవాడు ధన్యుడిల రామా! భక్తమందారమా!"	saardulamu
"చెఱువున్ సూనుఁడుఁ దోటయుం గృతియు నిక్షేపంబునుం దేవమం-
దిరమున్ విప్రవివాహమున్ జగతి నెంతే వేడ్క గావించుచున్
నిరతంబున్ భవదీయపాదవిలసన్నీరేరుహద్వంద్వ సం-
స్మరణం బూనెడువాఁడు ముక్తుఁడగు రామా! భక్తమందారమా!"	mattebhamu
"ఆకాంక్షన్ గృహదాసికాసురతలీలాసక్తి వర్తించినన్
లోకస్తుత్యచరిత్ర! సత్కులవధూలోలుండు గాకుండినన్
కోకాప్తాస్తమయోదయంబుల యెడన్ గూర్కూనినన్ మర్త్యుపై
మా కారుణ్యకటాక్ష మూన దిల రామా! భక్తమందారమా!"	saardulamu
"గణుతింపంగ నరాధముల్ సుకవికిం గాసీనివాఁడున్ దయా-
గుణ మొక్కింతయు లేనివాఁడు నొరుపై గొండెంబు గావించువాఁ
డణుమధ్యన్ సతిఁ బాసి దాసిపొం దాసించువాఁ డుర్వి బ్రా-
హ్మణవిత్తంబు హరించువాఁ డరయ రామా! భక్తమందారమా!"	mattebhamu
"వృషలీభర్తయు దేవలుండు నటుఁడున్ వేదాభిశస్తుండు మా-
హిషికుం డగ్నిద కుండగోళకులునున్ హింసాపరస్వాంతుడున్
విషదుండుం గొఱగాఁడు పంక్తి కెపుడుర్విన్ భక్తసంఘాతక-
ల్మషమత్తద్విరదౌఘ పంచముఖరామా! భక్తమందారమా!"	mattebhamu
"అగసాలిన్ దిలఘాతకున్ యవనునిన్ వ్యాపారి దాసున్ విటున్
జగతీనాథుని వేటకాని గణికన్ జండాలునిన్ జోరునిన్
బ్రెగడం గోమటి జూదరిన్ బుధజనుల్ పెన్రొక్కమర్పింప న-
మ్మఁగ రాదెంతయుఁ దథ్య మిద్ధరణి రామా! భక్తమందారమా!"	mattebhamu
"అలుకన్ మిక్కిలి సాహసంబు ఘనమన్యాయప్రచారంబునుం
జలముం దట్టము కామమెక్కుడు మహాజాలంబు శీలంబహో
తలపైఁ జేయిడి బాసచేసిన యథార్థం బుర్విపైఁ బుష్పకో-
మలుల న్నమ్మఁగరాదు పూరుషులు రామా! భక్తమందారమా!"	mattebhamu
"కుకవుల్ కూళలు కొంటెతొత్తుకొడుకుల్ కొండీలు కోనారులుం
దకతైతత్తలవారు పాచకులు జూదంబాడువారు న్మహిం
బ్రకటంబై సిరిగాంచిరీ కలియుగప్రామాణ్య మాశ్చర్య మో
మకరాక్షాసురగర్వసంహరణ రామా! భక్తమందారమా!"	mattebhamu
"కలికాలంబున వైద్యలక్షణపరీక్షాశూన్యమూఢావనీ-
తలనాథుల్ బలుమోటకాఁపుదొరలున్ దట్టంబుగా బిల్చి మం-
దుల వేయింప భుజించి క్రొవ్వి కడువైద్యుల్ గారె సిగ్గేది? త-
మ్మళులన్ నంబులు క్షౌరకాంత్యజులు రామా! భక్తమందారమా!"	mattebhamu
"దీనత్వంబునఁ గూడులేక చెడి యెంతే భైక్ష్యముల్ గొంచు ల-
జ్జానామంబులు లేకయుంబు బలురాజన్యుండు చేపట్టి దా
నానావస్తువులిచ్చి వైభవమిడన్ న్యాయజ్ఞుఁడై వాఁడిలన్
మానం జాలునె తొంటినీచగతి రామా! భక్తమందారమా!"	saardulamu
"ఎన్నం గార్ధభ ముత్తమాశ్వమగునే; హీనుండు దాతృత్వసం-
పన్నుండౌనె; ఖలుండు పుణ్యుఁడగునే; పల్గాకి సాధౌనె; క-
ల్జున్నౌనే; మహిషంబ హస్తి యగునే; జోరీగ దేఁటౌనెటుల్
మన్నుం బిల్లి మృగేంద్రమౌనె భువి రామా! భక్తమందారమా!"	saardulamu
"బలిభిక్షన్ దయఁ బెట్టఁబూనిన మహాపాపాత్మకుల్ భూమిలో-
పలఁ గోట్యర్బుదసంఖ్యయైనఁ ద్రిజగత్ప్రఖ్యాతదానవచ్ఛటా-
కలనావర్తితపుణ్యమూర్తియగునే గాటంబుగాఁ బర్వు దో-
మలు వేయైన మదద్విపంబగునె రామా! భక్తమందారమా!"	mattebhamu
"ధరలోనన్ సుకవిప్రణీతబలవద్ధాటీనిరాఘాటభా-
స్వర సత్కావ్యకథాసుధారసపరీక్షాదీక్ష విద్వన్మహా-
పురుషశ్రేష్ఠున కబ్బు పామరునకే పోల్కిన్ లభించున్ సదా
మరుదాత్మోద్భవసేవితాంఘ్రి నల! రామా! భక్తమందారమా!"	mattebhamu
"పద్యంబేల పిసిండి? కీప్సితము దీర్పన్ లేని జేజేకు నై-
వేద్యంబేల? పదార్థచోరునకు నుర్విన్ వేదవేదాంతస-
ద్విద్యాభ్యాసకబుద్ధియేల? మది భావింపంగ నెల్లప్పుడున్
మద్యం బానెడువానికేల సుధ? రామా! భక్తమందారమా!"	saardulamu
"ముకురంబేటికి గ్రుడ్డివానికి జనామోదానుసంధానరూ-
పకళాకౌశలకామినీసురతలిప్సాబుద్ధి ధాత్రి న్నపుం-
సకతం గుందెడువానికేమిటికి మీసంబేమిటికిన్ లోభికిన్
మకుటంబేమిటికి మర్కటంబునకు రామా! భక్తమందారమా!"	mattebhamu
"కుజనున్ ధర్మతనూజుఁడంచు నతిమూర్ఖున్ భోజరాజంచు ఘో-
రజరాభారకురూపకారిని రమారామాకుమారుండటం-
చు జడత్వంబున వేఁడి కాకవులు కాసుం గానరెన్నంగ సా-
మజరాజోగ్రవిపద్దశాపహర! రామా! భక్తమందారమా!"	mattebhamu
"చలదశ్వత్థతరుప్రవాళమనుచున్ సారంగహేరంబటం-
చలరుం దింటెనపూవటంచు ముకురంబంచున్ భ్రమన్ సజ్జనుల్
కళలూరంగ రమించుచున్ వదల రేకాలంబు ముగ్ధాంగనా-
మలమూత్రాకరమారమందిరము రామా! భక్తమందారమా!"	mattebhamu
"సుదతీపీనపయోధరద్వయముపై సొంపొందు నెమ్మోముపై
మదనాగారముపైఁ గపోలములపై మధ్యప్రదేశంబుపై
రదనావాసంబుపయి న్నితంబముపయిన్ రాజిల్లు నెంతేని దు-
ర్మదవృత్తిన్ ఖలుచిత్త మిద్ధరణి రామా! భక్తమందారమా!"	mattebhamu
"రసికోత్తంసులు సత్కులీనులు మహాద్రాఘిష్ఠసంసారఘో-
రసముద్రాంతరమగ్నులై దరికిఁ జేరన్ లేక విభ్రాంతిచేఁ
బసులం గాచిన మోటకొయ్యదొరలం బ్రార్థింతురెంతేని దే-
మసగాదే యిది యెంచి చూచినను రామా! భక్తమందారమా!"	mattebhamu
"సరసుం డాతఁడు పెద్ద యాతఁడు మహాసౌందర్యవంతుం డతం
డరిహృద్భీకరశౌర్యధుర్యుఁ డతఁ డుద్యద్దానకర్ణుం డతం
డురుగోత్రోద్భవుఁ డాత డెవ్వడిల నుద్యోగార్థసంపన్నుఁడౌ
మరుదీశోపలనీలమూర్తి ధర! రామా! భక్తమందారమా!"	mattebhamu
"విత్తంబొత్తుగఁ గూర్చి మానవుఁడు దుర్వృత్తిం బ్రవర్తించి యు-
వ్వెత్తుం దేహమెఱుంగలేక తిరుగున్ హేలాగతిన్ బత్తిఁ దాఁ
జిత్తాంబ్జంబున మిమ్ముఁ గొల్వఁ డెపు డిస్సీ యెంత పాపంబొకో
మత్తారాతినిశాటసంహరణ! రామా! భక్తమందారమా!"	saardulamu
"శమ మావంతయుఁ బూననొల్లఁడు గరిష్ఠజ్ఞానవిద్యావిశే-
షము గోరంతయు నాత్మలోఁ దలఁపఁ డాచారప్రచారంబు ధ-
ర్మము వీసంబును జేయఁజాలఁడు గదా మందుండు పెన్ రొక్కపున్
మమతన్ దేహమెఱుంగలేక ధర రామా! భక్తమందారమా!"	mattebhamu
"భువిలో లోభులు కూడఁబెట్టిన ధనంబున్ బందికాం డ్రూడిగల్
బవినీలున్ దరిబేసులున్ దొరలొగిన్ బచ్చుల్ నటీదాసికా-
యువతుల్ గుంటెనకత్తెలున్ గొనుదు రోహో! యెట్టి కర్మంబొ! హై-
మవతిసన్నుతదివ్యనామ! రఘురామా! భక్తమందారమా!"	mattebhamu
"సిరులెంతేనియు నిక్కువంబనుచు దుశ్శీలన్ మదిన్ నమ్మి ని-
ర్భరగర్వంబున మీఁదు చూతు రహహా! భావంబుతో నెంచినం
గరికర్ణాంతము లంబుబుద్బుదతతుల్ ఖద్యోతకీటప్రభల్
మరుదగ్రార్పితదీపమాలికలు! రామా! భక్తమందారమా!"	mattebhamu
"ఇటు రా రమ్మని పిల్చి గౌరవముగా హేమాంబరాందోళికా-
కటకప్రాకటభూషణాదు లిడి వేడ్కన్ ఱేఁడు ప్రార్థింప వి-
స్ఫుటభంగిం దగు కావ్యకన్య నిడనొప్పున్ గానిచో నుర్వి కో-
మటి మేనర్కమె బల్మిఁ గట్టఁగను? రామా! భక్తమందారమా!"	mattebhamu
"తనకుం బద్యము లల్లి సత్కవులు నిత్యంబుం బ్రసంగింపఁగా
విని యొత్తుల్ దిను దాసరిం బలె బయల్వీక్షించుచుం గానియై-
న నొసంగన్ మదిలోఁ దలంపని మదాంధక్షోణిపాలుం డిలన్
మను మార్గంబు గ్రహింపఁగాఁ గలడె రామా! భక్తమందారమా!"	mattebhamu
"ధాటీపాటవచాటుకావ్యరచనోద్యద్ధోరణీసారణీ-
వాటీకోద్గతి సత్కవీశ్వరుఁడు నిత్యంబుం దమున్ వేఁడఁగా
వీటీఘోటకహాటకాదు లిడ రుర్విన్ నిర్దయాబుద్ధిచే
మాటే బంగరు నేటి రాజులకు రామా! భక్తమందారమా!"	saardulamu
"పలుమాఱుం ద్విజరాజు లొక్కటఁ దముం బాధింతురంచున్ విషా-
నలఘోరాననము ల్ముండుంచుకొని కానన్ రాక దుర్గస్థలం-
బుల వర్తించుచు బుస్సురందు రిల నాభోగేశు లెందైననున్
మలఁకల్మాని చరింపఁగాఁ గలరె? రామా! భక్తమందారమా!"	mattebhamu
"గడియల్ రెండిక సైచి రా వెనుక రా కాసంతసేపుండి రా
విడిదింటం గడె సేద దీర్చుకొని రా వేగంబె బోసేసి రా
యెడపొద్దప్పుడు రమ్మటంచు సుకవిన్ హీనప్రభుం డీగతిన్
మడఁత ల్వల్కుచుఁ ద్రిప్పుఁ గాసిడక! రామా! భక్తమందారమా!"	mattebhamu
"బలరాజన్యుఁడు ధూర్తకాకవిఁ గనం గంపించి విత్తంబు దా-
నలఘుప్రక్రియ నిచ్చు సత్కవివరున్ హాస్యంబు గావించు నౌ
నిల బర్బూరము గాలివానఁ బడుఁగా కింతైనఁ గంపించునే
మలయోర్వీధరమారుతంబునకు రామా! భక్తమందారమా!"	mattebhamu
"కాయస్థు ల్గణికాజనంబులు తురుష్కశ్రేణులున్ దుష్టదా-
సేయుల్ వైద్యులునుం బురోహితులు దాసీభూతముల్ గాయకుల్
బోయల్ గొందఱు లోభిభూవరు ధనంబున్ సంతతంబున్ మహా-
మాయాజాలము పన్ని లాగుదురు రామా! భక్తమందారమా!"	saardulamu
"శ్రీలక్ష్మీ మదయుక్తుఁడై నృపుఁడు వాసిం బేర్చు భూదేవునిం
గేలింబెట్టి తదీయకోపమహిమన్ గీడొంచు నెట్లన్న ది-
క్ఖేలత్కీర్తి త్రిశంకుం డల్క నలశక్తిం బల్కి తద్వాగ్గతిన్
మాలండై చెడిపోవడోట మును, రామా! భక్తమందారమా!"	saardulamu
"లసదుద్యజ్జ్వలభవ్యదివ్యకవితాలంకారవిద్యావిశే-
షసమాటోపవిజృంభమాణకవిరాట్సంక్రందనుం ద్రిప్పిత్రి-
ప్పి సమీచానతఁ బ్రోవకుండు నృపతుల్ పెంపేది నిర్భాగ్యులై
మసియై పోవరే తత్క్రుధాగ్ని నిల రామా! భక్తమందారమా!"	mattebhamu
"రసికత్వంబును దానధర్మగుణముం బ్రత్యర్థిశిక్షాకళా-
భ్యసనప్రౌఢిమ సాధుబంధుజనతాత్యంతావనోపాయలా-
లసచిత్తంబును దృప్తియుం గొఁఱత వాలాయంబు దానెంచఁ దా-
మసమే మిక్కిలి దుర్నరేంద్రులకు రామా! భక్తమందారమా!"	mattebhamu
"ఖలభూనాథుఁడు నిచ్చనిచ్చ జనులన్ గారించి విత్తంబు మి-
క్కిలిగా గూరిచి పుట్టలో నిఱికి వేఁగింపంగ నుద్దండతం
బలవన్మ్లేచ్ఛులు పొంది లావనుచు లే బాధితురౌ పెట్టి జెఱ్ఱిఁజీ-
మలు చీకాకుగఁ జేయు చందముగ రామా! భక్తమందారమా!"	mattebhamu
"అతికష్టం బొనరించి భూమిజనుఁ డత్యాసక్తి విత్తంబు వి-
స్తృతభంగిం గడియింపఁగా నెఱిఁగి ధాత్రీకాంతు లుద్దండప-
ద్ధతి వానిం గొనిపోయి కొట్టి మిగులం దండించి యా సొమ్ము స-
మ్మతిఁ గైకొండ్రు మఱెంత నిర్దయులొ రామా! భక్తమందారమా!"	mattebhamu
"దానంబిల్లె, దయారసంబు నహి, సద్ధర్మంబు తీర్, మీ పద-
ధ్యానంబున్ గడులొచ్చు సత్యవచనవ్యాపారముల్ సున్న సు-
జ్ఞానం బెంతయు నా స్తి సాధుజనసన్మానేచ్ఛ లేదెన్న నీ
క్ష్మానాథాధమకోటి కేది గతి రామా! భక్తమందారమా!"	saardulamu
"తనువుల్ నిక్కములంచు నెంచుకొని యత్యంతదుర్మార్గవ-
ర్తనులై నిర్దయమీఱ భూమిప్రజలం దండించి విత్తంబు లా-
ర్జవము ల్సేయుచు గొందులం దొదిగి నిచ్చల్గానరాకుంద్రు ఛీ!
మనుజాధీశుల కేఁటి ధర్మములు రామా! భక్తమందారమా!"	mattebhamu
"మురుగుల్ ప్రోగులు నుంగరాల్సరిపిణీ ల్ముక్తామణిహారముల్
తురంగంబు ల్గరు లందబులు భటస్తోమంబులున్ రాజ్యమున్
స్థిరమంచున్ మది నమ్మి పాపములు వే సేతు ర్మదోన్మత్తపా-
మరభూవిష్టపదుష్టనాయకులు రామా! భక్తమందారమా!"	mattebhamu
"మకరోగ్రక్రకచాగ్రజాగ్రదురుసమ్యక్ఛాతదంష్ట్రాక్షత
ప్రకటాంఘ్రిద్వయనిర్గళద్రుధిరధారాపూరఘోరవ్యధా-
చకితుండై మొఱసేయ నగ్గజపతిన్ సంప్రీతి రక్షింపవే
మకుటీభూతశశాంకచాపహర! రామా! భక్తమందారమా!"	mattebhamu
"అగవిద్వేషణుఁ గూడి వేడుక నహల్యాదేవి గ్రీడింపఁగా
భగవంతుండగు గౌతముండు గని కోపస్ఫూర్తి శాపింప నీ
జగతిం ఱాపడి తాపమొందగ పదాబ్జప్రస్ఫురద్ధూళిచే
మగువం జేసితి వెంత వింత యది రామా! భక్తమందారమా!"	mattebhamu
"అమరేంద్రాది సమస్తదేవభయదాహంకారహుంకార దు-
ర్దదబాహాబలసింహనాద పటుకోదండోగ్రబాణచ్ఛటా-
సమజాగ్రత్ఖరదూషణాసురుల భాస్వద్దండకారణ్యసీ-
మ మును ల్మలని మెచ్చఁ ద్రుంచితివి రామా! భక్తమందారమా!"	mattebhamu
"నే నీ బంటను నీవు నా దొర విదే నిక్కంబటంచు న్మదిన్
నానాభంగుల నమ్మి కొల్చితినె యెన్నాళ్ళాయె జీతంబు కా-
సైన న్నేఁటి కొసంగవైతి భళి యాహా! లెస్స! బాగాయెగా!
మౌనీంద్రాశయపద్మషట్చరణ! రామా! భక్తమందారమా!"	saardulamu
"బలదేవుం డతినీచవృ త్తిని సురాపానంబు గావింపఁగా
జలజాతాస్త్రుఁడు మానినీపురుషలజ్జాత్యాగముల్ సేయఁగా
చలమారంగ నలక్ష్మి సజ్జనుల నిచ్చల పట్టి బాధింపఁగా
మలపం జాల విదే వివేక మిల? రామా! భక్తమందారమా!"	mattebhamu
"అదిరా! పిల్చినఁ బల్కవేటికి? బరాకా చాలు నింకేలఁగాఁ
గదరా! మిక్కిలి వేఁడి వేసరిలు బాగా? నీకు శ్రీజానకీ-
మదిరాక్షీ శరణంబులాన! నను బ్రేమన్ ద్రోవరా వేడ్క శ్రీ-
మదుదంచత్ర్పభుతాగుణప్రథిత! రామా! భక్తమందారమా!"	mattebhamu
"వందిం బోలి భవత్కథావళులనే వర్ణింతు నత్యంత మీ
చందం బొందఁగఁ గొందలం బుడిపి నిచ్చల్లచ్చి హెచ్చంగ నీ
వందందుం దిరుగంగబోక దయ నాయందుండు మెల్లప్పుడున్
మందప్రక్రియ మాని పూనికను రామా! భక్తమందారమా!"	saardulamu
"అకటా! తావక కావ్యభవ్యరచనావ్యాపారలీలావిలో-
లకసత్స్వాంతుఁడనైన నా పయిని నీ లక్ష్మీకటాక్షామృతం
బొకవేళం జనుదేర దేమి? దయలేదో యోగిహృత్పద్మస-
న్మకరందాసవపానకృద్భ్రమర! రామా! భక్తమందారమా!"	mattebhamu
"నతమర్త్యవ్రజవాంఛితార్థఫలదానశ్రీవిరాజన్మహో-
న్నతమందారమవంచు ధీరజను లానందంబునం దెల్ప నే
వ్రతచర్య న్నినువేఁడి వేసరితి ప్రోవన్ రావిదే నీకు స-
మ్మతమా! తెల్పుము తేటతెల్లముగ రామా! భక్తమందారమా!"	mattebhamu
"పదపద్యంబు లొనర్చి నీకొసగనో ప్రాజ్ఞుల్ నుతింపగ మీ
పదపద్మంబులు భక్తితోడ మదిలో భావింపనో? యేమిటం
గొదవే దేఁటికి జాగుచేసెదవ ? కోర్కులు దీర్పు వేవేగ! శా-
మదరాతిక్షణదాచరప్రమద! రామా! భక్తమందారమా!"	mattebhamu
"క్రతువుల్ సేసెదనంటినా బహుపదార్థంబిల్లె! సంధ్యాజప-
వ్రతముల్ సేసెదనంటినా దొరలఁ గొల్వంగావలెం గూటికై
ధృతి నిన్వేడెదనంటినా నిలువ దొక్కింతైనగానీ దయా-
మతి నన్నేగతిఁ బ్రోచెదో యెఁఱుగ రామా! భక్తమందారమా!"	mattebhamu
"తగునా పావన తావకీన పదధ్యాననిష్ఠాగరి
ష్ఠగతిన్ వర్తిలు మాకు నిప్పు డతికష్టప్రాప్తిఁ గావించి బల్
పగవానిన్ బలెఁ జూడఁగాఁ గటకటా! పాపంపు గాదోటు! జి-
హ్మగసమ్రాట్కరకంకణప్రణుత! రామా! భక్తమందారమా!"	mattebhamu
"నిను నా దైవముగా భజించుటకు నే నిత్యంబుఁ గావించు స-
జ్జనతాకర్ణరసాయనప్రకటభాస్వత్ సోములే సాక్షి నీ
వనుకంప న్ననుఁ బ్రోచుచుండుటకు నీ యైశ్వర్యమె సాక్షి నీ
మనసు న్నా మనసు న్నెఱుఁగు నిది రామా! భక్తమందారమా!"	mattebhamu
"జయమొప్పార నిను న్మదీయహృదయాబ్జాతంబునం గొల్తు నే-
రములెల్లన్ క్షమచేసి ప్రోతువనుచున్ రాఁగం జనన్ నీదు చి-
త్తము నా భాగ్య మదెట్టిదో యెఱుగ తథ్యం బిద్ధసంగ్రామధా-
మమహాకాయవిరామశాతశర! రామా! భక్తమందారమా!"	mattebhamu
"జయ! నారాయణ! భక్తవత్సల! హరే! శౌరే! జగన్నాయకా
జయ! సీతాహృదయేశ! శేషశయనా! శశ్వద్దయాసాగరా!
జయ! పీతాంబర! రామచంద్ర! జలదశ్యామాంగ! విష్ణో! నిరా-
మయ! లీలామనుజావతారధర! రామా! భక్తమందారమా!"	mattebhamu
"సరసప్రస్తుత కూచిమంచికులభాస్వద్వార్ధిరాకాసుధా-
కరుఁడన్ గంగనమంత్రినందనుఁడ! రంగత్తిమ్మభూమండలే-
శ్వరపర్యార్పిత “బేబదల్” బిరుదవిస్ఫాయజ్జగన్నాథనా
మ రసజ్ఞుండను బ్రోవు మెప్డు నను రామా! భక్తమందారమా!"	mattebhamu
"శ్రీకైలాస మహామహీధర శిరఃశృంగాటకాంచన్మణి-
ప్రాకారాంతర చంద్రకాంత రజతప్రాసాదశుద్ధాంత సిం-
హాకారోన్నతహేమపీఠమునఁ గొల్వైయుండు నిన్నెన్నెదన్
రాకాచంద్రనిభప్రభాకలిత! భర్గా! పార్వతీవల్లభా!"	saardulamu
"క్షితినంభోనిధి కర్ఘ్యమిచ్చు క్రియ భక్తిన్బద్మినీభర్త కా-
రతి యర్పించు తెఱంగున న్బహుతరబ్రహ్మాండసంత్రాతకున్
శతకంబొక్కటి గూర్చి నీ కొసగెద న్సంరూఢిఁ గైకొమ్ము నా
కృతి సంస్తుత్యలసద్గుణాభరణ! భర్గా! పార్వతీవల్లభా!"	mattebhamu
"శుక శాండిల్య మృకండుజాత్రి కలశీసూనుల్ భరద్వాజ శౌ-
నక వాల్మీకి వసిష్ఠ గర్గ భృగు మాండవ్యాజసంభూత కౌ-
శిక కణ్వాది మహర్షిశేఖరులు నిన్ జింతింపఁగా లేరు, కొం-
కక నేనెంతటివాఁడ నిన్బొగడ భర్గా! పార్వతీవల్లభా!"	mattebhamu
"వరకౌండిన్యసగోత్రపాత్రుని యశోవర్ధిష్ణునిం గుక్కుటే-
శ్వరకారుణ్యకటాక్షలబ్ధ కవితాసామ్రాజ్యధౌరేయునిన్
స్థిరపుణ్యుండగు గంగమంత్రిసుతునిన్ దిమ్మప్రధానేంద్రునిన్
గరుణన్బ్రోవుము కూచిమంచికులు భర్గా! పార్వతీవల్లభా!"	mattebhamu
"ప్రచురత్వంబుగ నెంతు నాత్మనెపుడు న్బ్రత్యూహసంశాంతికై
విచలత్కర్ణసమీరదూరిత మహావిఘ్నంబుభృజ్జాలునిన్
రుచిరాస్వాంబురుహస్రవన్మదజలప్రోత్సాహ లీలాముహుః
ప్రచురద్భృంగకులున్ గణాధిపుని భర్గా! పార్వతీవల్లభా!"	mattebhamu
"వేమాఱున్ భవదీయ పావనకళావిఖ్యాతకావ్యక్రియా-
సామీచీన్య హృదంతరాళకవిరాట్సంక్రదనశ్రేణికిన్
సామర్థ్యం బొనగూర్చి మంచినుడువుల్ సంప్రీతి నొందించు వా-
గ్భామారత్నము లీలమై నిలిచి భర్గా! పార్వతీవల్లభా!"	saardulamu
"చిరభక్తిన్మదిలో భవద్వ్రతముగాఁ జింతింతు నశ్రాంతమున్
బరవాది ప్రమథద్విపేంద్రపదవీపంచాననశ్రేష్ఠు బం-
ధురతేజోనిధి దెందులూరికులపాథోరాశిరాకానిశా-
కరునిన్ లింగయసద్గురూత్తముని భర్గా! పార్వతీవల్లభా!"	mattebhamu
"పులితోల్ముమ్మొనవాలు పాఁపతొడవుల్ భూత్యంతరాగంబు పు-
న్కలపేర్లెక్కువకన్ను నీలగళమున్ గంగావతంసంబు క్రొ-
న్నెలపూ వద్రిసుతాసమన్వయము విన్కీల్గంటు లేజింకయున్
గల నీ మూర్తిఁ దలంతు నెప్పుడును భర్గా! పార్వతీవల్లభా!"	mattebhamu
"హర! మృత్యుంజయ! చంద్రశేఖర! విరూపాక్షా! మహాదేవ! శం-
కర! భూతేశ! మహేశ! రుద్ర! మృడ! గంగాజూట! గౌరీమనో-
హర! సర్వజ్ఞ! బిలేశయాభరణ! శర్వా! నీలకంఠా! శివా!
కరిచర్మాంబర! యంచు నెంతు నిను భర్గా! పార్వతీవల్లభా!"	mattebhamu
"జగదీశాయ నమోస్తు తే భగవతే చంద్రావతంసాయ ప-
న్నగహారాయ శివాయ లోకగురవే నానామరుద్రూపిణే
నిగమాంతప్రతిపాదితాయ విలసన్నిర్వాణనాథాయ ధీ-
రగుణాఢ్యాయ యటంచు మ్రొక్కిడుదు భర్గా! పార్వతీవల్లభా!"	mattebhamu
"వ్రతముల్ దేవగురుద్విజార్యపదసేవల్ వైశ్వదేవాది స-
త్క్ర తుహోమాదులు దానధర్మములు వైరాగ్యప్రచారంబు లా-
శ్రితరక్షావిధు లించుకే నెఱుఁగ నీ చిత్తంబు నా భాగ్య మే-
గతి రక్షించెదొ కాని నన్నిఁకను భర్గా! పార్వతీవల్లభా!"	mattebhamu
"మరుదర్కేందుకృశానుయజ్వ గగనాంభకుంభినీమూర్తి నం-
బరకేశున్ శరణాగతార్తిహరణు న్బాలేందుచూడామణిన్
ధరణీభృత్తనయాస్తనద్వయమిళిత్కస్తూరికాపంకసం-
కరదోరంతరు నిన్ భజించెదను భర్గా! పార్వతీవల్లభా!"	mattebhamu
"మిహిరప్రోద్భవఘోరకింకరసమున్మేషోరగశ్రేణికా
విహగోత్తంస మశేషదోషపటలీవేదండకంఠీరవం
బహితక్రూరగణాటవీహుతవహంబైనట్టి పంచాక్షరం
బహహా! కల్గెను నాకు భాగ్యమున భర్గా! పార్వతీవల్లభా!"	mattebhamu
"నృపసేవా పరకామినీ పరధన ప్రేమాతిరేకంబు లొ-
క్కపుడుం గూర్పక తావకీన పదపద్మారాధనేచ్ఛారతుల్
కృప దైవాఱ నొసంగి భక్తవరుగా నేప్రొద్దు నన్బ్రోవుమీ
కపటారాతినిశాటసంహరణ! భర్గా! పార్వతీవల్లభా!"	mattebhamu
"అభవున్ శాశ్వతు నాద్యు నక్షయుని నవ్యక్తుం బరేశు న్మహా-
ప్రభు నాద్యంతవిహీను భూతమయు సర్వజ్ఞున్ గుణాతీతుఁ బ-
ద్మభవాండోదరు నాత్మరూపభవు నద్వంద్వుం జిదానందునిన్
రభసంబొప్పఁ దలంతు నిన్నె్పుడు భర్గా! పార్వతీవల్లభా!"	mattebhamu
"తనర న్నిన్మదినెంతు నెప్పుడును నా దైవంబుగా దాతఁగా
జనకుంగాఁ జెలికానిగా గురువుఁగా సద్బంధుగా నన్నఁగా
ఘననిక్షేపముగా మహాప్రభునిగాఁ గల్యాణసంధాయిగా
గనకోర్వీధరకార్ముకోల్లాసిత భర్గా! పార్వతీవల్లభా!"	mattebhamu
"ప్రతివారంబు శివోహమస్మి యనుచు న్భావింతు గంగాధర-
స్తుతులెల్లప్పుడుఁ జేతు శంకరకథల్ సొంపార నాలింతు నా-
యుతబుద్ధిన్ జగమెల్ల నీశ్వరమయం బంచు న్విచారింతు నే-
గతి రక్షించెదొ కాని నీవు నను భర్గా! పార్వతీవల్లభా!"	mattebhamu
"పురుహుతాగ్నిపరేతరాట్పలభుగంభోదీశవాతార్థపాం
బరకేశాబ్జభవాచ్యుతాదిక మహాబర్హిర్ముఖానేకభా-
స్వరకార్తస్వరవిస్ఫురన్మకుట శశ్వత్పద్మరాగప్రభో-
త్కరనీరాజిత పాదపంకరుహ! భర్గా! పార్వతీవల్లభా!"	mattebhamu
"వ్యాకీర్ణాచ్ఛజటాటవీతటనితాంతాలంబితోద్యత్తమి-
స్రాకాంతప్రథితప్రభాసముదయాశ్రాంతప్రఫుల్లన్మహా-
నాకద్వీపవతీవినిర్మిలజలాంతర్భాగభాగ్దివ్యరే-
ఖాకాంతోత్పలకైరవప్రకర! భర్గా! పార్వతీవల్లభా!"	saardulamu
"సతతానందితసర్గ! సర్వసుమనస్సంస్తుత్యసన్మార్గ! యూ-
ర్జితకారుణ్యనిసర్గ! రాజతధరిత్రీభృన్మహాదుర్గ! హృ-
త్కుతుకాలింగితదుర్గ! సంహృతసమిద్ఘోరద్విషద్వర్గ! సం-
యతనీరంధ్రసుఖాపవర్గ! జయ! భర్గా! పార్వతీవల్లభా!"	mattebhamu
"పురరక్షఃపటుతూల హవ్యవహ! విస్ఫూర్జద్రురుక్రూరగో-
పరిపంథిక్షణదాచరోరగ మహాపక్షీంద్ర! ఘోరాంధకా-
సురగంధద్విరదేంద్ర పంచముఖ! యక్షుద్రప్రభావోల్లస-
త్కరిలేఖద్విషదభ్ర గంధవహ! భర్గా! పార్వతీవల్లభా!"	mattebhamu
"అమరాహార్యము విల్లుగా ఫణికులాధ్యక్షుండు తన్మౌర్విగాఁ
గమలాధీశుఁడు తూపుగా, నిగమముల్ గంధర్వముల్ గాఁగ స-
ర్వమహీచక్రముఁ దేరుఁజేసి విధి సారథ్యంబు మీఱం బరా-
క్రమలీలన్ దిగప్రోళ్ళఁ గూల్చితివి భర్గా! పార్వతీవల్లభా!"	mattebhamu
"కోటీరాంగదమేఖలాఘనతులాకోటీ కవాటీనట-
ద్ఘోటీ హాటకపేటికాభటవధూకోటీ నటాందోళికా-
వీటీ నాటకచేటికాంబరతతుల్ వే చేకుఱు న్నిన్నిరా-
ఘాటప్రౌఢి భజించు ధన్యులకు భర్గా! పార్వతీవల్లభా!"	saardulamu
"కంఠేకాలుఁడటంచు నిన్నెపుడు లోకవ్రాత మగ్గింప వై-
కుంఠేంద్రాంబుజసంభవప్రముఖులం గోలాహలప్రక్రియం
గుంఠీభూతులఁ జేయు దుర్భయదకాకోలంబు హేలాగతిన్
గంఠాగ్రంబునఁ బూనినాఁడవట! భర్గా! పార్వతీవల్లభా!"	saardulamu
"నిను డెందంబునఁ జీరికిం గొనక వాణీనాథజంభద్విష-
ద్దనుజారిప్రముఖాఖిలామరతతిన్ దట్టంబుగాఁ గూర్చి యా-
మున జన్నంబొనరించు దక్షుని దురాత్ము న్వీరభద్రోగ్రసం-
హననం బూని వధించితౌరా! భళి! భర్గా! పార్వతీవల్లభా!"	mattebhamu
"కిరిహంసాకృతులూని వెన్నుఁడును బంకేజాతగర్భుండు నీ
చరణంబుల్ శిరము న్గనం దలఁచి నిచ్చల్భోగిలోకంబు పు-
ష్కరమార్గంబును రోసి కానక నిరాశం జెందుచో వారలం
గరుణం బ్రోవవె లింగమూర్తివయి! భర్గా! పార్వతీవల్లభా!"	mattebhamu
"తరమే యేరికిఁ దావకీన ఘననిత్యశ్రీవిలాసక్రియల్
గరిమ న్దెల్పఁగ? దారుకావనిని లోకఖ్యాతిగా వర్ణివై
పరమానందరసార్ద్రమానసుఁడవై పల్మారు గ్రీడించితౌ
నరుదార న్మునిదారలం గలిసి భర్గా! పార్వతీవల్లభా!"	mattebhamu
"హరికన్న న్మరి దైవ మెవ్వఁడును లేఁడంచు న్భుజంబెత్తి ని-
ర్భరగర్వోద్ధతిఁ గాశికానగరిలోఁ బల్మాఱు వాదించు ని-
ష్ఠురవాగ్దోషరతుం బరాశరసుతున్ స్రుక్కింపవే భీమవై-
ఖరి దోఃస్థంభన మాచరించి మును భర్గా! పార్వతీవల్లభా!"	mattebhamu
"దనుజారాతి మృదంగము న్నలువ కైతాళంబు గోత్రాహితుం-
డెనయ న్వేణువు వాణి వీణయును వాయింపన్ రమాకాంత నే-
ర్పున గానం బొనరింప సంజతఱి వేల్పుల్మెచ్చఁగా హాళిమై
ఘనతన్ దాండవకేళి సేయుదఁట! భర్గా! పార్వతీవల్లభా!"	mattebhamu
"నీలాంభోధరమధ్యసంస్థితతటిన్నీకాశమై విస్ఫుర-
ల్లీల న్నివ్వరిముంటి చందమున నెంతే సూక్ష్మమై పచ్చనై
చాలన్భాసిలు తేజమీవ యనుచు న్స్వాంతంబునం దెన్నుదుర్
వాలెంబున్ ఘనులైన తాపసులు భర్గా! పార్వతీవల్లభా!"	saardulamu
"గొనబార న్విటజంగమాకృతిని మున్ గొంకేది భల్లాణరా-
యని సద్మంబున కేఁగి యాతని సతి న్బ్రార్థించి యా లేమ య-
క్కునఁ జక్క న్నెలనాళ్ళబాలకుఁడవై గోమొప్పఁ గన్పట్టితౌఁ
గన నబ్రంబులు నీ విహారములు భర్గా! పార్వతీవల్లభా!"	mattebhamu
"యమరాడ్భీకరకాలపాశమథితుండై శ్వేతకేతుండు దు-
ర్దమశోకాకులచిత్తవృత్తిమెయి నిన్బ్రార్థింప వైళంబ యా
శమనుం గ్రొవ్వఱఁ దన్ని మౌనితనయున్ శశ్వద్గతిన్బ్రోవవే
కమలేశార్చితపాదపంకరుహ! భర్గా! పార్వతీవల్లభా!"	mattebhamu
"త్రిజగద్రక్షణశక్తిఁ గోరి కమలాధీశుడు నిన్వేయిపం-
కజపత్త్రంబులఁ బూజసేయునెడ నొక్కండందులేకుండినన్
నిజనేత్రాబ్జ మతండొసంగినఁ గృప న్వీక్షించితౌఁ జక్ర మ-
క్కజ మొప్పారఁగ నిచ్చి యేలుకొని భర్గా! పార్వతీవల్లభా!"	mattebhamu
"చిరుతొండండను భక్తునింటికి హొయల్ చెన్నార వేంచేసి త-
ద్వరపుత్రున్ దునిమించి నంజుడుతునె ల్వండించి భక్షించుచో
సిరియొప్ప న్నిజమూర్తిఁ జూపి యతనిన్ జేపట్టి రక్షింపవే
కరిదైత్యాధమగర్వనిర్మథన! భర్గా! పార్వతీవల్లభా!"	mattebhamu
"విజయుం డుగ్రవిపక్షశిక్షణకళావృత్తి న్మిముం గోరి య-
క్కజమొప్పన్ దప మింద్రకీలశిఖరిన్ గావించుచో బోయవై
విజయఖ్యాతిగఁ బోరి పాశుపతమీవే వాని కిష్టంబుగా
రజతక్షోణిధరాగ్రసద్భవన! భర్గా! పార్వతీవల్లభా!"	mattebhamu
"తనకున్ మిక్కిలి ముజ్జగంబుల కిఁకన్ దైవంబు లేఁడంచుఁ బా-
యని దర్పంబున దైత్యదానవమునీంద్రామర్త్యసంసత్పదం-
బున వాదించు విరించి పంచమమహామూర్ధంబు ఖండింపవే
కన నత్యుద్ధతభైరవాకృతిని భర్గా! పార్వతీవల్లభా!"	mattebhamu
"సకలాధీశుఁడ వెన్న నీవొక్కఁడవే సత్యంబు సత్యంబు కొం-
చక యంతర్బహిరుజ్జ్వలద్భువనరక్షాదీక్షఁ గాకోల ము-
త్సుకతం గంఠమునందుఁ దాల్చితివి మెచ్చుల్మీఱఁ గ్రూరాత్ములై
యకటా! మూఢు లెఱుంగఁజాలరిది భర్గా! పార్వతీవల్లభా!"	mattebhamu
"ఏరీ నీ కెనయైన దైవతములీ యీరేడులోకంబులన్
గారామారమృకండుసూనుఁడు మహోగ్రక్రూరమృత్యువ్యథా
భీరుండై శరణన్న మిత్తి నపుడే పెంపార్చి రక్షించిత-
య్యారే! శాశ్వతజీవిగా నతని భర్గా! పార్వతీవల్లభా!"	saardulamu
"లోకశ్రేణికి నీవె కర్త వను టాలోకింప నిక్కంబెపో
వైకుంఠాధిపుఁడైన శౌరి దినరాడ్వంశంబునన్ రాఘవుం-
డై కన్పట్టి జగద్ధితంబుగ నసంఖ్యన్ శంభులింగంబులన్
వ్యాకీర్ణేచ్ఛఁ బ్రతిష్ఠ చేసెఁ గద భర్గా! పార్వతీవల్లభా!"	saardulamu
"శిలలన్ఱొప్పియుఁ జెప్పుఁగాలను గడున్జిత్రంబుగాఁ ద్రొక్కియున్
వెలివెట్టించియుఁ గుంటెనల్నడపియు న్వే రోఁకటం గ్రుమ్మియు
న్నిలయద్వారమునందుఁ గాఁపునిచియున్ నీవారలైనారు వా-
రల భాగ్యం బిఁక నేమిచెప్పనగు? భర్గా! పార్వతీవల్లభా!"	mattebhamu
"అజినంబు న్వృషఘోటియుం బునుకలు న్హాలాహలంబు న్మహా-
భుజగంబు ల్శవభస్మము ల్గొఱలఁగా భూతాళితో నుండియున్
ద్రిజగన్మంగళదాయకాకృతిఁ గడున్ దీపించు టబ్రం బహా
రజనీనాథకళాశిరోభరణ! భర్గా! పార్వతీవల్లభా!"	mattebhamu
"డాయన్రాద యటండ్రు మాదృశులు చండాలాదుల న్డాసినన్
బాయుం బుణ్యచయంబులంచుఁ జదువు ల్పల్కంగ నీ వయ్యయో
బోయం డెంగిలిమాంసమిచ్చుటకు లోబుల్పూని చేకొంటి వే
ప్రాయశ్చిత్తము కద్దు దీనికిఁక? భర్గా! పార్వతీవల్లభా!"	saardulamu
"భంజించుం గద! ఘోరదుష్కృతతతిన్ భస్మత్రిపుండ్రంబుల-
న్మంజుశ్రీలలితాక్షమాలికలఁ బ్రేమం బూని సద్భక్తి నీ-
కుం జేమోడ్చు మహానుభావుఁ డెపుడుం కుక్షిస్థలప్రోల్లస-
త్కంజాతప్రభవాండభాండచయ! భర్గా! పార్వతీవల్లభా!"	saardulamu
"శ్రీశైలంబును గుంభఘోణమును గాంచీస్థాన కేదారముల్
కాశీ ద్వారవతీ ప్రయాగములు నీలక్ష్మాధరావంతికల్
లేశంబున్ ఫలమీవు నిన్నెపుడు హాళిం గొల్వలేకున్నచోఁ
గాశాకాశధునీఘనాభరణ! భర్గా! పార్వతీవల్లభా!"	saardulamu
"కావేరీ సరయూ మహేంద్రతనయా గంగా కళిందాత్మజా
రేవా వేత్రవతీ సరస్వతుల కర్థిం బోవఁగానేల నీ
సేవాసంస్మరణార్చనాదు లెపుడున్ సిద్ధించు మర్త్యాళికిన్
గ్రైవీభూతభుజంగమప్రవర! భర్గా! పార్వతీవల్లభా!"	saardulamu
"అరిషడ్వర్గముఁ దోలి సర్వహితులై యష్టాంగయోగక్రియా-
పరులై గాడ్పుజయించి ముద్రవెలయన్ బ్రహ్మంబునీక్షించి వా-
విరి సోహమ్మని యెంచుచుండెడి మహావేదాంతులౌ యోగిశే-
ఖరులెల్లన్ మిముఁ గాంచుచుండ్రు గద! భర్గా! పార్వతీవల్లభా!"	mattebhamu
"తలపోయన్ దిలజాలకాంతరమహాతైలంబు చందానఁ బూ-
సలలో దారము పోల్కి నాత్మమయతన్ సర్వాంతరస్థాయివై
విలసల్లీలల నిండియుండుకొను నిన్వీక్షంపఁగా నేర్చువా-
రలె ధన్యుల్ గద ముజ్జగంబులను భర్గా! పార్వతీవల్లభా!"	mattebhamu
"ఏణాంకుండొకఁడై పయోఘటములందెల్ల న్బహుత్వంబుచే
రాణం బొల్చు తెఱంగునం బృథుతరబ్రహ్మాండభాండాంతర
ప్రాణిశ్రేణులయందు నీవొకఁడవే రాణింతువౌ సర్వగీ-
ర్వాణస్తుత్యచరిత్ర! యాత్మమయ! భర్గా! పార్వతీవల్లభా!"	saardulamu
"ఓంకారప్రముఖాక్షరోచ్చరణసంయోగంబు గావేన్ముఖా-
లంకారార్థము శబ్దబిందుకళలున్ లక్ష్యప్రయోగక్రియల్
పొంకంబౌ గురుమార్గముల్ యతిగతిం బో దుష్కృతిం బోలి సా-
హంకారుండయి ప్రాకృతుండు చెడు భర్గా! పార్వతీవల్లభా!"	saardulamu
"అకలంకం బతులం బఖండ మమృతం బానందకందం బనూ-
నక మాద్యంతవిహీన మక్షర మనంతం బప్రమేయం బరూ-
పక మవ్యక్త మచింత్య మద్వయమునౌ బ్రహ్మంబు నీవంచుఁ గొం-
కక లోఁ గన్గొనువారు బల్లిదులు భర్గా! పార్వతీవల్లభా!"	mattebhamu
"ఆకుల్ మెక్కదె మేఁక? చెట్టుకొననొయ్యన్ వ్రేలదే పక్షి? పె-
న్గాకుల్ గ్రుంకవె నీట? గాలిఁ గొనదే నాగంబు? బల్గొందులన్
ఘూకం బుండదె? కోనలం దిరుగదే క్రోడంబు? నిన్గాంచినన్
గాకిన్నింటను ముక్తి చేకుఱునె? భర్గా! పార్వతీవల్లభా!"	saardulamu
"ధర మృద్దారుశిలామయప్రతిమలన్ దైవంబు లంచుం బర-
స్పరవాదంబులఁ బోరుచున్ నిబిడసంసారాంధులై మేలు చే-
కుఱకే మగ్గములోని కండెల గతిన్ ఘోరార్తులై ప్రాకృతుల్
కరముం జచ్చుచుఁ బుట్టుచుంద్రు గద! భర్గా! పార్వతీవల్లభా!"	mattebhamu
"జననీగర్భమహామహోగ్రనరకస్థానవ్యథం గొన్నినా-
ళ్లెనయన్ బాల్యకుమారతాదశలఁ గొన్నేడుల్ వధూమీనకే-
తనగేహభ్రమఁ గొన్నినాళ్ళు ఘనవృద్ధప్రాప్తిఁ గొన్నేళ్ళుఁ బా-
యని దుఃఖంబులఁ బ్రాణి గుందుఁ గద? భర్గా! పార్వతీవల్లభా!"	mattebhamu
"కేదారాదిక పుణ్యభూముల కశక్తిం బోవఁగారాదు; బల్
పేదర్కంబున దానధర్మవిధు లోలిం జేయఁగారాదు గా-
కేదే నొక్కతఱిన్ సమస్తభువనాధీశున్ నినుం గొల్వఁగా
రాదో? కానరుగాక దుర్మతులు భర్గా! పార్వతీవల్లభా!"	saardulamu
"తరుణీశుంభదురోజకుంభములపై ధమ్మిల్లబంధంబుపైఁ
గరమూలంబులపైఁ గపోలములపైఁ గందోయిపై మోముపై
నిరతంబున్ విహరించు చిత్త మెపుడున్ నీయందొకప్డేనిఁ జే-
ర్పరుగా మూఢు లదేమిదుష్కృతమొ? భర్గా! పార్వతీవల్లభా!"	mattebhamu
"మిము నొక్కప్పుడుఁ గొల్వనేరక వృథామిథ్యాప్రచారంబులం-
గములై వాఁగులయందు నెల్ల మునుగంగాఁ బుణ్యము ల్సేరునే?
తమి నశ్రాంతము నీటఁ గ్రుంకులిడి యేధర్మంబు లార్జించెనో
కమఠగ్రాహఢులీకుళీరములు! భర్గా! పార్వతీవల్లభా!"	mattebhamu
"హరి దైవంబు విరించి సర్వభువనాధ్యక్షుండు బృందారకే-
శ్వరుఁడాఢ్యుండు హుతాశనుండు పతి భాస్వంతుండు వేల్పండ్రు
లో నరయ న్నేరరుగా ‘శివాత్పరతరం నాస్తీ’తివాక్యార్థ మే-
కరణిం గోవిదులైరొ కాని మఱి! భర్గా! పార్వతీవల్లభా!"	mattebhamu
"వేయేనూఱుపురాణముల్ సదివినన్ వేదాంతముల్ గన్న నా-
మ్నాయంబుల్ పరికించినన్ స్మృతులు వేమాఱుల్ విమర్శించిన
న్నీయం దాఢ్యత దోఁచుచున్నయదివో నిక్కంబు భావింపఁగా
గాయత్రీపతివై తనర్చుటను భర్గా! పార్వతీవల్లభా!"	saardulamu
"ఆఘంటాపథపద్ధతిన్ శివశివే త్యాలాపసంశీలులై
రేఘస్రంబులు ద్రోచు పుణ్యతము లుర్విన్ బ్రహ్మహత్యాద్యనే-
కాఘౌఘంబులు వాసి తావకపదప్రాప్తిన్ విడంబింతురౌ
ద్రాఘిష్ఠప్రభుతాగుణోల్లాసన! భర్గా! పార్వతీవల్లభా!"	saardulamu
"పృథివిన్ మర్త్యుఁ డొకప్డు నీ శిరముపై బిల్వీదళం బొక్కట-
త్యాధికాహ్లాదముతోడ నిడ్డ నది యాహా! ఘోటకాందోళికా-
రథనాగాంబరపుత్రపౌత్రవనితారత్నాదులై యొప్పుఁబో
ప్రథితాదభ్రసితాభ్రశుభ్రయశ! భర్గా! పార్వతీవల్లభా!"	mattebhamu
"మిము సేవించుటచేతఁ గాదె చిరలక్ష్మీసంగతుల్ శౌరికిన్
నముచిద్వేషికి శాశ్వతస్థితమహానాకాధిపత్యంబు వా-
గ్రమణీభర్త కశేషసృష్టిరచనాప్రావీణ్యమున్ గల్గె నీ
క్రమ మజ్ఞుల్ గనలేరు గాని భువి భర్గా! పార్వతీవల్లభా!"	mattebhamu
"వాణీశాంబుజలోచనప్రముఖ గీర్వాణార్చితాంఘ్రిద్వయున్
క్షోణీభాగశతాంగునిన్ గజహరున్ శ్రుత్యంతవేద్యున్ నినున్
బాణాదిప్రమథోత్తముల్ గొలిచి మేల్పట్టూనిరౌ సంతత-
ప్రాణివ్యూహమనోంబురుడ్భవన! భర్గా! పార్వతీవల్లభా!"	saardulamu
"దారిద్ర్యంబు దొలంగు మృత్యువెడలున్ దవ్వౌనఘవ్రాతము
ల్ఘోరవ్యాధులు గండదోషము లడంగున్ జారచోరవ్యథల్
దూరంబౌ నహితానలగ్రహగణార్తుల్ వీడు నిక్కంబు నీ
కారుణ్యం బొకయింత గల్గునెడ భర్గా! పార్వతీవల్లభా!"	saardulamu
"సుత, పద్మాకర, దేవతాగృహ, వన, క్షోణీసురోద్వాహ, స-
త్కృతి, నిక్షేపము లంచు నెంచ నలువౌ నీ సప్తసంతానముల్
హితవారంగ నొనర్చు పుణ్యమెనయున్ హేలాగతి న్మర్త్యుఁడొ-
క్కతఱిన్ మిమ్ముఁ దలంచెనేని మది భర్గా! పార్వతీవల్లభా!"	mattebhamu
"అమరం ద్వత్పదపంకజాతయుగళధ్యానక్రియాశ్రాంతసం-
భ్రమలీలన్ విలసిల్లు డెంద మొరులన్ బ్రార్థింపఁగా నేర్చునే?
సుమనోనిర్ఝరిణీసువర్ణకమలస్తోమాసవాలంపట
భ్రమరం బేఁగునే తుమ్మకొమ్మలకు భర్గా! పార్వతీవల్లభా!"	mattebhamu
"శివుఁ జూడం దగదండ్రు గొందఱధముల్ చిత్రంబు తారెన్నఁడు
న్రవిచంద్రాగ్నిగృహిక్షమాపవననీరవ్యోమముల్ నీ స్వరూ-
పవిశేషంబు లటంచుఁ దెల్ప వినరో భావింప నమ్మూర్ఖపుం
గవు లెల్లం దదధీనతన్ మనరొ భర్గా! పార్వతీవల్లభా!"	mattebhamu
"ద్విపగంధర్వవిభూషణాంబరవధూవీటీభటాందోళికా-
తపనీయాదులచేత మత్తిలి బుధేంద్రశ్రేణిఁ బీడింతురౌ
తపనప్రోద్భవఘోరకింకరగదాదండోగ్రదుఃఖంబు లొ-
క్కపుడుం దుష్ప్రభులేల యెంచరొకొ? భర్గా! పార్వతీవల్లభా!"	mattebhamu
"నానాద్వీపధరాధురావహనమాన్యస్ఫారబాహాబలా-
నూనఖ్యాతిసమేతులైన శశిబిందుక్ష్మాతలేశాదిక
క్ష్మానాథు ల్చనిపోవుట ల్దెలియరో సత్యంబులా దేహముల్?
కానంజాలరు గాక దుర్నృపులు భర్గా! పార్వతీవల్లభా!"	saardulamu
"చవిలెల్ కాసులు వీసముల్ గొని యథేచ్చాలీలలం బ్రేలు దు-
ష్కవుల న్మెచ్చుచు భవ్యకావ్యఘటనాశాలుల్ ప్రసంగించుచో
నవివేకక్షితినాయకాధమవరుల్ హాస్యోక్తులం బొల్తురౌ
కవితాసార మెఱుంగకుండుటను భర్గా! పార్వతీవల్లభా!"	mattebhamu
"చెలుల న్బంధుల విప్రులన్ బ్రజల దాసీభృత్యమిత్రాదులం
గల విత్తంబులు వృత్తులుం గొని కడున్ గారింతు రధ్యక్షతం
దలపంజాల రదేమొ మీఁదటికథల్ దర్పాంధకారాంధులై
కలనైనన్ మహిభృద్దురాత్మకులు భర్గా! పార్వతీవల్లభా!"	mattebhamu
"మన్నెల్లం దమ సొమ్మటంచు వసుధామర్త్యోత్తమక్షేత్రముల్
కన్నారం గని యోర్వలేక దిగమ్రింగం జూతు రల్పప్రభుల్
వెన్నప్పంబులొ బూరెలొ వడలొ భావింపంగ నొబ్బట్లొకో
యన్నా! యెన్నఁగ వారిపాలి కవి? భర్గా! పార్వతీవల్లభా!"	saardulamu
"ప్రజలం గాఱియఁబెట్టి పెట్టియల నర్థంబెప్పుడు న్నించుచున్
ద్విజవిద్వత్కవివందిగాయకుల కేదే నొక్కటీలేక య-
క్కజమొప్పం బలుమూలలం దిరుగు భూకాంతాంళికిం గీర్తిధ-
ర్మజయౌద్ధత్యము లేక్రియం గలుగు? భర్గా! పార్వతీవల్లభా!"	mattebhamu
"ఆజిన్ వైరివరూధినీమథనదీక్షారూఢిఁ గ్రాలన్ వలెన్
భోజుం బోలి సమస్తయాచకతతిం బోషించుచుండన్ వలెన్
తేజం బెప్పుడు నుర్విలోఁ బ్రజకుఁ జెందింపన్ వలెన్ గానిచో
రాజా వాఁడు? తరాజు గాక! భువి, భర్గా! పార్వతీవల్లభా!"	saardulamu
"తేజంబొప్పఁ బురాకృతంబున జగద్ధ్యేయత్వదంఘ్రిద్వయీ-
పూజాపుణ్యఫలంబునం దమరిటుల్ భూపత్వముం గంటకున్
వ్యాజంబూని కడుం జెడంగవలెనా యాలింపరా యీ నృపుల్
‘రాజాంతే నరకం వ్రజే’త్తనుట? భర్గా! పార్వతీవల్లభా!"	saardulamu
"కవివిద్వద్ధరణీసుధాశనవరుల్ కార్యార్థులై యొద్ద డా-
సి వడిం జేతులు దోయిలించుకొని యాశీర్వాదముల్సేయ నె-
క్కువదర్పంబున నట్టిట్టుం బొరలకే కొర్మ్రింగినట్లుండ్రుగా
రవళిం దుర్నృపు లేమి యీఁగలరొ భర్గా! పార్వతీవల్లభా!"	mattebhamu
"గాజుంబూస యనర్ఘరత్నమగునా? కాకంబు రాయంచయౌ-
నా? జోరీఁగ మధువ్రతేంద్రమగునా? నట్టెన్ము పంచాస్యమౌ-
నా? జిల్లేడు సురావనీజమగునా? నానాదిగంతంబులన్
రాజౌనా ఘనలోభిదుర్జనుఁడు? భర్గా! పార్వతీవల్లభా!"	saardulamu
"కోపం బెక్కువ, తాల్మి యిల్ల, పరుషోక్తుల్ పెల్లు, సత్యంబు తీల్,
కాపట్యంబు ఘనంబు, లోభము నహంకారంబు దట్టంబు, హృ-
చ్చాపల్యం బధికంబు, ద్రోహ మతివిస్తారంబు, ఛీ! యిట్టి దు-
ర్వ్యాపారప్రభు లేరిఁ బ్రోతు రిఁక? భర్గా! పార్వతీవల్లభా!"	saardulamu
"హృద్వీథిం గనరుం దిరస్కృతియు బిట్టేపార నొక్కప్పుడున్
సద్వాక్యంబును దర్శనం బిడని రాజశ్రేణి కాశింతురౌ
‘విద్వద్దండ మగౌరవం’ బను స్మృతుల్ వీక్షింపరా దుర్నృపా-
గ్రద్వారంబుల వ్రేలు పండితులు భర్గా! పార్వతీవల్లభా!"	saardulamu
"అపవర్గం బొనగూడునో చిరసుఖాహ్లాదంబు చేకూరునో
జపహోమాధ్యయనార్చనాదిక మహాషట్కర్మము ల్డించి దు-
ష్కపటోపాయవిజృంభమాణధరణీకాంతాధమాగారని-
ష్కపటభ్రాంతి జరింతు రార్యు లిల భర్గా! పార్వతీవల్లభా!"	mattebhamu
"అకటా! జుత్తెఁడు పొట్టకై కృపణమర్త్యాధీశగేహాంగణా-
వకరక్షోణిరజశ్ఛటావిరతసంవ్యాప్తాంగులై క్రుంగి నె-
మ్మొకముల్ వెల్వెలఁబాఱ వ్రేలు దురదేమో యెందులం బోవనే-
రక ధీమజ్జను లెంతబేలలొకొ! భర్గా! పార్వతీవల్లభా!"	mattebhamu
"అతిలోభిన్ రవిసూనుఁడంచుఁ గపటస్వాంతున్ హరిశ్చంద్రభూ-
పతియంచున్ మిగులం గురూపిని నవప్రద్యుమ్నుఁడంచు న్మహా-
పతితున్ ధర్మజుఁడంచు సాధ్వసమతిం బార్థుడటంచు న్బుధుల్
ప్రతివేళన్ వినుతింతు రక్కఱను భర్గా! పార్వతీవల్లభా!"	mattebhamu
"జనసంస్తుత్యమహాప్రబంధఘటనాసామర్థ్యముల్ గల్గు స-
జ్జను లత్యల్పుల దీనతం బొగడుదుర్ జాత్యంధతం జెంది కా-
కనువొప్పం దమరెన్నఁడున్ ‘సుకవితా యద్యస్తి రాజ్యేన కి’
మ్మను వాక్యంబు వినంగలేదొ మును? భర్గా! పార్వతీవల్లభా!"	mattebhamu
"సుగుణోద్దామమహాకవింద్రఘటితాక్షుద్రప్రబంధావళుల్
జగదుద్దండపరాక్రమక్రమవిరాజద్భూమిభృన్మౌళికిన్
దగుఁ గా కల్పుల కొప్పునే? కరికి ముక్తాకాయమానంబు సొం
పగుఁ గా కొప్పునే యూరఁబందులకు? భర్గా! పార్వతీవల్లభా!"	mattebhamu
"పటులోభాత్మున కెవ్వరైనఁ గడఁకం బద్యాదు లర్పించినం
గుటిలుండై యవియెల్ల నిల్పుకొనఁగా గోరండు నిక్కంబహా!
దిట మొప్పారఁగ నిల్పుకోఁగలదె ధాత్రిన్ గొంతసేపైన మ-
ర్కటపోతం బురురత్నహారంబులు? భర్గా! పార్వతీవల్లభా!"	mattebhamu
"భువిలో మేదరసెట్టి చివ్వతడకల్ పొంకంబుగా నల్లి పె-
న్రవళిన్ సంతలనెల్లఁ ద్రిప్పు క్రియ దైన్యంబెచ్చఁగా దుష్కవుల్
తివుటొప్పం జెడుకబ్బపుం దడక లోలిం ద్రిప్పఁగా నద్దిరా!
కవితల్ కాసుకు గంపెఁడయ్యెఁ గద భర్గా! పార్వతీవల్లభా!"	mattebhamu
"అవివేకక్షితినాయకాధమసభాభ్యాసప్రదేశంబులన్
బవళుల్రేలును జుట్టఁబెట్టుకొని దుష్పాండిత్యము ల్చూపుచుం
గవిముఖ్యుం బొడగాంచి జాఱుదురు వేగంబుండ విల్గన్న కా
కవులట్లే నిలఁబోక కాకవులు భర్గా! పార్వతీవల్లభా!"	mattebhamu
"భువిలో నిక్కలిదోషహేతుకమునం బొల్పారి గోసంగులున్
బవినాలు న్బలుమోటకాఁపుదొరలుం బాషండులు న్దాసరుల్
సివసత్తుల్ నెఱబోయపెద్దలును దాసేయప్రభుల్ దుష్టకా-
కవులు న్మీఱిరిఁకేమి చెప్పనగు? భర్గా! పార్వతీవల్లభా!"	mattebhamu
"కలుము ల్నిక్కమటంచు నమ్మి తులువ ల్గర్వాంధులై యెన్నఁడు-
న్బలిభిక్షంబులు వెట్టకుండ్రు పిదప న్బ్రాణంబులం బాసి యా
ఖలులేమౌదురో, వాండ్రు గూరిచిన రొక్కంబెల్ల నేమౌనొకో
కలుషోద్గాఢతమస్సహస్రకర! భర్గా! పార్వతీవల్లభా!"	mattebhamu
"తులువ ల్పెట్ట భుజింపలేక ధనమెంతో నెమ్మదిం గూర్చి మూ-
లల దట్టంబుగఁ బాఁతుకొన్న నృపతు ల్వాలెంబు నిర్మోహులై
పలుచందంబులఁ గట్టి కొట్టి మిగుల న్బాధించి రోధించుచుం
గల సొమ్మెల్ల హరించుచుండ్రు గద! భర్గా! పార్వతీవల్లభా!"	mattebhamu
"చెనఁటు ల్గూర్చుధనంబు మ్రుచ్చులకు దాసీవారయోషాహు-
తాశనదుష్టక్షితిపాలకప్రతతికిన్ సంరూఢిఁ జేకూరు గా-
కనవద్యప్రతిభావిభాసితబుధేంద్రానీకముం జేరునే?
కనదుద్దామపరాక్రమప్రథిత! భర్గా! పార్వతీవల్లభా!"	mattebhamu
"ధరణిన్ సద్గురుచెంత నెందఱు ఖలుల్ దార్కొన్న నచ్చోటికే
కరమర్థి న్బుధులేఁగుచుండుదురు నిక్కంబారయన్ గంటకా-
వరణోజ్జృంభితకేతకీవని కళుల్ వాలెంబుగాఁ జేరవే?
కరుణాదభ్రపయఃపయోనిలయ! భర్గా! పార్వతీవల్లభా!"	mattebhamu
"లోకానీకమునందు దుర్గుణులు కల్ముల్ గల్గియున్నప్డు ప-
ల్గాకుల్ దార్కొని మెల్లమెల్లనె దురాలాపంబులం గేరుచుం
గైకొం డ్రెల్లపదార్థము ల్నిజమహో కార్కూఁతలం గ్రోల్చుచు-
న్గాకు ల్వేములఁ జేరు చందమున భర్గా! పార్వతీవల్లభా!"	saardulamu
"చదువు ల్వేదపురాండము ల్గయితలు న్సబ్బండువిద్దెల్ గతల్
మొదలెన్నేనిగ విద్దుమాంసువు లదేమో తెల్పఁగా వింటిఁగా
నదిగో చౌలకు మాలదాసరి శటాలైగారి జ్ఞానమ్మలెన్
గదియం జాలవటండ్రు ముష్కరులు భర్గా! పార్వతీవల్లభా!"	mattebhamu
"పో! పో! బాఁపఁడ! దోసె డూదలిడినం బోలేక పేరాసల-
న్వాపోఁ జాగితివేమి! నీ సదువు తిర్నామంబులో! సుద్దులో
భూపాళంబులొ లంకసత్తెలొ బలా బొల్ల్యావుపోట్లాటలో
కా! పాటింపనటండ్రు బాలిశులు భర్గా! పార్వతీవల్లభా!"	saardulamu
"అదిగో బాఁపనయల్లుభొట్లయకు ముందప్పయ్యతీర్తంబులో
నదనం ‘గిద్దెఁడు కొఱ్ఱనూక లిడితిన్ అబ్బబ్బ! తిర్నామముల్
సదువం జాగిన మాలదాసర యలన్ సంతోసనాల్ సేసితిం
గద’ యంచుం బలుమోటులాడుదురు భర్గా! పార్వతీవల్లభా!"	mattebhamu
"రాలన్ దైలము తీయవచ్చు భుజగవ్రాతమ్ముల న్బేర్లఁగా
లీల న్బూనఁగవచ్చు నంబునిధి హాళిం దాఁటఁగావచ్చు డా-
కేల న్బెబ్బులిఁ బట్టవచ్చు విపినాగ్ని న్నిల్పఁగావచ్చు మూ-
ర్ఖాళిం దెల్పఁ దరంబె యేరికిని? భర్గా! పార్వతీవల్లభా!"	saardulamu
"ఆఁకొన్నప్పుడు వంటకంబయిన బియ్యంబైన జావైనఁ గూ-
రాకైన న్ఫలమైన నీరమయినన్ హాళిం గల ట్లిచ్చుచున్
జేకోనౌఁ బరదేశులం గృహులకు న్సిద్ధంబు గావింప ఛీ!
కాకున్న న్మఱి యేఁటికొంప లవి? భర్గా! పార్వతీవల్లభా!"	saardulamu
"మడతల్వల్కు నృపాలుతోఁ బలుమాఱు న్మారాడు పెండ్లాముతోఁ
జెడుజూడం బ్రచరించు నాత్మజునితోఁ జేట్పాటు గోర్లెంకతో
బొడవం జూడఁగవచ్చు కార్మొదవుతోఁ బోరాడు చుట్టంబుతోఁ
గడతేరం దరమా గృహస్థునకు? భర్గా! పార్వతీవల్లభా!"	mattebhamu
"కాకిన్శాశ్వతజీవిగా నునిచి చిల్కన్వేగ పోకార్చి సు-
శ్లోకుం గొంచెపుటేండ్లలోఁ గెడపి దుష్టుం బెక్కునాళ్లుంచి య-
స్తోకత్యాగి దరిద్రుఁ జేసి కఠినాత్మున్ శ్రీయుతుం జేయు నా-
హా! కొంకేదిఁక నల్వచెయ్వులకు? భర్గా! పార్వతీవల్లభా!"	saardulamu
"ధరలో నెన్నఁగ శాలివాహనశకాబ్దంబు ల్దగ న్యామినీ-
కరబాణాంగశశాంకసంఖ్యఁ జెలువై కన్పట్టు (సౌమ్యా)హ్వ-
యస్ఫురదబ్దంబున నిమ్మహాశతక మేఁ బూర్ణంబు గావించి శ్రీ-
కరలీల న్బుధులెన్న నీకిడితి భర్గా! పార్వతీవల్లభా!"	mattebhamu
"ధనధాన్యాంబరపుత్రపౌత్రమణిగోదాసీభటాందోళికా-
వనితాబంధురసింధురాశ్వ (మహితైశ్వర్యంబు) దీర్ఘాయువు
న్ఘనభాగ్యంబును గల్గి వర్ధిలుదు రెక్కాలంబుఁ జేట్పాటులే-
క నరు ల్దీని బఠించిరేని భువి భర్గా! పార్వతీవల్లభా!"	mattebhamu
"శ్రీగల భాగ్యశాలి కడఁజేరఁగ వత్తురు తారు దారె దూ
రాగమన ప్రయాసమున కాదట నోర్చియునైన నిల్వ ను
ద్యోగము చేసి; రత్ననిలయుండని కాదె సమస్తవాహినుల్‌
సాగరుఁ జేరుటెల్ల ముని సన్నుత! మద్గురుమూర్తి! భాస్కరా!"	vutpalamaala
"అంగన నమ్మరాదు తన యంకెకు రాని మహాబలాఢ్యు వే
భంగుల మాయలొడ్డి చెఱుపం దలపెట్టు! వివేకియైన సా
రంగధరుం బదంబులు కరంబులు గోయఁగ జేసెఁ దొల్లి చి
త్రాంగి యనేకముల్‌ నుడువరాని కుయుక్తులు పన్ని భాస్కరా!"	vutpalamaala
"అక్కరపాటు వచ్చు సమయంబునఁ జుట్టము లొక్కరొక్కరి
న్మక్కువ నుద్ధరించుటలు మైత్రికిఁ జూడఁగ యుక్తమే సుమీ
యొక్కట; నీటిలో మెరక నోడల బండ్లును బండ్లనోడలున్‌
దక్కక వచ్చుచుండుట నిదానము గాదె తలంప భాస్కరా!"	vutpalamaala
"అడిగినయట్టి యాచకుల యాశలెఱుంగక లోభవర్తియై
కడపిన ధర్మదేవత యొకానొక యప్పుడు నీదు వాని కె
య్యెడల; నదెట్లు పాలు తమకిచ్చునె యెచ్చటనైన లేగలన్‌
గుడువఁగ నీనిచోఁ గెరలి గోవులు తన్నునుగాక భాస్కరా!"	champakamaala
"అతిగుణహీన లోభికిఁ బదార్థము గల్గిన లేకయుండినన్‌
మితముగఁ గాని కల్మిగల మీఁదట నైన భుజింపఁడింపుగా
సతమని నమ్ము దేహమును సంపద; నేఱులు నిండి పాఱినన్‌
గతుకఁగ జూచుఁ గుక్క తన కట్టడ మీఱక యెందు భాస్కరా!"	champakamaala
"అదను దలంచి కూర్చి ప్రజ నాదరమొప్ప విభుండు కోరినన్‌
గదిసి పదార్థమిత్తురటు కానగ వేగమె కొట్టి తెండనన్‌
మొదటికి మోసమౌఁ; బొదుగు మూలముగోసినఁ బాలు గల్గునే
పిదికినఁ గాక భూమిఁ బశుబృందము నెవ్వరికైన భాస్కరా!"	champakamaala
"అనఘుని కైనఁ జేకుఱు ననర్హునిఁ గూడి చరించునంతలో
మన మెరియంగ నప్పుడవమానము కీడు ధరిత్రియందు నే
యనువుననైనఁ దప్పవు యదార్థము; తానది యెట్టులన్నచో
నినుమును గూర్చి యగ్ని నలయింపదె సమ్మెటపెట్టు భాస్కరా!"	champakamaala
"అలఘుగుణ ప్రసిద్ధుఁడగు నట్టి ఘనుండొకఁ డిష్టుఁడై తనున్‌
వలచి యొకించు కేమిడినవానికి మిక్కిలి మేలుచేయుఁగా;
తెలిసి కుచేలుఁ డొక్క కొణిదెం డడుకుల్‌ దనకిచ్చినన్‌ మహా
ఫలదుఁడు కృష్ణుఁడత్యధిక భాగ్యములాతని కీఁడె? భాస్కరా!"	champakamaala
"అవనివిభుండు నేరుపరియై చరియించినఁ గొల్చువార లె
ట్లవగుణు లైననేమి? పనులన్నియుఁ జేకుఱు వారిచేతనే;
ప్రవిమలనీతిశాలి యగు రాముని కార్యము మర్కటంబులే
తవిలి యొనర్పవే జలధి దాఁటి సురారులఁ ద్రుంచి భాస్కరా!"	champakamaala
"ఆదరమింత లేక నరుఁడాత్మబలోన్నతి మంచివారికిన్‌
భేదము చేయుటం దనదు పేర్మికిఁ గీడగు మూలమె; ట్లమ
ర్యాద హిరణ్యపూర్వకశిపన్‌ దనుజుండు గుణాఢ్యుడైన ప్ర
హ్లాదున కెగ్గుచేసి ప్రళయంబును బొందఁడె మున్ను భాస్కరా!"	vutpalamaala
"ఆరయ నెంత నేరుపరియై చరియించిన వాని దాపునన్న్‌
గౌరవమొప్పఁగూర్చు నుపకారి మనుష్యుఁడు లేక మేలు చే
కూరదదెట్లు; హత్తుగడ గూడునె; చూడఁ బదాఱువన్నె బం
గారములోన నైన వెలిగారము కూడక యున్న భాస్కరా!"	vutpalamaala
"ఈ క్షితినర్థకాంక్ష మదినెప్పుడు పాయక లోకులెల్ల సం
రక్షకుఁడైన సత్ప్రభుని రాకలు గోరుదు రెందుఁ; జంద్రికా
పేక్షఁ జెలంగి చంద్రుఁడుదయించు విధంబునకై చకోరపుం
బక్షులు చూడవే యెదు రపార ముదంబును బూని భాస్కరా!"	vutpalamaala
"ఈ జగమందు దా మనుజుఁడెంత మహాత్మకుఁడైన దైవమా
తేజము తప్పఁ జూచు నెడఁ ద్రిమ్మరి కోల్పడు; నెట్లన న్మహా
రాజకుమారుఁడైన రఘురాముఁడు గాల్నడఁ గాయలాకులున్‌
భోజనమై తగన్వనికిఁ బోయి చరింపఁడె మున్ను భాస్కరా!"	vutpalamaala
"ఉరుకరుణాయుతుండు సమయోచిత మాత్మ దలంచి యుగ్రవా
క్పరుషత జూపినన్‌ ఫలము గల్గుట తథ్యముగాదె; యంబుదం
బురిమినయంతనే కురియకుండునె వర్షము లోకరక్షణ
స్థిరతరపౌరుషంబున నశేషజనంబు లెఱుంగ భాస్కరా!"	champakamaala
"ఉరుగుణవంతుఁడొడ్లు తనకొం డపకారము చేయునప్పుడుం
బరహితమే యొనర్చు నొకపట్టున నైనను గీడుఁ జేయగా నెఱు
గఁడు; నిక్కమేకద యదెట్లన? గవ్వముఁ బట్టి యంతయుం
దరువఁగఁ జొచ్చినం బెరుగుతాలిమి నీయదె వెన్న? భాస్కరా!"	champakamaala
"ఉరుబలశాలి నంచుఁ దను నొల్లని యన్య [పతివ్రతాంగనా
సురతము గోరెనేని కడసుమ్మది భూతికిఁ బ్రాణహాని యౌ;
శిరములు గూల రాఘవునిచే దశకంఠుఁడు ద్రుంగిపోవఁడే
యెఱుఁగక సీత కాసపడి యిష్టుల భృత్యులఁ గూడి భాస్కరా!"	champakamaala
"ఊరక వచ్చుఁ బాటు పడకుండిననైన ఫలం బదృష్ట మే
పారఁగఁ గల్గువానికిఁ బ్రయాసము నొందిన దేవదానవుల్‌
వారలటుండఁగా నడుమ వచ్చిన శౌరికిఁ గల్గెఁ గాదె సృం
గారపుఁ బ్రోవు లక్ష్మియును గౌస్తుభరత్నము రెండు భాస్కరా!"	vutpalamaala
"ఊరక సజ్జనుండొదిఁగి యుండిననైన దురాత్మకుండు ని
ష్కారణమోర్వలేక యపకారము చేయుట వాని విద్యగా;
చీరలు నూరుటంకములు చేసెడివైనను బెట్టె నుండఁగాఁ
జేరి చినింగిపోఁ గొఱుకు చిమ్మట కేమి ఫలంబు? భాస్కరా!"	vutpalamaala
"ఎట్టుగఁ బాటుపడ్డ నొక యించుక ప్రాప్తము లేక వస్తువుల్‌
పట్టుపడంగ నేరవు; నిబద్ధి సురావళిఁ గూడి రాక్షసుల్‌
గట్టు పెకల్చి పాల్కడలిఁ గవ్వముచేసి మథించి రంతయున్‌
వెట్టియె గాక యేమనుభవించిరి వారమృతంబు భాస్కరా!"	vutpalamaala
"ఎడపక దుర్జనుండొరుల కెంతయుఁ గీడొనరించుఁ గాని యే
యెడలను మేలు సేయఁడొక యించుకయైనను; జీడపుర్వు దాఁ
జెడఁ దిను నెంతెకాక పుడుసెండు జలంబిడి పెంప నేర్చునే
పొడవగుచున్న పుష్పఫల భూరుహ మొక్కటినైన భాస్కరా!"	champakamaala
"ఎడ్డె మనుష్యుఁడే మెఱుఁగు నిన్నె దినంబులు గూడి యుండినన్‌
దొడ్డ గుణాఢ్యునందుఁ గల తోరపు వర్తనలెల్ల బ్రజ్ఞఁ బే
ర్వడ్డ వివేకి రీతి; రుచిపాకము నాలుకగా కెఱుంగునే?
తెడ్డది కూరలోఁ గలయఁ ద్రిమ్మరుచుండిననైన భాస్కరా!"	vutpalamaala
"ఎప్పుడదృష్టతా మహిమ యించుక పాటిలు నప్పుడింపు సొం
పొప్పుచు నుండుఁగాక యది యొప్పని రూపుమాయుఁగా
నిప్పున నంటియున్న యతి నిర్మలినాగ్ని గురుప్రకాశముల్‌
దప్పిన నట్టి బొగ్గునకు దా నలుపెంతయుఁ బుట్టు భాస్కరా!"	vutpalamaala
"ఏగతిఁ బాటుపడ్డఁ గలదే భువి నల్పునకు\న్‌ సమగ్రతా
భోగము భాగ్యరేఖగల పుణ్యునకుంబలె; భూరి సత్త్వసం
యోగ మదేభ కుంభయుగళోత్థిత మాంసము నక్కకూనకే
లాగు ఘటించు! సింహము దలంచినఁ జేకురు గాక భాస్కరా!"	vutpalamaala
"ఏడ ననర్హుఁడుండు నటకేఁగు ననర్హుఁడు నర్హుఁడున్నచోఁ
జూడగఁ నొల్లడెట్లన; నశుద్ధగుణస్థితి నీఁగ పూయముం
గూడిన పుంటిపై నిలువఁ గోరిన యట్టులు నిల్వ నేర్చునే
సూడిదఁ బెట్టు నెన్నుదుటి చొక్కపుఁ గస్తురి మీఁద భాస్కరా!"	vutpalamaala
"ఏల సమస్త విద్యల నొకించుక భాగ్యము గల్గియుండినన్‌
జాలు, ననేక మార్గముల సన్నుతికెక్క నదెట్లొకో యనన్‌
రాలకు నేడ విద్యలు తిరంబుగ దేవరరూపు చేసినన్‌
వ్రాలి నమస్కరించి ప్రసవంబులు పెట్టరె మీఁద భాస్కరా!"	vutpalamaala
"ఒక్కఁడె చాలు నిశ్చల బలోన్నతుఁ డెంతటి కార్యమైనఁ దాఁ
జక్క నొనర్పఁ; గౌరవులసంఖ్యులు పట్టిన ధేనుకోటలం
జిక్కఁగనీక తత్ప్రబల సేన ననేక శిలీముఖంబులన్‌
మొక్కపడంగఁ జేసి తుదముట్టఁడె యొక్కకిరీటి భాస్కరా!"	vutpalamaala
"కట్టడ దప్పి తాము చెడు కార్యముఁ జేయుచు నుండిరేని దోఁ
బుట్టిన వారినైన విడిపోవుట కార్యము; దౌర్మదాంధ్యముం
దొట్టిన రావణాసురునితో నెడఁబాసి విభీషణాఖ్యుఁ డా
పట్టున రాముఁ జేరి చిరపట్టము గట్టుకొనండె భాస్కరా!"	vutpalamaala
"కట్టడ యైనయట్టి నిజకర్మము చుట్టుచు వచ్చి యే గతం
బెట్టునొ పెట్టినయట్లనుభవింపక తీఱదు; కాళ్ళు మీఁదుగాఁ
గట్టుక వ్రేలుడంచుఁ దలక్రిందుగఁ గట్టిరె యెవ్వరైన నా
చెట్టున గబ్బిలంబులకుఁ జేసిన కర్మముగాక భాస్కరా!"	vutpalamaala
"కట్టడ లేని కాలమున గాదు శుభం బొరులెంతవారు చే
పట్టిననైన మర్త్యునకు భాగ్యము రాదనుటెల్లఁ గల్లకా
దెట్టని పల్కినన్‌; దశరథేశ వసిష్ఠులు రామమూర్తికిన్‌
బట్టము కట్టఁ గోరి రది పాయక చేకుఱెనోటు భాస్కరా!"	vutpalamaala
"కానగ చేరఁ బోలఁ డతికర్ముఁడు నమ్మిక లెన్ని చేసినం
దానది నమ్మి వానికడ డాయఁగ బోయిన హాని వచ్చు న
చ్చో నది యెట్లనం; గొఱఁకు చూపుచు నొడ్డిన బోను మేలుగా
బోనని కానకాసపడి పోవుచుఁ గూలదెఁ గొక్కు భాస్కరా!"	vutpalamaala
"కాని ప్రయోజనంబు సమకట్టదు తా భువి నెంత విద్యవాఁ
డైనను దొడ్డరాజు కొడుకైన నదెట్లు; మహేశుపట్టి వి
ద్యానిధి సర్వవిద్యలకు, దానె గురుండు వినాయకుండు దా
నేనుఁగు రీతి నుండియు నదేమిటి కాడఁడు పెండ్లి? భాస్కరా!"	vutpalamaala
"కామిత వస్తుసంపదలు గల్గు ఫలం బొరు లాసపడ్డచో
నేమియుఁ బెట్టఁడేని సిరి యేటికి నిష్ఫలమున్నఁ బోయినన్‌
బ్రామికపడ్డ; లోకులకుఁ బండగ నే మది యెండి పోవఁగా
నేమి ఫలంబు చేఁదు విడదెన్నటికైన ముసిండి భాస్కరా!"	vutpalamaala
"కారణమైన కర్మములు కాక దిగంబడ వెన్ని గొందులం
దూఱిన నెంతవారలకుఁ; దొల్లి పరీక్షితు శాపభీతుఁడై
వారిధి నొప్పు నుప్పరిగ పైఁ బదిలంబుగ దాఁగి యుండినం
గ్రూరభుజంగ దంతహతిఁ గూలడె లోకులెఱుంగ భాస్కరా!"	vutpalamaala
"కులమున నక్కడక్కడ నకుంఠిత ధార్మికుఁడొక్కఁడొక్కఁడే
కలిగెడుఁగాక పెందఱుచు గల్గగ నేరరు; చెట్టు చెట్టునన్‌
గలుగఁగ నేర్చునే? గొడుగు కామలు చూడఁగ నాడనాడ నిం
పలరఁగ నొక్కటొక్కటి నయంబునఁ జేకురుఁగాక భాస్కరా!"	champakamaala
"క్రూర మనస్కులౌ పతులఁ గొల్చి వసించిన మంచివారికిన్‌
వారి గుణంబె పట్టి, చెడు వర్తన వాటిలు; మాధురీజలో
దారలు గౌతమీముఖమహానదు లంబుధిఁ గూడినంతనే
క్షారముఁ జెందవే మొదలి కట్టడ లన్నియుఁ దప్పి భాస్కరా!"	vutpalamaala
"గిట్టుట కేడఁ గట్టడ లిఖించిన నచ్చటఁ గాని యెండుచోఁ
బుట్టదు చావు; జానువుల పున్కల నూడిచి కాశిఁ జావఁగా
ల్గట్టిన శూద్రకున్‌ భ్రమలఁ గప్పుచుఁ దద్విధి గుఱ్ఱమౌచు నా
పట్టునఁ గొంచు మఱ్ఱికడఁ బ్రాణము దీసెగదయ్య! భాస్కరా!"	vutpalamaala
"ఘనబలసత్త్వ మచ్చుపడఁ గల్గిన వానికి హాని లేనిచోఁ
దనదగు సత్త్వమే చెరచుఁ దన్ను; నదెట్లన నీరు మిక్కిలిన్‌
గినుక వసించినన్‌ జెఱువు కట్టకు సత్వము చాలకున్నచోఁ
గనుమలు పెట్టి నట్టనడి గండి తెగంబడకున్నె భాస్కరా!"	champakamaala
"ఘనుఁడగు నట్టివాఁడు నిజకార్య సముద్ధరణార్థమై మహిం
బనివడి యల్పమానవునిఁ బ్రార్థనఁ జేయుట తప్పుగాదుగా;
యనఘతఁ గృష్ణజన్మమున నా వసుదేవుఁడు మీఁద టెత్తుగాఁ
గనుఁగొని గాలిగాని కడ కాళ్ళకు మ్రొక్కఁడె నాఁడు భాస్కరా!"	champakamaala
"ఘనుఁడొకవేళ గీడ్పడిన గ్రమ్మఱ నాతని లేమిఁ బాపఁగా
గనుగొన నొక్క సత్ప్రభువుఁగాక నరాధము లోపరెందరుం;
బెనుఁ జెఱువెండినట్టి తఱిఁ బెల్లున మేఘుఁడు గాక నీటితోఁ
దనుపఁ దుషారముల్‌ శతశతంబులు చాలునటయ్య భాస్కరా!"	champakamaala
"చంద్రకళావతంసు కృపచాలనినాఁడు మహాత్ముఁడైనఁ దా
సాంద్రవిభూతిఁ బాసి యొక జాతివిహీనునిఁ గొల్చియుంట యో
గీంద్ర నుతాంఘ్రి పద్మ మతిహీనత నొందుట కాదుగా; హరి
శ్చంద్రుఁడు వీరబాహుని నిజంబుగఁ గొల్వఁడె నాఁడు భాస్కరా!"	vutpalamaala
"చక్కఁదలంపఁగా విధివశంబున నల్పుని చేతనైనఁ దా;
జిక్కి యవస్థలం బొరలుఁ జెప్పఁగరాని మహాబలాఢ్యుఁడున్‌
మిక్కిలి సత్త్వ సంపదల మీఱిన గంధగజంబు మావటీఁ
డెక్కి యదల్చి కొట్టి కుదియించిన నుండదె యోర్చి భాస్కరా!"	vutpalamaala
"చదువది యెంత గల్గిన రసజ్ఞత యించుక చాలకున్న నా
చదువు నిరర్థకంబు, గుణ సంయుతులెవ్వరు మెచ్చ రెచ్చటం;
బదనుగ మంచికూర నలపాకము చేసిననైన నందు నిం
పొదవెడు నుప్పు లేక రుచి పుట్టఁగ నేర్చు నటయ్య భాస్కరా!"	champakamaala
"చాలఁ బవిత్రవంశమున సంజనితుండగునేని యెట్టి దు
శ్శీలునినైనఁ దత్కుల విశేషముచే నొక పుణ్యుఁడెంతయుం
దాలిమి నుద్ధరించును; సుధానిధిఁ బుట్టగఁగాదె శంభుఁడా
హాలాహలానలంబు గళమందు ధరించుట పూని భాస్కరా!"	vutpalamaala
"చేరి బలాధిపుం డెరిఁగి చెప్పిన కార్యము చేయకుండినన్‌
బారము ముట్టలేఁడొక నెపంబున దాఁజెడు నెట్టి ధన్యుఁడున్‌
బోరక పాండుపుత్రులకు భూస్థలిభాగము పెట్టుమన్న కం
సారిని గాకుచేసి చెడఁడాయెనె కౌరవభర్త భాస్కరా!"	vutpalamaala
"చేసిన దుష్టచేష్ట నది చెప్పక నేర్పునఁ గప్పిపుచ్చి తా
మూసిన యంతటన్‌ బయలు ముట్టక యుండ దదెట్లు; రాగిపైఁ
బూసిన బంగరుం జెదరిపోవఁ గడంగిన నాఁడు నాటికిన్‌
దాసిన రాగి గానఁబడ దా జనులెల్ల రెఱుంగ భాస్కరా!"	vutpalamaala
"తగిలి మదంబుచే నెదిరిఁ దన్ను నెఱుంగక దొడ్డవానితో
బగఁగొని పోరుటెల్ల నతిపామరుడై చెడుటింతెగాక తా
నెగడి జయింపనేరఁడది నిక్కము తప్పదు; ధాత్రిలోపలన్‌
దెగి యొక కొండతో దగరు ఢీకొని తాఁకిన నేమి భాస్కరా!"	champakamaala
"తడవగ రాదు దుష్టగుణుఁ దత్వ మెఱుంగక యెవ్వరైన నా
చెడుగుణ మిట్లు వల్వదని చెప్పిన గ్రక్కున గోపచిత్తుఁడై
కడుఁ దెఁగఁ జూచుఁగా; మఱుగఁ గాగిన తైలము నీటిబొట్టుపై
బడునెడ నాక్షణంబెగసి భగ్గున మండక యున్నె భాస్కరా!"	champakamaala
"తనకు ఫలంబు లేదని యెదం దలపోయఁడు కీర్తి గోరు నా
ఘన గుణశాలి లోకహిత కార్యము మిక్కిలి భారమైన మే
లనుకొని పూను; శేషుఁడు సహస్ర ముఖంబుల గాలి గ్రోలి తా
ననిశము మోవఁడే మఱి మహాభరమైన ధరిత్రి భాస్కరా!"	champakamaala
"తనకు నదృష్టరేఖ విశదంబుగఁ గల్గిన గాని లేనిచో
జనునకు నెయ్యెడన్‌ బరుల సంపదవల్ల ఫలంబు లేదుగా;
కనుగవ లెస్సఁగా దెలివి గల్గిన వారికి గాక గ్రుడ్డికిన్‌
కనఁబడు నెట్లు వెన్నెలలుఁ గాయగ నందొక రూపు భాస్కరా!"	champakamaala
"తాలిమితోడుతం దగవు దప్పక నేర్పరి యొప్పుదప్పులం
బాలన సేయఁ గాకట నుపాయ విహీనుఁడు సేయనేర్చునే?
పాలను నీరు వేఱు పరుపంగ మరాళ మెఱుంగుఁగాని మా
ర్జాలమెఱుంగునే తదురు చారురసజ్ఞత బూన భాస్కరా!"	vutpalamaala
"తాలిమితోఁడ గూరిమిఁ గృతఘ్నునకెయ్యెడ నుత్తమోత్తముల్‌
మేలొనరించినన్‌ గుణము మిక్కిలి కీడగుఁ, బాముపిల్లకున్‌
బాలిడి పెంచిన న్విషము పాయఁగ నేర్చునె దాని కోఱలం
జాలఁగ నంతకంత కొక చాయను, హెచ్చును గాక భాస్కరా!"	vutpalamaala
"తెలియని కార్యమెల్లఁ గడతేర్చుట కొక్క వివేకిఁ జేకొనన్‌
వలయు నటైన దిద్దుకొనవచ్చు ప్రయోజన మాంద్య మేమియుం
గలగదు; ఫాలమందుఁ దిలకం బిడునప్పుడు చేత నద్దముం
గలిగినఁ జక్కఁ జేసికొనుఁ గాదె నరుండది చూచి భాస్కరా!"	champakamaala
"దక్షుడు లేని యింటికిఁ బదార్థము వేఱొక చోటనుండి వే
లక్షలు వచ్చుచుండినఁ బలాయనమై చనుఁ, గల్ల గాదు ప్ర
త్యక్షము; వాగులున్‌ వఱదలన్నియు వచ్చిన నీరు నిల్చునే
అక్షయమైన గండి తెగినట్టి తటాకములోన భాస్కరా!"	vutpalamaala
"దానపరోపకారగుణ ధన్యత చిత్తములోన నెప్పుడున్‌
లేని వివేకశూన్యునకు లేములు వచ్చినవేల సంపదల్‌
పూనినవేళ నొక్కసరి పోలును; జీఁకున కర్థరాత్రియం
దైననదేమి పట్టపగలైన నదేమియు లేదు భాస్కరా!"	vutpalamaala
"దానము సేయఁ గోరిన వదాన్యున కీయఁగ శక్తి లేనిచో
నైనఁ బరోపకారమునకై యొక దిక్కునఁ దెచ్చి యైన నీఁ
బూనును; మేఘుడంబుధికిఁ బోయి జలంబులఁ దెచ్చి యీయఁడే
వాన సమస్త జీవులకు వాంఛిత మింపెసలార భాస్కరా!"	vutpalamaala
"దానముఁ జేయనేరని యధార్మికు సంపద యుండి యుండియున్‌
దానె పలాయనంబగుట తథ్యము; బూరుగు మ్రాను గాచినన్‌,
దాని ఫలంబులూరక వృథాపడిపోవవె యెండి గాలిచేఁ
గానలలోన నేమిటికిఁగాక, యభోజ్యములౌట భాస్కరా!"	vutpalamaala
"నడవక చిక్కిలేమి యగునాఁడు నిజోదర పోషణార్థమై
యడిగి భుజించుటల్‌ నరుల కారయ వ్యంగ్యముకాదు; పాండవుల్‌
గడు బలశాలులేవురు నఖండవిభూతిఁ దొలంగి భైక్ష్యముల్‌
గుడువరె యేకచక్రపురిఁ గుంతియుఁ దారొకచోట భాస్కరా!"	champakamaala
"నుడువుల నేర్పు చాలని మనుష్యుఁడెఱుంగక తప్పనాడినం
గడుఁ గృపతోఁ జెలంగుదురు కాని యదల్పరు తజ్ఞులెల్లఁ; ద
ప్పటడుగులు వెట్టుచు న్నడుచునప్పుడు బాలుని ముద్దు చేయఁగా
దొడుగుదు రింతెకాని పడఁద్రోయుదురే యెవరైన భాస్కరా!"	champakamaala
"నేరిచి బుద్ధిమంతుఁడతి నీతివివేకము దెల్పినం జెడం
గారణమున్నవాని కది కైకొనఁగూడదు నిక్కమే; దురా
చారుఁడు రావణాసురుఁడసహ్యమునొందఁడె చేటుకాలముం
జేరువయైననాఁడు నిరసించి విభీషణు బుద్ధి భాస్కరా!"	vutpalamaala
"నొగిలిన వేళ నెంతటి ఘనుండును దన్నొక రొక్క నేర్పుతో
నగపడి ప్రోదిసేయక తనంతట బల్మికిరాడు నిక్కమే;
జగమున నగ్నియైనఁ గడు సన్నగిలంబడియున్న, నింధనం
బెగయగఁ ద్రోచి యూదక మఱెట్లు రవుల్కొన నేర్చు భాస్కరా!"	champakamaala
"పండితులైనవారు దిగువం దగనుండగ, నల్పుఁ డొక్కడు
ద్ధండతఁ బీఠమెక్కిన బుధ ప్రకరంబులకేమి యెగ్గగున్‌;
కొండొకకోతిఁ జెట్టు కొనకొమ్మల నుండగ, గ్రింద గండ భే
రుండ మదేభ సింహనికురంబములుండవె చేరి భాస్కరా!"	vutpalamaala
"పట్టుగ నిక్కుచున్‌ మదముఁ బట్టి మహాత్ములఁ దూలనాడినం
బట్టిన కార్యముల్‌ చెడును బ్రాణమువోవు నిరర్థదోషముల్‌
పుట్టు, మహేశుఁ గాదని కుబుద్ధి నొనర్చిన యజ్ఞ తంత్రముల్‌
ముట్టక పోయి దక్షునికి మోసము వచ్చెఁగదయ్య భాస్కరా!"	vutpalamaala
"పరహితమైన కార్య మతిభారము తోడిదియైనఁ బూను స
త్పురుషుఁడు లోకముల్పొగడఁ బూర్వమునందొక ఱాలవర్షమున్‌
గురియఁగ జొచ్చినన్‌ గదిసి గొబ్బున గోజనరక్షణార్థమై
గిరినొక కేల నెత్తెనట కృష్ణుఁడు ఛత్రము భాతి భాస్కరా!"	champakamaala
"పలుచని హీనమానవుఁడు పాటిఁదలంపక నిష్ఠురోక్తులం
బలుకుచు నుండుఁగాని, మతి భాసురుఁడైన గుణప్రపూర్ణుఁడ
ప్పలుకులఁ బల్కఁబోవఁడు నిబద్ధిగ నెట్లన; వెల్తికుండఁ దా
దొలకుచునుండుఁ గాని మఱితొల్కునె నిండుఘటంబు భాస్కరా!"	champakamaala
"పలుమఱు సజ్జనుండు ప్రియభాషలె పల్కుఁ గఠోరవాక్యముల్‌
బలుకఁడొకానొకప్పుడు నవి పల్కినన్‌ఁ గీడును గాదు నిక్కమే;
చలువకు వచ్చి మేఘుఁడొక జాడను దా వడగండ్ల రాల్చినన్‌
శిలలగు నోటు వేగిరమె శీతలనీరము గాక భాస్కరా!"	champakamaala
"పాపపుఁ ద్రోవవాని కొకపట్టున మేను వికాసమొందినన్‌
లోపల దుర్గుణంబె ప్రబలుం గద! నమ్మగఁ గూడ దాతనిన్‌;
బాపటకాయకున్‌ నునుపు పైపయి గల్గినఁ గల్గుగాక యే
రూపున దానిలోఁగల విరుద్ధపుఁ జేదు నశించు భాస్కరా!"	vutpalamaala
"పూనిన భాగ్యరేఖ చెడిపోయిన పిమ్మట నెట్టిమానవుం
డైనను వాని నెవ్వరుఁ బ్రియంబునఁ బల్కరు పిల్వరెచ్చటం
దానది యెట్లొకో యనినఁ దథ్యము పుష్పమువాడి వాసనా
హీనత నొంది యున్న యెడ నెవ్వరు ముట్టుదురయ్య భాస్కరా!"	vutpalamaala
"పూరిత సద్గుణంబు గల పుణ్యున కించుక రూప సంపదల్‌
దూరములైన వాని యెడ దొడ్డగఁ జూతురు బుద్ధిమంతు లె
ట్లారయ; గొగ్గులైన మఱి యందుల మాధురి చూచి కాదె ఖ
ర్జూర ఫలంబులం ప్రియము చొప్పడ లోకులు గొంట భాస్కరా!"	vutpalamaala
"ప్రల్లదనంబుచే నెఱుక పాటొక యింతయులేక యెచ్చటన్‌
బల్లిదుఁడైన సత్ప్రభు నబద్ధములాడినఁ గ్రుంగిపోదు; రె
ట్లల్ల సభాస్థలిం గుమతులై శిశుపాలుఁడు దంతవక్త్రుఁడుం
గల్లలు గృష్ణునుం బలికి కాదె హతంబగుటెల్ల భాస్కరా!"	vutpalamaala
"ప్రేమను గూర్చి యల్పునకుఁ బెద్దతనంబును దొడ్డవానికిం
దా మతితుచ్ఛపుంబని నెదం బరికింపగ యీయరాదుగా
వామకరంబుతోడఁ గడువం గుడిచేత నపానమార్గముం
దోమఁగ వచ్చునే మిగులఁ దోఁచని చేఁతగు గాక భాస్కరా!"	vutpalamaala
"ఫలమతి సూక్ష్మమైనను నృపాలుడు మంచిగుణాఢ్యుడైనచో
నెలమి వివేకులాతని కపేక్షయొనర్తు; రదెట్లు చంద్రికా
విలసనమైనఁ దా మనుభవింపఁ జకోరము లాసఁ జేరవే
చలువ గలట్టివాఁడగుటఁ జందురు నెంతయుఁ గోరి భాస్కరా!"	champakamaala
"బంధుర సద్గుణాఖ్యుఁ డొక పట్టున లంపట నొందియైన దు
స్సంధిఁ దలంపఁ డన్యులకుఁ జాల హితం బొనరించుఁ గాక, శ్రీ
గంధపుఁ జెక్క రాగిలిచుఁ గాదె శరీరుల కుత్సవార్థమై
గంధములాత్మఁ బుట్టఁ దఱుఁగంబడి యుండుటలెల్ల భాస్కరా!"	vutpalamaala
"బలము దొలంగు కాలమునఁ బ్రాభవసంపదలెంత ధన్యుఁడున్‌
నిలుపుకొనంగనోపఁ; డది నిశ్చయ మర్జునుఁడీశ్వరాదులం
గెలిచినవాఁడు బోయలకు గీడ్పడి చూచుచుఁ గృష్ణభార్యలు
బలువుర నీయఁడే నిలువఁ బట్ట సమర్థుఁడు గాక భాస్కరా!"	champakamaala
"బలయుతుఁ డైన వేళ నిజ బంధుఁడు తోడ్పడుఁ గాని యాతఁడే
బలము తొలంగెనేని తన పాలిటి శత్రు; వదెట్లు పూర్ణుఁడై
జ్వలనుఁడు కానఁ గాల్చు తఱి సఖ్యముఁ జూపును వాయుదేవుఁడా
బలియుఁడు సూక్ష్మదీపమగు పట్టున నార్పదె గాలి భాస్కరా!"	champakamaala
"బల్లిదుఁడైన సత్ప్రభువు పాయక యుండినఁగాని రచ్చలోఁ
జిల్లరవారు నూఱుగురు సేరినఁ దేజము గల్గదెయ్యెడన్‌
జల్లని చందురుండెడసి సన్నపుఁ జుక్కలు కోటియున్న
జిల్లునె వెన్నెలల్‌ జగము జీఁకటులన్నియుఁ బాయ భాస్కరా!"	vutpalamaala
"భుజబల శౌర్యవంతులగు పుత్త్రుల గాంచిన వారి కెయ్యెడన్‌
నిజహృదయేప్సితార్థములు నిక్కము చేకుఱుఁ గుంతిదేవికిన్‌
విజయబలాఢ్యుఁ డర్జునుఁడు వీరపరాక్రమ మొప్ప దేవతా
గజమును దెచ్చి తల్లి వ్రతకార్యము దీర్పఁడె తొల్లి భాస్కరా!"	champakamaala
"భూనుతులైన దేవతలు పూర్వము కొందఱు వావివర్తనల్‌
మాని చరింపరో యనుచు మానవులట్ల చరింపఁబోల; దం
భోనిధులన్నియుం దనదు పుక్కిటఁ బట్టె నగస్త్యుఁడంచు నా
పూనిక కెవ్వఁడోపు నది పూర్వమహత్త్వము సుమ్ము భాస్కరా!"	vutpalamaala
"భూపతి కాత్మబుద్ధి మది బుట్టనిచోఁట బ్రధానులెంత ప్ర
జ్ఞాపరిపూర్ణులైనఁ గొనసాగదు కార్యము; కార్యదక్షులై
యోపిన ద్రోణ భీష్మ కృప యోధులనేకులు గూడి కౌరవ
క్ష్మాపతికార్యమేమయినఁ జాలిరె చేయఁగ నాడు భాస్కరా!"	vutpalamaala
"భూరి బాలాఢ్యుఁడైనఁ దలపోయక విక్రమశక్తిచే నహం
కారము నొందుటల్‌ తగవు గాదతఁడొక్కెడ మోసపోవుఁ గా
వీరవరేణ్యుఁ డర్జునుఁడు వింటికి నే నధికుండ నంచుఁ దా
నూరక వింటినెక్కిడఁగ నోపడు కృష్ణుఁడు లేమి భాస్కరా!"	vutpalamaala
"భ్రష్టున కర్థవంతులగు బాంధవులెందఱు గల్గినన్‌ నిజా
దృష్టము లేదు గావున దరిద్రతఁ బాపఁగలేరు; సత్కృపా
దృష్టిని నిల్పి లోకుల కతిస్థిరసంపద లిచ్చు లక్ష్మి యా
జ్యేష్ట కదేటికిం గలుగఁజేయదు తోడనె పుట్టి భాస్కరా!"	vutpalamaala
"మదిఁ దను నాసపడ్డయెడ మంచిగుణోన్నతుఁడెట్టి హీనునిన్‌
వదలఁడు మేలుపట్టున నవశ్యము మున్నుగ నాదరించుఁగా;
త్రిదశ విమానమధ్యమునఁ దెచ్చి కృపామతి సారమేయమున్‌
మొదల నిడండె ధర్మజుఁడు మూఁగి సురావళి చూడ భాస్కరా!"	champakamaala
"మాటల కోర్వజాలఁ డభిమానసమగ్రుఁడు ప్రాణహానియౌ
చోటులనైనఁ దానెదురు చూచుచునుండుఁ; గొలంకు లోపల
న్నీట మునింగినప్పు డతి నీచము లాడిన రాజరాజు పో
రాట మొనర్చి నేలఁబడఁడాయెనె భీముని చేత భాస్కరా!"	vutpalamaala
"మానవనాథుఁ డాత్మరిపు మర్మ మెఱింగినవాని నేలినం
గాని జయింపలేఁ డరులఁ; గార్ముకదక్షుఁడు రామభద్రుఁ డా
దానవనాయకున్‌ గెలువఁ దా నెటులోపుఁ దదీయ నాభికా
పానసుధ న్విభీషణుఁడు తార్కొని చెప్పకయున్న భాస్కరా!"	vutpalamaala
"మానవుఁ డాత్మకిష్టమగు మంచిప్రయోజన మాచరించుచోఁ
గానక యల్పుఁడొక్కఁ డది గాదని పల్కిన వాని పల్కుకై
మానగఁజూడఁడా పని సమంచిత భోజనవేళ నీఁగ కా
లూనిన వంటకంబు దినకుండఁగ నేర్పగునోటు భాస్కరా!"	vutpalamaala
"మానిని చెప్పు నెట్లెఱుకమాలిన వాఁడటు చేసినన్‌ మహా
హాని ఘటించు నే ఘనునికైన నసంశయ ముర్విపైఁ గృపా
హీనతఁ బల్కినన్‌; దశరథేశ్వరుఁ డంగన మాటకై గుణాం
భోనిధి రాముఁ బాసి చనిపోవఁడె శోకముతోడ భాస్కరా!"	vutpalamaala
"మునుపొనరించు పాతక మమోఘము జీవులకెల్లఁ బూని యా
వెనుకటి జన్మమం దనుభవింపక తీఱదు; రాఘవుండు వా
లిని బడనేసి తా మగుడ లీల యదూద్భవుఁడై కిరాతుచే
వినిశిత బాణపాతమున వీడ్కొనఁడే తన మేను భాస్కరా!"	champakamaala
"రాకొమరుల్‌ రసజ్ఞునిఁ దిరంబుగ మన్నన నుంచినట్లు భూ
లోకమునందు మూఢుఁ దమ లోపలనుంపరు; నిక్కమే కదా!
చేకొని ముద్దుగాఁ జదువు చిల్కను బెంతురుగాక పెంతురే
కాకము నెవ్వరైన శుభకారణ సన్మునిసేవ్య భాస్కరా!"	vutpalamaala
"లోకములోన దుర్జనుల లోఁతు నెఱుంగక చేరరాదు సు
శ్లోకుఁడు చేరినం గవయఁజూతురు చేయుదు రెక్కసక్కెముల్‌
కోకిలఁ గన్నచోట గుమికూడి యసహ్యపుఁ గూతలార్చుచుం
గాకులు తన్నవే తఱిమి కాయము తల్లడమంద భాస్కరా!"	vutpalamaala
"లోను దృఢంబుగాని పెనులోభిని నమ్మి యసాధ్యకార్యముల్‌
కానక పూనునే నతఁడు గ్రక్కునఁ గూలును; నోటిపుట్టిపై
మానవుఁ డెక్కిపోవ నొకమాటు బుటుక్కున ముంపకుండునే
తానొకలోఁతునం గెడసి దానిఁ దరింపఁగ లేక భాస్కరా!"	vutpalamaala
"వంచన యింతలేక యెటువంటి మహాత్ముల నాశ్రయించినం
గొంచెమె కాని మేలు సమకూడ దదృష్టము లేనివారికిన్‌;
సంచితబుద్ధి బ్రహ్మ ననిశంబును వీఁపున మోచునట్టి రా
యంచకుఁ దమ్మితూండ్లు దిననాయెఁగదా ఫలమేమి భాస్కరా!"	vutpalamaala
"వట్టుచుఁ దండ్రి యత్యధమ వర్తనుఁడైననుగాని వానికిం
బుట్టిన పుత్త్రకుండు తన పుణ్యవశంబున దొడ్డధన్యుఁడౌ;
నెట్టన మఱ్ఱివిత్తు మునుపెంతయుఁ గొంచెము దానఁబుట్టునా
చెట్టు మహోన్నతత్వమును జెందదె శాఖలనిండి భాస్కరా!"	vutpalamaala
"వలనుగఁ గానలందుఁ బ్రతివర్షమునం బులి నాలుగైదు పి
ల్లలఁ గను దూడనొక్కటి నిలం గను ధేనువు రెండుమూఁడు నేఁ
డుల కటులైన బెబ్బులి కుటుంబము లల్పములాయె నాలమం
దలు గడువృద్ధిఁ జెందవె యధర్మము ధర్మముఁ దెల్ప భాస్కరా!"	champakamaala
"వలవదు క్రూరసంగతి యవశ్య మొకప్పుడు సేయఁబడ్డచోఁ
గొలదియెఁ గాని యెక్కువలు గూడవు; తమ్ములపాకు లోపలం
గలసిన సున్నమించుకయ కాక మఱించుక యెక్కువైనచో
నలుగడఁ జుఱ్ఱుచుఱ్ఱుమని నాలుక పొక్కక యున్నె భాస్కరా!"	champakamaala
"వానికి విద్యచేత సిరివచ్చె నటంచును విద్య నేర్వఁగాఁ
బూనినఁ బూనుఁగాక తన పుణ్యము చాలక భాగ్యరేఖకుం
బూనఁగ నెవ్వఁడోపు; సరిపో చెవి పెంచును గాకదృష్టతా
హీనుఁడు కర్ణభూషణము లెట్లు గడింపఁగనోపు? భాస్కరా!"	vutpalamaala
"సంతత పుణ్యశాలి నొక జాడను సంపద వాసిపోయి తా
నంతటఁ బోక నెట్టుకొని యప్పటియట్ల వసించియుండు; మా
సాంతమునందుఁ జందురుని నన్నికళల్‌ పెడఁబాసి పోయినం
గాంతి వహింపఁడటోటు? తిరుగంబడి దేహమునిండ భాస్కరా!"	vutpalamaala
"సకలజన ప్రియత్వము నిజంబుగఁ గల్గిన పుణ్యశాలి కొ
క్కొకయెడ నాపదైనఁ దడవుండదు వేగమె పాసిపోవుగా;
యకలుషమూర్తియైన యమృతాంశుఁడు రాహువు తన్ను మ్రింగినం
డకటక మాని యుండఁడె! దృఢస్థితి నెప్పటియట్ల భాస్కరా!"	champakamaala
"సన్నుత కార్యదక్షుఁడొక చాయ నిజప్రభ యప్రకాశమై
యున్నపుడైన లోకులకు నొండక మేలొనరించు సత్త్వసం
పన్నుఁడు భీముఁడా ద్విజుల ప్రాణము కాఁవడె యేకచక్రమం
దెన్నికగా బకాసురుని నేపున రూపడఁగించి భాస్కరా!"	champakamaala
"సరసగుణ ప్రపూర్ణునకు సన్నపు దుర్గుణ మొక్కవేళ యం
దొరసిన నిటు నీకుఁ దగునో యని చెప్పిన మాన నేర్చుగా
బురద యొకించుకంత తముఁ బొందిన వేళలఁ జిల్లవిత్తుపై
నొరసిన నిర్మలత్వమున నుండవె నీరములెల్ల భాస్కరా!"	champakamaala
"సరసదయాగుణంబుగల జాణ మహిం గడు నొచ్చియుం
దఱచుగ వాని కాసపడి దాయఁగ వత్తురు లోకులెట్లనం
జెఱకురసంబు గానుఁగను జిప్పిలిపోయిన మీదఁ బిప్పియై
ధరఁ బడియున్నఁ జేరవె ముదంబునఁ జీమలు పెక్కు భాస్కరా!"	champakamaala
"సారవివేకవర్తనల సన్నుతికెక్కిన వారిలోపలం
జేరినయంత మూఢులకుఁ జేపడ దానడ; యెట్టులన్నఁ గా
సారములోన హంసముల సంగతి నుండెడి కొంగపిట్ట కే
తీరునఁ గల్గ నేర్చును దదీయగతుల్‌ దలపోయ భాస్కరా!"	vutpalamaala
"స్థానముఁ దప్పివచ్చునెడఁ దానెటువంటి బలాఢ్యుఁడున్‌ నిజ
స్థానికుఁడైన యల్పుని కతంబున నైనను మోసపోవుఁగా;
కానల లోపలన్‌ వెడలి గంధగజం బొకనాఁడు నీటిలోఁ
గానక చొచ్చినన్‌ మొసలి కాటుకు లోఁబడదటోటు భాస్కరా!"	vutpalamaala
"సిరిగలవాని కెయ్యెడలఁ జేసిన మేలది నిష్ఫలం బగున్‌
నెఱిగుఱి గాదు పేదలకు నేర్పునఁ జేసిన సత్ఫలంబగున్‌
వఱపున వచ్చి మేఘుఁడొక వర్షము వాడిన చేలమీఁదటం
గురిసినఁగాక యంబుధులఁ గుర్వఁగ నేమి ఫలంబు భాస్కరా!"	champakamaala
"సిరివలెనేని సింహగుహ చెంత వసించినఁ జాలు సింహముల్‌
కరుల వధింపఁగా నచటఁ గల్గును దంతచయంబు ముత్యముల్‌
హరువుగ నక్కబొక్క కడ నాశ్రయమందిన నేమి గల్గెడుం
గొరిసెలు దూడతోఁకలును గొమ్ములు నెమ్ములుఁగాక భాస్కరా!"	champakamaala
"స్థిరతర ధర్మవర్తన బ్రసిద్ధికి నెక్కినవాని నొక్క ము
ష్కరుఁ డతినీచవాక్యములఁ గాదని పల్కిన నమ్మహాత్ముఁడుం
గొఱఁత వహింపఁడయ్యెడ; నకుంఠిత పూర్ణసుధాపయోధిలో
నరుగుచుఁ గాకి రెట్ట యిడినందున నేమి కొఱంత భాస్కరా!"	champakamaala
"స్ఫురతర కీర్తిమంతులగు పుత్త్రుల గాంచినఁగాక మూఢము
ష్కరులఁ గనంగఁ దేజములు గల్గవుగా; మణికీలితాంగుళా
భరణము లంగుళంబుల శుభస్థితిఁ బెట్టినఁగాక గాజు టుం
గరములు పెట్టినందున వికాసము గల్గునటయ్య? భాస్కరా!"	champakamaala
"సేనగ వాంఛితాన్నము భుజింపఁగలప్పుడు కాక లేనిచో
మేనులు డస్సియుంట నిజమేకద దేహుల కగ్నిహోత్రుఁడౌ
నే నిజభోజ్యముల్‌ గుడుచు నేనియుఁ బుష్టి వహించు లేనిఁనా
డూని విభూతిలోనడఁగి యుండఁడె తేజము తప్పి భాస్కరా!"	vutpalamaala
"హాళి నిజప్రబుద్ధి తిరమైన విధంబునఁ బెట్టుబుద్ధులా
వేళలకంతె కాని మఱి వెన్కకు నిల్వవు; హేమకాంతి యె
న్నాళులకుండుఁ గాని యొకనాడు పదంపడి సానఁ బట్టినన్‌
దాళియు నుండునే యినుప తాటకఁ జాయలు పోక భాస్కరా!"	vutpalamaala
"హీనకులంబునందు జనియించినవారికి సద్గుణంబు లె
న్నేనియుఁ గల్గియున్న నొక నేరము చెందకపోదు; పద్మముల్‌
భూనుతిఁ గాంచియు\న్‌ బురదఁ బుట్టుట వల్ల సుధాకరోదయం
బైన నసహ్య మొందవె ప్రియంబునఁ జూడఁగ లేక భాస్కరా!"	vutpalamaala
"ఇంచుక నేర్పు చాలక విహీనతఁ జెందిన నా కవిత్వమున్‌
మించు వహించె నీకతన మిక్కిలి యెట్లనఁ దోలుబొమ్మలున్‌
మంచివివేకి వాని తెరమాటున నుండి ప్రశస్తరీతి నా
డించిన నాడవే జనుల డెందము నింపవె ప్రీతి భాస్కరా!"	vutpalamaala
"సిరిమగఁడున్ బితామహుఁడుఁ జేరి భజింపఁగ వెండికొండపై
సరస నవేందుకాంతమణిసౌధమునందుఁ బసిండిగద్దెపై
గిరిసుతఁ గూడి వేడుకలఁ గేరెడు నిన్ను మదిన్ దలంచెదన్
చిరవిభవా! భవా! విజితచిత్తభవా! యభవా! మహాభవా!"	champakamaala
"కరులు హరుల్ చమూవరులు గాటపు మేల్‍నగరుల్ కడానిబం-
గరులు సరుల్ తలోదరులు గంధమిళన్మృగనాభిచందనా-
గరులు విరుల్ జగాసిరులు గల్గి సుఖింత్రు త్వదీయులౌ నరుల్
చిరవిభవా! భవా! విజితచిత్తభవా! యభవా! మహాభవా!"	champakamaala
"పరమకృపార్ణవా! తుహినపర్వతరాజకుమారికాధవా!
వరవృషసైంధవా! కుటిలవైరినిశాటసమిద్ధవా! మనో-
హరకరసారసాగ్రనిహితాజిగతానతబాంధవా! శివా!
చిరవిభవా! భవా! విజితచిత్తభవా! యభవా! మహాభవా!"	champakamaala
"నిరుపమ కూచిమంచికులనీరధిచంద్రుడు గంగమంత్రికిన్
బరమపతివ్రతామణియు భాగ్యసమన్వితయైన లక్ష్మికిన్
వరసుతుఁడై న తిమ్మకవివర్యుఁడ నే శతకం బొనర్చెదన్
చిరవిభవా! భవా! విజితచిత్తభవా! యభవా! మహాభవా!"	champakamaala
"శరనిధి కర్ఘ్యమిచ్చు క్రియ సారసబంధున కారతిచ్చు వై-
ఖరి నిఖిలాబ్జజాండచయకర్తకు నీకు సమగ్రభక్తి శ్రీ-
కరముగఁ గోరి యొక్కశతకంబు సమర్పణ సేయఁబూనితిన్
చిరవిభవా! భవా! విజితచిత్తభవా! యభవా! మహాభవా!"	champakamaala
"మరలని భక్తితోడ మును మల్హణబిల్హణముఖ్యసత్కవీ-
శ్వరులు కవిత్వవైఖరిని సారెకు నిన్ బ్రణుతించి ధన్యులై
బరగిరటంచు నేను నినుఁ బద్యముఖంబుగ సంస్మరించెదన్
చిరవిభవా! భవా! విజితచిత్తభవా! యభవా! మహాభవా!"	champakamaala
"హరిముఖసర్వదిక్పరివృతార్చితపాదసరోజుఁడైన య-
క్కరిముఖుఁ డెప్పుడున్ వితతకౌతుకలీలఁ బొసంగఁజేయుఁబో
నిరతముగాఁ ద్వదీయపదనీరజభక్తు లొనర్చు సత్కృతుల్
చిరవిభవా! భవా! విజితచిత్తభవా! యభవా! మహాభవా!"	champakamaala
"శరశరదిందుకుందహరిచందనహారతుషారతారకా-
దరఘనసారవర్ణ వరదండశుకాంబుజపాణి వాణి యా-
దరమునఁ బ్రోచుచోఁ గవికదంబము నిన్బ్రణుతించు ధన్యమై
చిరవిభవా! భవా! విజితచిత్తభవా! యభవా! మహాభవా!"	champakamaala
"తరలని భక్తి నా హృదయతామరసంబున సంస్మరింతు దు-
ర్భరదురితాంధకారవిసరప్రసరన్నళినీసుహృల్లస-
త్కిరణములైన దెందులురి దివ్యకులోద్భవు లింగనార్యు స-
ద్గురుచరణంబు లుగ్రభవతోయధిసంతరణంబు లెప్పుడున్
చిరవిభవా! భవా! విజితచిత్తభవా! యభవా! మహాభవా!"	champakamaala
"గురుతరలీలఁ బీఠపురి కుక్కుటలింగమహాప్రభుండవై
బరగెడు నిన్ను నేనిపుడు భక్తి దలర్పఁగ నాశ్రయింతు నీ
వరకరుణానిరీక్షణము వాలెము నాపయి నిల్పి ప్రోవవే
చిరవిభవా! భవా! విజితచిత్తభవా! యభవా! మహాభవా!"	champakamaala
"నరవతి కొక్కకావ్యమిడినన్ ధనధాన్యమణీచోళముల్
పురములు వాహనంబులు విభూషణగోవసుధాదికంబులుం
గురుకృపనిచ్చి బ్రోచు నిదిగో మరి నీవిఁక నేమియిచ్చెదో
చిరవిభవా! భవా! విజితచిత్తభవా! యభవా! మహాభవా!"	champakamaala
"హర పరమేశ శంకర పురాంతక భర్గ గిరీశ చంద్రశే-
ఖర మృడ కృత్తివాస శితికంధర శర్వ నగేంద్రజామనో-
హర శివ మృత్యుసంహర యటంచు నిను న్స్మరియింతు నెప్పుడున్,
చిరవిభవా! భవా! విజితచిత్తభవా! యభవా! మహాభవా!"	champakamaala
"కరయుగళంబు మోడ్చి కుతుకంబున మ్రొక్కెద సర్వదేవతా-
పరివృఢమౌళిభాగ్మకుటపంకజరాగమణిప్రభాచ్ఛటా-
నిరతవిరాజమానరమణీయభవచ్చరణాగ్రపీఠికిం
జిరవిభవా! భవా! విజితచిత్తభవా! యభవా! మహాభవా!"	champakamaala
"తరమె నుతింప నేరికిని దావక దివ్యపదప్రభావమున్
గరికిని సాలెపుర్వునకు గాడుపుదిండికి మోక్షమిచ్చి యా-
దరమున నేలుకొంటివట దాన వరేణ్యులఁ బ్రోచుటబ్రమా
చిరవిభవా! భవా! విజితచిత్తభవా! యభవా! మహాభవా!"	champakamaala
"తరలని భక్తి నెల్లపుడు ధ్యానము సేతు తుషారధారుణీ-
ధరవరకన్యకావిలసితస్తనకుంభవిలిప్తకుంకుమా-
గరుఘనసారచందనసుగంధవిభాస్వదురఃస్థలు న్నినున్
జిరవిభవా! భవా! విజితచిత్తభవా! యభవా! మహాభవా!"	champakamaala
"శరధిశయాంబకాయ రవిచంద్రకృపీటభవాంబకాయ గో-
పరివృఢకేతనాయ సితపర్వతకూటనికేతనాయ సు-
స్థిరకరుణామతే భగవతే శివ తే నమ యంచు మొక్కెదన్
చిరవిభవా! భవా! విజితచిత్తభవా! యభవా! మహాభవా!"	champakamaala
"సరసీరుహాక్ష పద్మభవ శక్ర కృశానుకృతాంత యామినీ-
చర వరుణానిలైలబిల చంద్రకిరీట సుధామయూఖ భా-
స్కరముఖదేవతాప్రముఖసర్వము నీవె యటంచు వేఁడెదన్
చిరవిభవా! భవా! విజితచిత్తభవా! యభవా! మహాభవా!"	champakamaala
"శిరములు వేయిగల్గు నహిశేఖరుఁడైన చతుర్ముఖంబులన్
బరగు విధాతయైన సులభంబుగ నొక్కిసుమంతయైన నీ
చరితము లెన్నఁజాలరట శక్తులమే మముబోంట్ల మెన్నఁగాఁ
జిరవిభవా! భవా! విజితచిత్తభవా! యభవా! మహాభవా!"	champakamaala
"వరుణభవాత్రిగౌతములు వ్యాసవసిష్ఠఘటోద్భవుల్ పరా-
శరసుతకణ్వకౌశికులు జహ్నుశమీకముఖాఖిలర్షిశే-
ఖరులు నుతింపఁజూలరటకా నిను మాదృశు లెన్ననేర్తురే
చిరవిభవా! భవా! విజితచిత్తభవా! యభవా! మహాభవా!"	champakamaala
"హరిణము ఢక్క శూలము గజాజిన మెక్కువకన్ను పాపరా-
సరములు బూదిపూత వినుజక్కర లేనెలపున్క లెద్దు దా
నిరుమెయి కప్పు కుత్తుకయు నెమ్మిగఁ గల్గు నిను న్భజించెదన్
చిరవిభవా! భవా! విజితచిత్తభవా! యభవా! మహాభవా!"	champakamaala
"ధరణి రథంబుగా శృతివితానము వాజులుగా రమామనో-
హరుఁడు శరంబుగా మరుదహార్యము సింగిణిగా బిలేశయే-
శ్వరుఁడు గుణంబుగా నలువ సారథిగాఁ దిగప్రోళ్లఁ గూల్చితౌ
చిరవిభవా! భవా! విజితచిత్తభవా! యభవా! మహాభవా!"	champakamaala
"హరి మిము వేయుపద్మముల నర్చన చేసిన సర్వలోకభీ-
కరఖరదైత్యసంహరణకారణమై కనుపట్టు చుట్టువా-
లరుదుగ నిచ్చిమెచ్చి భువనైకధురంధరుఁ జేసి యేలితో
చిరవిభవా! భవా! విజితచిత్తభవా! యభవా! మహాభవా!"	champakamaala
"తరణిసుతోగ్రపాశవితతవ్యథ గాసిలి స్వేతుఁ డర్థి నిన్
స్మరణము నొంద నజ్జము వెసం బడదన్ని ధరామరోత్తమున్
గరమనురక్తిఁ బ్రోవవె జగంబున శాశ్వతజీవిఁ జేసి మేల్
చిరవిభవా! భవా! విజితచిత్తభవా! యభవా! మహాభవా!"	champakamaala
"అరుదుగ నింద్రకీలగిరి నర్జునుఁ డుగ్రతపం బొనర్చుచో
నరిగి కిరాతరూపమునఁ జక్కఁగ నిల్చి కరంబు వానితో
దురమొనరించి మెచ్చి కృపతోడుతఁ బాశుపతాస్త్రమీయవే
చిరవిభవా! భవా! విజితచిత్తభవా! యభవా! మహాభవా!"	champakamaala
"సురలును దైత్యులుం గదసి స్రుక్కక వార్ధి మధింపుచున్నచో
నురుగతినందు హాలహల ముద్భవమై జగముల్ హరింప న-
గ్గరళము కంఠసీమనిడి కావవె లోకములెల్ల నాఁదటన్
జిరవిభవా! భవా! విజితచిత్తభవా! యభవా! మహాభవా!"	champakamaala
"కిరికలహంసరూపములఁ గృష్ణుఁడు నంబురుహాసనుండు నీ
చరణములున్ శిరంబు గనఁ జాగి రసాతలము న్నభంబు వే-
సరి వెదుకంగ వారికిఁ బ్రసన్నతనొందవె లింగమూర్తివై
చిరవిభవా! భవా! విజితచిత్తభవా! యభవా! మహాభవా!"	champakamaala
"శరధిశయానుఁడైన హరి సారసబంధుకులంబునందు దా-
శరథి యనం జనించి బహుసంఖ్యలు మీఱిన లింగమూర్తులన్
సరవిఁ బ్రతిష్ఠఁ జేసెనఁట శక్యమె నీ యధికత్వమెన్నఁగాఁ
జిరవిభవా! భవా! విజితచిత్తభవా! యభవా! మహాభవా!"	champakamaala
"గరువముతోడ నిన్ను వెలిగా నిడి దక్షుఁడు జన్న మొక్కెడన్
హరిహయపుండరీకనయనాబ్జభవాదులఁ గూర్చి చేయుచో
నరుదుగ వీరభద్రభయదాకృతిఁ గైకొని సంహరింపవే
చిరవిభవా! భవా! విజితచిత్తభవా! యభవా! మహాభవా!"	champakamaala
"కరమరుదార నల్వఁ దనకన్న ఘనుండగు వేల్పు లేఁడటం-
చురుగతి దేవతాసభ దురూక్తులు బల్కఁగ నల్గి వాని దు-
ర్భరతరగర్వభారమును బల్వడిఁ ద్రుంపవె భైరవాకృతిన్
జిరవిభవా! భవా! విజితచిత్తభవా! యభవా! మహాభవా!"	champakamaala
"అరయ మృకండుసూనుఁడు నిరంతరమృత్యుభయాకులార్తుఁడై
వెఱవు దలిర్ప నిన్ శరణు వేడిన మిత్తి నడంచి యమ్మునీ-
శ్వరసుతుఁ బ్రోచినాఁడవట శాశ్వతజీవునిఁ జేసి వాసిగాఁ
జిరవిభవా! భవా! విజితచిత్తభవా! యభవా! మహాభవా!"	champakamaala
"ముఱియుచుఁ గాశికాపురిని మూఢత బాహువులెత్తి ధారుణీ-
ధరములకన్న నెవ్వఁడును దైవము లేడని పల్కు నప్పరా-
శరసుతు బాహుయుగ్మకము స్తంభనమొందఁగఁ జేసి కుంచవే
చిరవిభవా! భవా! విజితచిత్తభవా! యభవా! మహాభవా!"	champakamaala
"అరయ నశేషలోకముల కాఢ్యుఁడ వీవె నిజంబు బాలిశు-
ల్మెఱమెఱగాఁ దలంత్రు కడిమిం బహిరంతరలోకరక్షకై
గరళము కంఠమూలమున గట్టిగ నిల్పు టెఱుంగరేమొకో
చిరవిభవా! భవా! విజితచిత్తభవా! యభవా! మహాభవా!"	champakamaala
"హరి నరసింహరూపధరుఁడై సమరాగ్రమహోగ్రభంగి న-
బ్బురమొదవన్ హిరణ్యకశిపు న్బరిమార్చి చెలంగుచున్నచో
సరగఁ దదుగ్రతం శరభసాళువదేహుఁడవై యడంపవే
చిరవిభవా! భవా! విజితచిత్తభవా! యభవా! మహాభవా!"	champakamaala
"సరసవిహారలీల విటజంగమరూపముతోడ నేగి య-
బ్బురముగ మున్ను భల్లణుని పత్నిని చల్లమదేవిఁ గోరి యా
గురుకుచ కౌఁగిట న్నిలవె గోమెలయ న్నెలనాళ్లపట్టివై
చిరవిభవా! భవా! విజితచిత్తభవా! యభవా! మహాభవా!"	champakamaala
"ఇరవుగ దారుకావనమునీంద్రవధూతిలకంబుల న్మనో-
హరవటుకాకృతిం బొలిచి యబ్జశరాహవలీలలం గడున్
గరచిన నీ విలాసరతికౌశలముల్ గణుతింప శక్యమే
చిరవిభవా! భవా! విజితచిత్తభవా! యభవా! మహాభవా!"	champakamaala
"సరభసలీల మున్ముసలిజంగమువై చిరితొండనంబి మం-
దిరమున కేఁగి తత్తనయునిం బొలకై వధియింపఁజేసి చె-
చ్చెర నిజమూర్తి చూపి కృప చిప్పిల వానిఁ గృతార్థుఁ జేయవే
చిరవిభవా! భవా! విజితచిత్తభవా! యభవా! మహాభవా!"	champakamaala
"దొరకొని చెప్పుగాల తలఁ ద్రొక్కి యొకించుక నంజు డెంగిటన్
బొరసిన దప్పనంబొసఁగి పుక్కిటనీ ర్మెయిఁ జిల్కు బోయకున్
సరగున మోక్షమిచ్చితఁట సజ్జనకోటుల కిచ్చు టబ్రమే
చిరవిభవా! భవా! విజితచిత్తభవా! యభవా! మహాభవా!"	champakamaala
"ఇరుసతలోకము ల్మహిమ నేలెడు స్వామివి నిన్ను వాకిటన్
దరలకయుండ గాపునిచి ధన్యతఁ జెందిన బాణదైత్యుఁ డే
కరణిని నిన్ను మున్నెరవు గ్రాలఁగఁ బూజ యొనర్చెనో కదా
చిరవిభవా! భవా! విజితచిత్తభవా! యభవా! మహాభవా!"	champakamaala
"మెరమెర లేక నీవు మును మేదరిసెట్టియు బోయలెంకయున్
బెరసుకులంపు చాకలియు బెట్టిన యోగిర మారగించితౌ
సరిసరి నిన్ను నర్చనలు సల్పెడుచో నియమంబులేలయా
చిరవిభవా! భవా! విజితచిత్తభవా! యభవా! మహాభవా!"	champakamaala
"పురుడె గణింప భక్తసులభుండవు నీకు నిలింపులెల్ల కి-
న్నరనరుఁ డెట్టు లర్చన లొనర్చెనొ కాని కడుం గడిందిగా
సెరబడి చేసి వానికి విచిత్రధనాధిపతిత్వమివ్వవే
చిరవిభవా! భవా! విజితచిత్తభవా! యభవా! మహాభవా!"	champakamaala
"గరళము కంఠమూలమున గట్టిగ దాల్చుట నీకు నంగదల్
బరగునటంచు రుద్రపశుపత్యభిధానుఁ డెదం గలంగఁగా
నొరిమెర నంగపీఠమున నుంచవె యాతని శాశ్వతంబుగాఁ
చిరవిభవా! భవా! విజితచిత్తభవా! యభవా! మహాభవా!"	champakamaala
"విరసముతోడ నిన్ శిలల వ్రేసియు రోకటఁ గ్రుమ్మియున్ గృహాం-
తరమునఁ గాపువెట్టియును సిద్ధముగా వెలివెట్టు కుంటిన-
ల్దిరగఁగఁ జేసినట్టి ఘనులే తగుభక్తవరేణ్యులైరి మేల్
చిరవిభవా! భవా! విజితచిత్తభవా! యభవా! మహాభవా!"	champakamaala
"సురపతి వేణువుం గలిమికొమ్మమగండు మృదంగవాద్య మం-
బురుహభవుండు తాళమును పొత్తముముత్తవ వీణఁ బూనఁగా
హరిసతి బాడినం జదల నద్భుతతాండవకేళి సల్పితౌ
చిరవిభవా! భవా! విజితచిత్తభవా! యభవా! మహాభవా!"	champakamaala
"ఉరగము లెమ్ములుం బునుక లుగ్రపిశాచములుం గళాసముల్
గరళము కంఠమూలమున గట్టిగ నెప్పుడు గల్గియుండియున్
బరమశివాకృతిం బొలుచు భద్రములిచ్చెద వబ్బురం బహా
చిరవిభవా! భవా! విజితచిత్తభవా! యభవా! మహాభవా!"	champakamaala
"ఇరవుగ నెల్లలోకముల నేలెడు స్వామివి నీవు కూర్మితో
దొరతనమెల్లఁ బో కడచి తుచ్ఛపుజాలరిపూపకన్నియన్
శిరమునఁ బెట్టుకొంటివఁట చిత్రములౌర భవద్విలాసముల్
చిరవిభవా! భవా! విజితచిత్తభవా! యభవా! మహాభవా!"	champakamaala
"హరుఁడు మురారి యబ్జభవుఁ డాఢ్యులటంచు పురందరుండు దే-
వర యనుచు న్విభావసుఁడు వహ్నియు వేల్పులటంచు నెంత్రు బు-
ద్ధిరహితమానవు ల్పశుపతిత్వము నీయెడఁ గల్గుటెన్నకే
చిరవిభవా! భవా! విజితచిత్తభవా! యభవా! మహాభవా!"	champakamaala
"సరవి విధాతరూపమున సర్వచరాచరముల్ సృజించి శ్రీ-
హరివయి బ్రోదిచేసి నిటలాక్షుఁడవై యడఁగింపుచుందు వ-
బ్బురముగ నీవెకా జననపోషణనాశనకర్త వారయన్
చిరవిభవా! భవా! విజితచిత్తభవా! యభవా! మహాభవా!"	champakamaala
"శరనిధికన్యనాగ హిమశైలతనూజయనంగ వాణినాఁ
బరగు వధూట్లఁ గూడి భవపాలననాశము లోలిఁ జేయుచున్
హరిహరధాతృమూర్తి వగు నాఢ్యు నినుం గనుగొందు నీశ్వరా
చిరవిభవా! భవా! విజితచిత్తభవా! యభవా! మహాభవా!"	champakamaala
"పురుషులలోన విప్రుఁడును పుష్పకదంబములోన జాజియున్
దరువులలోన రావియును దానచయంబుల నన్నదానమున్
ధరణిఁ బ్రశస్తిఁ గన్న ప్రియదైవములం దధికుండ వీవయా
చిరవిభవా! భవా! విజితచిత్తభవా! యభవా! మహాభవా!"	champakamaala
"పరుసము సోకి లోహము శుభస్థితి బంగరమైన రీతి స-
ద్గురుకరుణానిరీక్షణ మకుంఠితలీల నొకింత సోకినన్
నరుఁడు మహాత్ముఁడై బుధజనస్తుతుఁడై నినుఁ జెందుఁబో తుదిన్
చిరవిభవా! భవా! విజితచిత్తభవా! యభవా! మహాభవా!"	champakamaala
"అరయఁగ నీరబుద్బుదములట్ల నశించుచునుండు మేనులున్
శరధితరంగమాలికల చందమునం గనుపట్టు ఠీవులు
స్థిరమని నమ్మి నిన్గొలువనేరక రిత్త నశింతురౌ ఖలుల్
చిరవిభవా! భవా! విజితచిత్తభవా! యభవా! మహాభవా!"	champakamaala
"పొరిఁబొరిఁ బుణ్యభూములకు బోవఁగనేలఁ గడు న్దపోమహా-
ధ్వరము లొనర్చనేల యుపవాసములన్ గృశియింపనేటికిన్
హరహర యంచు నొక్కతరి నాడినఁజాలు నఘప్రశాంతికై
చిరవిభవా! భవా! విజితచిత్తభవా! యభవా! మహాభవా!"	champakamaala
"తరణిసుధామయూఖవసుధాయజమానసమీరణానలాం-
బరజలమూర్తివైన నిను భక్తిఁ దలంచినవారి కెందులన్
దిరుగఁగనేల యే శిలల నిచ్చలుఁ గోరి భజింపనేలయా
చిరవిభవా! భవా! విజితచిత్తభవా! యభవా! మహాభవా!"	champakamaala
"సరవి చతుశ్రుతు ల్నిఖిలశాస్త్రపురాణకథారహస్యముల్
విరివిగ నిచ్చనిచ్చలును విందుముగాని తలంచిచూడ మా
గురుచరణంబులాన నినుఁ గొల్వక యేరికి ముక్తి లేదయా
చిరవిభవా! భవా! విజితచిత్తభవా! యభవా! మహాభవా!"	champakamaala
"గరుడముఁ గన్న పన్నగనికాయములట్ల మృగేంద్రుఁ గన్న కుం-
జరములకైవడిన్ దురితసంఘములెల్లఁ దొలంగి పారుచో
నరుఁడొకచో ననాస్థనయినం భవదాహ్వయ ముచ్చరించినన్
చిరవిభవా! భవా! విజితచిత్తభవా! యభవా! మహాభవా!"	champakamaala
"ధరణిసురు న్వధించిన మదంబున గోనిధనంబొనర్చినం
గురుసతిఁ గూడినన్ మధువుఁ గ్రోలిన హేమము మ్రుచ్చలించినన్
దొరకొను పాతకంబు లొకతూరి శివా యనినన్ దొలంగుఁబో
చిరవిభవా! భవా! విజితచిత్తభవా! యభవా! మహాభవా!"	champakamaala
"గురుహరిణేక్షణామణినిఁ గూడిన దుష్కలుషాత్ముఁ జంద్రునిన్
శిరమునఁ బెట్టుకొంటివఁట చెప్పఁగ నబ్రమయారె మేలుమే-
ల్గురుతరభక్తితోడ నినుఁ గొల్చినవారి కిఁకేటిపాపముల్
చిరవిభవా! భవా! విజితచిత్తభవా! యభవా! మహాభవా!"	champakamaala
"దురితము లేమిసేయు గ్రహదోషపిశాచరుజామృగోరగో-
త్కరభయమేల కల్గు నృపతస్కరవహ్నిభయంబులే ప్రియం
బెరయు నరుం డొకప్డు నినుఁ బేర్కొని నెమ్మది సంస్మరించినన్
చిరవిభవా! భవా! విజితచిత్తభవా! యభవా! మహాభవా!"	champakamaala
"అరదము లందలంబులు హయంబులు రత్నవిభూషణంబు లం-
బరములు చామరంబులు ద్విపంబులు నాదిగఁ గల్గు ఠీవులు-
న్బొరసెడువారు మిమ్ము మునుఁ బూజయొనర్చినవారె కారయా
చిరవిభవా! భవా! విజితచిత్తభవా! యభవా! మహాభవా!"	champakamaala
"వెరవిరవార నేపగిది వేఁడినఁ గానియు నియ్యలేని ము-
ష్కరనరనాయకాధముల సావడులం బడి ప్రేలువారికిన్
నిరతకృపార్ద్రదృష్టిమెయి నీవిడ కన్యుఁ డొసంగఁజాలునే
చిరవిభవా! భవా! విజితచిత్తభవా! యభవా! మహాభవా!"	champakamaala
"సరయువు గృష్ణ నర్మదయు జాహ్నవి బాహుద తుంగభద్ర భా-
స్కరసుతయు న్సరస్వతియు గౌతమియుం మొదలైన దివ్యని-
ర్ఝరులను మున్గు పుణ్య మొకసారె శివా యనినన్ లభించుఁబో
చిరవిభవా! భవా! విజితచిత్తభవా! యభవా! మహాభవా!"	champakamaala
"ధర శ్రుతిమంత్రకోటికిఁ ప్రధానము నాగమమాతయైన య-
గ్గురుతరమంత్రరాజమునకుం బతి వీవని లోగణింపకే
వెకవరి కొల్తురౌ ఖలులు వెంగళులై కుఱకుఱ్ఱవేల్పులన్
చిరవిభవా! భవా! విజితచిత్తభవా! యభవా! మహాభవా!"	champakamaala
"హరువులు దీర్ప నీవు హృదయంబున నెప్పుడు గల్గియుండఁగా
వెరవరి యందు నందులకు వేరడులై చనుచుంద్రు పామరుల్
నెరయఁగ వెన్న చేతినిడి నేతికి ద్రిమ్మరు కైవడిం గటా!
చిరవిభవా! భవా! విజితచిత్తభవా! యభవా! మహాభవా!"	champakamaala
"ఉరగము గాలిఁ గ్రోలి గుహనుండదె యాకులు నించుకోనల-
న్దిరుగదె మేఁక నీళ్ల వెనుదీయకఁ గృంకదె కప్ప యెవ్వరే-
కరణిఁ జరించుచున్న నినుఁ గన్గొనకున్నఁ బరంబు లేదుగా
చిరవిభవా! భవా! విజితచిత్తభవా! యభవా! మహాభవా!"	champakamaala
"హరహర! మేరుభూధరమునంత పదార్థము సంగ్రహించిన-
న్సురనగరాభిపత్యము త్రిశుద్ధిగ నబ్బిన రంభయంత సుం-
దరి నిజభార్యయైన మది దార్కొను తృష్ణ యడంగదేరికిన్
చిరవిభవా! భవా! విజితచిత్తభవా! యభవా! మహాభవా!"	champakamaala
"బురుదను హాళితో నురెడిపుర్వు మెలంగుచునుండి యెప్పుడు-
న్బురుద యొకింతయైనఁ దనుఁ బొందకయుండ మెలంగునట్లు నే-
ర్పరి గృహమేధియయ్యు భవబంధమునంటక నిన్నుఁ జెందుఁబో
చిరవిభవా! భవా! విజితచిత్తభవా! యభవా! మహాభవా!"	champakamaala
"ఒరుల భజింపఁబోడుగద యొక్కపుడు న్నినుఁగొల్చు మేటి భా-
స్వరసరసామ్రభూరుహలసత్కిసలానుభవానుమోదియౌ
పరభృతరాజమెందు నొకపట్టున వేములఁ జేరనేర్చునే
చిరవిభవా! భవా! విజితచిత్తభవా! యభవా! మహాభవా!"	champakamaala
"సరవిని జీవనార్థముగ చర్మసితాభసితాక్షమాల లే
నరుడు ధరించు కైతవమునన్ భువినాతఁ డశేషధారుణీ-
భరణధురీణప్రచురభాగ్యసమన్వితుఁడై చెలంగుఁబో
చిరవిభవా! భవా! విజితచిత్తభవా! యభవా! మహాభవా!"	champakamaala
"సురచిరభక్తితోడ మనుజుం డొక బిల్వదళం బొకప్డు నీ
శిరమున నుంచెనేని యది సింధురసైంధవచామరధ్వజాం-
బరమణిభూషణాది విభవస్ఫురణ న్గనుపట్టి యుండుఁబో
చిరవిభవా! భవా! విజితచిత్తభవా! యభవా! మహాభవా!"	champakamaala
"నరుఁ డొకనాఁడు నీ నగరు నంగనఁ బట్టి విచిత్రఘంటికో-
త్కరరవమాలకించిన నతండు వినం డెపుడున్ కృతాంతకా-
సరగళఘంటికావ్రజవిశంకటసాంద్రఘణంఘణధ్వనుల్
చిరవిభవా! భవా! విజితచిత్తభవా! యభవా! మహాభవా!"	champakamaala
"దురదుర జాగి మర్త్యుఁ డొకతూరె సమంచిత తావకీన మం-
దిరమునకుం బ్రదక్షిణ మతిప్రమదంబునఁ జేసెనేని య-
ప్పురుషుఁడు శేషభూభువనపోషణధూర్వహుడై విరాజిలున్
చిరవిభవా! భవా! విజితచిత్తభవా! యభవా! మహాభవా!"	champakamaala
"తిరమున నీ నివేశమున దీప మొకానొకనాఁ డొకింత బం-
ధురమతి నిడ్డ ధన్యుఁడు చతుర్ముఖముఖ్యనిలింపమాన్యుఁడై
నిరుపమ తావకీన పద నిత్యసుఖోన్నతుల చెలంగుఁబో
చిరవిభవా! భవా! విజితచిత్తభవా! యభవా! మహాభవా!"	champakamaala
"కరతలతాళవృంతములుఁ గ్రమ్మఁగ నెవ్వఁడు తావకాలయా-
జిరమున నాఁడు నాతఁడు వసించు విరాజితరాజతావనీ-
ధరశిఖరాగ్రరత్నసముదంచితకాంచనసౌధవీధులన్
చిరవిభవా! భవా! విజితచిత్తభవా! యభవా! మహాభవా!"	champakamaala
"పరిచితి మీఱ మీ శిరముపై పురిసెండు జలంబొకప్పుఁ డా-
దరమునఁ జిల్కు బల్లిదుఁడు తథ్యముగా నఖిలాఘదూరుఁడై
ధరఁ గల పుణ్యతీర్థములఁ దప్పకఁ గ్రుంకు ఫలంబుఁ జేకొనున్
చిరవిభవా! భవా! విజితచిత్తభవా! యభవా! మహాభవా!"	champakamaala
"బెరసిన వేడ్క యుల్లమునఁ బిక్కటిల న్మనుజుండు నీకుఁ గొ-
వ్విరిసరమొక్క టచ్చపువివేకముతోడ నొసంగిన న్బురం-
దరధరణీరుహప్రసవదామవిభూషితుఁడై చెలంగుఁబో
చిరవిభవా! భవా! విజితచిత్తభవా! యభవా! మహాభవా!"	champakamaala
"కరయుగమెత్తి నీకుఁ గుతుకంబున మొక్కునతండు శేషభూ-
వరమకుటాగ్రరత్నసమవాయసమగ్రవిభాసముల్లస-
చ్చరణసరోజుఁడై వివిధసంపదలం గొదలేక యుండుఁబో
చిరవిభవా! భవా! విజితచిత్తభవా! యభవా! మహాభవా!"	champakamaala
"తొరలెడు భక్తిఁ గప్పురపు ధూపము నీకు జనుం డొసంగుచో
గొరగొర వానిమేనఁ గల ఘోరతరాఘపిశాచసంఘముల్
బరువడి కూయి వెట్టుచును బారి చనుంగద తత్క్షణంబునన్
చిరవిభవా! భవా! విజితచిత్తభవా! యభవా! మహాభవా!"	champakamaala
"పరునిఁ బరేశు భక్తజనపాలనశీలు ననంతు నాద్యు న-
క్షరు నపవర్గదాయకు జగన్మయు నద్వయు నప్రమేయు నం-
బురుహభవాండభాండపరిపూర్ణపిచండుఁ దలంతు నిన్మదిన్
చిరవిభవా! భవా! విజితచిత్తభవా! యభవా! మహాభవా!"	champakamaala
"హరునకు వందనంబు ఫణిహారునకు న్శరణ్యార్థి దేవతా-
వరదునకుం జొహారు పురవైరికి మ్రొక్కు నగేంద్రజామనో-
హరునకు జోత యంచు ననయంబును నీకు నమస్కరించెదన్
చిరవిభవా! భవా! విజితచిత్తభవా! యభవా! మహాభవా!"	champakamaala
"దిరమున స్నానసంధ్యలును దేవ సపర్యలు సువ్రతంబులు-
న్గురుభజనాదికంబులు నకుంఠితభక్తి నొనర్పనేర నీ
చరణము లాశ్రయించితి నిజంబుగ నన్నిక నెట్లు బ్రోచెదో
చిరవిభవా! భవా! విజితచిత్తభవా! యభవా! మహాభవా!"	champakamaala
"గురుఁడవు బాంధవుండవు సఖుండవు తల్లివి దండ్రి వన్న వీ-
శ్వరుఁడవు దాత వాప్తుఁడవు సర్వము నీవె యటంచు నమ్మితి-
న్వరదుఁడవై కృపారసము వావిరి నాపయిఁ జిల్కి బ్రోవవే
చిరవిభవా! భవా! విజితచిత్తభవా! యభవా! మహాభవా!"	champakamaala
"కెరలెడు ఘోరపాపతతికి న్మదిఁ గంపిలి యేయుపాయమున్
దొరకక యొక్క పెన్వెరవు దోచిన నుబ్బుచు నిబ్బరంబుగా
హరహర యంచుఁ బల్కితి నహా! దురితంబులు వీడి పారెఁబో
చిరవిభవా! భవా! విజితచిత్తభవా! యభవా! మహాభవా!"	champakamaala
"దొరకెను నాకు భాగ్యమున దుస్సహదండధరప్రచండకిం-
కరపటుదర్పసంహరణకారణమై యయిదక్షరంబులు-
న్బరగిన మంత్రరాజము సుపర్వులకైనఁ దలంక నేనిఁకన్
చిరవిభవా! భవా! విజితచిత్తభవా! యభవా! మహాభవా!"	champakamaala
"గిరిశ నమోస్తు యోగిజనగేయ నమోస్తు మహోగ్రదోషసం-
హరణ నమోస్తు భోగికులహార నమోస్తు సమస్తదేవతా-
చరణ నమోస్తు తే యనుచు సారెకుఁ గోరి నమస్కరించెదన్
చిరవిభవా! భవా! విజితచిత్తభవా! యభవా! మహాభవా!"	champakamaala
"వరద పరాకు భక్తజనవంద్య పరాకు సమస్తపాపసం-
హరణ పరాకు భక్తనివహావహదక్ష పరాకు యోగిహృ-
శ్చరణ పరాకు సేయకిఁక సయ్యన నా మనవాలకించవే
చిరవిభవా! భవా! విజితచిత్తభవా! యభవా! మహాభవా!"	champakamaala
"పరవనితా పరాస్థ నరపాలకసేవలయందుఁ గోరికల్
దొరలఁగనీక నీ చరణతోయజభక్తియు సూనృతోక్తి యె-
వ్వరికినిఁ గీడు సేయమియు వాలెము నా కొనఁగూర్చి బ్రోవవే
చిరవిభవా! భవా! విజితచిత్తభవా! యభవా! మహాభవా!"	champakamaala
"మురిపెముతోడ నక్షుసరము ల్భసితంబు ధరించినాఁడ మ-
ద్గురువరదత్తమై సకలదోషములన్ దొలఁగించు ద్వాదశా-
క్షరి జపియించినాఁడ కలుషంబులు నాకిఁకఁ గల్గుటెట్లయా
చిరవిభవా! భవా! విజితచిత్తభవా! యభవా! మహాభవా!"	champakamaala
"మురువుగ నక్షమాలయును మోదికఁ బూనితి భూతి దాల్చితిన్
స్మరణగ నైదువర్ణముల మంత్రము వేమరు నుచ్చరించితిన్
దురితపిశాచముల్ దొరగి దూరముగా జనకుండుటెట్లికన్
చిరవిభవా! భవా! విజితచిత్తభవా! యభవా! మహాభవా!"	champakamaala
"గురువరభక్తి మీఱ మిముఁ గొల్చినవాఁడనటంచుఁ దద్దయుం
గరువముతోడ నేను కృతకర్మము లెవ్వియుఁ జేయనైతి దు-
ర్భరదురితాత్ముఁడంచును దిరస్కృతిఁ జేయక నన్నుఁ బ్రోవవే
చిరవిభవా! భవా! విజితచిత్తభవా! యభవా! మహాభవా!"	champakamaala
"ఒరిమెఁ గవీంద్రుఁ డేమెఱుఁగునో యని దర్శనమియ్యనోడి బ-
ల్దొరలును మూలనీగుదురు లోభమున న్నిను నే మఱేమియు-
న్వరములు వేడ నాకిపుడు వైళము దర్శనమియ్యరాగదే
చిరవిభవా! భవా! విజితచిత్తభవా! యభవా! మహాభవా!"	champakamaala
"నర పశు పక్ష్మి వేఁట మృగ నాగ ఝషాదిక జంతుయోనుల-
న్బొరిఁబొరి నెన్నిమార్లు మును పుట్టితినో యెఱుఁగ న్మహాఘనుల్
హరు నినుఁ గొల్చు భాగ్య మిపుఁ డబ్బెనికే క్రియఁ బ్రోచెదో సుమీ
చిరవిభవా! భవా! విజితచిత్తభవా! యభవా! మహాభవా!"	champakamaala
"ఒరుల నుతింపఁజాలఁ గలుషౌఘమహాదహనాగ్నికీలయై
బరగుచుఁ గామితార్థము లపారముగా నిడు నీదు నామసం-
స్మరణ యహర్నిశంబును బ్రశస్తిగ నాకొనరించి బ్రోవవే
చిరవిభవా! భవా! విజితచిత్తభవా! యభవా! మహాభవా!"	champakamaala
"కరిముఖ నందిభృంగిరిటికాశిసముద్భవ కాలభైరవా-
ద్యురు బలవన్మహాప్రమథయోధవరేణ్యులు గొల్వ ధారుణీ-
ధరసుతఁ గూడి నాకిపుడు తావక మోహనమూర్తిఁ జూపవే
చిరవిభవా! భవా! విజితచిత్తభవా! యభవా! మహాభవా!"	champakamaala
"సరభసలీల నొక్కనిమిషంబును నిన్భజియింపలేక బల్
దెరవుల దుర్విచారములఁ ద్రిమ్మరుచున్నది యెన్ని చెప్పిన-
న్మరలదు పాపజాతిమతి నాకిపు డంకెము గాదికెట్లయా
చిరవిభవా! భవా! విజితచిత్తభవా! యభవా! మహాభవా!"	champakamaala
"అరయఁగ నే నహర్నిశము నాఁడెడు వాక్యములెల్లఁ దావక
స్ఫురణగఁ జిత్తగించి కలుషప్రకరంబులఁ బారఁదోలి నీ
చరణసరోజభక్తి కొనసాగఁగఁజేపీ సముద్ధరింపవే
చిరవిభవా! భవా! విజితచిత్తభవా! యభవా! మహాభవా!"	champakamaala
"ఇరవగు భక్తితోడ జనుఁ డీశతకంబుఁ బఠించిన న్సమా-
దరమున వ్రాసిన న్వినినఁ దప్పవుగా వివిధేష్టభోగముల్
ధర భుజియించి యా తుదిని తావక దివ్యపదంబుఁ జేరుఁబో
చిరవిభవా! భవా! విజితచిత్తభవా! యభవా! మహాభవా!"	champakamaala
"శ్రీరఘురామ చారుతులసీదళదామ శమక్షమాది శృం
గారగుణాభిరామ త్రిజగన్నుతశౌర్యరమాలలామ దు
ర్వార కబంధరాక్షసవిరామ జగజ్జనకల్మషార్ణవో
త్తారకనామ భద్రగిరి దాశరథీ! కరుణాపయోనిధీ!"	vutpalamaala
"రామ విశాలవిక్రమ పరాజిత భార్గవరామ సద్గుణ
స్తోమ పరాంగనావిముఖ సువ్రతకామ వినీల నీరద
శ్యామ కకుత్స్థవంశకలశాంబుధి సోమ సురారిదోర్బలో
ద్దామవిరామ భద్రగిరి దాశరథీ! కరుణాపయోనిధీ!"	vutpalamaala
"అగణితసత్యభాష శరణాగతపోష దయాలసజ్ఝరీ
విగతసమస్తదోష పృథివీసురతోష త్రిలోకపూతకృ
ద్గగనధునీమరంద పదకంజవిశేష మణిప్రభా ధగ
ద్ధగితవిభూష భద్రగిరి దాశరథీ! కరుణాపయోనిధీ!"	champakamaala
"రంగదరాతిభంగ ఖగరాజతురంగ విపత్పరంపరో
త్తుంగ తమఃపతంగ పరితోషితరంగ దయాంతరంగ స
త్సంగ ధరాత్మజాహృదయసారసభృంగ నిశాచరాబ్జమా
తంగ శుభాంగ భద్రగిరి దాశరథీ! కరుణాపయోనిధీ!"	vutpalamaala
"శ్రీద సనందనాది మునిసేవితపాద దిగంతకీర్తిసం
పాద సమస్తభూతపరిపాలవినోద విషాదవల్లికా
చ్ఛేద ధరాధినాథకుల సింధుసుధామయపాద నృత్తగీ
తాది వినోద భద్రగిరి దాశరథీ! కరుణాపయోనిధీ!"	vutpalamaala
"ఆర్యులకెల్ల మ్రొక్కి వినతాంగుఁడనై రఘునాథభట్టరా
చార్యుల కంజలెత్తి కవిసత్తములన్‌ వినుతించి కార్యసౌ
కర్యమెలర్పనొక్క శతకంబొనఁగూర్చి రచింతునేఁడు తా
త్పర్యమునన్‌ గ్రహింపుమిది దాశరథీ! కరుణాపయోనిధీ!"	vutpalamaala
"మసకొని రేఁగుబండ్లకును మౌక్తికముల్‌ వెలబోసినట్లు దు
ర్వ్యసనముజెంది కావ్యము దురాత్ములకిచ్చితి మోసమయ్యె నా
రసనకుఁ బూతవృత్తిసుకరంబుగఁ జేకురునట్లు వాక్సుధా
రసములు చిల్కఁ బద్యముఖరంగమునందు నటింపవయ్య సం
తసమును జెంది భద్రగిరి దాశరథీ! కరుణాపయోనిధీ!"	champakamaala
"శ్రీరమణీయహార యతసీకుసుమాభశరీర భక్తమం
దార వికారదూర పరతత్త్వవిహార త్రిలోకచేతనో
ద్ధార దురంతపాతకవితానవిదూర ఖరాదిదైత్యకాం
తార కుఠార భద్రగిరి దాశరథీ! కరుణాపయోనిధీ!"	vutpalamaala
"దురితలతాలవిత్ర ఖరదూషణకాననవీతిహోత్ర భూ
భరణకళావిచిత్ర భవబంధవిమోచనసూత్ర చారువి
స్ఫురదరవిందనేత్ర ఘనపుణ్యచరిత్ర వినీలభూరికం
ధరసమగాత్ర భద్రగిరి దాశరథీ! కరుణాపయోనిధీ!"	champakamaala
"కనకవిశాలచేల భవకాననశాతకుఠారధార స
జ్జనపరిపాలశీల దివిజస్తుతసద్గుణకాండ కాండసం
జనిత పరాక్రమ క్రమవిశారద శారద కందకుంద చం
దనఘనసార సారయశ దాశరథీ! కరుణాపయోనిధీ!"	champakamaala
"శ్రీరఘువంశ తోయధికి శీతమయూఖుఁడవైన నీ పవి
త్రోరుపదాబ్జముల్‌ వికసితోత్పల చంపకవృత్తమాధురీ
పూరితవాక్ప్రసూనములఁ బూజలొనర్చెద జిత్తగింపుమీ
తారకనామ భద్రగిరి దాశరథీ! కరుణాపయోనిధీ!"	vutpalamaala
"గురుతరమైన కావ్యరస గుంభనకబ్బురమంది ముష్కరుల్‌
సరసులమాడ్కి సంతసిల జాలుదురోటు శశాంకచంద్రికాం
కురముల కిందుకాంతమణికోటి స్రవించినభంగి వింధ్యభూ
ధరమున జాఱునే శిలలు దాశరథీ! కరుణాపయోనిధీ!"	champakamaala
"తరణికులేశ నానుడులఁ దప్పులు గల్గిన నీదునామ స
ద్విరచితమైన కావ్యము పవిత్రముగాదె వియన్నదీజలం
బరుగుచువంకయైన మలినాకృతిఁబాఱినఁ దన్మహత్త్వముం
దరమె గణింపనెవ్వరికి దాశరథీ! కరుణాపయోనిధీ!"	champakamaala
"దారుణపాతకాబ్ధికి సదాబడబాగ్ని భవాకులార్తి వి
స్తార దవానలార్చికి సుధారసవృష్టి దురంతదుర్మతా
చార భయంకరాటవికిఁ జండకఠోరకుఠారధార నీ
తారకనామ మెన్నుకొన దాశరథీ! కరుణాపయోనిధీ!"	vutpalamaala
"హరునకు నవ్విభీషణున కద్రిజకుం దిరుమంత్రరాజమై
కరికి నహల్యకున్‌ ద్రుపదకన్యకు నార్తిహరించు చుట్టమై
పరగినయట్టి నీ పతితపావననామము జిహ్వపై నిరం
తరము నటింపజేయుమిఁక దాశరథీ! కరుణాపయోనిధీ!"	champakamaala
"ముప్పునఁ గాలకింకరులు ముంగిటవచ్చినవేళ రోగముల్‌
గొప్పరమైనచోఁ గఫము కుత్తుక నిండినవేళ బాంధవుల్‌
గప్పిన వేళ మీ స్మరణ గల్గునొ గల్గదొ నాఁటి కిప్పుడే
తప్పక చేతు మీభజన దాశరథీ! కరుణాపయోనిధీ!"	vutpalamaala
"""పరమదయానిధే పతిత పావననామ హరే""యటంచు సు
స్థిరమతులై సదా భజన సేయు మహాత్ముల పాదధూళి నా
శిరమున దాల్తు మీరటకు జేరకుఁడంచు యముండు కింకరో
త్కరముల కాన బెట్టునఁట దాశరథీ! కరుణాపయోనిధీ!"	champakamaala
"అజునకుదండ్రివయ్యు సనకాదులకుం బరతత్త్వమయ్యు స
ద్ద్విజమునికోటికెల్లఁ గులదేవతవయ్యు దినేశవంశ భూ
భుజులకు మేటివయ్యు బరిపూర్ణుఁడవై వెలుగొందు పక్షిరా
డ్ధ్వజ మిముఁ బ్రస్తుతించెదను దాశరథీ! కరుణాపయోనిధీ!"	champakamaala
"""పండిత రక్షకుం డఖిల పాపవిమోచనుఁ డబ్జసంభవా
ఖండలపూజితుండు దశ కంఠవిలుంఠన చండకాండ కో
దండకళాప్రవీణుఁ""డను తావక కీర్తివధూటికిత్తు బూ
దండలుగాఁగ నా కవిత దాశరథీ! కరుణాపయోనిధీ!"	vutpalamaala
"శ్రీరమ సీతగాఁగ నిజసేవకబృందము వీరవైష్ణవా
చారజనంబుగాఁగ విరజానది గౌతమిగా వికుంఠము
న్నారయ భద్రశైలశిఖరాగ్రముగాఁగ వసించు చేతనో
ద్ధారకుఁడైన విష్ణుఁడవు దాశరథీ! కరుణాపయోనిధీ!"	vutpalamaala
"కంటి నదీతటంబుఁ బొడఁగంటిని భద్రనగాదివాసముం
గంటి నిలాతనూజ నురు కార్ముకమార్గణ శంఖచక్రముల్‌
గంటిని మిమ్ము లక్ష్మణునిఁ గంటి కృతార్థుడనైతి నో జగ
త్కంటక దైత్యనిర్దళన దాశరథీ! కరుణాపయోనిధీ!"	vutpalamaala
"హలికునకున్‌ హలాగ్రమున నర్థము చేకురుభంగి దప్పిచే
నలమటఁజెందువానికి సురాపగలో జలమబ్బినట్లు దు
ర్మలిన మనోవికారినగు మర్త్యుని నన్నొడఁగూర్చి నీపయిం
దలపు ఘటింపఁజేసితివి దాశరథీ! కరుణాపయోనిధీ!"	champakamaala
"కొంజక తర్కవాదమను గుద్దలిచేఁ బరతత్త్వభూస్థలిన్‌
రంజిలఁద్రవ్వి కన్గొనని రామనిధానము నేఁడు భక్తి సి
ద్ధాంజనమందు హస్తగత మయ్యె భళీయనగా మదీయహృ
త్కంజమునన్‌ వసింపుమిఁక దాశరథీ! కరుణాపయోనిధీ!"	vutpalamaala
"రాముఁడు ఘోరపాతకవిరాముఁడు సద్గుణకల్పవల్లికా
రాముఁడు షడ్వికారజయరాముఁడు సాధుజనావనవ్రతో
ద్దాముఁడు రాముఁడే పరమదైవము మాకని మీయడుంగుఁ గెం
దామరలే భజించెదరు దాశరథీ! కరుణాపయోనిధీ!"	vutpalamaala
"చక్కరమాని వేము దినఁజాలిన కైవడి మానవాధముల్‌
పెక్కురు బక్కదైవముల వేమఱుగొల్చెద రట్లకాదయా
మ్రొక్కిన నీక మ్రొక్కవలె మోక్షమొసంగిన నీవ యీవలెన్‌
దక్కినమాట లేమిటికి దాశరథీ! కరుణాపయోనిధీ!"	vutpalamaala
"రాకలుషంబులెల్ల బయలం బడద్రోచిన మా కవాటమై
దీకొనిఁ బ్రోచు నిక్కమని ధీయుతులెన్నఁ దదీయవర్ణముల్‌
గైకొని భక్తిచే నుడువఁ గానరు గాక విపత్పరంపరల్‌
దాకొనుచే జగజ్జనుల దాశరథీ! కరుణాపయోనిధీ!"	vutpalamaala
"""రామహరే కకుత్స్థకుల రామహరే రఘురామరామ శ్రీ
రామహరే"" యటంచు మది రంజిల భేకగళంబులీల నీ
నామము సంస్మరించిన జనంబు భవంబెడబాసి తత్పరం
ధామనివాసులౌదుఁరట దాశరథీ! కరుణాపయోనిధీ!"	vutpalamaala
"చక్కెర లప్పకున్‌ మిగుల జవ్వని కెంజిగురాకు మోవికిం
జొక్కపుజుంటి తేనియకుఁ జొక్కులుచుం గనలేరుగాక నేఁ
డక్కట రామనామ మధురామృతమానుటకంటె సౌఖ్యమా
తక్కినమాధురీ మహిమ దాశరథీ! కరుణాపయోనిధీ!"	vutpalamaala
"అండజవాహ నిన్ను హృదయంబున నమ్మినవారి పాపముల్‌
కొండలవంటివైన వెసఁ గూలి నశింపకయున్నె సంతతా
ఖండలవైభవోన్నతులు గల్గకమానునె మోక్షలక్ష్మికై
దండయొసంగకున్నె తుద దాశరథీ! కరుణాపయోనిధీ!"	vutpalamaala
"చిక్కని పాలపై మిసిమిఁ జెందిన మీఁగడ పంచదారతో
మెక్కినభంగి మీ విమల మేచకరూప సుధారసంబు నా
మక్కువపళ్ళెరంబున సమాహిత దాస్యమనేటి దోయిటన్‌
దక్కెనటంచు జుఱ్ఱెదను దాశరథీ! కరుణాపయోనిధీ!"	vutpalamaala
"సిరులిడ సీత పీడలెగజిమ్ముటకున్‌ హనుమంతుఁ డార్తి సో
దరుఁడు సుమిత్రసూతి దురితంబులు మానుప రామనామమున్‌
గరుణఁ దరిల్ప మానవులఁ గావఁగఁ బన్నిన వజ్రపంజరో
త్కరముగదా భవన్మహిమ దాశరథీ! కరుణాపయోనిధీ!"	champakamaala
"హలి కులిశాంకుశ ధ్వజ శరాసన శంఖ రథాంగ కల్పకో
జ్జ్వల జలజాత రేఖలను సాంకములై కనుపట్టుచున్న మీ
కలితపదాంబుజ ద్వయము గౌతమపత్ని కొసంగినట్లు నా
తలవునఁజేర్చి కావగఁదె దాశరథీ! కరుణాపయోనిధీ!"	champakamaala
"జలనిధిలోనదూఱి కులశైలముమీటి ధరిత్రిగొమ్మునం
దలవడమాటి రక్కసుని యంగము గీటి బలీంద్రునిన్‌ రసా
తలమునమాటి పార్థివకదంబముగూర్చిన మేటి రామనా
తలఁపుననాటి రాఁగదవె దాశరథీ! కరుణాపయోనిధీ!"	champakamaala
"భండనభీముఁ డార్తజనబాంధవుఁ డుజ్జ్వలబాణతూణ కో
దండకలాప్రచండ భుజతాండవకీర్తికి రామమూర్తికిన్‌
రెండవసాటిదైవమిఁక లేఁడనుచున్‌ గడగట్టి భేరికా
డాండ డడాండడాండ నినదంబు లజాండము నిండ మత్తవే
దండము నెక్కిచాటెదను దాశరథీ! కరుణాపయోనిధీ!"	vutpalamaala
"అవనిజ కన్నుదోయితొగలందు వెలింగెడు సోమ జానకీ
కువలయనేత్ర గబ్బిచనుఁగొండలనుండు ఘనంబ మైథిలీ
నవనవయౌవనంబను వనంబునకున్‌ మదదంతి వీవెకా
దవిలి భజింతు నెల్లపుడు దాశరథీ! కరుణాపయోనిధీ!"	vutpalamaala
"ఖరకరవంశజా విను మఖండిత భూతపిశాచ ఢాకినీ
జ్వరపరితాప సర్వభయవారకమైన భవత్పదాబ్జవి
స్ఫురదురువజ్రపంజరముఁ జొచ్చితి నీయెడ దీనమానవో
ద్ధరబిరుదాంక యేమఱకు దాశరథీ! కరుణాపయోనిధీ!"	champakamaala
"జుఱ్ఱెద మీకథామృతము జుఱ్ఱెద మీపదకంజతోయమున్‌
జుఱ్ఱెద రామనామమున జొబ్బిలుచున్న సుధారసంబు నే
జుఱ్ఱెద జుఱ్ఱజుఱ్ఱఁగ రుచుల్‌ గనువారిపదంబుఁ గూర్పవే
తఱ్ఱులతోడి పొత్తిడక దాశరథీ! కరుణాపయోనిధీ!"	vutpalamaala
"ఘోరకృతాంతవీరభటకోటికి గుండెదిగుల్‌ దరిద్రతా
కారపిశాచసంహరణకార్యవినోది వికుంఠమందిర
ద్వార కవాటభేది నిజదాసజనావళికెల్ల ప్రొద్దు నీ
తారకనామ మెన్నుకొన దాశరథీ! కరుణాపయోనిధీ!"	vutpalamaala
"విన్నపమాలకించు రఘువీర! నహిప్రతిలోకమందు నా
కన్నదురాత్ముఁడు బరమకారుణికోత్తమ! వేల్పులందు నీ
కన్న మహాత్ముఁడుం బతిత కల్మషదూరుఁడు లేఁడునాకు వి
ద్వన్నుత నీవె నాకు గతి దాశరథీ! కరుణాపయోనిధీ!"	vutpalamaala
"పెంపనుఁ దల్లివై కలుషబృందసమాగమ మొందకుండ ర
క్షింపను దండ్రివై మెయువసించు దశేంద్రియరోగముల్‌ నివా
రింపను వెజ్జువై కృప గుఱించి పరంబు దిరంబుగాఁగ స
త్సంపదలీయ నీవెగతి దాశరథీ! కరుణాపయోనిధీ!"	vutpalamaala
"కుక్షినజాండ పంక్తులొనఁగూర్చి చరాచరజంతుకోటి సం
రక్షణసేయు తండ్రివి పరంపర నీ తనయుండనైన నా
పక్షము నీవు గావలదె పాపము లెన్ని యొనర్చినన్‌ జగ
ద్రక్షక కర్త వీవె కద దాశరథీ! కరుణాపయోనిధీ!"	vutpalamaala
"గద్దరి యోగిహృత్కమల గంధరసానుభవంబుఁజెందు పె
న్నిద్దపు గండుఁదేఁటి ధరణీసుత కౌఁగిలిపంజరంబునన్‌
ముద్దులు గుల్కు రాచిలక ముక్తినిధానమ రామ రాఁగదే
తద్దయు నేఁడు నాకడకు దాశరథీ! కరుణాపయోనిధీ!"	vutpalamaala
"కలియుగ మర్త్యకోటి నినుఁ గన్గొనరాని విధంబొ భక్తవ
త్సలతవహింపవో చటుల సాంద్రవిపద్దశ వార్ధిఁగ్రుంకుచో
బిలిచినఁ బల్కవింతమఱపే నరులిట్లనరాదుగాక నీ
తలఁపునలేదే సీత చెఱ దాశరథీ! కరుణాపయోనిధీ!"	champakamaala
"జనవర! మీ కథాళి విన సైఁపక కర్ణములందు ఘంటికా
నినద వినోదముల్‌ సలుపు నీచునకున్‌ వరమిచ్చినావు ని
న్ననయమునమ్మి కొల్చిన మహాత్ములకేమి యొసంగెదో సనం
దననుత! మాకొసంగుమయ దాశరథీ! కరుణాపయోనిధీ!"	champakamaala
"పాపము లొందువేళ రణపన్నగభూత భయజ్వరాదులం
దాపద నొందువేళ భరతాగ్రజ మిమ్ము భజించువారికిం
బ్రాపుగ నీవుఁ దమ్ముఁడిరు ప్రక్కియలంజని తద్విపత్తిసం
తాపముమాన్పి కాతువఁట దాశరథీ! కరుణాపయోనిధీ!"	vutpalamaala
"అగణితజన్మకర్మదురితాంబుధిలోఁ బహుదుఃఖవీచికల్‌
దెగిపడ నీఁదలేక జగతీధవ నీ పదభక్తినావచేఁ
దగిలి తరింపగోరితిఁ బదంపడి నాదు భయంబుమాన్పవే
తగదని చిత్తమందిడక దాశరథీ! కరుణాపయోనిధీ!"	champakamaala
"నేనొనరించు పాపము లనేకములైనను నాదుజిహ్వకుం
బానకమయ్యె మీపరమ పావననామము దొంటి చిల్క ""రా
మా! ననుఁగావు""మన్న తుది మాటకు సద్గతిఁజెందెఁ గావునన్‌
దాని ధరింపఁగోరెదను దాశరథీ! కరుణాపయోనిధీ!"	vutpalamaala
"పరధనముల్‌ హరించి పరభామలనంటి పరాన్నమబ్బినన్‌
మురిపముకాని మీఁదనగు మోసమెఱుంగదు మానసంబు దు
స్తరమిది కాలకింకర గదాహతి పాల్పడనీక మమ్మునే
తఱిదరిఁజేర్చి కాచెదవొ దాశరథీ! కరుణాపయోనిధీ!"	champakamaala
"చేసితి ఘోరకృత్యములు చేసితి భాగవతాపచారముల్‌
చేసితి నన్యదైవములఁ జేరి భజించిన వారిపొందు నేఁ
చేసితినేరముల్‌ దలఁచి చిక్కులఁబెట్టకుమయ్య యయ్య నీ
దాసుఁడనయ్య భద్రగిరి దాశరథీ! కరుణాపయోనిధీ!"	vutpalamaala
"పరుల ధనంబుఁజూచి పర భామల జూచి హరింపగోరు మ
ద్గురుతరమానసంబనెడు దొంగనుబట్టి నిరూఢదాస్య వి
స్ఫురితవివేక పాశములఁ జుట్టి భవచ్చరణంబనే మరు
త్తరువునఁ గట్టివేయఁగదె దాశరథీ! కరుణాపయోనిధీ!"	champakamaala
"సలలిత రామనామ జప సారమెఱుంగను గాశికాపురీ
నిలయుఁడఁగాను మీచరణ నీరజరేణు మహాప్రభావముం
దెలియ నహల్యఁగాను జగతీవర! నీదగు సత్యవాక్యముం
దలఁపఁగ రావణాసురుని తమ్ముఁడగాను భవద్విలాసముల్‌
తలఁచి నుతింప నాతరమె దాశరథీ! కరుణాపయోనిధీ!"	champakamaala
"పాతకులైన మీ కృపకుఁ బాత్రులు కారె తలంచి చూడ జ
ట్రాతికిఁగల్గె భావన మరాతికి రాజ్యసుఖంబము గల్గె దు
ర్జాతికిఁబుణ్యమబ్బె గపిజాతిమహత్త్వము నొందెఁగావునం
దాతవ యెట్టివారలకు దాశరథీ! కరుణాపయోనిధీ!"	vutpalamaala
"మామక పాతక వ్రజము మాన్పనగణ్యము చిత్రగుప్తు లే
మేమని వ్రాఁతురో శమనుఁడేమి విధించునొ కాలకింకర
స్తోమ మొనర్చుటేమొ వినఁ జొప్పడదింతకుమున్నె దీనచిం
తామణి యెట్లుగాచెదవొ దాశరథీ! కరుణాపయోనిధీ!"	vutpalamaala
"దాసిన చుట్టమా శబరి దాని దయామతి నేలినావు నీ
దాసుని దాసుడా గుహుడు తావక దాస్య మొసంగినావు నే
జేసినపాపమో వినుతి చేసిన గావవు గావుమయ్య నీ
దాసులలోన నేనొకఁడ దాశరథీ! కరుణాపయోనిధీ!"	vutpalamaala
"దీక్షవహించి నా కొలది దీనుల నెందఱిఁ గాచితో జగ
ద్రక్షక తొల్లి యా ద్రుపదరాజతనూజ తలంచినంతనే
యక్షయమైన వల్వలిడి తక్కట నా మొఱఁజిత్తగించి ప్ర
త్యక్షము గావవేమిటికి దాశరథీ! కరుణాపయోనిధీ!"	vutpalamaala
"నీలఘనాభమూర్తివగు నిన్నుఁగనుంగొనఁగోరి వేడినన్‌
జాలముసేసి డాగెదవు సంస్తుతికెక్కిన రామనామ మే
మూలను దాచుకోఁగలవు ముక్తికి బ్రాపది పాపమూలకు
ద్దాలముగాదె మాయెడల దాశరథీ! కరుణాపయోనిధీ!"	vutpalamaala
"వలదు పరాకు భక్తజన వత్సల నీ చరితంబు వమ్ముగా
వలదు పరాకు నీ బిరుదు వజ్రమువంటిది కావకూరకే
వలదు పరాకు నా దురిత వార్ధికిఁదెప్పవుగా మనంబులో
దలఁతుమె కా నిరంతరము దాశరథీ! కరుణాపయోనిధీ!"	champakamaala
"తప్పులెఱుంగలేక దురితంబులు సేసితినంటి నీవు మా
యప్పవుగావుమంటి నిఁక నన్యులకున్‌ నుదురంటనంటి నీ
కొప్పిదమైన దాసజను లొప్పిన బంటుకు బంటనంటి నా
తప్పులకెల్ల నీవెగతి దాశరథీ! కరుణాపయోనిధీ!"	vutpalamaala
"ఇతఁడు దురాత్ముఁడంచు జనులెన్నఁగ నాఱడిఁగొంటి నేనెపో
పతితుఁడనంటిపో పతితపావనమూర్తివి నీవుగల్గ నే
నితరుల వేఁడనంటి నిహమిచ్చిన నిమ్ము పరంబొసంగు మీ
యతులిత రామనామ మధురాక్షరపాళి నిరంతరంబు హృ
ద్గతమని నమ్మికొల్చెదను దాశరథీ! కరుణాపయోనిధీ!"	champakamaala
"అంచితమైన నీదు కరుణామృతసారము నాదుపైని బ్రో
క్షించినఁ జాలు దాన నిరసించెద నా దురితంబులెల్లఁ దూ
లించెదఁ వైరివర్గ మెడలించెదఁ గోర్కుల నీదుబంటనై
దంచెదఁ గాలకింకరుల దాశరథీ! కరుణాపయోనిధీ!"	vutpalamaala
"జలనిధులేడునొక్క మొగిఁ జక్కికిఁదెచ్చె శరంబు ఱాతినిం
పలరగఁ జేసెనాతిగఁ బదాబ్జపరాగము నీ చరిత్రముం
జలజభవాది నిర్జరులు సన్నుతి సేయఁగ లేరు గావునం
దలఁప నగణ్యమయ్య యిది దాశరథీ! కరుణాపయోనిధీ!"	champakamaala
"కోతికి శక్యమా యసుర కోటుల గెల్వను గెల్చెబో నిజం
బాతని మేన శీతకరుఁడౌట దవానలుఁడెట్టివింత మా
సీత పతివ్రతామహిమ సేవకు భాగ్యము మీ కటాక్షమున్‌
ధాతకు శక్యమా బొగడ దాశరథీ! కరుణాపయోనిధీ!"	vutpalamaala
"భూపలలామ రామ రఘుపుంగవరామ త్రిలోకరాజ్య సం
స్థాపనరామ మోక్షఫలదాయకరామ మదీయపాపముల్‌
పాపఁగదయ్య రామ నినుఁ బ్రస్తుతిసేసెదనయ్య రామ సీ
తాపతి రామ భద్రగిరి దాశరథీ! కరుణాపయోనిధీ!"	vutpalamaala
"నీ సహజంబు సాత్త్వికము నీ విడిపట్టు సుధాపయోధి ప
ద్మాసనుఁడాత్మజుండు గమలాలయ నీ ప్రియురాలు నీకు సిం
హాసనమిద్ధరిత్రి గొడుగాకస మక్షులు చంద్రభాస్కరుల్‌
నీ సుమతల్పమాదిఫణి నీవె సమస్తముఁ గొల్చునట్టి నీ
దాసుల భాగ్యమెట్టిదయ దాశరథీ! కరుణాపయోనిధీ!"	vutpalamaala
"చరణము సోఁకినట్టి శిల జవ్వనిరూపగు టొక్కవింత సు
స్థిరముగ నీటిపై గిరులు దేలిన దొక్కటి వింతగాని మీ
స్మరణఁ దనర్చుమానవులు సద్గతిఁజెందిన దెంతవింత యీ
ధరను ధరాత్మజారమణ దాశరథీ! కరుణాపయోనిధీ!"	champakamaala
"దైవము తల్లిదండ్రి తగుదాత గురుండు సఖుండు నిన్నె కా
భావన సేయుచున్న తఱిఁబాపములెల్ల మనోవికార దు
ర్భావితుఁజేయుచున్నవి కృపామతివై నను గావుమీ జగ
త్పావనమూర్తి భద్రగిరి దాశరథీ! కరుణాపయోనిధీ!"	vutpalamaala
"వాసవ రాజ్యభోగ సుఖవార్ధిని దేలు ప్రభుత్వమబ్బినా
ఉయాసకు మేరలేదు కనకాద్రిసమానధనంబు గూర్చినం
గాసును వెంటరాదు కని కానక చేసిన పుణ్యపాపముల్‌
వీసరబోవ నీవు పదివేలకుఁజాలు భవంబునొల్ల నీ
దాసునిగాఁగ నేలికొను దాశరథీ! కరుణాపయోనిధీ!"	vutpalamaala
"సూరిజనుల్‌ దయాపరులు సూనృతవాదులలుబ్ధమానవుల్‌
వీరపతివ్రతాంగనలు విప్రులు గోవులు వేదముల్‌ మహీ
భారముఁ దాల్పఁగా జనులు పావనమైన పరోపకార స
త్కార మెఱుంగలే రకట దాశరథీ! కరుణాపయోనిధీ!"	vutpalamaala
"వారిచరావతారమున వారధిలోఁ జొఱఁబాఱిఁ క్రోధ వి
స్తారగుడైన యా నిగమ తస్కరవీర నిశాచరేంద్రునిన్‌
జేరి వధించి వేదముల చిక్కెడలించి విరించికిన్‌ మహో
దారతనిచ్చితీవెగద దాశరథీ! కరుణాపయోనిధీ!"	vutpalamaala
"కరమనురక్తి మందరము గవ్వముగా నహిరాజు ద్రాడుగా
దొరకొని దేవదానవులు దుగ్ధపయోధి మథించుచున్నచో
ధరణిచలింప లోకములు తల్లడమందఁగఁ గూర్మమై ధరా
ధరము ధరించితీవె కద దాశరథీ! కరుణాపయోనిధీ!"	champakamaala
"ధారుణి జాపజుట్టిన విధంబునగైకొని హేమనేత్రుఁడ
వ్వారిధిలోన డాఁగినను వానివధించి వరాహమూర్తివై
ధారుణిఁ దొంటి కైవడిని దక్షిణశృంగమునన్‌ ధరించి వి
స్తార మొనర్చితీవెకద దాశరథీ! కరుణాపయోనిధీ!"	vutpalamaala
"పెటపెట నుక్కు కంబమున భీకరదంత నఖాంకుర ప్రభా
పటలము గప్ప నుప్పతిలి భండనవీథి నృసింహభీకర
స్ఫుటపటుశక్తి హేమకశిపున్‌ విదలించి సురారిపట్టి నం
తటఁగృపఁజూచితీవెకద దాశరథీ! కరుణాపయోనిధీ!"	champakamaala
"పదయుగళంబు భూగగన భాగములన్‌ వెసనూని విక్రమా
స్పదుఁడగు నబ్బలీంద్రునొక పాదమునం దలక్రిందనొత్తి మే
లొదవ జగత్త్రయంబు బురుహూతునికియ్య వటుండవైన చి
త్సదమలమూర్తి వీవెకద దాశరథీ! కరుణాపయోనిధీ!"	champakamaala
"ఇరువదియొక్కమాఱు ధరణీశుల నెల్ల వధించి తత్కళే
బర రుధిర ప్రవాహమునఁ బైతృకతర్పణ మొప్పఁజేసి భూ
సురవరకోటికిన్‌ ముదము సొప్పడ భార్గవరామమూర్తివై
ధరణినొసంగితీవెకద దాశరథీ! కరుణాపయోనిధీ!"	champakamaala
"దురమునఁ దాటకం దునిమి ధూర్జటివిల్‌ దునుమాడి సీతనుం
బరిణయమంది తండ్రిపనుపన్‌ ఘనకాననభూమి కేఁగి దు
స్తరపటుచండ కాండకులిశాహతి రావణకుంభకర్ణ భూ
ధరములఁ గూల్చితీవెకద దాశరథీ! కరుణాపయోనిధీ!"	champakamaala
"అనుపమ యాదవాన్వయసుధాబ్ధిసుధానిధి కృష్ణమూర్తి నీ
కనుజుఁడుగా జనించి కుజనావళి నెల్ల నడంచి రోహిణీ
తనయుఁడనంగ బాహుబల దర్పమునన్‌ బలరామమూర్తివై
తనరిన వేల్పవీవెకద దాశరథీ! కరుణాపయోనిధీ!"	champakamaala
"సురలునుతింపగాఁ ద్రిపుర సుందరులన్‌ వరియింప బుద్ధరూ
పరయఁగ దాల్చితీవు త్రిపురాసురకోటి దహించుచున్నప్పుడా
హరునకుఁ దోడుగా వరశరాసన బాణముఖోగ్రసాధనో
త్కర మొనరించితీవెకద దాశరథీ! కరుణాపయోనిధీ!"	champakamaala
"సంకరదుర్గమై దురిత సంకులమైన జగంబుజూచి స
ర్వంకషలీల నుత్తమ తురంగమునెక్కి కరాసిఁబూని వీ
రాంక విలాసమొప్ప గలికాకృతి సజ్జనకోటికిన్‌ నిరా
తంక మొనర్చితీవెకద దాశరథీ! కరుణాపయోనిధీ!"	vutpalamaala
"మనమున నూహపోహణలు మర్వకమున్నె కఫాదిరోగముల్‌
దనువుననంటి మేనిబిగి దప్పకమున్నె నరుండు మోక్ష సా
ధన మొనరింపఁగావలయుఁ దత్త్వవిచారము మానియుండుట
ల్తనువునకున్‌ విరోధమిది దాశరథీ! కరుణాపయోనిధీ!"	champakamaala
"ముదమున కాటపట్టు భవమోహమద ద్విరదాంకుశంబు సం
పదల కొటారు కోరికల పంట పరంబునకాది వైరుల
న్నదన జయించుత్రోవ విపదబ్ధికి నావ గదా సదాభవ
త్సదమల నామసంస్మరణ దాశరథీ! కరుణాపయోనిధీ!"	champakamaala
"దురితలతానుసారి భయదుఃఖకదంబము రామనామ భీ
కరతర హేతిచేఁదెగి వకావకలై చనకుండ నేర్చు నే
దరికొని మండుచుండు శిఖదార్కొనినన్‌ శలభాదికీటకో
త్కరము విలీనమై చనదె దాశరథీ! కరుణాపయోనిధీ!"	champakamaala
"హరిపదభక్తి నింద్రియజయాన్వితుఁ డుత్తముఁడింద్రియంబులన్‌
మరుగక నిల్పనూదినను మధ్యముఁడింద్రియపారవశ్యుఁడై
పరగినచో నికృష్టుడని పల్కగ దుర్మతినైన నన్ను నా
దరమున నెట్లుకాచెదవొ దాశరథీ! కరుణాపయోనిధీ!"	champakamaala
"వనకరిచిక్కె మైనసకు వాచవికిం జెడిపోయె మీను తా
వినికికిఁ జిక్కెఁ జిల్వ గనువేఁదుఱు జెందెను లేళ్ళు తావిలో
మనికినశించె దేఁటి తరమా యిరుమూఁటిని గెల్వనైదుసా
ధనములనీవె కావదగు దాశరథీ! కరుణాపయోనిధీ!"	champakamaala
"కరములు మీకు మ్రొక్కులిడఁ కన్నులు మిమ్మునె చూడ జిహ్వ మీ
స్మరణఁ దనర్ప వీనులు భవత్కథలన్‌ వినుచుండ నాస మీ
యఱుతనుబెట్టు పూసరుల కాసగొనం బరమార్థ సాధనో
త్కరమిది చేయవే కృపను దాశరథీ! కరుణాపయోనిధీ!"	champakamaala
"చిరతరభక్తి నొక్కతులసీదళ మర్పణ సేయువాఁడు ఖే
చరగరుడోరగ ప్రముఖసంఘములో వెలుఁగన్‌ సదాభవత్‌
స్ఫురదరవింద పాదములఁ బూజలొనర్చినవారికెల్లఁ ద
త్పర మఱచేతిధాత్రిగద దాశరథీ! కరుణాపయోనిధీ!"	champakamaala
"భానుఁడు తూర్పునందు గనుపట్టినఁ బావక చంద్రతేజముల్‌
హీనతఁజెందినట్లు జగదేకవిరాజితమైన నీ పద
ధ్యానముచేయుచున్నఁ బరదైవమరీచులడంగకుండునే
దానవ గర్వనిర్దళన దాశరథీ! కరుణాపయోనిధీ!"	vutpalamaala
"నీ మహనీయతత్త్వ రసనిర్ణయబోధకథామృతాబ్ధిలోఁ
దామును గ్రుంకులాడక వృథా తనుకష్టముజెంది మానవుం
డీ మహిలోకతీర్థములనెల్ల మునింగిన దుర్వికార హృ
త్తామసపంకముల్‌ విడునె దాశరథీ! కరుణాపయోనిధీ!"	vutpalamaala
"కాంచన వస్తుసంకలిత కల్మషమగ్నిపుటంబు బెట్టి వా
రించినరీతి నాత్మనిగిడించిన దుష్కర దుర్మలత్రయం
బంచిత భక్తియోగ దహనార్చిఁ దగుల్పక పాయునే కన
త్కాంచనకుండలాభరణ దాశరథీ! కరుణాపయోనిధీ!"	vutpalamaala
"నీ సతి పెక్కుగల్ములిడ నేర్పరి లోక మకల్మషంబుగా
నీ సుత సేయు పావనము నిర్మితి కార్యధురీణదక్షుఁడై
నీ సుతుఁడిచ్చు నాయువులు నిన్ను భజించినఁ గల్గకుండునే
దాసుల కీప్సితార్థములు దాశరథీ! కరుణాపయోనిధీ!"	vutpalamaala
"వారిజపత్రమందిడిన వారివిధంబున వర్తనీయమం
దారయ రొంపిలోన దనువంటని కుమ్మర పుర్వురీతి సం
సారమునన్‌ మెలంగుచు విచారగుఁడై పరమొందుగాదె స
త్కారమెఱింగి మానవుఁడు దాశరథీ! కరుణాపయోనిధీ!"	vutpalamaala
"ఎక్కడి తల్లితండ్రి సుతులెక్కడివారు కళత్రబాంధవం
బెక్కడ జీవుఁడెట్టి తనువెత్తినఁ బుట్టుచుఁ బోవుచున్నవాఁ
డొక్కఁడె పాపపుణ్యఫల మొందిననొక్కడె కానరాడు వే
ఱొక్కఁడు వెంటనంటిభవ మొల్లనయా కృపఁజూడవయ్య నీ
టక్కరి మాయలందిడక దాశరథీ! కరుణాపయోనిధీ!"	vutpalamaala
"దొరసిన కాయముల్ముదిమి తోచినఁజూచి ప్రభుత్వముల్సిరుల్‌
మెఱపులుగాగజూచి మఱి మేదినిలోఁ దమతోడివారు ముం
దరుగుటచూచి చూచి తెగునాయువెఱుంగక మోహపాశము
ల్దరుఁగని వారికేమి గతి దాశరథీ! కరుణాపయోనిధీ!"	vutpalamaala
"సిరిగలనాఁడు మైమఱచి చిక్కిననాఁడు దలంచి పుణ్యముల్‌
పొరిఁబొరి సేయనైతినని పొక్కినఁగల్గునె గాలిచిచ్చుపైఁ
గెరలినవేళఁ దప్పికొని కీడ్పడువేళ జలంబుగోరి త
త్తరమునఁ ద్రవ్వినంగలదె దాశరథీ! కరుణాపయోనిధీ!"	champakamaala
"జీవనమింకఁ బంకమునఁ జిక్కినమీను చలింపకెంతయున్‌
దావుననిల్చి జీవనమె దద్దయుఁ గోరువిధంబు చొప్పడం
దావలఁమైనగాని గుఱి దప్పనివాఁడు తరించువాఁడయా
తావకభక్తియోగమున దాశరథీ! కరుణాపయోనిధీ!"	vutpalamaala
"సరసుని మానసంబు సరసజ్ఞుఁడెఱుంగును ముష్కరాధముం
డెఱిఁగి గ్రహించువాడె కొలనేక నివాసముఁగాగ దర్దురం
బరయఁగ నేర్చునెట్లు వికచాబ్దమరంద రసైక సౌరభో
త్కరము మిళిందమొందు క్రియ దాశరథీ! కరుణాపయోనిధీ!"	champakamaala
"నోఁచిన తల్లితండ్రికిఁ దనూభవుఁడొక్కడె చాలు మేటి చే
చాఁచనివాఁడు వేఱొకఁడు చాచిన లేదనకిచ్చువాఁడు నో
రాఁచి నిజంబకాని పలుకాడనివాఁడు రణంబులోన మేన్‌
దాఁచనివాఁడు భద్రగిరి దాశరథీ! కరుణాపయోనిధీ!"	vutpalamaala
"""శ్రీయుత జానకీరమణ చిన్మయరూప రమేశరామ నా
రాయణ పాహిపాహి""యని బ్రస్తుతిఁ జేసితి నా మనంబునం
బాయక కిల్బిష వ్రజ విపాటనమందఁగజేసి సత్కళా
దాయి ఫలంబు నాకియవె దాశరథీ! కరుణాపయోనిధీ!"	vutpalamaala
"ఎంతటి పుణ్యమో శబరి యెంగిలిగొంటివి వింతగాదె నీ
మంతనమెట్టిదో యుడుతమైని కరాగ్ర నఖాంకురంబులన్‌
సంతసమందఁజేసితివి సత్కులజన్మమ దేమిలెక్క వే
దాంతముగాదె నీ మహిమ దాశరథీ! కరుణాపయోనిధీ!"	vutpalamaala
"బొంకనివాఁడె యోగ్యుఁ డరిబృందము లెత్తినచోటఁ జివ్వకుం
జంకనివాఁడె జోదు రభసంబున నర్థికరంబు సాఁచినం
గొంకనివాఁడె దాత మిముఁ గొల్చి భజించినవాఁడె పో నిరా
తంకమనస్కుఁడెన్నగను దాశరథీ! కరుణాపయోనిధీ!"	vutpalamaala
"భ్రమరము గీటకంబుఁగొని పాల్పడి ఝాంకరణోపకారియై
భ్రమరముగా నొనర్చునని పల్కుటఁజేసి భవాది దుఃఖసం
తమసమెడల్చి భక్తి సహితంబుగ జీవుని విశ్వరూప త
త్త్వమును ధరించుటేమరుదు దాశరథీ! కరుణాపయోనిధీ!"	champakamaala
"తరువులు పూచి కాయలగు దత్కుసుమంబులు పూజగా భవ
చ్చరణము సోఁకి దాసులకు సారములౌ ధనధాన్యరాసులై
కరిభట ఘోటకాంబర నికాయములై విరజానదీసము
త్తరణ మొనర్చుఁజిత్రమిది దాశరథీ! కరుణాపయోనిధీ!"	champakamaala
"పట్టితి భట్టరార్యగురు పాదములిమ్మెయి నూర్ధ్వపుండ్రముల్‌
వెట్టితి మంత్రరాజ మొడబెట్టితి నయ్యమకింకరాళికిం
గట్టితి బొమ్మ మీ చరణ కంజములందుఁ దలంపుపెట్టి బో
దట్టితిఁ బాపపుంజముల దాశరథీ! కరుణాపయోనిధీ!"	vutpalamaala
"అల్లన లింగమంత్రిసుతుఁ డత్రిజ గోత్రజుఁడాదిశాఖ కం
చెర్లకులోద్భవుండనఁ బ్రసిద్ధుఁడనై భవదంకితంబుగా
నెల్లకవుల్‌ నుతింప రచియించితి గోపకవీంద్రుఁడన్‌ జగ
ద్వల్లభ నీకు దాసుఁడను దాశరథీ! కరుణాపయోనిధీ!"	vutpalamaala
"శ్రీకైవల్యరమాధినాథ నిను నర్థిం గీర్తనల్‌జేసి కా
దా కంజాతభవేంద్ర నారద శుకవ్యాసాంబరీషార్జునుల్‌
నీకారుణ్యముఁ గాంచుటల్‌ ననుమతి\న్‌ నేనెంతధన్యుండనో
నాకుఁ జేకురె నట్టిభాగ్యములు కృష్ణా దేవకీనందనా."	saardulamu
"శ్రీవైకుంఠనివాసగోత్రధర లక్ష్మీనాథ గోపాల లీ
లావిర్భావ పతంగవాహ యదువంశాంభోధిచంద్రోదయా
నీవే దిక్కని యున్నవాఁడను దయన్‌ వీక్షించి రక్షించవే
నావిజ్ఞాపన మాలకించు మది కృష్ణా దేవకీనందనా."	saardulamu
"శ్రీరామావసుధాకళత్రములపైఁ జెన్నొందు పాదాబ్జముల్‌
గారామారఁగఁ జూచి శేషఫణి దాఁ గౌతూహలంబొప్పఁగా
క్షీరాంభోనిధిఁ బవ్వళించి యమరుల్‌ సేవింపఁగా నొప్పుని
న్నారాధింతు మదీయచిత్తమునఁ గృష్ణా దేవకీనందనా."	saardulamu
"నీడల్‌ దేఱెడు చెక్కుటద్దములతో నిద్దంపుఁగెమ్మోవితో
కూడీకూడని చిన్నికూకటులతో గోపార్భకశ్రేణితో
వ్రీడాశూన్య కటీరమండలముతో వేడ్క\న్‌ వినోదించుచు
న్నాఁ డా శైశవమూర్తి నేఁ దలఁతుఁ గృష్ణా దేవకీనందనా."	saardulamu
"అందెల్‌ చిన్నిపసిండిగజ్జియలు మ్రోయ\న్‌ మేఖలాఘంటికల్‌
క్రందై మ్రోయఁగ రావిరేకనుదుట\న్‌ గంపింప గోపార్భకుల్‌
వందారుల్‌ గన వెన్నముద్దలకు నై వర్తించు మీబాల్యపుం
జందం బాదివిజుల్‌ నుతించుటలు కృష్ణా దేవకీనందనా."	saardulamu
"వేదోద్ధారకుఁగా సుధాప్రభువుఁగా విశ్వంభరావాహుఁగా
వాదావిర్భవుఁగా త్రయీవటువుఁగా వర్ధిష్ణుతాయుష్యుఁగా
కోదండాశుగపాణిఁగా బలునిఁగా ఘోరవ్రతచ్ఛేదిఁగా
నాదిబ్రహ్మముఁగాఁ దలంతు మదిఁ గృష్ణా దేవకీనందనా."	saardulamu
"అమరుల్మ్రొక్కులచే మునుల్‌ నుతులచే నార్యుల్మహానిష్ఠచే
సమరోత్సాహజనుల్‌ పునశ్చరణచే సాధుల్‌ దయాబోధచే
నమితోదారకళాఢ్యు లర్పణలచే నధ్యాత్ము లైక్యంబుచే
సమతం గాంచిరి మీపదాబ్జములు కృష్ణా దేవకీనందనా."	mattebhamu
"జపముల్‌ సేయఁగ నేర నీమమున నిచ్చ ల్పూజ సేయంగలే
నుపవాస వ్రతభక్తి చొప్పెఱుఁగ వేదోక్తక్రమస్థుండఁగా
నపరాధంబులు నాయెడం దఱచు నే నజ్ఞాని నెబ్భంగుల\న్‌
జపలుం డంచు నుపేక్ష సేయకుము కృష్ణా దేవకీనందనా."	mattebhamu
"సుకరంబై సురసేవ్యమై సులభమై సువ్యక్తమై యుక్తమై
ప్రకటంబై పరమార్థమై ప్రమదమై ప్రద్యోతమై పథ్యమై
యకలంకామృతమై యమోఘతరమై యానందమై యందమై
సకలంబు\న్‌ భరియించు మీమహిమ కృష్ణా దేవకీనందనా."	mattebhamu
"కొండల్వంటి కవీశ్వరుల్‌ శతకము ల్గూర్పంగఁ గోటానకో
ట్లుండ\న్‌ నీవును జెప్పఁబూనితి వదేమో యంటివా వింటివా
వండేనేర్పులఁ బెక్కురీతుల రుచుల్‌ వర్తింపవే శాకముల్‌
దండి\న్‌ నామన వాలకింపు మదిఁ గృష్ణా దేవకీనందనా."	saardulamu
"చన్నే నిన్నును బాలుఁగాఁ దలఁచి యిచ్చం బూతనాకాంత దాఁ
జన్నుల్నిండఁగఁ జేఁదుఁ బూసికొని యా చన్బాలు నీకిచ్చినం
జన్నుంబాలకు లోనుగాక యసుర\న్‌ సాధించి యాయింతికి\న్‌
సన్న\న్‌ ముక్తి యొసంగితీవు భళి కృష్ణా దేవకీనందనా."	saardulamu
"విలసిల్ల\న్‌ పదియాఱువేలసతుల\న్‌ వీక్షించి వారిండ్ల లో
పల వర్తించుచునుండి వీటఁ గల గోపస్త్రీలనెల్ల\న్‌ గడుం
బలిమి\న్‌ బట్టి రమించినాఁడవు భళీ ప్రాజ్ఞుండ వీవౌదు భూ
స్థలి నీవేకద కొంటెదేవరవు కృష్ణా దేవకీనందనా."	mattebhamu
"పొలుపొంద\న్‌ నడిరేయిఁ గుక్కుట రవంబుల్‌ చూపి గోపాలకా
వళి విభ్రాంతులఁ జేసి మందలకునై వారేఁగఁ దత్కామినీ
కలనాయత్నము తామ్రచూడగతుల\న్‌ గావించి నీకీర్తి ర
చ్చల కెక్కెం గడుగొయ్యదేవరవు కృష్ణా దేవకీనందనా."	mattebhamu
"అనిరుద్ధాచ్యుత యీశకేశవ ముకుందాధోక్షజోపేంద్రవా
మన దామోదర చక్రపాణి హలి రామా శౌరి శార్ఙ్గీ జనా
ర్దన పీతాంబర భక్తవత్సల నమో దైత్యారి వైకుంఠవా
స నృసింహాంబుజనాభ ప్రోవు ననుఁ గృష్ణా దేవకీనందనా."	mattebhamu
"ఇల గోవర్ధన మెత్తితీ వనుచు బ్రహ్మేంద్రాదు లెంతో నినుం
బలుమారున్నుతులొప్పఁ జేసెదరు పద్మాక్షా కుచాగ్రంబునం
జులకన్నెత్తిన రాధనెన్న రిదిగో సొంపొంద సత్కీర్తి ని
శ్చలపుణ్యంబునఁ గాక చొప్పడునె కృష్ణా దేవకీనందనా."	mattebhamu
"మౌళిం బింఛపుదండ యొప్పుగ నటింపంగౌను శృంగారపు\న్‌
శ్రీ లెంచంగను పిల్లఁగ్రోవి రవము\న్‌ జేకోలము\న్‌ జెక్కుచు\న్‌
గేల\న్‌ మెచ్చొనరింపఁ గోపకులతోఁ గ్రీడారసస్ఫూర్తి నీ
వాలం గాచువిధంబు నేఁ దలఁతుఁ గృష్ణా దేవకీనందనా."	saardulamu
"పెచ్చుల్‌ ప్రేలుచుఁ బిల్లఁగ్రోవి రవము\న్‌ బెంపొందఁగాఁ జొక్కుచు\న్‌
నిచ్చల్‌ నిన్ను భజింప గోపగణము\న్‌ నిత్యోత్సవక్రీడమై
నెచ్చల్‌ మచ్చిక ముచ్చటచ్చుపడఁగా హెచ్చించి కీర్తించి నీ
సచ్చారిత్రము విన్నఁ బుణ్యమగుఁ గృష్ణా దేవకీనందనా."	saardulamu
"లలనాకుంచితవేణియుం దడవ మొల్లల్‌ జాఱ కస్తూరికా
తిలకంబుం గఱఁగంగ లేఁతనగవు\న్‌ దీపింప నెమ్మోమున\న్‌
దళుకుల్‌ చూపెడిచూపు లుల్లసిల నానారీతుల\న్‌ వేణుపు
ష్కలనాదంబులపెంపుఁ జూపుదువు కృష్ణా దేవకీనందనా."	mattebhamu
"కలకాంచీమణికింకిణీమధురనిక్వాణంబు మంజీరమం
జులరావంబును గొంతకొంత వినవచ్చెన్‌ బట్ట లేనైతి నం
కిలి నిద్రించుట మోసపుచ్చె హితవాగ్గేయుండు నేఁడంచు ని
చ్చలు మీశౌర్యము లెంచు గోపతతి కృష్ణా దేవకీనందనా."	mattebhamu
"కలనైన\న్‌ నగియైనఁ గోప మెసఁగంగా నైన మీనామ ని
ర్మలవర్ణద్వయ మెవ్వరేఁదలఁచినం బాపౌఘముల్వాయును
జ్జ్వలభాన్వప్రతిమానచండకిరణవ్రాతాహతిం జీఁకటుల్‌
చలనం బంది తొలంగుచందమునఁ గృష్ణా దేవకీనందనా."	mattebhamu
"నినునెవ్వాఁడు దలంచు నీమహిమ వర్ణింపంగ నెవ్వాఁడు నే
ర్పునఁబూను\న్‌ నినుగొల్చునట్టిఘనుఁ డాపుణ్యాత్ములోకైకమా
న్యునిఁగా ధన్యునిఁగా వివేకనిధిఁగా నుద్యద్గుణాంభోధిఁగా
ననిశంబుం గొనియాడఁ గోరుదురు కృష్ణా దేవకీనందనా."	mattebhamu
"శీలంబు\న్‌ గులము\న్‌ వివేకనిధి లక్ష్మీకాంతవక్షస్స్థలి\న్‌
హాళింబాయకయుండు కాముకుఁడవై హంకారవృత్తి\న్‌ సదా
స్త్రీలోలుండన రాధతోఁ బెనఁగుట ల్చిత్రంబులు న్నౌర నీ
జాలం బే మని సన్నుతించెదను కృష్ణా దేవకీనందనా."	saardulamu
"శ్రీలక్ష్మీధవ రుక్మిణిం గలసి కూర్మి\న్‌ మిత్రవందా సుదం
తాలోలాక్షులఁ గూడి జాంబవతి సత్యాలక్ష్మణాభద్రల\న్‌
కాళింది\న్‌ మరుకేళిఁ దేల్చితివి శృంగారాంగగోపాంగనా
జాలంబు\న్‌ దనియింతు నౌర తుదఁ గృష్ణా దేవకీనందనా."	saardulamu
"మద్దు ల్గూల్చినలాగొ వేగ మనిలో మన్నించి గాండీవికి\న్‌
బుద్దుల్‌ సెప్పినలాగొ మోదరసముప్పొంగ\న్‌ యశోదమ్మకు\న్‌
ముద్దుల్గా నటియించులాగొ వరుస\న్‌ మువ్వేళల\న్‌ వేడుక\న్‌
చద్దు ల్మెక్కి రహించులాగొ ధరఁ గృష్ణా దేవకీనందనా."	saardulamu
"చరణాబ్జంబులు వీడ్వడ\న్‌ నిలచి యోజ\న్‌ దట్టిలో పిల్లఁగ్రోల్‌
కర మొప్పారఁగ నుంచి యింపొందవఁ జంక\న్‌ గోలనందిచ్చి బ
ల్వురుగోపాలురు జుట్టునుంగొలువ వేల్పుల్‌ గ్రుక్కిళుల్మ్రింగఁగా
నరయం జల్ది భుజింపవే యడవిఁ గృష్ణా దేవకీనందనా."	mattebhamu
"మెఱుఁగుల్దేఱు మహేంద్రనీలనిభమౌ మేన\న్‌ సమీపాటగో
ఖుర నిర్ధూత ధరాపరాగలవ పంక్తుల్గప్పఁగా నొక్కచేఁ
బురిగోలొక్కటఁ బాలకుండఁ గొనుచుం బొల్పొంగ గోధుగ్జనాం
తర వర్ధిష్ణుఁడవైన ని\న్‌ గొలుతుఁ గృష్ణా దేవకీనందనా."	mattebhamu
"అధివ్యాధిహరంబు జన్మమరణవ్యాపారదుష్కర్మ దు
ర్బోధావ్యాప్తినివారణంబు సతతస్ఫూర్జ జ్జగద్రక్షణో
న్మేధాయుక్తము భక్తవాంఛితఫలానీకప్రధానైక దీ
క్షాధౌరేయము నీమహామహిమ కృష్ణా దేవకీనందనా."	saardulamu
"హాలాహాలశిరోధిమౌళి నయనోద్యద్భీమ ధూమధ్వజ
జ్వాలాభీలకరాళరూక్ష విషనిశ్వాసోష్ణకృష్ణానదాం
భోలీలాస్పద కాళియస్ఫుటనటద్భోగాగ్ర మధ్యంబున\న్‌
హాళి\న్‌ దాండవమాడు ని\న్‌ దలఁతుఁ గృష్ణా దేవకీనందనా."	saardulamu
"తినదేచెట్టున నాకు మేఁక గుహ గొందిం బాము నిద్రింపదే
వనవాసంబునఁ బక్షులు\న్‌ మృగములు\న్‌ వర్తింపవే నీటిలో
మునుకల్‌ వేయవె మత్స్యకచ్ఛపములు న్మోక్షార్థమౌ ముక్తికి\న్‌
మనసే మూలము నీదుభక్తులకు కృష్ణా దేవకీనందనా."	mattebhamu
"వింటిం గొంతగ మీమహత్వమును నుర్వి\న్‌ దర్శనప్రాప్తిచే
ఘంటాకర్ణుని నుగ్రసేనతనయుం గైవల్యతేజంబు ని
న్నంటంజేయవె మాటమాత్రమున నిట్లాశ్చర్యము\న్‌ బొందఁగా
నంటం బొందనివేల్పు ని\న్‌ గొలుతుఁ గృష్ణా దేవకీనందనా."	saardulamu
"విలసత్కావ్యకళాధురీణతలు తద్విజ్ఞానులైనట్టి వే
త్తలకుం గాకవి యేల మూర్ఖులకు గాధల్‌ జెందు భాగీరథీ
దళితాంభోరుహ షండమండిత మరందగ్రాస మాధుర్యవాం
ఛలు జోరీఁగల కేల తేంట్లగతి కృష్ణా దేవకీనందనా."	mattebhamu
"చతురంభోధిపరీత భూవలయరాజానేకకోటీర రం
జితమాణిక్యవిరాజమానపద రాజీవుండు ధర్మాత్మజుం
డతికారుణ్యముచేత మత్స్యపతికొ ల్వాసింపఁడే నీదు శా
శ్వత కారుణ్యము గల్గునంతకును కృష్ణా దేవకీనందనా."	mattebhamu
"శుకమద్గౌతమ కణ్వ కుత్స జమదగ్న్యోదంక శాండిల్య శౌ
నక పారాశర కశ్యపాత్రి ఘటజాహ్నేంద్ర ప్రభూత త్రియం
బక కంజోద్భవ నారదాదిమునిహృత్పంకేజ సౌమ్యత్పిపా
సకృపాసాగర నీకు మ్రొక్కెదను కృష్ణా దేవకీనందనా."	mattebhamu
"వివిధోగ్రస్థవన ప్రచండబలవిద్వేషావనీనాయకో
త్సవభంజీకృతశాలి యర్జునుఁడు దోస్సత్వుండు మత్స్యావనీ
ధవుగేహంబున నాట్యతాళధరియై తా నిల్వఁడే సన్ముని
స్తవ నీసత్కృప గల్గునంతకును కృష్ణా దేవకీనందనా."	mattebhamu
"బలభేది న్నలయించి ఖాండవవని\న్‌ భస్మంబు గావించి ము
న్నెలమి\న్‌ దైత్యులఁద్రుంచి యొక్కటి శివున్నిర్జించి కౌరవ్యుల\న్‌
బలి గావించి కిరీటి బోయలకు గోపస్త్రీల నొప్పింపఁడే
యల నీతేజము నీవు గైకొనినఁ గృష్ణా దేవకీనందనా."	mattebhamu
"ఇలఁ దద్వైరి నృపాల ఫాలఫలక ప్రత్యగ్ర రక్తచ్ఛటా
కలితోదార గదావిజృంభణ భుజాగర్వుండు భీముండు కు
క్కలకుం జాపఁడె యేకచక్రపురి భిక్షావేళ యుష్మత్సము
జ్జ్వలకారుణ్యము గల్గునంతకును కృష్ణా దేవకీనందనా."	mattebhamu
"అతిసౌందర్యసమగ్రధైర్యఘనశౌర్యస్ఫూర్తియు\న్‌ గీర్తియు
న్నతులప్రాభవరేఖయు\న్‌ గలిగి చోద్యంబెన్నఁగా ఘోటక
ప్రతతిం దిద్దఁడె నిత్యము\న్‌ నకులుఁ డేపారంగ నీసత్కృప\న్‌
సతమై రాజ్యము గల్గునంతకును కృష్ణా దేవకీనందనా."	mattebhamu
"బక దైతేయమహాబలు\న్‌ సమరభూభాగంబున\న్‌ వాయుపు
త్రకుఁ డీల్గించిన నేకచక్రపురివారల్‌ మెచ్చి యింటింట వం
టకము ల్బెట్టిరిగాని భిక్షయనుమాట\న్‌ మాన్పలేరైరి యం
తకు వారల్‌ గొఱఁతేమి చాలుటకుఁ గృష్ణా దేవకీనందనా."	mattebhamu
"గహనావాసములోన నన్నలకుఁ దా గారాబుతమ్ముండునై
విహరించేతఱి భావికాలగతి నన్వేషించుచు\న్‌ శౌర్యసం
గ్రహుఁడై యావులఁగాచె మత్స్యపురిలోఁ గర్మానుగుణ్యక్రియ
స్సహదేవుం డతిధైర్యమార్గమునఁ గృష్ణా దేవకీనందనా."	mattebhamu
"వినుతానేకతురంగవారణ రథోర్వీనాథదీవ్యన్నికే
తన చక్రధ్వజచామరద్రఢిమతోఁ దథ్యాత్ముఁడౌ నాసుయో
ధనుఁ డేకాకియుఁ బాదచారియునునై దర్పంబువోనాడి పో
యెను మిమ్మెట్టుఁ దలంచి చూడకయ కృష్ణా దేవకీనందనా."	mattebhamu
"రక్షింపం దగువీరుఁ డెవ్వఁ డననీరాజుల్‌ వృథాతేజులే
మోక్షశ్రీయొసఁగు\న్‌ విభుండెవఁడు శ్రీమోహాకృతి న్దేవతల్‌
రక్షోజాక్ష శుభప్రధానగరిమ\న్‌ రాజిల్లురాజేంద్రుల\న్‌
సాక్షాద్బ్రహ్మము నీవె ధన్యులకుఁ గృష్ణా దేవకీనందనా."	saardulamu
"కొలిచేది\న్‌ వగలేకనే నడిగితే కోపించు టీలేకనే
చెలువం బెచ్చుటకోటనేవిభవముల్‌ చేకూరుటల్‌ రూకనే
బలవంతుం డగుమూకనే సతిచెడు\న్‌ ప్రాణేశుపైఁ గోపనే
జలదశ్యామల శంఖచక్రధర కృష్ణా దేవకీనందనా."	mattebhamu
"బలశౌర్యోన్నతి శత్రులం గెలిచి సప్తద్వీపవిశ్వంభరా
స్థలి నేలించి సమస్తవైభవములన్‌ దీపించి దిక్పాలకా
వళి కీర్తింప మెలంగునైషధుఁడు దా వర్తింపఁడే తొల్లి వం
టలవాఁడై ఋతుపర్ణుచెంగటను కృష్ణా దేవకీనందనా."	mattebhamu
"ధరలో గోళకుఁ డైనపాండునికళత్రం బందు వేర్వేఱనే
వురకు\న్‌ బుట్టినపాండునందనులు దివ్యుల్మెచ్చ వర్తింపఁ ద
చ్చరితం బంతయు భారతంబని ప్రశస్తంబయ్యె నీనామసం
స్మరణప్రౌఢిమఁ గాదె యీఘనత కృష్ణా దేవకీనందనా."	mattebhamu
"క్రతువుల్‌ నూఱొనరించి యింద్రపదవిన్గర్వించియింద్రాణికై
ధృతిఁదూల\న్‌ మరుఁడేచఁగా నహుషుఁడద్దేవేంద్రుభోగానుసం
గతిగాఁ గోరినకుంభసంభవుఁడు గిన్క\న్‌ దిట్టిన\న్‌ జెందఁడే
సతతంబు\న్‌ పెనుబాముచందమును కృష్ణా దేవకీనందనా."	mattebhamu
"ఘనుల\న్‌ నీచుల నీచుల\న్‌ ఘనుల సత్కారాఢ్యుల\న్‌ దుష్క్రియా
జనితోద్యోగుల నర్థవంతులను భిక్షాయుక్తుల\న్‌ భిక్షుల\న్‌
ధనికవ్రాతముగా నొనర్చుచును నిత్యంబు\న్‌ మహాగారడం
బని నందించు వినోదరాయ హరి కృష్ణా దేవకీనందనా."	mattebhamu
"శ్రీలక్ష్మీధవ వాసుదేవ వరదా రాజీవపద్మాసనా
వ్యాళాధీశ్వర శర్వ షణ్ముఖ శుకాద్యస్తోత్ర సత్పాత్ర గో
పాలానీక ముఖాబ్జభాస్కర కృపాపాథోధి న\న్‌ గావు మూ
ర్ధాలంకార మయూర పింఛధర కృష్ణా దేవకీనందనా."	saardulamu
"పతులున్నేవురునెన్నఁగాఁగలిగి భూపాలాంగనానీకముల్‌
సతతంబు\న్‌ గనుసన్నల\న్‌ మెలఁగుచైశ్వర్యంబుతోనుండి తా
నతిభక్తిం జని యాసుధేష్ణకును జేయం బూనదే ద్రౌపదీ
సతి యాశ్చర్యము నీవిలాసములు కృష్ణా దేవకీనందనా."	mattebhamu
"మీసామర్థ్యము గల్గునంతకును నెమ్మి\న్‌ బాండుసూనుండు నా
యాసం బొంద మహాద్భుతంబుగ విరాటాధీశుపట్ణంబులో
గ్రాసోపాయము లేక భిక్ష మడుగ\న్‌ గాషాయముంబూని స
న్యాసంబు\న్‌ ధరియింపఁడే యచటఁ గృష్ణా దేవకీనందనా."	saardulamu
"విరటుం గొల్చినవాఁడు నొక్కఁడిలఁ బృథ్వీనాథుల\న్‌ గూల్చి సం
గరభూమి\న్‌ ఘనవైరివీరతతులన్గారించుచు\న్‌ ద్రుంచి యి
ద్ధరకు న్నగ్రజు రాజుఁ జేసియు తుది\న్‌ దా నీకృపంబాయఁడే
సరిపోదే భువి నింద్రసూనుధృతి కృష్ణా దేవకీనందనా."	mattebhamu
"అమరు ల్పద్మజువ్రాతఁదాఁటి యిపుడొక్కబ్దంబు పెద్దయ్య దు
ర్దమ దోర్దండపటుప్రతాప నిజసంరంభామరానీక వి
క్రమ దుర్వారగజాసురప్రళయ మింకం జేయ ఫాలాక్షుని\న్‌
సమరక్షోణి జయించె నర్జునుఁడు కృష్ణా దేవకీనందనా."	mattebhamu
"అక్రూరాత్మకు లైన పాండవుల బాహశక్తియు\న్‌ ధాత్రి ని
ర్వక్రంబయ్యెడునట్లు జేతు ననుచు\న్‌ వాత్సల్య మింపొంద నా
శక్రాత్మోద్భవు తేరిపై దురమున\న్‌ సారథ్యముం జేసితౌ
చక్రీ నీమునికోలకు\న్‌ జయము కృష్ణా దేవకీనందనా."	saardulamu
"గంభీరంబుగ రాయభారగరిమ\న్‌ గౌంతేయుకార్యార్థమై
శుంభల్లీలల ధార్తరాష్ట్రుసభఁ దామూహించి తద్వాక్యము
ల్సంభాషింపఁగ వా రవజ్ఞ దలఁప\న్‌ సర్వంబు నీవైనచో
శంభుండేయెఱుఁగు\న్‌ భవన్మహిమ కృష్ణా దేవకీనందనా."	saardulamu
"ఏలావిద్యలు సొంపు రూపవిభవం బేలా కులీనత్వము\న్‌
శీలత్వంబును నేల యేటికి వచశ్శ్రీ యేల బాహాబలం
బేలా చాతురి మీకృపాగరిమ నిక్షేపంబు లేకుండిన\న్‌
జాలిం బొందినఁ గల్గునే సిరులు కృష్ణా దేవకీనందనా."	saardulamu
"సర్వజ్ఞుండును సర్వలోకగురుఁడు\న్‌ సర్వంసహానాథుఁడు\న్‌
సర్వేశుండును సర్వసాధకుఁడునౌ సర్వేశ నీమూర్తి దా
సర్వంబు న్గలిగించు పెంచునణఁచు\న్‌ సందేహమేలా స్మృతుల్‌
'సర్వం విష్ణుమయం జగ'త్తనఁగ కృష్ణా దేవకీనందనా."	saardulamu
"పుడమి\న్‌ బెద్దలబోటివారి నడుగం బోరాదె చోద్యంబు పా
ల్కడలి\న్‌ గల్గినముద్దరాలు గలుగంగా పూర్వకాలంబున\న్‌
పొడవెల్ల\న్‌ గడుతగ్గి దానవునితో బొంకైనమాటాడి మూఁ
డడుగు ల్నేలను వేఁడఁగాఁ జనవు కృష్ణా దేవకీనందనా."	mattebhamu
"రంగప్రౌఢిమ భార్గవుం గెలిచి కౌరవ్యుల్‌ భయం బంది వీ
రాగంబుం ధరియించి జీవము సతంబై యుండ వర్తించునా
గాంగేయుండు శిఖండిచేతఁ దెగె నీ కారుణ్యముం దప్పియుం
డంగా మృత్యువుధాటి కోపుదురె కృష్ణా దేవకీనందనా."	saardulamu
"అక్రూరస్థితి నుండఁగా వలయు రాజాస్థానమధ్యంబున\న్‌
వక్రింపం బనిలేదు ధర్మమునకై వర్తింపఁగాఁ బోయిన\న్‌
శుక్రాచార్యుని కన్నుఁ బో నడఁచవే సూటి\న్‌ గుశాగ్రంబున\న్‌
జక్రీ నీకరపంకజాంతరముఁ గృష్ణా దేవకీనందనా."	saardulamu
"వరసౌందర్యవివేకధైర్యనయనావాత్సల్యధౌరేయుఁ డీ
ధరణీనాయకరత్న మంచు మహితార్థంబాశ్రితశ్రేణికి\న్‌
స్థిరసామ్రాజ్యవిభుత్వ మాధ్రువునికి\న్‌ దేజంబుగానిచ్చి తా
సరణి\న్‌ మీకృప గల్గువాఁ డగుట కృష్ణా దేవకీనందనా."	mattebhamu
"ధారాపూర్వముగాఁగ సంయమికి సప్తద్వీపముల్‌ సూనృత
ప్రారంభమున నిచ్చి చేతితడియాఱ\న్‌ లేక వర్తింపఁడే
శారీరార్థ మటంచు భిక్షము హరిశ్చంద్రుండు యాగాదిసం
చారుం డుండు మనండె తొల్లి హరి కృష్ణా దేవకీనందనా."	saardulamu
"పటుబాహాబలసత్త్వవైఖరుల దిక్పాలుల్‌ బ్రశంసించు నం
తటివాఁడయ్యుఁ ద్రిశంకునన్దనుఁడు కాంతారత్నము\న్‌ విక్రయిం
చుటలు\న్‌ నీమహిమంబుచేతఁ గద యిట్లాశ్చర్యమేమర్త్యులెం
తటివారైనను నేమిచేసెదరు కృష్ణా దేవకీనందనా."	mattebhamu
"తన శౌర్యోన్నతి యుగ్రసాధనముగా తాళాయణీశు\న్‌ శివు\న్‌
దనర\న్‌ మెచ్చఁగఁజేసి లోకముజయస్తంభంబు గావించియు\న్‌
మును దాఁ జేసినకర్మవార్ధిఘనమై ముంపం గడుంబాలుచేఁ
జనఁడే దుర్మతి విక్రమార్కుఁ డిల కృష్ణా దేవకీనందనా."	mattebhamu
"తెగువన్నిర్జరుల\న్‌ జయించుచు మదోద్రేకంబున\న్‌ గానలో
మృగనేత్రి\న్‌ ధరణీతనూజ నసురు ల్మెచ్చంగఁ దాఁదెచ్చి నె
వ్వగలం బెట్టి విధిప్రయత్నమున నిర్వంశంబుగా రాముచే
జగతిం గూలఁడె యాదశాననుఁడు కృష్ణా దేవకీనందనా."	mattebhamu
"పరనారీహరణం బొనర్చినమహాపాపాత్ముఁ డారావణుం
డరయ న్నాతని తమ్ముఁడైన దనుజుం డత్యంతసద్భక్తితో
శరణన్నం దయఁజూచి యగ్రజునిరాజ్యం బిచ్చి రక్షింప వా
సరణి\న్‌ నీపదభక్తియే ఘనము కృష్ణా దేవకీనందనా."	mattebhamu
"వెఱచైన\న్‌ మఱచైనఁ గార్యముతఱి\న్‌ వేసారుచున్నైన యా
దరమొప్పైనను మాయనైన నృపతుల్‌ దండింపఁగా నైనను\న్‌
పరిహాసంబుననైన మిమ్మునుడువ\న్‌ బ్రాపించు పుణ్యాత్మకుల్‌
నరకావాసముఁ జేరరా ఘనులు కృష్ణా దేవకీనందనా."	mattebhamu
"నొసట\న్‌ గన్నులఁగట్టి వేల్పుసతి నెంతోభక్తితోఁ జూఁడఁగా
నిసుమంతైన భయంబులేక తలమీఁ దెక్క న్నదట్లుండనీ
వసుధ\న్‌ భర్తను స్త్రీల కెవ్వరయిన\న్‌ వశ్యాత్ములై మట్టులే
కస మియ్యం దల కెక్క కుండుదురె కృష్ణా దేవకీనందనా."	mattebhamu
"కరితో దోమ మృగేంద్రుతో నరుఁడు బంగారంబుతోఁ గంచు భా
స్కరుతో మిణ్గురుబుర్వు కల్పకముతోఁ గానుంగు రత్నాకరే
శ్వరుతో నూషరపల్వలంబు నురుశేషస్వామితో మిడ్తయు\న్‌
సరియైన\న్‌ సరి మీకు దైవములు కృష్ణా దేవకీనందనా."	mattebhamu
"నుతలోకప్రతిసృష్ట నిర్మలకళానూత్నాబ్జగర్భు\న్‌ మహా
ప్రతిభు\న్‌ గౌశికుఁ గుక్కమాంసము భుజింపం జేసి మాలాతని\న్‌
బతిమాలించవె చండచండతరశుంభత్వంబు పాల్మాలునా
శతఁ బొందించవె దేవదేవమయ కృష్ణా దేవకీనందనా."	mattebhamu
"వరభోగాధ్వరదానధర్మగుణముల్‌ వర్జించి తృష్ణారతి\న్‌
నరులత్యంతము మూఢలోభమతులై నారీరతిం గూర్పఁగాఁ
దరముం గాని ధనంబు తస్కరవరు\న్‌ ధాత్రీశులుం జేకొన\న్‌
సరఘవ్రాతము జేర్చుతేనెక్రియఁ గృష్ణా దేవకీనందనా."	mattebhamu
"ఖలవాక్యప్రతిపాలకుల్‌ పరధనాకాంక్షుల్‌ పరస్త్రీరతుల్‌
కులధర్మౌఘనిబద్ధచిత్తులు నయాకూపారపారంగతుల్‌
కలుషుల్‌ రాజులు వారిసేవకులకెల్లం గల్గు నత్యంతని
శ్చలసౌఖ్యంబులు నిన్భజింపఁగను కృష్ణా దేవకీనందనా."	mattebhamu
"బొంకు ల్లక్షలు నిత్యసంభరితసంభోగారతుల్‌ దుర్మదా
హంకారంబులు కోట్లసంఖ్యయగు మోహంబాయనంతంబు దు
ష్పంకాభార మపార మిన్నిగల భూపవ్రాతసర్పాళి ని
శ్శంకం బ్రాజ్ఞులు చేర వోవుదురె కృష్ణా దేవకీనందనా."	saardulamu
"చీమల్‌ పుట్టలు పెట్టుచుండ నవి విస్తీర్ణంబు గావించిన\న్‌
పాముల్‌ జేరినరీతి లోభిజనసంపన్నార్థరాసుల్‌ వృథా
భూమీపాలుల పాలుగాక చనునా పుణ్యంబులే లొల్లరో
సామాన్యంబు ధనాధినాథులకుఁ గృష్ణా దేవకీనందనా."	saardulamu
"అదనం బొద్దులనీడచందమున నిచ్చల్‌ సృక్కి దుష్టాత్ముసం
పద పెంపై ధరనిల్వదించుకయు సౌభాగ్యప్రభాభాసియై
పొదలు\న్‌ మాపటినీడకైవడి భవత్పూజావిధేయజ్ఞుఁడై
సదయుం డైనను లేమి జేకురునె కృష్ణా దేవకీనందనా."	mattebhamu
"కీడు\న్‌ మేలును వచ్చుఁ గర్మవశత\న్‌ క్రీడాగతి\న్‌ జోకలై
వాడల్‌ వచ్చును బండ్లునొక్కెడధర న్నొక్కప్పుడు\న్‌ బండ్లపై
వాడల్‌ నౌఁ గద దేశకాలగతి శీతోష్ణంబు లీరీతి నే
జాడ\న్‌ వచ్చును దుఃఖసౌఖ్యములు కృష్ణా దేవకీనందనా."	saardulamu
"అంతశ్శత్రుల గెల్వలేరు మమతాహంకారము ల్మానలే
రింతే మూర్ఖము వీడలేరు భవదీయాంఘ్రిద్వయీచింతనా
చింతారత్నముఁ గానలే రిలను దుశ్చిత్తు ల్వృథా వేదవే
దాంతంబుల్‌ చదువంగ నేమి యగుఁ గృష్ణా దేవకీనందనా."	saardulamu
"నానావేదపురాణశాస్త్రముల నానందింపఁగా నిత్య మిం
పౌనార్యు ల్వినుతింప ధార్మికరహస్యంబు ల్విన న్వచ్చునౌ
మీ నామాంకభవద్వివేకులకు మున్నాశ్చర్యమే సత్వరా
జ్ఞానాధిక్యము గానిముక్తిఁ గని కృష్ణా దేవకీనందనా."	saardulamu
"గట్రాల\న్‌ బలుకానల\న్‌ గుహల గంగాసింధుదేశంబుల\న్‌
వట్రాఠావుల దేహమెల్లఁ జెదర\న్‌ వర్తించిన\న్‌ మేరువు\న్‌
చుట్రా యేఁబదిమార్లు మెట్టినమనశ్శుద్ధుండు గాకుండిన\న్‌
చట్రా వాని ప్రయాస మంతయును గృష్ణా దేవకీనందనా."	saardulamu
"గంగాజన్మపదాబ్జమందు నభిషేకంబు ల్సదా గాంచెదన్‌
నంగారార్చనచేసి యేరణమున\న్‌ నర్పింతు నంభోధరా
శృంగారాధిప కౌస్తుభాభరణ యేశృంగారముల్‌ జేతు మీ
కంగీకారము గాఁగ నాతరమె కృష్ణా దేవకీనందనా."	saardulamu
"అతిమోహాంధులఁ బాపకర్ముల మహాహంకారుల\న్‌ దోషదూ
షితుల\న్‌ గర్వితదుర్విచారులఁ బ్రశంసింపం బ్రశంసింపఁగా
దితిపర్యాప్తిదినంబు లొంది త్రిజగద్విఖ్యాతియుష్మత్సము
న్నతసేవాభిముఖుండ నైతి నిట కృష్ణా దేవకీనందనా."	mattebhamu
"పలుమాఱు\న్‌ ఇహభోగకాంక్షసభల\న్‌ పాండిత్యముల్‌ సేయువా
రలయజ్ఞానము మాన్పఁగాఁ గలరె యెట్లైన\న్‌ బ్రకాశించు కో
మలదీపాళిఁదొలంగఁ ద్రోయునె భవన్మాయాంధకారంబును
జ్జ్వలితానందమయ స్వరూపయుత కృష్ణా దేవకీనందనా."	mattebhamu
"ఉర్విం బాఱుమహానదీజలము లాయూరూరునందెల్లఁ గూ
డురుఘోషంబున వంకలై కలియఁగా యోగ్యంబు లైనట్లు మీ
స్మరణ\న్‌ నానుడువు\న్‌ సదాశుభములై సంపూజ్యము\న్‌ గా భవ
చ్చరణంబుల్‌ మది నిల్పి కొల్చెదను కృష్ణా దేవకీనందనా."	mattebhamu
"బాలక్రీడలఁ గొన్నినాళ్లు పిదప\న్‌ భామాకుచాలింగనా
లోలాభ్యున్నతిఁ గొన్నినాళ్లు మఱియిల్లు\న్‌ ముంగిలింగొన్ని నా
ళ్లీలీల\న్‌ విహరించితి\న్‌ సుఖఫలం బెందేనియు\న్‌ లేదుగా
చాల\న్‌ నీపదభక్తిఁ జేసెదను కృష్ణా దేవకీనందనా."	saardulamu
"మతిలో మిమ్ముఁదలంచు పుణ్యుఁడిలఁ దామాయ\న్‌ స్వదారాదుల
న్వెతలం బొర్లఁడు భాగ్యవంతుఁడగుఠీవి\న్‌ దివ్యమృష్టాన్న సం
గతిలోనాడి మనుండు భిక్షమునొసంగ\న్‌ నేర్చునే శూలభృ
చ్చతురాస్య ప్రముఖామర ప్రణుత కృష్ణా దేవకీనందనా."	mattebhamu
"అన్నంబైనను దక్రమైనఁ దగుతోయంబైన నభ్యాగతుల్‌
దన్నాశించిన నేమియు న్నిడక యేధర్మంబునుం జేయ కే
మన్న న్నూరకయుండు జీవశరమర్త్యశ్రేణి జేయ కే
చన్న న్నేమగు నేమగు\న్‌ గలుగఁ గృష్ణా దేవకీనందనా."	saardulamu
"ప్రారబ్ధానుభవంబు దీఱ కపవర్గప్రాప్తి లేదండ్రుగా
దీరశ్రేష్ఠు లనంతకోటులిఁక నైతే వారికర్మంబులు\న్‌
ప్రారబ్ధంబులు గావె ముందఱకు నోభావజ్ఞ సైరించి నా
ప్రారబ్ధంబులఁ దీర్పవే కరుణఁ గృష్ణా దేవకీనందనా."	saardulamu
"శ్రీజన్మప్రభుతావిశేషుఁ డగు రాజేంద్రుండు ధీపాలనా
జ్ఞాజాగ్రత్వనిదానకీర్తియుత రక్షాలక్షణాధీశుఁడై
రాజిల్లుం బహుకష్టుఁడైన ధరసామ్రాజ్యంబు బాలింపుచో
నైజంబై తగునా విశేషములు కృష్ణా దేవకీనందనా."	saardulamu
"సమరద్వేషుల సంగరాంగణమున\న్‌ సాధించి సామ్రాజ్య సౌ
ఖ్యముఁ దాఁగాంచి సహించి చొప్పడు వివేకప్రాజ్ఞతల్గాంచు భూ
రమణశ్రేష్ఠుఁడు తావకానుచరుఁడై రాణించు శిక్షించు దు
ష్టమతి భ్రష్టమదాంధ శత్రువుల కృష్ణా దేవకీనందనా."	mattebhamu
"విగతక్లేశులు వీతకిల్బిషమయుల్‌ విజ్ఞానవిద్యానిధుల్‌
నిగమార్థజ్ఞులు నిశ్చలవ్రతయుతుల్‌ నిర్వ్యాజనిష్ఠాయుతుల్‌
సుగుణుల్‌ సూనృతవర్తనుల్‌ శుభకరుల్‌ శుద్ధాంతరంగుల్‌ శుభుల్‌
జగతీమండలి నీదుసేవకులు కృష్ణా దేవకీనందనా."	mattebhamu
"దీనుల్గల్గిన నీదు రక్షణగుణాధిక్యంబు రాణించు నౌ
దీనుండెవ్వఁడు లేఁడు నీదుకరుణాదృష్టి\న్‌ గృతార్థుల్‌ జుమీ
నేనే దీనుఁడ నన్నుఁ బ్రోవు శరణంటిం ద్వన్ముఖోదీర్ణ సు
జ్ఞాన శ్రీకరమూర్తి నమ్మితిని కృష్ణా దేవకీనందనా."	saardulamu
"పాత్రాపాత్రవివేకము ల్సమసె పాపం బెచ్చె ధర్మంబును\న్‌
మిత్రఘ్నత్వము కల్లలాడుటయు స్వామిద్రోహముం గొండెము\న్‌
ధాత్రిం బూజ్యము లయ్యె సజ్జనులచందం బెట్లు రక్షించెదో
సత్రాజిత్తనయా మనోరమణ కృష్ణా దేవకీనందనా."	saardulamu
"అరయం జందనగంధిపై విదురుపై నక్రూరుపైఁ గుబ్జపై
నరుపై ద్రౌపదిపైఁ గుచేలకునిపై నందవ్రజస్త్రీలపైఁ
బరఁగంగల్గు భవత్కృపారసము నాపైఁ గొంతరానిమ్ము మీ
చరణాబ్జంబుల నమ్మినాఁడ హరి కృష్ణా దేవకీనందనా."	mattebhamu
"అనుకూలాన్వితయైన భార్యయును ధర్మార్థంబునైనట్టి నం
దనులు\న్‌ సజ్జనులైన సోదరులు యెన్నంగల్గు సంపత్క్రియా
ఘనుఁడైనట్టి మహానుభావుఁడె భవత్కారుణ్యదృగ్జాలభా
జనుఁ డప్పుణ్యుని జూచిన\న్‌ శుభము కృష్ణా దేవకీనందనా."	mattebhamu
"శరణాగత్యనురక్తి భక్తి జనరక్షాసత్కృపాసేవ్యస
త్కరుణాపూర సుధారసంబుగల శృంగారంబు మీమూర్తియుం
దరణోపాయ మెఱుంగలేని కలుషాధారు\న్‌ ననుందావక
స్మరణాధీశునిఁ జేయు మ్రొక్కెదను కృష్ణా దేవకీనందనా."	mattebhamu
"ప్రలయాభీల కరాళదావదహన ప్రజ్జ్వాల మబ్జోదరా
జ్వలనాకారముదాల్పఁ దానియెదుట\న్‌ సంతప్త సంతాప వాం
ఛలు దివ్యుల్మునులుం గృశాస్యులగుచుం జల్లార్పఁగాలేక ని
చ్చలు నీపాదములే భజించెదరు కృష్ణా దేవకీనందనా."	mattebhamu
"మొఱయాలింపవొ మానమున్నిలుపవో ముల్లోకమేలింపవో
మఱదీయంచును వెంటనేతిరుగవో మన్నింపవో యందుమో
కరినో ద్రౌపదినో సురాధిపతినో గాండీవినో యెవ్వఁడ\న్‌
ధర ని\న్‌ గొల్చినవారిలో నొకఁడ కృష్ణా దేవకీనందనా."	mattebhamu
"కుటిలారాతినిశాటకోటికదళీకూటాటవీభంజనో
ద్భటమత్తద్విపకేళిలోలము సముత్ప్రావీణ్య దైత్యాంగనా
స్ఫుట ముక్తామణిరత్నహార తిలకాపుంజాతలూనక్రియా
చటులజ్వాలము నీసుదర్శనము కృష్ణా దేవకీనందనా."	mattebhamu
"కులిశానేక సహస్రకోటి నిశితక్రూరోరుధారాముఖా
కలితార్చి ప్రభవ ప్రభావ త్రిజగత్కల్యాణసంధాయియై
విలసిల్లు\న్‌ భవదీయచక్రమఖిలోర్వీభారనిర్వాపణో
జ్జ్వలనిర్వాహపరాక్రమక్రమణ కృష్ణా దేవకీనందనా."	mattebhamu
"అతికాకోల కరాళ కాయక కఠోరాశీ విషావిర్భవ
క్షతినోనాటిన నాఁటిపాటు తలఁప\న్‌ శంకించి యుంకించె దౌ
సతతోద్వర్తుల వర్ణ సర్వభయదాంచత్పింఛ చూడావతం
సతతం గారుడకేతనోద్ధృతియు కృష్ణా దేవకీనందనా."	mattebhamu
"నక్రోదగ్రతఁ బ్రాణవాయువులు మేన న్నిల్వఁగా నోప వో
చక్రీ న\న్‌ దయ గావు మన్నకరుణ\న్‌ జాజ్జ్వల్యచక్రంబుచే
నక్రంబుం దెగఁ జూచి కాచితిగదా నాగంబు వేగంబున\న్‌
శక్రాద్యామరవందితాంఘ్రియుగ కృష్ణా దేవకీనందనా."	saardulamu
"కరి నేలింది హుళక్కి ద్రౌపదికి కోకల్‌ మెచ్చి యిచ్చింది ద
బ్బర కాకాసురునిం గటాక్షమునఁ జేపట్టిం దబద్ధం బహో
శరణన్న బగవానితమ్మునికి రాజ్యం బిచ్చుట ల్కల్ల యి
త్తఱి నన్నేలిన నిక్క మీకథలు కృష్ణా దేవకీనందనా."	mattebhamu
"ఈకృష్ణశతక మెప్పుడు
పైకొని విన్నట్టివారు వ్రాసినవారల్‌
చేకొని పఠించువారలు
శ్రీకృష్ణునికరుణ కలిగి చెలఁగుదు రెలమిన్‌."	kandamu
"శ్రీ రుక్మిణీశ కేశవ
నారద సంగీతలోల నగధర శౌరీ
ద్వారకనిలయ జనార్దన
కారుణ్యముతోడ మమ్ముఁ గావుము కృష్ణా."	kandamu
"నీవే తల్లివి తండ్రివి
నీవే నా తోడు నీడ నీవే సఖుడౌ
నీవే గురుడవు దైవము
నీవే నా పతియు గతియు నిజముగఁ గృష్ణా."	kandamu
"నారాయణ పరమేశ్వర
ధారాధర నీలదేహ దానవవైరీ
క్షీరాబ్ధిశయన యదుకుల
వీరా ననుగావు కరుణ వెలయగఁ గృష్ణా."	kandamu
"హరి యను రెండక్షరములు
హరియించును పాతకముల నంబుజనాభా
హరి నీ నామమహత్త్వము
హరి హరి పొగడంగ వశమె హరి శ్రీ కృష్ణా."	kandamu
"క్రూరాత్ముఁ డజామీళుఁడు
నారాయణ యనుచు నాత్మనందనుఁ బిలువ
నేరీతి నేలుకొంటివి
యేరీ నీసాటి వేల్పు లెందును కృష్ణా."	kandamu
"చిలుక నొకరమణి ముద్దులు
చిలుకను శ్రీరామ యనుచు శ్రీపతి పేరన్‌
బిలిచిన మోక్షము నిచ్చితి
వలరఁగ మిముఁ దలఁచు జనుల కరుదా కృష్ణా."	kandamu
"అక్రూరవరద మాధవ
చక్రాయుధ ఖడ్గపాణి శౌరి ముకుందా
శక్రాది దివిజసన్నుత
శుక్రార్చిత నన్నుఁ గరుణ జూడుము కృష్ణా."	kandamu
"నందుని ముద్దుల పట్టివి
మంధరగిరిధరుని హరిని మాధవు విష్ణున్‌
సుందర రూపుని మునిగణ
వందితు నినుఁ దలఁతు భక్త వత్సల కృష్ణా."	kandamu
"ఓ కారుణ్యపయోనిధి
నా కాధారంబ వగుచు నయముగఁ బ్రోవ\న్‌
నాకేల యితర చింతలు
నాకాధిపవినుత లోక నాయక కృష్ణా."	kandamu
"వేదంబులు గననేరని
ఆది పరబ్రహ్మమూర్తి వనఘ మురారీ
నాదిక్కుఁజూచి కావుము
నీ దిక్కే నమ్మినాఁడ నిజముగఁ గృష్ణా."	kandamu
"పదునాలుగు భువనంబులు
కుదురుగ నీకుక్షి నిల్పుకొను నేర్పరివై
విదితంబుగ నాదేవకి
యుదరములో నెట్టులొదిగి యుంటివి కృష్ణా."	kandamu
"అష్టమి రోహిణి ప్రొద్దున
నష్టమగర్భమునఁ బుట్టి యాదేవకికిన్‌
దుష్టునిఁ గంసు వధింపవె
సృష్టి ప్రతిపాలనంబు సేయఁగఁ గృష్ణా."	kandamu
"అల్ల జగన్నాథుకు వ్రే
పల్లియ క్రీడార్థ మయ్యెఁ పరమాత్మునకున్‌
గొల్లసతి యా యశోదయుఁ
దల్లియునై చన్నుగుడిపెఁ దనరఁగఁ కృష్ణా."	kandamu
"అందెలు గజ్జెలు మ్రోయఁగఁ
జిందులు ద్రొక్కుచును వేడ్క చెలువారంగా
నందుని సతి యాగోపిక
ముందఱ నాడుదువు మిగుల మురియుచుఁ గృష్ణా."	kandamu
"హరిచందనంబు మేనునఁ
గరమొప్పెడు హస్తములను గంకణ రవముల్‌
ఉరమున రత్నము మెఱయఁగఁ
బరఁగితివౌ నీవు బాల ప్రాయము కృష్ణా."	kandamu
"పాణితలంబున వెన్నయు
వేణీమూలంబునందు వెలయఁగఁ బింఛం
బాణీముత్యము ముక్కున
నాణెముగాఁదాల్చు లోక నాథుఁడ కృష్ణా."	kandamu
"మడుగుకుఁ జని కాళీయుని
పడగలపై భరతశాస్త్ర పద్ధతి వెలయ\న్‌
గడువేడుకతో నాడెడు
నడుగులు నా మదిని దలఁతు నచ్యుత కృష్ణా."	kandamu
"బృందావనమున బ్రహ్మా
నందార్భకమూర్తి వేణు నాదము నీ వా
మందార మూలమున గో
విందా పూరింతువౌర వేడుకఁ గృష్ణా."	kandamu
"వారిజ నేత్రలు యమునా
వారిని జలకంబులాడ వచ్చిన నీ వా
చీరలు మ్రుచ్చిలి యిచ్చితి
నేరుపురా యదియు నీకు నీతియె కృష్ణా."	kandamu
"దేవేంద్రుఁ డలుకతోడను
వావిరిగా ఱాళ్ళవాన వడిఁ గురియింప\న్‌
గోవర్ధనగిరి యెత్తితి
గోవుల గోపకులఁ గాచు కొఱకై కృష్ణా."	kandamu
"అండజవాహన విను బ్ర
హ్మాండంబుల బంతులట్ల యాడెడు నీ వా
కొండల నెత్తితి వందురు
కొండిక పనిగాక దొడ్డ కొండా కృష్ణా."	kandamu
"అంసాలంబితకుండల
కంసాంతక నీవు ద్వారకాపురిలోన\న్‌
సంసారి రీతినుండి ప్ర
శంసార్హుఁడ వైతి వహహ జగతిని గృష్ణా."	kandamu
"పదియాఱువేల నూర్వురు
సుదతులు నెనమండ్రు నీకు సొంపుగ భార్యల్‌
విదితంబుగ బహురూపుల
వదలక రమియింతువౌర వసుధను గృష్ణా."	kandamu
"అంగన పనుపున దోవతి
కొంగున నటుకులను ముడుచుకొని వచ్చిన యా
సంగతి విని దయనొసఁగితి
రంగుగ సంపదలు లోక రక్షక కృష్ణా."	kandamu
"హా వసుదేవకుమారక
కావుము నా మాన మనుచు కామిని వేఁడ\న్‌
ఆ వనజాక్షికి నిచ్చితి
శ్రీవర యక్షయ మటంచు జీరలు కృష్ణా."	kandamu
"శుభ్రమగు పాంచజన్యము
అభ్రంకషమగుచు మ్రోవ నాహవభూమి\న్‌
విభ్రమలగు దనుజసుతా
గర్భంబుల పగులఁజేయు ఘనుడవు కృష్ణా."	kandamu
"జయమును విజయున కియ్యవె
హయముల ములుకోల మోపి యదలించి మహా
రయమున రొప్పవె తేరును
భయమున రిపుసేన విఱిగి పాఱఁగఁ గృష్ణా."	kandamu
"దుర్జనులగు నృపసంఘము
నిర్జింపఁగఁ దలచి నీవు నిఖిలాధారా
దుర్జనులను వధియింపను
నర్జును రధచోదకుండ వైతివి కృష్ణా."	kandamu
"శక్రసుతుఁ గాచుకొఱకై
చక్రము చేపట్టి భీష్ముఁ జంపఁగ చను నీ
విక్రమ మేమని పొగడుదు
నక్రాగ్రహ సర్వలోక నాయక కృష్ణా."	kandamu
"దివిజేంద్రసుతునిఁ జంపియు
రవిసుతు రక్షించినావు రఘురాముఁడవై
దివిజేంద్రసుతునిఁ గాచియు
రవిసుతుఁ బరిమార్చితౌర రణమునఁ గృష్ణా."	kandamu
"దుర్భర బాణము రాఁగా
గర్భములోనుండి యభవ కావు మటన్న\న్‌
నిర్భరకృప రక్షించితి
వర్భకు నభిమన్యుసుతుని నచ్యుత కృష్ణా."	kandamu
"గిరులందు మేరువౌదువు
సురలందున నింద్రుఁడౌదు చుక్కలలోన\న్‌
బరమాత్మ చంద్రుఁడౌదువు
నరులందున నృపతివౌదు నయముగఁ గృష్ణా."	kandamu
"చుక్కల నెన్నఁగ వచ్చును
గ్రక్కున భూరేణువులను గణుతింప నగు\న్‌
జొక్కపు నీ గుణజాలము
నక్కజ మగు లెక్కపెట్ట నజునకుఁ గృష్ణా."	kandamu
"కుక్షిని నఖిలజగంబుల
నిక్షేపముఁజేసి ప్రళయ నీరధి నడుమ\న్‌
రక్షక వటపత్రముపై
దక్షతఁ బవళించునట్టి ధన్యుఁడ కృష్ణా."	kandamu
"విశ్వోత్పత్తికి బ్రహ్మవు
విశ్వము రక్షింపఁ దలఁచి విష్ణుఁడ వనగా
విశ్వము జెఱుపను హరుఁడవు
విశ్వాత్మక నీవె యగుచు వెలయుదు కృష్ణా."	kandamu
"అగణితవైభవ కేశవ
నగధర వనమాలి యాది నారాయణ యో
భగవంతుఁడ శ్రీమంతుఁడ
జగదీశ్వర శరణు శరణు శరణము కృష్ణా."	kandamu
"మగమీనమవై జలనిధిని
బగతుని సోమకునిఁ జంపి పద్మభవునకు\న్‌
నిగమముల దెచ్చి యిచ్చితి
సుగుణాకర మమ్ముఁ గరుణ జూడుము కృష్ణా."	kandamu
"అందఱు సురలును దనుజులు
పొందుగ క్షీరాబ్ధిఁ దఱువఁ బొలుపున నీ వా
నందంబుగఁ గూర్మమవై
మందరగిరి యెత్తితౌర మాధవ కృష్ణా."	kandamu
"ఆదివరాహమ వయి నీ
వా దనుజు హిరణ్యనేత్రు హతుఁజేసి తగ\న్‌
మోదమున సురలు పొగడఁగ
మేదిని వడి గొడుగునెత్తి మెఱసితి గృష్ణా."	kandamu
"కెరలి యఱచేతఁ గంబము
నరుదుగ వేయుటను వెడలి యసురేశ్వరుని\న్‌
ఉరమును జీరి వధించితి
నరహరి రూపావతార నగధర కృష్ణా."	kandamu
"వడుగవునై మూఁడడుగుల
నడిగితివౌ భళిర భళిర యఖిలజగంబుల్‌
తొడిగితివి నీదు మేనునఁ
గడు చిత్రము నీ చరిత్ర ఘనుఁడవు కృష్ణా."	kandamu
"ఇరువదొకమాఱు నృపతుల
శిరములు ఖండించితౌర చేగొడ్డంట\న్‌
ధరఁ గశ్యపునకు నిచ్చియుఁ
బరఁగవె జమదగ్ని రామభద్రుడ కృష్ణా."	kandamu
"దశకంఠునిఁ బరిమార్చియు
గుశలముతో సీతఁదెచ్చి కొనియు నయోధ్య\న్‌
విశదముగఁ గీర్తి నేలిన
దశరథరామావతార ధన్యుఁడ కృష్ణా."	kandamu
"ఘనులగు ధేనుకముష్టిక
దనుజులఁ జెండాడితౌర తగ భుజశక్తిన్‌
అనఘాత్మ రేవతీపతి
యనఁగా బలరామమూర్తి వైతివి కృష్ణా."	kandamu
"త్రిపురాసుర భార్యల నతి
నిపుణతతో వ్రతముచేత నిలిపితి కీర్తుల్‌
కపటపురాజవు బళిరే
కృపగల బౌద్ధావతార ఘనుఁడవు కృష్ణా."	kandamu
"వలపుగల తేజి నెక్కియు
నిలపై ధర్మంబు నిలుప హీనులఁ ద్రుంప\న్‌
కలియుగము తుదను వేడుక
కలికివిగా నున్న లోకకర్తవు కృష్ణా."	kandamu
"వనజాక్ష భక్తవత్సల
ఘనులగు త్రైమూర్తులందుఁ గరుణానిధివై
కన నీ సద్గుణజాలము
సనకాది మునీంద్రు లెన్నఁ జాలరు కృష్ణా."	kandamu
"అపరాధ సహస్రంబుల
నపరిమితములైన యఘము లనిశము నేను\న్‌
గపటాత్ముఁడనై చేసితిఁ
జపలుని ననుగావు శేషశాయివి కృష్ణా."	kandamu
"నరపశువ మూఢచిత్తుఁడ
దురితారంభుఁడను మిగుల దోషగుఁడను నీ
గుఱు తెఱుఁగ నెంతవాడఁను
హరి నీవే ప్రాపు దాపు వౌదువు కృష్ణా."	kandamu
"పరనారీ ముఖపద్మము
గుఱుతుగఁ గుచకుంభములను గొప్పును నడుము\న్‌
అరయంగనె మోహింతురు
నిరతిని నిను భక్తిఁ గొల్వ నేరరు కృష్ణా."	kandamu
"పంచేంద్రియమార్గంబులఁ
గొంచెపు బుద్ధిని జరించి కొన్ని దినంబుల్‌
ఇంచుక సజ్జన సంగతి
నెంచగ మిమ్మెఱిఁగినాఁడ నిప్పుడె కృష్ణా."	kandamu
"దుష్టుండ దురాచారుఁడ
దుష్టచరిఁత్రుఁడను చాల దుర్బుద్ధిని నేఁ
నిష్ట నిను గొల్వనేరను
కష్టుఁడ నగు నన్ను కావు కరుణను గృష్ణా."	kandamu
"కుంభీంద్రవరద కేశవ
జంభాసురవైరి దివిజ సన్నుత చరితా
అంభోజనేత్ర జలనిధి
గంభీరా నన్నుఁ గావు కరుణను గృష్ణా."	kandamu
"దిక్కెవ్వరు ప్రహ్లాదుకు
దిక్కెవ్వరు పాండుసుతుల దీనుల కెపుడు\న్‌
దిక్కెవ్వ రయ్యహల్యకు
దిక్కెవ్వరు నీవె నాకు దిక్కువు కృష్ణా."	kandamu
"హరి నీవె దిక్కు నాకును
సిరితో నేతెంచి మకరి శిక్షించి దయ\న్‌
బరమేష్ఠి సురలు పొగడఁగ
కరిఁ గాచిన రీతి నన్నుఁ గావుము కృష్ణా."	kandamu
"పురుషోత్తమ లక్ష్మీపతి
సరసిజగర్భాది మౌనిసన్నుతచరితా
మురభంజన సురరంజన
వరదుఁడ వగు నాకు భక్త వత్సల కృష్ణా."	kandamu
"క్రతువులు తీర్థాటనములు
వ్రతములు దానములు సేయ వలెనా లక్ష్మీ
పతి మిముఁ దలచినవారికి
నతులితపుణ్యములు గలుగు టరుదే కృష్ణా."	kandamu
"స్తంభమున వెడలి దానవ
డింభకు రక్షించినట్టి రీతిని వెలయ\న్‌
అంభోజనేత్ర జలనిధి
గంభీరుఁడ నన్నుఁ గావు కరుణను గృష్ణా."	kandamu
"శతకోటి భానుతేజా
యతులితసద్గుణగణాఢ్య యంబుజనాభా
రతినాథజనక లక్ష్మీ
సతిహిత ననుఁ గావు భక్త వత్సల కృష్ణా."	kandamu
"మందుఁడ నే దురితాత్ముఁడ
నిందల కొడిఁగట్టినట్టి నీచుని నన్ను\న్‌
సందేహింపక కావుము
నందుని వరపుత్ర నిన్ను నమ్మితి గృష్ణా."	kandamu
"గజరాజవరద కేశవ
త్రిజగత్కల్యాణమూర్తి దేవ మురారీ
భుజగేంద్రశయన మాధవ
విజయాప్తుఁడ నన్నుఁగావు వేగమె కృష్ణా."	kandamu
"గోపాల కృష్ణ మురహర
పాపాలను బాఱఁదోలు ప్రభుఁడవు నీవే
గోపాలమూర్తి దయతో
నాపాలిటఁగలిగి ప్రోవు నమ్మితిఁ గృష్ణా."	kandamu
"దుర్వార చక్రధరకర
శర్వాణీ భర్తృవినుత జగదాధారా
నిర్వాణనాథ మాధవ
సర్వాత్మక నన్నుఁగావు సరగున కృష్ణా."	kandamu
"సుత్రామనుత జనార్దన
సత్రాజిత్తనయనాథ సౌందర్యకళా
చిత్రావతార దేవకి
పుత్రా ననుఁగావు నీకు బుణ్యము కృష్ణా."	kandamu
"బలమెవ్వఁడు కరిఁ బ్రోవను
బలమెవ్వఁడు పాండుసుతుల భార్యను గావ\న్‌
బలమెవ్వఁడు రవిసుతునకు
బలమెవ్వఁడు నాకు నీవ బలమౌఁ గృష్ణా."	kandamu
"పరుసము సోకిన యినుమును
వరుసగ బంగారమైన వడువున జిహ్వ\న్‌
హరి నీ నామము సోకిన
సురవందిత నేను నటుల సులభుఁడ గృష్ణా."	kandamu
"ఒకసారి నీదునామము
ప్రకటముగాఁ దలఁచువారి పాపము లెల్ల\న్‌
వికలములై తొలఁగుటకును
సకలార్థ యజామిళుండు సాక్షియె కృష్ణా."	kandamu
"హరి సర్వంబునఁ గలఁ డని
గరిమను దైత్యుండు పలుకఁ గంబములోన\న్‌
ఇరవొంది వెడలిచీల్చవె
శరణనఁ బ్రహ్లాదుడిండు సాక్షియె కృష్ణా."	kandamu
"భద్రార్చిత పదపద్మ సు
భద్రాగ్రజ సర్వలోక పాలన హరి శ్రీ
భద్రాధిప కేశవ బల
భద్రానుజ నన్ను బ్రోవు భవహర కృష్ణా."	kandamu
"ఎటువలెఁ గరిమొఱ వింటివి
ఎటువలెఁ బ్రహ్లాదు కభయమిచ్చితి కరుణ\న్‌
అటువలె నను రక్షింపుము
కటకట నినునమ్మినాఁడ గావుము కృష్ణా."	kandamu
"తటతట లేటికిఁ జేసెదు
కటకట పరమాత్మ నీవు ఘంటాకర్ణు\న్‌
ఎటువలె పుణ్యునిఁ జేసితి
వటువలె రక్షింపుమయ్య యచ్యుత కృష్ణా."	kandamu
"తురగాధ్వరంబుఁ జేసిన
పురుషులకును వేఱెపదవి పుట్టుట యేమో
హరి మిముఁ దలఁచిన వారికి
నరుదా కైవల్యపదవి యచ్యుత కృష్ణా."	kandamu
"ఓ భవబంధవిమోచన
ఓ భరతాగ్రజ మురారి యోరఘు రామా
ఓ భక్తకామధేనువ
ఓ భయహర నన్నుగావుమో హరి కృష్ణా."	kandamu
"ఏతండ్రి కనకకశ్యపు
ఘాతకుఁడై యతనిసుతుని గరుణను గాచె\న్‌
ప్రీతి సురకోటి పొగడఁగ
నా తండ్రీ నిన్ను నేను నమ్మితి గృష్ణా."	kandamu
"ఓ పుండరీకలోచన
యో పురుషోత్తమ ముకుంద యో గోవిందా
యో పురసంహర మిత్రుఁడ
యో పుణ్యుఁడ నన్నుఁబ్రోవుమో హరి కృష్ణా."	kandamu
"ఏవిభుఁడు ఘోరరణమున
రావణుఁ వధియించి లంకరాజుగ నిలిపె\న్‌
దీవించి యావిభీషణు
నావిభు నేఁ దలఁతు మదిని నచ్యుత కృష్ణా."	kandamu
"గ్రహభయదోషము లొందవు
బహుపీడలు చేర వెఱచుఁ బాయును నఘముల్‌
ఇహపర ఫలదాయక విను
తహతహలెక్కడివి నిన్నుఁదలఁచినఁ గృష్ణా."	kandamu
"గంగ మొదలైన నదులను
మంగళముగఁ జేయునట్టి మజ్జనములకు\న్‌
సంగతి గలిగిన ఫలములు
రంగుగ మిముఁదలఁచు సాటి రావుర కృష్ణా."	kandamu
"ఆ దండకావనంబున
కోదండముఁదాల్చినట్టి కోమలమూర్తీ
నాదండ గావ రమ్మీ
వేదండము కాచినట్టి వేల్పువు కృష్ణా."	kandamu
"చూపుము నీరూపంబును
బాపపు దుష్కృతము లెల్లఁ బంకజనాభా
పాపుము నాకును దయతో
శ్రీపతి నిను నమ్మినాఁడ సిద్ధము కృష్ణా."	kandamu
"నీ నామము భవహరణము
నీ నామము సర్వసౌఖ్య నివహకరంబు\న్‌
నీ నామ మమృత పూర్ణము
నీ నామము నేఁదలంతు నిత్యము కృష్ణా."	kandamu
"పరులను నడిగిన జనులకు
కుఱుచ సుమీ యిది యటంచు గుఱుతుగ నీవు\న్‌
గురుచఁడవై వేఁడితి మును
ధరఁ బాదత్రయము బలిని దద్దయుఁ గృష్ణా."	kandamu
"పాలను వెన్నయును మ్రుచ్చిల
ఱోలను మీ తల్లి కట్ట రోషముతోడ\న్‌
లీలావినోది వైతివి
బాలుఁడవా బ్రహ్మకన్న ప్రభుఁడవు గృష్ణా."	kandamu
"రఘునాయక నీనామము
లఘుమతితోఁ దలఁపఁగలనె లక్ష్మీరమణా
అలఘములఁ బాపుము దయతో
రఘురాముఁడ వైన లోక రక్షక కృష్ణా."	kandamu
"అప్పా యిత్తువు దయతో
నప్పాలను నతిరసంబు లనుభవశాలీ
యప్పా నను గనుఁగొనవే
యప్పా నను బ్రోవు వేంకటప్పా కృష్ణా."	kandamu
"కొంచెపువాఁడని మదిలో
నెంచకుమీ వాసుదేవ యిభవరద హరీ
యంచితముగ నీ కరుణకుఁ
గొంచము నధికంబు గలదె కొంతయుఁ గృష్ణా."	kandamu
"వావిరి నీ భక్తులకు\న్‌
గావరమున నెగ్గు సేయు గర్వాంధులకు\న్‌
దేవ వధించుట వింటిని
నీవల్లను భాగ్యమయ్యె నిజముగఁ గృష్ణా."	kandamu
"అయ్యా పంచేంద్రియములు
నుయ్యాలల నూచినట్టు లూచఁగ నేను\న్‌
జయ్యన గలఁగుచు నుంటిని
గుయ్యాలింపుము మహాత్మ గుఱుతుగఁ గృష్ణా."	kandamu
"కంటికి ఱెప్ప విధంబున
బంటుగదా యనుచు నన్నుఁ బాయక యెపుడు\న్‌
జంటయు నీ వుండుట నే
కంటక మగు పాపములను గడచితిఁ గృష్ణా."	kandamu
"యమునకు నిఁక నే వెఱువను
కమలాక్ష జగన్నివాస కామితఫలదా
విమలమగు నీదు నామము
నమఁరఁగఁ దలఁచెదను వేగ ననిశము కృష్ణా."	kandamu
"దండమయా విశ్వంభర
దండమయా పుండరీక దళనేత్ర హరీ
దండమయా కరుణానిధి
దండమయా నీకు నెపుడు దండము కృష్ణా."	kandamu
"నారాయణ లక్ష్మీపతి
నారాయణ వాసుదేవ నందకుమారా
నారాయణ నిను నమ్మితి
నారాయణ నన్నుఁ బ్రోవు నగధర కృష్ణా."	kandamu
"తిరుమణి దురితవిదూరము
తిరుమణి సౌభాగ్యకరము త్రిజగములందు\న్‌
తిరుమణిఁ బెట్టిన మనుజుఁడు
పరమపవిత్రుండు భాగ్యవంతుడు కృష్ణా."	kandamu
"శ్రీలక్ష్మీనారాయణ
వాలాయము నిన్నుఁ దలఁతు వందితచరణా
ఏలుము నను నీ బంటుగఁ
జాలఁగ నిను నమ్మినాను సరసుఁడ కృష్ణా."	kandamu
"శ్రీధర మాధవ యచ్యుత
భూధర పురుహూతవినుత పురుషోత్తమ నీ
పాదయుగళంబు నెప్పుడు
మోదముతో నమ్మినాఁడ ముద్దుల కృష్ణా."	kandamu
"శిరమున రత్నకిరీటము
కరయుగమున శంఖచక్ర ఘనభూషణముల్‌
ఉరమున వజ్రపుఁబతకము
సిరినాయక యమరవినుత శ్రీహరి కృష్ణా."	kandamu
"అందెలు పాదములందును
సుందరముగ నుంచినావు సొంపలరంగా
మందరధర మునిసన్నుత
నందుని వరపుత్ర నిన్ను నమ్మితిఁ గృష్ణా."	kandamu
"కందర్పకోటి సుందర
మందరధర భానుతేజ మంజులదేహా
సుందర విగ్రహ మునిగణ
వందిత మిము దలఁతు భక్తవత్సల కృష్ణా."	kandamu
"దుర్మతిని మిగుల దుష్టపుఁ
గర్మంబులఁ జేసినట్టి కష్టుండ నన్ను\న్‌
నిర్మలునిఁ జేయవలె ని
ష్కర్ముఁడ నిన్ను నమ్మినాను సతతము కృష్ణా."	kandamu
"భారద్వాజసగోత్రుఁడ
గారవమున గంగమాంబ కరుణాసుతుఁడ\న్‌
పేర నృసింహాహ్వయుఁడను
శ్రీరమయుత నన్నుఁగావు సృష్టినిఁ గృష్ణా."	kandamu
"అనుదినము కృష్ణశతకము
వినినఁ బఠించినను ముక్తి వేడుక గలుగు\న్‌
ధనధాన్యము గోగణములు
తనయులు నభివృద్ధిఁ బొందు దద్దయుఁ గృష్ణా."	kandamu
"శ్రీకరధవళాంగ, శ్రితజనావనసంగ, | కరనివిష్టకురంగ, పురవిభంగ,
తరణిచంద్రరథాంగ, ధరణీతలశతాంగ, | విదళితానంగ, గోవృషతురంగ,
వలయీకృతభుజంగ, విలసితఖట్వాంగ, | ధృతనభోగంగ, వార్నిధినిషంగ,
మునిమనోంబుజభృంగ, ఘనసమరాభంగ, | అతిదయాపాంగ, పుణ్యాంతరంగ,"	seesamu
"శైలజానుంగ, నీకొక శతక మిపుడు | కూర్చి యర్పింతుఁ గైకొమ్ము, కోర్కె లిమ్ము,
భూనుతవిలాస, పీఠికాపురనివాస, | కుముదహితకోటిసంకాశ, కుక్కుటేశ!"	teytageethi
"కొక్కుఁ జొక్కువయాళి జక్కి నెక్కెడి వేల్పు | మినుసికయెకిమీని యనుఁగుఁబట్టి
మేల్కడాని పసిండిమేని జేజేమిన్న | యిద్దఱుతల్లుల ముద్దుఁగొడుకు
గుజ్జుదేవర వ్రేలుబొజ్జ మేటిమగండు | మొలకపూవుల పూజ నలరు వలఁతి,
చిలువజన్నిదముల చెలువుండు సికను లేఁ- | దొగవిందుతునె పూను సొగసుకాఁడు"	seesamu
"నను గజాననుఁ డెపుడు నిన్ బొగడు కృతులఁ | జిరకృపాస్ఫూర్తి సంపూర్తి సేయుచుండు,
భూనుతవిలాస, పీఠికాపురనివాస, | కుముదహితకోటిసంకాశ, కుక్కుటేశ!"	teytageethi
"గురుతరకౌండిన్యగోత్ర పవిత్రుండ | గంగనమంత్రిశేఖరుని సుతుఁడ
కూచిమంచన్వయాకూపార చంద్రుండ | వితతతావకకృపావీక్షణాప్త-
సత్కలితామహాసామ్రాజ్యభార ధౌ- | రేయుండ బుధజనప్రియ సచివుఁడ
ఘన దెందులూరి లింగన గురూత్తమదత్త | సారశైవాచార సంగ్రహుఁడను"	seesamu
"తిమ్మకవిచంద్రుఁడను నేను దివిరి నీకు | శతక మర్పింతుఁ గైకొమ్ము సంతసమున,
భూనుతవిలాస, పీఠికాపురనివాస, | కుముదహితకోటిసంకాశ, కుక్కుటేశ!"	teytageethi
"కౌశిక కౌండిన్య కపిల కశ్యప కణ్వ | కౌత్స కాత్యాయన కలశజులును
జహ్ను జరత్కార జాబాలి జమదగ్ని | జలజభవాత్మజ జైమినులును
మందపాల మతంగ మౌసల మౌద్గల్య | మాండవ్య మైత్రేయ మంకణులును
వల్మీకభవ వత్స వాలఖిల్య వశిష్ఠ | వరతంతు వామదేవ ప్రముఖులును"	seesamu
"నిక్కముగ నిన్ను వర్ణింపనేర రనఁగ | నెంతవారింక నరులు ని న్నెఱిఁగి పొగడ,
భూనుతవిలాస, పీఠికాపురనివాస, | కుముదహితకోటిసంకాశ, కుక్కుటేశ!"	teytageethi
"దండ ముద్దండదోర్దండకోదండవి- | ఖండిత చండవేదండ, నీకు!
జోహారు హారామరాహారనీహార- | గోహర గోహీరదేహ, నీకు!
నతి శతక్రతుముఖాదితిసుతాతతకృత- | స్తుతికృతామితహిత కుతుక, నీకు!
జేజే పరాజితోగ్రాజివిరాజిత- | వ్యాజనిరీజసమాజ, నీకు!"	seesamu
"వందన ముదార దారుకావనమునీంద్ర- | సుందరీబృందమానసానంద, నీకు!
భూనుతవిలాస, పీఠికాపురనివాస, | కుముదహితకోటిసంకాశ, కుక్కుటేశ!"	teytageethi
"తపననందన భటోద్దండ చండభుజంగ | మేఘభీషణ విహంగోత్తమంబు
బహుజన్మసంచిత బ్రహ్మహత్యాముఖో- | గ్రౌఘకాలాభ్ర ఝంఝూనిలంబు
భూతవేతాళప్రభూత వాతజ్వరా- | ద్యామయారణ్య దావానలంబు
ఘోరదారిద్ర్యవికారభారోదగ్ర- | వారణానీక కంఠీరవంబు-"	seesamu
"నైన వంచాక్షరిని భక్తి యతిశయిల్లఁ | దవిలి జపియించు వారెపో ధన్యతములు
భూనుతవిలాస, పీఠికాపురనివాస, | కుముదహితకోటిసంకాశ, కుక్కుటేశ!"	teytageethi
"అమర మస్తకకిరీటాంచిత మనోవిభా- | నీరాజితాంఘ్రిపంకేరుహునకు
శైలకన్యాఘనస్తనవిలిప్తమృగీమ- | దాంకిత విపుల బాహాంతరునకు
గగనతరంగిణీకల్లోలమాలికా- | శోభిత పటు జటాజూటునకును,
మరుదీశనీలోపమానమానిత మహా- | కాకోలరుగ్జాల కంధరునకు"	seesamu
"నీకు నతులు సమర్పించి నిష్ఠతోడఁ | గొల్చువారలె శమనుని గెల్చువారు,
భూనుతవిలాస, పీఠికాపురనివాస, | కుముదహితకోటిసంకాశ, కుక్కుటేశ!"	teytageethi
"అభవు నక్షయు నాద్యు నవ్యక్తు నవ్యయు | ననఘు ననంతు నాద్యంతరహితు
నప్రమేయు నజేయు నకలంకు నసమాను | నానందమయు నాఢ్యు నాత్మరూపు
నచలు ననామయు నఖిలేశు నద్వయు | నార్తరక్షాచణు ననఘహృదయు
నమలాత్ము నజుగురు ననవద్యు నభయదు | నసహాయు నతిపుణ్యు నగ్రగణ్యు"	seesamu
"నహరహంబును నిను భక్తి నాత్మఁ దలఁచు | పుణ్యమతులకుఁ గడు సులభుఁడవు నీవు,
భూనుతవిలాస, పీఠికాపురనివాస, | కుముదహితకోటిసంకాశ, కుక్కుటేశ!"	teytageethi
"సర్వసర్వంసహాస్థలి శతాంగము గాఁగ | రవిసుధాకరులు చక్రములు గాగ
వాణీవిలాసినీవరుఁడు సారథి గాఁగఁ | బ్రామిన్కుగములు బాబాలు గాగ
రత్నసానుధరాధరము కార్ముకము గాగ | నాగాధినాథుండు నారి గాగ
పంకజాతాక్షుండు కంకపత్రము గాఁగ | బర్హిర్ముఖులు వీరభటులు గాఁగఁ"	seesamu
"గూర్చి బారులు దీర్చి చిట్టార్చి పేర్చి | యోర్చి పురదానవులఁ దెగటార్చితీవు,
భూనుతవిలాస, పీఠికాపురనివాస, | కుముదహితకోటిసంకాశ, కుక్కుటేశ!"	teytageethi
"రక్షించితివి కదా రవిసూను బడఁదన్ని | చిరకృపామయబుద్ధి శ్వేతకేతు
భక్షించితివి కదా బ్రహ్మాండనివహకో- | లాహలభయద హాలాహలంబు
శిక్షించితివి కదా శితఖడ్గధారాంచ- | లమున దక్షాంధకప్రముఖ ఖలుల
వీక్షించితివి కదా వితతఫాలానల- | జ్వాలచే మరుని భస్మంబు గాఁగ"	seesamu
"నిగ్రహానుగ్రహప్రౌఢి నీకె కాక | కలదె తక్కిన చిఱుత వేల్పులకు నెల్ల,
భూనుతవిలాస, పీఠికాపురనివాస, | కుముదహితకోటిసంకాశ, కుక్కుటేశ!"	teytageethi
"పలుకుఁగ్రొన్ననఁబోఁడి కులుకు వీణియ మీట | వేయుఁగన్నులవేల్పు వేణువూదఁ
గలుములతొగకంటి చెలఁగి గానము సేయ | నలువ కైతాళ మింపలర వ్రేయ
మధుదైత్యమథనుండు మద్దెల వాయింప | సకలపారిషదు లెచ్చరికసేయ
నందిభృంగీశు లందంద సందడి దీర్ప | మొనసి దేవతలెల్ల మ్రొక్కి కొలువ"	seesamu
"సంతసము మీఱఁ గేరి సాయంతనమునఁ | దాండవం బాడు నీ హొయల్ దలఁప వశమె
భూనుతవిలాస, పీఠికాపురనివాస, | కుముదహితకోటిసంకాశ, కుక్కుటేశ!"	teytageethi
"అబ్జగర్భునకు లోకానీకనిర్మాణ- | చాతుర్య మేరీతి సంభవించె
జలజాక్షునకు నిశాచరశిక్షణోపాయ- | పాటవం బేలీల నాటుకొనియె
పురుహూతునకు దివ్యభోగభాగ్యాస్పద- | స్వర్లోకపదవి యేసరణి వచ్చె
దిననాథునకు జగజ్జనలోచనదురాప- | ఘనవిభాస్ఫూర్తి యేకరణి నొదవె"	seesamu
"నహహ తావక పదసరోజార్చనావి- | ధానమునఁ గాదె కలిగె ననూనమహిమ,
భూనుతవిలాస, పీఠికాపురనివాస, | కుముదహితకోటిసంకాశ, కుక్కుటేశ!"	teytageethi
"ధననాయకుడు నితాంతము బ్రియమిత్రుండు | సిరులపైదలిగేస్తుఁ డరిదితూపు
కలధౌతశైలంబు కాఁపురంబు బిడారు | కాంచనాహార్యంబు కార్ముకంబు
రత్నాధివాసంబు రహి మించు తరకసం- | బల సర్వమంగళ యనుఁగురాణి
పంటలపువుఁబోఁడి బాళి మీఱిన తేరు | కళలీను రాజు కీల్గంటిపువ్వు"	seesamu
"గాఁగ నణిమాది భూతులు గల్గు నీకుఁ | బునుకలెత్తంగ నేరీతిఁ బొసఁగెనయ్య,
భూనుతవిలాస, పీఠికాపురనివాస, | కుముదహితకోటిసంకాశ, కుక్కుటేశ!"	teytageethi
"చెలిమి నోగిర యిడ్డ చిరితొండబత్తుని | కొడుకుఁ జంపించుట దుడుకు గాదె
పరకాంత యని మది నరయక భల్లాణు | నిల్లాలి గోరుట యెగ్గు గాదె
మాలని యెంగిలిమాంసంబు రోయక | తవిలి మెసంగుట తప్పు గాదె
మొనసి యాడుది పంపు పనులకై కినియక | కుంటెనల్ తిరుగుట కొఱఁత గాదె"	seesamu
"శివశివా! నీవె యిటువలెఁ జేయునప్పు | డవని నరులకు నింకేమి యడ్డు కలుగు,
భూనుతవిలాస, పీఠికాపురనివాస, | కుముదహితకోటిసంకాశ, కుక్కుటేశ!"	teytageethi
"దశశతాబ్దముల నిన్ దవిలి పూజించిన | మెచ్చి చక్రికిఁ జక్రమిచ్చినావు
తరలక నిను గూర్చి తప్పమొనర్చిన క్రీడి | కెసఁగఁ బాశుపతాస్త్ర మొసఁగినావు
మిత్తి చేఁ బడి నిన్ను హత్తి బత్తిఁ దలంచు | మునిపుత్రుఁ జేపట్టి మనిచినావు
కాలకూటాగ్నిచేఁ గ్రాఁగి కుయ్యిడుచున్న | దివిజుల యాపదన్ తీర్చినావు"	seesamu
"బళిర జగముల నీవంటి భక్తిసులభుఁ | డైన దైవంబు గలఁడె లోనరసి చూడ,
భూనుతవిలాస, పీఠికాపురనివాస, | కుముదహితకోటిసంకాశ, కుక్కుటేశ!"	teytageethi
"పుఱియలు పునుకలు నెఱియఁ బేర్లుగ వైచి | కుత్తుక గరళంబు కుదురు కొలిపి
కడఁగి పెన్బాముల తొడపులుగాఁ బెట్టి | పచ్చియేనుఁగుతోలు పైని గప్పి
నెమ్మేన శవభస్మ మిమ్ముమీఱ నలంది | బికిరంబు చలికూడు ప్రేమఁ దినుచు
భూతపిశాచముల్ ప్రీతిఁ గొల్వగఁ బ్రేత- | భూములయందు నబ్బురము మీఱ"	seesamu
"మెలఁగుచుండియు భువనమంగళవిలాస- | లీలఁ జెలగుదువంట మేల్ బళీ యయారె!
భూనుతవిలాస, పీఠికాపురనివాస, | కుముదహితకోటిసంకాశ, కుక్కుటేశ!"	teytageethi
"జంభాహితుని భుజాస్తంభనం బొనరించి | విష్ణుని చక్రంబు విఱిచి పుచ్చి
బ్రహ్మదేవునిఁ బటాపంచలుగాఁ గొట్టి | భగుని కన్నులు నేలఁబడఁగఁ దిగిచి
పూషార్కు దంతముల్ పొడిపొడిగాఁ దన్ని | సోముని నరకాల భూమిఁ జమరి
దక్షుని తలఁ గొట్టి తవిలి వేల్పులనెల్లఁ | దఱిమి వేఁటాడిన తావకీన"	seesamu
"వీరభద్రావతార విహారలీలఁ | దలఁచినప్పుడె యాపదల్ తలఁగు నౌర
భూనుతవిలాస, పీఠికాపురనివాస, | కుముదహితకోటిసంకాశ, కుక్కుటేశ!"	teytageethi
"బాపని కొక స్వయంపాకాన కియలేక | చుట్టాలకును గూడు పెట్టలేక
పిడికెఁడు బిచ్చ మెన్నఁడు నొసంగగ లేక | కడుపార నన్నంబు గుడువలేక
పైమీఁద నొకగట్టిబట్ట గప్పఁగలేక | నదనునఁ గాసైన వదలలేక
కడుగైనఁ దవుడైన విడిచివెట్టఁగలేక | మాడైన మక్కైన మానలేక"	seesamu
"ఖలుఁడు విత్తంబు గూర్చినఁ గట్టి కొట్టి | పట్టి పుథించి నృపు లరి బలిమిఁ గొంద్రు,
భూనుతవిలాస, పీఠికాపురనివాస, | కుముదహితకోటిసంకాశ, కుక్కుటేశ!"	teytageethi
"జారచోరులకు గంజాయికల్లులకును | దొత్తుల కగ్గికి దొమ్మరులకు
కుంటెనకత్తెలకును వెలయాండ్రకు | నల్లమందునకు భూవల్లభునకు
తప్పుదండుగలకు దబ్బరగాండ్లకు | నంజుటికిని గోడిపుంజులకును
మందులవాండ్రకు మాలదాసర్లకు | నాటపాటలవాండ్ర కౌను గాని"	seesamu
"సుకవిజనదేవతాగృహసూరివరుల | జేరదింతయుఁ దులువ కూర్చిన ధనంబు,
భూనుతవిలాస, పీఠికాపురనివాస, | కుముదహితకోటిసంకాశ, కుక్కుటేశ!"	teytageethi
"విధవాకుచంబుల విధమున ససి చెడ్డ | పాడింట నిడిన దీపంబు కరణి,
గాననాంతరమునఁ గాయు వెన్నెల రీతి | షండున కబ్బిన చాన పోల్కిఁ
గ్రోఁతి చే నొదవిన కొబ్బరికాయ య- | ట్లంబుధిం బడిన తోయంబు మాడ్కి
ముసిడిఁ బండిన ఫలమ్ముల చందమున దుష్ట- | ఫణిశిరంబున వెల్గు మణి విధమున"	seesamu
"ధరణిఁ బరమనికృష్టుని దండనున్న | ధనము వృథయగు నేరికిఁ బనికిరాక,
భూనుతవిలాస, పీఠికాపురనివాస, | కుముదహితకోటిసంకాశ, కుక్కుటేశ!"	teytageethi
"వేదశాస్త్రపురాణవిద్య లక్కఱగావు | పరిహాసవిద్యలు పనికివచ్చు
గద్యపద్యవిచిత్రకవితలు కొఱగావు | గొల్లసుద్దుల కతల్ పెల్లుమీఱు
దేవతాభాషల తీరు లేమియుఁ గావు | పారసీకోక్తులు ప్రణుతి కెక్కు
శైవవైష్ణవమతాచారంబు లొప్పవు | పాషండమతములు బాళి నలరు"	seesamu
"నౌర యిక్కలికాల మహత్త్వమెంతొ | వింతయై తోఁచుఁ గద ధరాభ్యంతరమున,
భూనుతవిలాస, పీఠికాపురనివాస, | కుముదహితకోటిసంకాశ, కుక్కుటేశ!"	teytageethi
"కాపుకవీశ్వరుల్ కంచఱయోగులు | సాతానివైష్ణవుల్ సాలెభటులు
కోమటిదాతలు కొంటెభాగోతులు | మాలవెజ్జులు బోయమావటీలు
గొల్లపౌరాణికుల్ పల్లెదైవజ్ఞులు | బానిసవేశ్యలు జైనబాఁప
లాడుదీర్పరు లుగ్రయవనధరాధీశ్వ- | రులు వైదికప్రధానులును మిగుల"	seesamu
"భూతలంబునఁ గలిదోషహేతుకమునఁ | బ్రబలురై రింకనేమి చెప్పంగవలయు
భూనుతవిలాస, పీఠికాపురనివాస, | కుముదహితకోటిసంకాశ, కుక్కుటేశ!"	teytageethi
"బొగ్గులఁ దైలంబు బుట్టింపగా వచ్చు | ధట్టించి జలరాశి దాటవచ్చు
జెలరేఁగి ఘనదవానలము మ్రింగఁగ వచ్చు | భుజగులఁ బేర్లుగాఁ బూనవచ్చు
బెబ్బులి నఱచేతఁ బెనఁగి పట్టఁగ వచ్చు | దివిరి ఱాతిని నార దీయవచ్చు
గొదమసింగమును నక్కునఁ జేర్పఁగా వచ్చు | గాలి పోగిడి మూట గట్టవచ్చు"	seesamu
"గాని తులువల డెందంబు గరగఁ జేయ | వశము గాదయ్య భువిని నెవ్వరికినైన,
భూనుతవిలాస, పీఠికాపురనివాస, | కుముదహితకోటిసంకాశ, కుక్కుటేశ!"	teytageethi
"సల్లగా మాలదాసర సటారయగారి | తిర్నామములు సాన తేప వింటి
గొల్లమారన బోయ దెల్లఁగా సతికితే | బొల్లేవు పోట్లాటలెల్ల యింటి
జయన యెంకటబొట్లు సబ్బండుసారాలు | పూరాండములు సెప్పఁ గోరి యింటి
సరవయ్య బయలీదు జమిలికతోఁ బాడు | నంకమ్మపాట లెన్నైన యింటి"	seesamu
"గాని సీ యెద్దుమాంసుల కయితకంబు | లందమనిపించు కాయల యందమండ్రు,
భూనుతవిలాస, పీఠికాపురనివాస, | కుముదహితకోటిసంకాశ, కుక్కుటేశ!"	teytageethi
"అబ్బబ్బ కిందటేఁ డప్పయ్య తీర్తాన | జోలెజంగము కిస్తి సోలెఁడుప్పు
సాతాని జియరయ్య సతికితే పోయిస్తి | కొల్లఁగా గుల్లెఁడు సల్లబొట్టు
లంక సత్తెలవాఁడు పొఁకాన పొగిడితే | మాలదాసరికిస్తి మానెఁడూద
వేదాలు వాగితే యెల్లుబొట్టయ్యకు | కొలకుండ దోసెఁడు కొఱ్ఱలిస్తి"	seesamu
"నౌర తమకన్న కూసుగాఁ డవల నింకఁ | గలఁడె యను మూర్ఖుఁ డిద్ధరఁ గామవైరి!
భూనుతవిలాస, పీఠికాపురనివాస, | కుముదహితకోటిసంకాశ, కుక్కుటేశ!"	teytageethi
"ఆసనబేదంబు లనుకొంటి సేనియా- | డులు సాల రచ్చింపవలెనటంట
కైసవరుఁడనంట నాసారపుసుకుఁడ- | నంట యేధాంతుండనంట పెద్ద-
యెద్దు మారిసుఁడనంట సిద్దాంతుడనటంట | వాసి పేగుల నంటదోసినంట
సోమాదిగులనంట సామిపాకాలంట | సంతుకు తంబులు సతుకుకుంట"	seesamu
"యెంటఁబట్టిరి యబ్బబ్బ యేమి సేతు | బాపనపిసాసు లనుచోట్ల బలుకఁ దరమె,
భూనుతవిలాస, పీఠికాపురనివాస, | కుముదహితకోటిసంకాశ, కుక్కుటేశ!"	teytageethi
"మోట బొల్లెద్దుకు ముకుదాడు గట్టిన- | ట్టెద్దెరా మొగమెల్ల సుద్దపట్టె-
లద్దించుకొని వచ్చి అయగారు యేంచేసె | తడియాకుఁ గావలె తయ్యడాడు
బళ్ళంట ఆమీఁద పరపామదంట మం- | గలదాని బొందంట గనడమంట
ముత్తి గలుగునంట ముద్రదానము గమ్మ- | టంట దాసరికొయ్య యెంటఁబట్టి"	seesamu
"పట్టిబుజములు గాలసబట్టెననెడు | చెనటుల తెఱంగు లేమని చెప్పనేర్తు
భూనుతవిలాస, పీఠికాపురనివాస, | కుముదహితకోటిసంకాశ, కుక్కుటేశ!"	teytageethi
"బోలెఁడు గందంబు బొమలదాఁకా మెత్తి | మెంటెఁ డీబూడిద ఒంట బామి
రుదురాకపేర్లు జన్నిదములు మోఁకాలి | లాపున దిగయేసి యావుపాస-
నానికి నేతిదారైనను దెమ్మంట | దాఁ బల్కునెడ నమేద్యాలటంట
పచ్చాలు మాలయ్యపచ్చాలుననుకొంట | సంకలో కబ్బాలు సప్పుకొంట"	seesamu
"సెడుగుబాపఁడు నాబంటుకొడు కబ్బబ్బ | యెంటఁబడె నను మూర్ఖుల నెన్నదరమె
భూనుతవిలాస, పీఠికాపురనివాస, | కుముదహితకోటిసంకాశ, కుక్కుటేశ!"	teytageethi
"బట్టయ్యగాళ్ళంట బబ్బాయువంటను | బొజ్జయుంబనుకొంట బోజనాలు
గావలెనంట తేగాలు దెమ్మనుకొంట | సేరి బూసుండాలు సేసుకొంట
యెల్లనికొడుకంట మల్లనికొడుకంట | పోయిన పెతరుల పొగుడుకొంట
కలయిర్పులెట్టి తొందరగాఁగ దండకాల్ | సతకాలు సోకాలు సతుకుకొంట"	seesamu
"ఎంటఁ బట్టిరి గదరబ్బ యనెడు మూఢ | కష్టచిత్తుల కిఁక మఱెక్కడి యశంబు,
భూనుతవిలాస, పీఠికాపురనివాస, | కుముదహితకోటిసంకాశ, కుక్కుటేశ!"	teytageethi
"పాతపొత్తపుకట్ట సేత పట్టుకవచ్చి | దోసిబాపఁడనంట దోసిలొట్టి
జలము సంద్రుఁడటంట సని సాలదనుకొంట | సెడుగు వాసారులు సెప్పుకుంట
తిండికిఁ దెమ్మంట దేయిరింపుచు తూపె- | తూపెకు సేతులు సాపు గాని
మఱఁదలెన్నఁడు పెదమనిసైనదంటేను | తప్పక మూత్రంబె సెప్పలేఁడు"	seesamu
"సీ యితనికంటె సాకలిసెల్లిగాఁడు | మేలనెడు మోటకొయ్యల నేల దెలుప,
భూనుతవిలాస, పీఠికాపురనివాస, | కుముదహితకోటిసంకాశ, కుక్కుటేశ!"	teytageethi
"కరణాలటంటను కైలకట్టల యిప్పి | పాతికలంటను పరిగలంట
కాన్లంట గీన్లంట కలయి లేనియి కొన్ని | సెల్లులు బాకీలు సెప్పుకొంట
బిరబిర గంటాలు గిరగిర దిప్పుతా | నాకులన్నియు నెడ గోఁకుకుంట
యెగరాసి దిగరాసి సగమేసి యెగదొబ్బి | కొంపలు పడదోసి సంపుతారు"	seesamu
"దయ్యమా కాయకసరైన దక్కనియ్య- | రేమి సేయుదు మను మోటులిలను గలరు
భూనుతవిలాస, పీఠికాపురనివాస, | కుముదహితకోటిసంకాశ, కుక్కుటేశ!"	teytageethi
"యెద్దుమందను గూర్చి యెగసాయమిడితేను | తుది నది యధికారి దోసుకొనియె
దాపుదప్పులకంట దర్మకర్చులకంట | కాసువీసము లాగె కరణపయ్య
సల్లమ్మి పవకమ్మి సిల్లర దాసితే | కోమటి నాబంటుకొడుకు దొబ్బె
కళ్ళము కంకులు గాలిఁ బట్టగఁ బోతె | బట్టుబాపనవోళ్ళు బతగనీయ-"	seesamu
"రహహ దందర మిటులయ్యె ననెడి మోటుఁ | బెద్దదొక్కుడుగాళ్ళఁ జెప్పెడిదిఁకేమి,
భూనుతవిలాస, పీఠికాపురనివాస, | కుముదహితకోటిసంకాశ, కుక్కుటేశ!"	teytageethi
"కాకంబునకు రత్నఖచితపంజరమేల | పందికి ముత్యాలపందిరేల
యీపిటీఁగకు మేటి తీపుఁదేనియ యేల | శ్వానంబునకుఁ బట్టుజాలరేల
మహిషంబునకు మృగమదవిలేపనమేల | కోతికి బంగారుగొలుసులేల
గర్దభంబునకు బంగారుపల్లంబేల | షండున కందమౌ జాణ యేల"	seesamu
"పరమలోభికి నృపసభాప్రథితమహిమ- | సుకవికృతభవ్యకావ్యవిస్ఫురణ యేల
భూనుతవిలాస, పీఠికాపురనివాస, | కుముదహితకోటిసంకాశ, కుక్కుటేశ!"	teytageethi
"పొడవైన కారెనుబోఁతుఁ గన్గొని తేంట్లు | మదగజేంద్రంబని పొదవునట్లు
దళమైన యెండమావులు సూచి నీళ్ళని | చెలఁగి జింకలు దాడిసేయునట్లు
వలయు దవాగ్నిధూమముఁ గాంచి మొగులని | చాతకంబులు డాయఁ జనినయట్లు
బూరుగచెట్టుపైఁ బూవులుండుట చూచి | చిలుకలు ఫలముకై చేరినట్లు"	seesamu
"ధరణి నధముల దాంభికత్వములు చూచి | చేరి యాచింపఁ దలతురు సూరిజనులు
భూనుతవిలాస, పీఠికాపురనివాస, | కుముదహితకోటిసంకాశ, కుక్కుటేశ!"	teytageethi
"ఇల జొన్నఁ బడు గ్రుడ్డియెద్దు చాడ్పున మృదు- | పదగతు లరయక పరుపుకొనుచుఁ
బెనకున నోడిన పిఱికిబంటును బోలె | వడి లేక ప్రాసంబు విడిచివైచి
సారెఁ గొక్కెర రీతి జడధుల నెరసుల | నెమకుచు మిగులభంగములఁ దోఁగి
పెంటలపైఁ బొరల్వెట్టు రాసభమట్లు | పలుమఱు నపశబ్దమునె పలుకుచు"	seesamu
"తస్కరుని చందమునఁ బదార్థములు మ్రుచ్చి- | లించుచుఁ జరించు కుకవుల నెంచనేల?
భూనుతవిలాస, పీఠికాపురనివాస, | కుముదహితకోటిసంకాశ, కుక్కుటేశ!"	teytageethi
"దేశాటనంబును దేవతోపాస్తియుఁ | బండితస్నేహంబు బహుపురాణ-
శోధకత్వము పరిశుద్ధతయును మహా- | ప్రతిభయుఁ గల్పనాపాటవంబు
ఛందోముఖాశేషశాస్త్రవేదిత్వంబు | సంగీతసాహిత్యసౌష్ఠవంబు
నిఖిలకలానైపుణియు నహంకారరా- | హిత్యంబు జనహితకృత్యములును"	seesamu
"గలిగి కవిరాజ రాజశేఖరులు మెచ్చు | కబ్బములు గూర్చువాఁడె పో కవి యనంగ,
భూనుతవిలాస, పీఠికాపురనివాస, | కుముదహితకోటిసంకాశ, కుక్కుటేశ!"	teytageethi
"అలికులవేణి సింహకిశోరనిభమధ్య | పరిపక్వబింబోష్ఠి పద్మగంధి
రాకేందువదన శరచ్చంద్రికాహాస | కోకిలకలవాణి కుందరదన
పల్లవపాణి శంపాలతావిగ్రహ | లికుచవక్షోజ నాళీకనేత్ర
ముకురకపోల చంపకపుష్పసమనాస | భుజగరోమావళి పులినజఘన"	seesamu
"యనఁగ నెన్నిక గన్న లేయన్నుమిన్న | దొరకి ఘను నిన్ను నుతిగొన్న పురుషుఁ డహహ,
భూనుతవిలాస, పీఠికాపురనివాస, | కుముదహితకోటిసంకాశ, కుక్కుటేశ!"	teytageethi
"పతిని దైవమ యంచు మతి నెంచి యరయుచుఁ | గలనైనఁ గ్రోధంబు నిలుపఁబోక
యతిథులఁ జుట్టాల నతిభక్తిఁ జూచుచు | సత్యవాక్యనిరూఢి జరుపుచుండి
యుభయవంశములకు నుపకీర్తి నించుచు | నిమ్ముగా నగు సుచిత్తమ్ము పూని
యత్తమామల మాట కడుగు దాఁటగఁబోక | మాన మాభరణంబుగా నమర్చి"	seesamu
"మెలఁగుచుండెడి యిల్లాలు కలుగవలయు | మహితభాగ్యాన్వితుండైన మానవునకు,
భూనుతవిలాస, పీఠికాపురనివాస, | కుముదహితకోటిసంకాశ, కుక్కుటేశ!"	teytageethi
"తన యింటి యర్థంబుఁ దానె మ్రుచ్చిలుదాని | ననయంబుఁ గొరకొరలాడుదాని
గయ్యంబునకు నెప్డు కాలు దువ్వెడిదాని | నెడపక యేవేళ నేడ్చుదాని
పొరుగిండ్ల వెంబడిఁ దిరుగుచుండెడిదాని | ధట్టించి శిశువులఁ గొట్టుదాని
పరహితశీలయై పరగుచుండెడిదాని | గయ్యాళియై పతిఁ గలఁచుదాని"	seesamu
"తవిలి పదుగురుబిడ్డల తల్లియైన | విడువవలెనండ్రు పెద్ద లిప్పుడమియందు,
భూనుతవిలాస, పీఠికాపురనివాస, | కుముదహితకోటిసంకాశ, కుక్కుటేశ!"	teytageethi
"జగడాలచీలి వేసాలవెల్లి బిసాళి | తిండిపోతు గయాళి మొండికట్టె
హేయభాజనము పల్మాయలపుట్టిల్లు | కంతులరాకాసి పంతగత్తె
యవలక్షణముల తా వవివేకములప్రోవు | చెరపనచేట మాసికలమూట
నిక్కులబండి బందెలమారి కల్లల- | పాతర సోమరిపో తనంగ"	seesamu
"నెన్నఁబడు బేరజపురండ నేలుచుండు | పురుషుని యభాగ్య మేమని పొగడవచ్చు
భూనుతవిలాస, పీఠికాపురనివాస, | కుముదహితకోటిసంకాశ, కుక్కుటేశ!"	teytageethi
"కిలకిల నగుచు ముద్దులు గుల్కు నొకవేళ | నొకవేళఁ గొరకొరలూని మెలఁగు
మలితవిచారబాములఁ గుందు నొకవేళ | నొకవేళ దృఢపరుషోక్తులాడు
రతికళాకౌశలోన్నతి సూపు నొకవేళ | నొకవేళ మొగమీక యూరకుండు
లలిఁ బెక్కురీతుల లాలించు నొకవేళ | నొకవేళఁ బెనువంత నొందఁజేయు"	seesamu
"నౌర వింతలు భూమిపై నాఁడుదాని | మనసు దెలియంగరాదు పద్మజునికైన,
భూనుతవిలాస, పీఠికాపురనివాస, | కుముదహితకోటిసంకాశ, కుక్కుటేశ!"	teytageethi
"ఒరుల భాగ్యము సూచి యోర్వఁజాలనివాడు | బుధజనద్వేషంబు పూనువాఁడు
చెలిమిమైఁ దల్లిదండ్రులను బ్రోవనివాఁడు | పరకామినుల కాసపడెడివాఁడు
శివవిష్ణుదూషణల్ సేయుచుండెడివాఁడు | పలుమఱు కొండెముల్ పలుకువాఁడు
భూసుపర్వక్షేత్రములు మ్రింగఁజూచువాఁ | డాడినమాట లేదనెడువాఁడు"	seesamu
"ప్రోది చేసినవానితోఁ బోరువాఁడు | చేరు దుర్గతి నిహపరదూరుఁడగుచు,
భూనుతవిలాస, పీఠికాపురనివాస, | కుముదహితకోటిసంకాశ, కుక్కుటేశ!"	teytageethi
"బహుపుత్రసంప త్తిఁ బ్రబలుచుండెడివారు | నిక్షేపములు ధాత్రి నిలుపువారు
క్షితి శివోద్వాహముల్ సేయుచుండెడివారు | కొంచక గుళ్ళు కట్టించువారు
ఘనతటాకమ్ము లిమ్మొనరఁ ద్రవ్వెడివారు | విరివిగాఁ దోఁటలు వేయువారు
కవిబుధోత్తములకుఁ గామితార్థములిచ్చి | యందంబుగాఁ గృతులందువారు"	seesamu
"సప్తసంతానకర్త లీ సదమలాత్ము | లెపుడు నిహపరసుఖముల నెనయుచుండ్రు,
భూనుతవిలాస, పీఠికాపురనివాస, | కుముదహితకోటిసంకాశ, కుక్కుటేశ!"	teytageethi
"వలవని చెలువతో మెలగువాఁ డొకకూళ | వాసిడించి చరించువాఁడు కూళ
సిరి గల్గి కుడువక చిక్కువాఁ డొకకూళ | వనిత కుంకువ చెప్పువాఁడు కూళ
చెడి బంధునింటికిఁ జేరువాఁ డొకకూళ | వసుధేశుఁ జెడనాడువాఁడు కూళ
ధనికుతోఁ బగవెట్టుకొనెడువాఁ డొకకూళ | వడిలేని దొరఁ గొల్చువాఁడు కూళ"	seesamu
"కూడదన్నను గవితలఁ గూర్చి బలిమి | గుమతులకు నిచ్చువాఁ డొక్కకూళ సుమ్ము,
భూనుతవిలాస, పీఠికాపురనివాస, | కుముదహితకోటిసంకాశ, కుక్కుటేశ!"	teytageethi
"ఆరకూటములోన నపరంజి యిడినట్లు | చెరువులోఁ బన్నీరు చిలికినట్లు
చౌటినేలను మంచిసస్యం బిడినయట్లు | వెలిమిడిలో నెయ్యి వేల్చినట్లు
షండున కందమౌ సకిని గూర్చినయట్లు | పేడలోఁ గస్తూరి పెట్టినట్లు
పాడింటిలోన దీపంబు నిల్పినయట్లు | వార్ధిలోఁ గురిసిన వానయట్లు"	seesamu
"తొడరి సుజనులు ధరణిలో దుర్జనులకుఁ | జేయు నుపకృతి వ్యర్థమై చెడు గదయ్య,
భూనుతవిలాస, పీఠికాపురనివాస, | కుముదహితకోటిసంకాశ, కుక్కుటేశ!"	teytageethi
"పరమలోభిని దివాకరతనూభవుఁ డంచు | ఛద్మచిత్తుని హరిశ్చంద్రుఁ డనుచు
నిర్దయాత్ముని రామనృపశిఖామణి యంచుఁ | గడుకురూపిని రతికాంతుఁ డనుచు
పాపకర్ము నభంగపాండవాగ్రజుఁ డంచు | సమరభీరుని సవ్యసాచి యనుచు
కుండబీదను మరున్మండలేశ్వరుఁ డంచు | మతివిహీనుని భోగిపతి యటంచు"	seesamu
"కవులు కక్కూర్తి నిసుమంత కడుపు కొఱకు | పొగడుచుండుదు రవివేకబుధు లగుచు,
భూనుతవిలాస, పీఠికాపురనివాస, | కుముదహితకోటిసంకాశ, కుక్కుటేశ!"	teytageethi
"పూదోఁటఁ గారెనుబోతు దూఱినయట్లు | పైరులోఁ బెనుగాబు బలిసినట్లు
గుడిమీద మఱ్ఱిమ్రాన్ గుదురు మీఱినయట్లు | చెదపుర్వునకు ఱెక్కలొదవినట్లు
వెరవొప్పఁ జెఱకున వెన్ను పుట్టినయట్లు | తులసిలో గంజాయి మొలచినట్లు
నట్టింట గడితంపుఁ బుట్ట పుట్టినయట్లు | గందమ్ములోఁ బేడ కలిసినట్లు"	seesamu
"వంగడంబున నొక క్రూరవర్తనుండు | పొడమి తత్ప్రాభవంబెల్ల నుడుగఁజేయు,
భూనుతవిలాస, పీఠికాపురనివాస, | కుముదహితకోటిసంకాశ, కుక్కుటేశ!"	teytageethi
"కాకిమూఁకలలోనఁ గోకిలం బున్నట్లు | కొంగలలో నంచ కూడినట్లు
సైరిభబులలోన సామజంబున్నట్లు | నక్కలలో జింక చిక్కినట్లు
ధుత్తూరములలోనఁ దులసిచెట్టున్నట్లు | ఱేఁచులలోఁ బులి రేఁచినట్లు
గ్రద్దలలో విహంగప్రభుఁడున్నట్లు | ఖరములలో వాజి దొరలినట్లు"	seesamu
"ధరణిఁ బెక్కండ్రు నీచవర్తనులలోన | ఘనుఁ డొకఁడు చిక్కి యేమియుఁ గాక యుండు,
భూనుతవిలాస, పీఠికాపురనివాస, | కుముదహితకోటిసంకాశ, కుక్కుటేశ!"	teytageethi
"చక్కెరలోఁ బిప్పి సంగతంబైనట్లు | మొగిలిపువ్వున ముండ్లు మొలచినట్లు
మాలి పంటికి జీడి మట్టు మీఱినయట్లు | కనకంబునకు గామ కలిగినట్లు
గొనబుముత్తెమునకు గొగ్గి పుట్టినయట్లు | చందమామకుఁ గందు వొందినట్లు
పాలలోఁ దోడుఁ బాల్ మేళనంబైనట్లు | గంగలోపల నాఁచు గలిగినట్లు"	seesamu
"ఘనున కొక నేరమించుక కలిగెనేని | గొఱఁతగాఁ జూచి యెగ్గెన్నుకొనరు బుధులు,
భూనుతవిలాస, పీఠికాపురనివాస, | కుముదహితకోటిసంకాశ, కుక్కుటేశ!"	teytageethi
"కొఱగాని పంచమకులునైన నడిగించుఁ | బరదేశములవెంటఁ దిరుగఁజేయుఁ
గులములో వన్నె తక్కువయై మెలంగించు | మదిని హింసాంభోధిఁ గుదురుపఱచు
సభ నాడుమాట హాస్యరసాస్పదము సేయు | తెలివి యొక్కపుడైనఁ గలుగనీదు
తివిరి సాధులఁ బట్టి తెరవాట్లు కొట్టించు | గడలేని యిడుమలఁ గుడువఁజేయు"	seesamu
"ధరణిలోపల నకట పేదఱికమెంత | కాని దది వద్దు సుమ పగవానికైన,
భూనుతవిలాస, పీఠికాపురనివాస, | కుముదహితకోటిసంకాశ, కుక్కుటేశ!"	teytageethi
"కులమున కెల్ల మిక్కిలితనం బొనఁగూడు | నాడినమాటయే పాడి యెసఁగు
నిఖిలవిద్యాభ్యాసనిపుణత లభియించుఁ | జేసిన పనులెల్ల వాసికెక్కు
మనుజేశ్వరాస్థానమాన్యత సమకూఱుఁ | గడలేని తేజంబు గలిగియుండు
కవిబుధవందిమాగధుల చెల్మి ఘటించుఁ | బగరయైనను వెంటఁ బడి చరించు"	seesamu
"గలియుగంబున నబ్బబ్బ కలిమివంటి | మంచివస్తువు కలదె యోజించి చూడ,
భూనుతవిలాస, పీఠికాపురనివాస, | కుముదహితకోటిసంకాశ, కుక్కుటేశ!"	teytageethi
"బంధుజాతములోన బహుమాన మెడలించు | సభలలో మాటాడఁ జనవులేదు
పరమైన విజ్ఞానసరత సిద్ధించదు | కుమతులు గెగ్గెర్లఁ గొట్టుచుంద్రు
పరభూమి కేఁగినఁ బాటింపరెవ్వరుఁ | బ్రతిభావిశేషంబు పట్టువడదు
ధారుణీపతు లొక్కదానమే నొసఁగరు | కులసతి యతనిఁ దక్కువగఁ జూచు"	seesamu
"నకట విద్యావిహీనత యంత కీడు | లేదు గద మర్త్యులకు ధాత్రిమీఁద నరయ,
భూనుతవిలాస, పీఠికాపురనివాస, | కుముదహితకోటిసంకాశ, కుక్కుటేశ!"	teytageethi
"కడుపార ఘృతమాంసఖండముల్ కడు మెక్కి | పుక్కిటఁ దమలంబు తుక్కు ద్రొక్కి
లావగు గడితంపుఠీవి గన్గొని నిక్కి | విడువక గేస్తుల మెడలు నొక్కి
కూర్చు రొక్కము చందుగులఁ గ్రిక్కిఱియఁ గ్రుక్కి | కసరుచు జనులపై విసము గ్రక్కి
కవిబుధవరుల ఢాకలకు మూలలఁ జిక్కి | కక్కుచుఁ బల్లకీ కుక్కులెక్కి"	seesamu
"నిక్కి మిక్కుటమైన యాదొక్కి బొక్కి- | లో టక్కరి నృపాలకులకీ ర్తి దక్కునొక్కొ,
భూనుతవిలాస, పీఠికాపురనివాస, | కుముదహితకోటిసంకాశ, కుక్కుటేశ!"	teytageethi
"అనయమ్ము రాజ్యాంతమున నరకము ధ్రువ | మ్మని స్మృతుల్ వచియింప వినఁగలేదొ
మును హరిశ్చంద్రాది మనుజేంద్రు లనఘులై | చనిరన్న సత్కథల్ వినఁగలేదొ
దండధరుండు మీఁదట దురాత్ములఁ బట్టి | వెతఁ బెట్టునను మాట వినఁగలేదొ
మహిలోన జాతస్య మరణం ధ్రువమ్మని | విబుధులు పలుకంగ వినఁగలేదొ"	seesamu
"కాని దుర్మతులయి ప్రజఁ గలంచి ధనముఁ | గూర్పఁజూతురు బేలలై కూళదొరలు,
భూనుతవిలాస, పీఠికాపురనివాస, | కుముదహితకోటిసంకాశ, కుక్కుటేశ!"	teytageethi
"మరుమరీచికలు తామరసపత్రాంతర- | సలిలబిందువులు చంచలలు హస్తి-
కర్ణాంతములు దీపకళికాశిఖలు బుద్బు- | దములు మంగలి చేతిదర్పణములు
మిణుఁగురుఁ బురువుల మెఱపు లభ్రచ్ఛాయ- | లైంద్రజాలికు నాట లంబురాశి-
వీచులు చలదళవృక్షపలాశముల్ | తృణహుతాశనముల తెఱఁగు లిట్టి"	seesamu
"సిరులు నిలుకడలని నమ్మి చెనఁటు లురక | చెడుదు రెన్నడు ధర్మంబు సేయలేక,
భూనుతవిలాస, పీఠికాపురనివాస, | కుముదహితకోటిసంకాశ, కుక్కుటేశ!"	teytageethi
"భోగియై ప్రతిదినత్యాగియై పుణ్యసం- | యోగియై సుజనానురాగి యగుచు
దాతయై బుధజనత్రాతయై నిఖిలవి- | జ్ఞాతయై కుశలసంధాత యగుచు
ధీరుఁడై రణరంగవీరుఁడై నిర్మలా- | చారుఁడై నిరుపమోదారుఁ డగుచు
శాంతుఁడై సదమలస్వాంతుఁడై కీర్తిది- | గంతుఁడై పటుబలవంతుఁ డగుచు"	seesamu
"రాజ్యమేలంగఁ గలవాఁడె రాజు గాక | హీనమతియై చరించువాఁ డేటి రాజు?
భూనుతవిలాస, పీఠికాపురనివాస, | కుముదహితకోటిసంకాశ, కుక్కుటేశ!"	teytageethi
"ఘూకంబు తెఱఁగున గొందుల నిరుకుచు | భుజగంబు చాడ్పున బుస్సుమనుచు
బెబ్బులి కరణిఁ గంపిల డాక సేయుచు | భేకంబు గతి మేనిబెంపు గనుచు
భల్లూకమట్లు చొప్పడ విఱ్ఱవీఁగుచు | నాఁబోతు కైవడి నాముకొనుచు
గోమాయువట్ల యెన్నోమాయ లూనుచుఁ | గ్రోడంబువలెఁ గొరకొర నెగపుచు"	seesamu
"దనరు క్రూరనృపాలకాధముల నమ్మి | సిరుల కాసించువాఁ డొక్క చెనఁటికాఁడె
భూనుతవిలాస, పీఠికాపురనివాస, | కుముదహితకోటిసంకాశ, కుక్కుటేశ!"	teytageethi
"కోప మెక్కువ తాల్మి కొఱఁత కార్యము సున్న | నిలుకడ నాస్తి దుర్నీతి ఘనము
కనికరం బిల్ల దుర్గర్వ మగ్గము సత్య- | కౌచముల్ కల్ల మచ్చరము హెచ్చు
కాపట్య మురు వహంకారంబు గాటమ్ము | పొగరు దట్టము ద్రోహబుద్ధి దళము
పరధనాపేక్ష నిబ్బరము లోభము పెల్లు | పరహితచింత నిప్పచ్చరమ్ము"	seesamu
"ధర్మమతి తొట్టు నీ యిట్టి దుర్మదాంధ- | నృపకులాధము లేరి కేమియ్యఁగలరు,
భూనుతవిలాస, పీఠికాపురనివాస, | కుముదహితకోటిసంకాశ, కుక్కుటేశ!"	teytageethi
"అందలంబెక్కుట యవనిఁ బ్రశస్తమా | మ్రానెక్కి నిక్కదే మర్కటంబు
తొడవులు దొడుగుట దొడ్డసౌభాగ్యమా | కడుసొమ్ము లూనదే గంగిరెద్దు
విత్తంబు గూర్చుట విమలబ్రచారమా | బహునిధుల్ గావఁడే భైరవుండు
ప్రజల దండించుట పరమసంతోషమా | ప్రాణులనెల్ల నేపఁడే జముండు"	seesamu
"దొరతనంబున కివి గావు వరుస లరయ | సాహసౌదార్యఘనపౌరుషములు గాని,
భూనుతవిలాస, పీఠికాపురనివాస, | కుముదహితకోటిసంకాశ, కుక్కుటేశ!"	teytageethi
"దానవైఖరిని రాధాతనూభవుఁ బోలి | చిరభోగమున శచీవరుని బోలి
కారుణ్యమున రఘుక్ష్మావరేణ్యుని బోలి | సత్యంబునను హరిశ్చంద్రుఁ బోలి
న్యాయమ్మునందుఁ గౌంతేయాగ్రజుని బోలి | సాహసంబున సవ్యసాచిఁ బోలి
భూరివిద్యాప్రౌఢి భోజరాజును బోలి | హరిభక్తినియతిఁ బ్రహ్లాదుఁ బోలి"	seesamu
"సర్వసర్వంసహాభుజాధూర్వహుఁడు న- | భంగుఁ డగువాఁడెపో నృపపుంగవుండు
భూనుతవిలాస, పీఠికాపురనివాస, | కుముదహితకోటిసంకాశ, కుక్కుటేశ!"	teytageethi
"న్యాయంబు దప్పక నరులఁ గాపాడుచు | వసుమతిఁ బాలించువాఁడె రాజు
దుష్టశిక్ష మహాశిష్టరక్షణ కళా- | వైఖరిఁ జెన్నొందువాఁడె రాజు
కవివందిమాగధగాయకార్థులకెల్ల | వాంఛితార్థము లిచ్చువాఁడె రాజు
శరణని వేఁడిన శాత్రవజనునైన | వదలక చేపట్టువాఁడె రాజు"	seesamu
"కాక తన పొట్టకై ప్రజఁ గలఁచు దురిత- | రతుఁడు వాఁ డొక రాజా తరాజు గాక,
భూనుతవిలాస, పీఠికాపురనివాస, | కుముదహితకోటిసంకాశ, కుక్కుటేశ!"	teytageethi
"మరుదనంగుడు శిబి మాంధాత భరతుండు | రంతిదేవుఁడు భగీరథుఁడు పృథుఁడు
శశిబిందుఁడు గయుండు జామదగ్ని దిలీపుఁ | డంబరీషుండు యయాతి దాశ-
రథి సుహోత్రుఁడు పురూరవుఁడు నాభాగుండు | కార్తవీర్యార్జునక్ష్మాపతియును
దుష్యంతుఁ డతని పుత్రుడు నలుండును పురు- | కుత్సుండు మొదలైన కుతలపతులు"	seesamu
"ధర్మపద్ధతి నిల నేలి తారమైనఁ | గొనక చనుచెల్ల వినరేమొ క్రూరనృపులు,
భూనుతవిలాస, పీఠికాపురనివాస, | కుముదహితకోటిసంకాశ, కుక్కుటేశ!"	teytageethi
"మొదవుల బదివేలు కదుపులు గూర్చిన | దూడ యొక్కటియైనఁ దోడరాదు
మాత లసంఖ్యముల్ మాటుగా నించినఁ | బసిఁడి వీసమును వెంబడిని రాదు
కోకలు మేట్లుగా గొట్ల నిండించిన | గుడ్డ యొక్కటియైనఁ గూడరాము
గొలుసులు రాసులు బలుపాతరల నిడ్డ | గింజ యొక్కటియన గెలన రాదు"	seesamu
"కావున నొడళ్ళు నిల్కడల్ కావటంచుఁ | జెలఁగి సుజనులు ధర్మంబు సేయుచుంద్రు,
భూనుతవిలాస, పీఠికాపురనివాస, | కుముదహితకోటిసంకాశ, కుక్కుటేశ!"	teytageethi
"కొండంత విత్తంబు గూడఁబెట్టిననైనఁ | బొదలు ధనాపేక్ష వదలిపోదు
స్వర్గాధిపత్యంబు సంభవించిన యేని | బహురాజ్యకాంక్ష యెప్పటికిఁ జనదు
పదివేలు పుత్రులఁ బడసినప్పటికిని | పుత్రోదయభ్రాంతి పోవదెపుడు
చతురంగబలము లసంఖ్యముల్ గూర్చిన | సేనాభిలాష మింతైనఁ దీఱ-"	seesamu
"దహహ డెందంబులోపల నంతకంత | నధికమగు నాస యింత కేమి మనఁగవచ్చు,
భూనుతవిలాస, పీఠికాపురనివాస, | కుముదహితకోటిసంకాశ, కుక్కుటేశ!"	teytageethi
"నిరతాన్నదానవైఖరిఁ జెలంగెడివారు | నెనరొప్ప దీనుల మనుచువారు
గోవిప్రబాంధవగురుభక్తి గలవారు | శివు విష్ణుఁ బూజలు సేయువారు
పరధన పరవధూపరతఁ జెందనివారు | పరహితాచరణులై పరఁగువారు
సుజ్ఞానసహితులై సొబగు మీఱెడివారు | సత్యవచోరూఢి సలుపువారు"	seesamu
"తలఁపులోపల ననయంబు ధర్మకార్య- | నిష్ఠ గలవార లందఱు నీకుఁ బ్రియులు,
భూనుతవిలాస, పీఠికాపురనివాస, | కుముదహితకోటిసంకాశ, కుక్కుటేశ!"	teytageethi
"న్యాయపద్ధతి భూషణము ధరాధిపునకుఁ | బొలఁతికి మానంబు భూషణంబు
శమదమంబులు భూషణములు నిశ్చలునకుఁ | బొసఁగ నింటికి సతి భూషణంబు
నరుని కల్మికి భూషణము దానవైఖరి | భూసురునకు విద్య భూషణంబు
నలినబంధుఁడు భూషణము నభోవీధికిఁ | బుడమికి సస్యంబు భూషణంబు"	seesamu
"బుధుల కెప్పుడు నీ పదాంభోజయుగళ- | పూజనాసక్తి వెలలేని భూషణంబు,
భూనుతవిలాస, పీఠికాపురనివాస, | కుముదహితకోటిసంకాశ, కుక్కుటేశ!"	teytageethi
"అంభోధి కభిషేక మాచరించినయట్లు | గంగకుఁ బాద్య మొసంగినట్లు
మేరువునకు నలంకారంబు లిడినట్టు- | లినునకు నారతు లెత్తినట్లు
మలయాచలమునకుఁ గలప మిచ్చినయట్టు- | లిల వసంతునకుఁ బూలిడినయట్లు
భూపముఖ్యునకుఁ దాంబూల మిచ్చినయట్లు | సోమున కద్దంబు సూపినట్లు"	seesamu
"నిఖిలలోకైకభర్తకు నీకు నొక్క | బిల్వదళ మార్యవర్యు లర్పించుచుంద్రు,
భూనుతవిలాస, పీఠికాపురనివాస, | కుముదహితకోటిసంకాశ, కుక్కుటేశ!"	teytageethi
"నడచిపోవఁగ జవం బడరకుండుటఁ జేసి | పుణ్యతీర్థము లాడఁ బోవరాదు
కాసు వీసము చేతఁ గల్గకుండుటఁ జేసి | దానధర్మక్రియల్ తలఁపరాదు
తనువున రుగ్బాధ తరలకుండుటఁ జేసి | స్నానజపాదులు సలుపరాదు
గడితంపుటాఁకలి విడువకుండుటఁ జేసి | యుపవాసములు నిష్ఠ నుండరాదు"	seesamu
"కాని నిన్నొక్కమాఱైనఁ గడఁగి తలఁప- | రాదె యెన్నరు గాక దుర్మతులు మదిని,
భూనుతవిలాస, పీఠికాపురనివాస, | కుముదహితకోటిసంకాశ, కుక్కుటేశ!"	teytageethi
"శతవత్సరంబులు జనులకుఁగా నాయు- | వంబుజాసనుఁడు మర్యాద చేసె-
నందులో సగమేఁడు లరుగు నిద్రలచేత | శైశవక్రీడల జరుగుఁ గొన్ని
తారుణ్యమున మహామారభూతము సోఁక | నంగనాసక్తిచే నరుగుఁ గొన్ని
వార్ధకంబున బహువ్యాధిపీడలచేతఁ | గడమ యేఁడులు రిత్త గడచుచుండు"	seesamu
"కటకటా యెన్నఁడును దెల్వి గలిగి నిన్నుఁ | జేరి భజియింపకే ప్రాణి చెడు గదయ్య,
భూనుతవిలాస, పీఠికాపురనివాస, | కుముదహితకోటిసంకాశ, కుక్కుటేశ!"	teytageethi
"ప్రకృతి గుణంబులఁ బాసి షడ్వర్గంబు- | నడఁచి జితేంద్రియులైన యంచి-
తాష్టాంగయోగక్రియారూఢులై చరా- | చరరూపమగు ప్రపంచంబు మిథ్య
యని తలంచుచు సమస్తాంతరస్థాయివై | నువ్వులలోపల నూనె వోలె
బూసలలో దారమును బోలి యెడపక | నిండారి యుండెడు నిన్ను నెపుడు"	seesamu
"లోనిచూపునఁ దగఁ దమలోనఁ గాంచి | సోఽహమనువారె సంతతోత్సాహమతులు,
భూనుతవిలాస, పీఠికాపురనివాస, | కుముదహితకోటిసంకాశ, కుక్కుటేశ!"	teytageethi
"వాయుభక్షణ చేసి వనటఁ గుందదె పాము | గుహలలో దూఱదే గూబపులుఁగు
వృక్షశాఖలమీఁద వ్రేలుచుండదె పక్షి | కానలఁ దిరుగదే వానరంబు
చెలరేఁగి కూయదే ఝిల్లికాకూటంబు | గహ్వరి దిరుగదే గంగిరెద్దు
నీట మునుంగదే మాటిమాటికిఁ గప్ప | యాకులు మెసవదే మేఁకపిల్ల"	seesamu
"యెన్ని తెఱఁగులఁ బొరలుచునున్న నిన్ను | లీలఁ గొలువని ఖలునకు లేదు ముక్తి,
భూనుతవిలాస, పీఠికాపురనివాస, | కుముదహితకోటిసంకాశ, కుక్కుటేశ!"	teytageethi
"పరుసంబు వలన నబ్బురముగా లోహంబు | మేల్మిబంగారమై మెఱసినట్లు
భ్రమరంబు వలన విభ్రమరూఢి యలరారి | శలభంబు భ్రమరమై చెలఁగినట్లు
మలయభూజాతంబు వలన నింబము పటీ- | రావనీజాతమై యలరినట్లు
కతకంబు వలన నుద్గాఢపంకోదకం- | బతినిర్మలోదకంబైనయట్లు"	seesamu
"సద్గురుకృపాకటాక్షవీక్షణము వలన | బ్రాకృతుఁడు జ్ఞానియై ముక్తిపదము గాంచు,
భూనుతవిలాస, పీఠికాపురనివాస, | కుముదహితకోటిసంకాశ, కుక్కుటేశ!"	teytageethi
"మణిభూషణములు చామరములు ముత్యాల | గొడుగులు పడిగలు గుజ్జుపరపు
మిద్దెటిళ్ళు మెఱుంగుటద్దముల్ గద్దియల్ | చందుగల్ చందువాల్ మందసములు
పూలపాన్పులు శీరతాళవృంతము మేల్ | కలపముల్ తూగుటుయ్యెలలు పసిఁడి-
పల్లకీలు గుఱాలు బంట్లు బానిసలును | ధనధాన్య వసన గో దంతి తతులు"	seesamu
"కులుకుప్రాయంపు ముద్దుగుమ్మలును గలిగి | పొలుచువారలె మును నిన్నుఁ గొలుచువారు,
భూనుతవిలాస, పీఠికాపురనివాస, | కుముదహితకోటిసంకాశ, కుక్కుటేశ!"	teytageethi
"దానహీనుండైన మానవాధము కల్మి | తెరలెడు జుంటీఁగ తేనెచుట్టు
చుట్టాల నతిథులఁ జొరనీని ఖలునిల్లు | పెనుబాము వసియించు పెద్దపుట్ట
సభలఁ బ్రసంగింపఁజాలని జనుని ప్ర- | హృష్టసాహితి సానక్రింది వన్నె
పతివాంఛ దీర్పని పడఁతి చక్కదనంబు | కాననాంతరచంద్రికాప్రసక్తి"	seesamu
"చిత్త మిగురొత్త నినుఁ బూజ సేయలేని | నరుని జన్మము మహిషజన్మము గదయ్య,
భూనుతవిలాస, పీఠికాపురనివాస, | కుముదహితకోటిసంకాశ, కుక్కుటేశ!"	teytageethi
"కుంభికుంభస్థలాక్షుద్రామిషము మెక్కు | సింగంబు కప్పల మ్రింగఁ జనునె
సారభూరుహఫలాహారలీలఁ జెలంగు | కీర ముమ్మెతలఁ జేరుకొనునె
యభ్రాపగాహాటకాబ్జమృణాళముల్ | కొను నంచ బురదవాగులకుఁ జనునె
ప్రబలవర్షాంబుధారలు గ్రోలు వానకో - | యిల యిల మంచుసోనలకుఁ జనునె"	seesamu
"ప్రభుభుజానీతభూరివైభవనిమగ్న- | విద్వదవతంస మల్పుల వేడఁ జనునె?
భూనుతవిలాస, పీఠికాపురనివాస, | కుముదహితకోటిసంకాశ, కుక్కుటేశ!"	teytageethi
"అడిగినప్పుడ తన యొడలి చర్మం బూడ్చి | కర్ణుఁ డీయండె యాఖండలునకు
నుడివినప్పుడ యొప్పి పుడమి మూఁడడుగులు | వైరోచనుం డీఁడె వామనునకు
శరణన్న యప్పుడు పరఁగ గువ్వను బ్రోచి | శిబి మేని పొలసీఁడె శ్యేనమునకు
ప్రార్థించినప్పుడే బ్రాహ్మణుఁ గాచి ఖే- | చరుఁడు ప్రాణములీఁడె సురవిరోధి-"	seesamu
"కరయ వితరణశూరులైనట్టి ఘనులు | కొంచకేమైన ఘనుల కర్పించుచుంద్రు,
భూనుతవిలాస, పీఠికాపురనివాస, | కుముదహితకోటిసంకాశ, కుక్కుటేశ!"	teytageethi
"పురుషోత్తమము భద్రగిరి యహోబలము శ్రీ- | శైలంబు వేంకటాచలము కాంచి
సింహాచలంబును శ్రీరంగమును ప్రయా- | గంబు కేదారంబు కాళహస్తి
కుంభకోణంబు శ్రీకూర్మంబు కాశి సు- | బ్రహ్మణ్యమును చిదంబర మయోధ్య
భీమేశ్వరంబును రామేశ్వరంబును | గోకర్ణమును హిమక్షోణిధరము"	seesamu
"మొదలుగాఁ గల పుణ్యభూములకుఁ జనఁగ | వలవ దరలేక నినుఁ గొల్చు నలఘుమతికి,
భూనుతవిలాస, పీఠికాపురనివాస, | కుముదహితకోటిసంకాశ, కుక్కుటేశ!"	teytageethi
"లవణాబ్ధి లంఘించు పవనాత్మజున కొక్క | తోటకాలువ పూని దాటుటెంత
జగమెల్ల ముంచు వర్షము నించు కాలాంబు- | ధరమున కొకపాదు దడుపుటెంత
బహులోకవాంఛితఫలదమౌ సురశాఖి | కొక యణూపమఫలం బొసగుటెంత
చెడుగు రక్కసిమూఁకఁ జెండు చక్రమునకుఁ | బుడమి నొక్కరుని జంపుట యదెంత"	seesamu
"సకలబ్రహ్మాండభాండరక్షణకలాభి- | రామునకు నీకు ననుఁ బ్రోచుటేమి వింత?
భూనుతవిలాస, పీఠికాపురనివాస, | కుముదహితకోటిసంకాశ, కుక్కుటేశ!"	teytageethi
"నదులలో జాహ్నవి నరులలో విప్రుండు | గ్రహములలోనఁ బంకజహితుండు
తృణములలో దర్భ మృగముల సింగంబు | వ్రతముల ద్వాదశి లతల జాజి
దానమ్ములం దన్నదానమ్ము లోహజా- | తమ్ములలోనఁ గార్తస్వరంబు
గిరులలో మేరువు పురములలో కాశి | తరువుల రావి సంతతులఁ గృతియు"	seesamu
"నెట్లు పూజ్యములయ్యె నట్లెల్లవేల్పు- | గములయందును నీవె కా ఘనుఁడ వరయ,
భూనుతవిలాస, పీఠికాపురనివాస, | కుముదహితకోటిసంకాశ, కుక్కుటేశ!"	teytageethi
"నటుని పోల్కి ననేకనామరూపవిభేద- | ములు పూని శుభలీలఁ జెలఁగువాని
తవిలి పూసలలోని దారంబు కైవడి | జగదంతరాత్మయై నెగడువాని
నైంద్రజాలికు రీతి నఖిలంబు నుద్భవ- | స్థితిలయంబుల నొందఁజేయువాని
విపులాంబువులఁ బ్రతిబింబితుండౌ హేళి | వలె సర్వసాక్షియై వెలుఁగువాని"	seesamu
"నిన్ను సేవింతు భావింతు సన్నుతింతుఁ | బ్రేమ యేపార సాక్షాత్కరింపుమయ్య,
భూనుతవిలాస, పీఠికాపురనివాస, | కుముదహితకోటిసంకాశ, కుక్కుటేశ!"	teytageethi
"సాలెపుర్వునకుఁ కుంజరమున కహికిని | ముక్తి యొసంగిన భక్తసులభ!
జముని దక్షుని పరాశరతనూజుని గర్వ- | దూరులఁ జేసిన భూరిశౌర్య!
హరి విరించన పురందరుల కఖండవై- | భవము లొసంగిన భువనజనక!
నంది భృంగీశ బాణ దశాననుల మహా- | ప్రమథులఁ జేసిన విమలచరిత!"	seesamu
"నీ మహత్త్వంబు పూని వర్ణింపఁ దరమె | వాణికి వేయిమోములవానికైన,
భూనుతవిలాస, పీఠికాపురనివాస, | కుముదహితకోటిసంకాశ, కుక్కుటేశ!"	teytageethi
"ఆరకూటమ్ము బంగారమై యొప్పునే | తగర ముజ్జ్వలకలధౌత మగునె
గాజుపూస యనర్ఘగారుత్మత మ్మౌనె | జిల్లేడు దేవతాక్షితిజ మగునె
కాసరం బతిదర్పకంఠీరవ మ్మౌనె | కాకంబు వరమానసౌక మగునె
మతకరి జోరీఁగ మదపుటేనుఁగ యౌనె | ఘనబిడాలము చిత్రకాయ మగునె"	seesamu
"రాజగునె జాగ్రదుడు దురాగ్రహముచేతఁ | బ్రజల బాధించు ఘోరదర్పధ్వజుండు,
భూనుతవిలాస, పీఠికాపురనివాస, | కుముదహితకోటిసంకాశ, కుక్కుటేశ!"	teytageethi
"జింక బొడ్డునఁ దావి జిల్లు కస్తురివోలె | జంబాలమున నీరజంబు వోలె
మొరవ మంచిహొరంగుమెఱుఁగువజ్రమువలెఁ | గప్పచిప్పను మౌక్తికంబు వోలె
సరసోత్కరమునందు విరిదేనియలు వోలె | నెండుగడ్డిని గృశానుండు వోలె
వనబిడాలమునందుఁ గన జవాదిని బోలెఁ | బ్రకటింపఁ గృమియందుఁ బట్టువోలె"	seesamu
"జగతిలోపలఁ గారణజన్ము లొక్క | కానియెడఁ బుట్టియుఁ బ్రసిద్ధిఁ గాంచుచుంద్రు,
భూనుతవిలాస, పీఠికాపురనివాస, | కుముదహితకోటిసంకాశ, కుక్కుటేశ!"	teytageethi
"సిరికిఁ దోఁబుట్టువౌ జ్యేష్ఠామహాదేవి | దీనత నింటింటఁ దిరుగఁజాగె
హరికిఁ గూరిమిపట్టి యగు మకరాంకుండు | మెయిలేక సోకుఁడై మెలఁగుచుండె
మృడునకు గాదిలికొడుకైన వెనకయ్య | యిప్పటికిని బెండ్లి యెఱుఁగఁడయ్యె
నలినాసనునకు మానసపుత్రుఁడైన ద- | క్షుం డుక్కు సెడి తలకొట్లఁ బడియె"	seesamu
"నిలను దుష్కర్మసహితుల కెట్టి గట్టి | బంధుజనులున్నఁ గీడు వాపంగ లేరు,
భూనుతవిలాస, పీఠికాపురనివాస, | కుముదహితకోటిసంకాశ, కుక్కుటేశ!"	teytageethi
"గజముపై మహిషంబు కాలు ద్రవ్వెడునట్లు | కొండతోఁ దగరు డీకొనినయట్లు
కార్చిచ్చుపైఁ బతంగము తారసిలునట్లు | మృగరాజుపై నక్క మొగియునట్లు
బెబ్బులితో జింక పెనఁగఁబోయినయట్లు | పెనుబాముపైఁ గప్ప చనినయట్లు
పిల్లితో నెలుక దర్పించి దార్కొనునట్లు | తోడేలితో మేఁక దొడరునట్లు"	seesamu
"క్రూరు లొక కొంద రసమానవైర మూని | పోరుచుందురు ఘనులతో బుద్ధిమాలి
భూనుతవిలాస, పీఠికాపురనివాస, | కుముదహితకోటిసంకాశ, కుక్కుటేశ!"	teytageethi
"పొద్దుపొద్దుకు వచ్చి పోలిబొట్లయ్య దా | పంచాగమిప్పి ఒప్పన్న సేసి
సాతి బూదారంబు సాతి నచ్చత్తరా | మసిలేటి కారితే యల్లకలికి
గాందారిపొద్దున గాని వర్చీర్జాలు | రావు మీఁదాతులా రాశి నీకు
సూరీడు సందుడు సుకురుండు నని బుర- | స్సపతి పద్దనకొంట సాగినారు"	seesamu
"మంచిదని సెప్పి సూకలు మానెఁ డన్ని | కొల్లఁగొనిపోయె నని మూర్ఖకోటి పలుకు,
భూనుతవిలాస, పీఠికాపురనివాస, | కుముదహితకోటిసంకాశ, కుక్కుటేశ!"	teytageethi
"నింబభూజమునకు నిర్మలోదక మిడి | మనిచినఁ దన చేఁదు మానఁగలదె
పాపకూనకు మంచిపాల్పోసి పెంచిన | నెడరూను తన విషం బుడుగఁగలదె
ఉల్లిగడ్డకుఁ దుషారోదకంబిడి ప్రోది | యిడినను దన కంపు విడువఁగలదె
కందదుంపకుఁ బానకము పోసి పెంచిన | గొదలేని తన దూల వదలఁగలదె"	seesamu
"దుర్గుణున కెన్ని మంచి వస్తువులు పెట్టి | మనుపఁ జూచిన తన యోజ మానఁగలఁడె,
భూనుతవిలాస, పీఠికాపురనివాస, | కుముదహితకోటిసంకాశ, కుక్కుటేశ!"	teytageethi
"ఎనుబోతునకు విద్దె లెన్నింటి నేర్పిన | మడుగున కేగుటల్ మానఁగలదె
శునకంబునకు నెన్ని సూడిదల్ వెట్టినఁ | బుల్లెలు నాకక మళ్ళఁగలదె
గాడిద కెన్ని సింగారముల్ దిద్దిన | బూడ్దెలోఁ బొరలక పోవఁగలదె
యూరబందికి నెన్ని తీరుల మేపినఁ | బరగళ్ళ కేగక బ్రదుకఁగలదె"	seesamu
"హీనుఁడగువాని సత్ప్రభు లెన్నిగతుల | నునిచి మనిచినఁ జెడుజాడ లుడుగఁగలఁడె,
భూనుతవిలాస, పీఠికాపురనివాస, | కుముదహితకోటిసంకాశ, కుక్కుటేశ!"	teytageethi
"నోరు చేఁదై కూడుగూరలు చవి దప్పు | గడగడ నొడలెల్ల వడకుచుండు
జెవుడున నేమియుఁ జెవులకు వినరాదు | తెగులును జింతయుఁ దగులుకొనుచు
కన్నులఁ బొర గప్పి కానరాదెద్దియు | సిగ్గొకించుకయైనఁ జేరఁబోదు
బాలు రందఱుఁ గూడి గేలి గావింతురు | మగువలు పకపక నగుచునుంద్రు"	seesamu
"మదిఁ దలంపగఁ గటకటా ముదిమియంత | రోఁత లేదు గదా ధారుణీతలమున,
భూనుతవిలాస, పీఠికాపురనివాస, | కుముదహితకోటిసంకాశ, కుక్కుటేశ!"	teytageethi
"బావిలోపలఁ బడ్డ పామును వెడలింపఁ | జనువానిఁ గరువక చనఁగఁగలదె
చిచ్చులోఁ బడెడు వృశ్చికమును వెడలింపఁ | జనువాని మీటక నడలఁగలదె
పెనువెల్లిఁ బడి పోవు బెబ్బులిఁ బరికింపఁ | జనువాని మ్రింగక మనుపఁగలదె
బురదగోఁతను బడ్డ పోట్లావు లెగనెత్తఁ | జనువాని బొడువక జరగఁగలదె"	seesamu
"అవనిలోపల ఖలుని నెయ్యంబు మీఱ | మనుపఁ జనువానిఁ జెఱుపక మానఁగలఁడె?
భూనుతవిలాస, పీఠికాపురనివాస, | కుముదహితకోటిసంకాశ, కుక్కుటేశ!"	teytageethi
"ఘనగహనాంతరోద్గతతృణానీకంబు | ధేనువునందుఁ బాలైనయట్లు
వితతదుర్వర్ణరూపితలోహపిండంబు | రసమునఁ బసిడియై యొసఁగినట్లు
సాంద్రాభ్రవారివృషత్కదంబము శుక్తి- | యందు ముక్తామణియైనయట్లు
భూరికుల్యాతకవారి రసాలమూ- | లమునఁ బానకమై చెలంగినట్లు"	seesamu
"కరిహయాందోళికారత్నకాంచనాదు- | లగుచు నిజవక్త్రమున నిడ్డ హార్యమొప్పు,
భూనుతవిలాస, పీఠికాపురనివాస, | కుముదహితకోటిసంకాశ, కుక్కుటేశ!"	teytageethi
"అన్నంబు నాలుక కరుచియై కన్పట్టు | నిలిచినచో నిల్వ నలవికాదు
మనుజేంద్రుతోనైన మాటాడ సైపదు | పనులయందేమియు మనసు లేదు
నడుచుచో నడుగులు తడబాటు గైకొనుఁ | దగఁ బందువులనైన నగవు రాదు
తెవులు పుట్టిన రీతి దేహంబు కృశియించుఁ | గలనైన నిద్దుర గలుగఁబోదు"	seesamu
"శివశివా ధాత్రిఁ దా వలచిన వధూటిఁ | బాయు వెత వద్దు సుమ్మెట్టి పలువకైన,
భూనుతవిలాస, పీఠికాపురనివాస, | కుముదహితకోటిసంకాశ, కుక్కుటేశ!"	teytageethi
"శ్రీభామినీ మనోహర
సౌభాగ్యు దయాస్వభావు సారసనాభున్‌
లో భావించెద నీకున్‌
వైభవము లొసంగుచుండ వసుధ కుమారా!"	kandamu
"ఆజ్ఞ యొనర్చెడి వృత్తుల
లో జ్ఞానము గలిగి మెలఁగు లోకులు మెచ్చన్‌
బ్రాజ్ఞతను గలిగి యున్నన్‌
బ్రాజ్ఞులలోఁ బ్రాజ్ఞుడవుగ ప్రబలు కుమారా!"	kandamu
"అతి బాల్యములోనైనను
బ్రతికూలపు మార్గములఁ బ్రవర్తింపక స
ద్గతిమీఱ మెలఁగ నేర్చిన
నతనికి లోకమున సౌఖ్యమగును ముమారా!"	kandamu
"వృద్ధజన సేవ చేసిన
బుద్ధి విశేషజ్ఞుఁడనుచుఁ బూతచరితుఁడున్‌
సద్ధర్మశాలి యని బుధు
లిద్ధరఁ బొగడెదరు ప్రేమ యెసఁగఁ గుమారా!"	kandamu
"పెద్దలు వద్దని చెప్పిన
పద్దులఁ బోవంగరాదు పరకాంతల నే
ప్రొద్దే నెదఁ బరికించుట
కుద్దేశింపంగఁ గూడ దుర్విఁ గుమారా!"	kandamu
"తనపై దయ నుల్కొనఁగను
గొన నేతెంచిన సుశీల గురుమతులను వం
దనముగఁ బూజింపఁ దగు
మనమలరఁగ నిదియ విబుధ మతము కుమారా!"	kandamu
"ఉన్నను లేకున్నను పై
కెన్నఁడు మర్మంబుఁ దెలుప నేగకుమీ నీ
కన్న తలిదండ్రుల యశం
బెన్నఁబడెడు మాడ్కిఁ దిరుగు మెలమిఁ గుమారా!"	kandamu
"పెద్దలు విచ్చేసినచో
బద్దకముననైన దుష్ట పద్ధతి నైనన్‌
హద్దెఱిఁగి లేవకున్నన్‌
మొద్దువలెం జూతు రతని ముద్దు కుమారా!"	kandamu
"సతతముఁ బ్రాతఃకాలో
చిత విధులను జరుపు మరసి శీఘ్రముగ నహః
పతి పూర్వపర్వతాగ్రా
గతుఁడగుటకు మున్నె వెరపు గల్గి కుమారా!"	kandamu
"పోషకుల మతముఁ గనుఁగొని
భూషింపక కాని ముదముఁ బొందఁడు మఱియున్‌
దోషముల నెంచుచుండును
దోషివయిన మిగులఁ గీడు దోఁచుఁ గుమారా!"	kandamu
"నరవరుఁడు నమ్మి తను నౌ
కరిలో నుంచునెడ వాని కార్యములందున్‌
సరిగా మెలంగ నేర్చిన
పురుషుఁడు లోకమునఁగీర్తి బొందుఁ గుమారా!"	kandamu
"పుడమిని దుష్టత గలయా
తఁడు లంచంబులను బట్టఁ దలఁచును మిడి యౌ
నడవడి విడి యందఱి వెం
బడి ద్రిప్పికొనుచును గీడు పఱప బుత్రా!"	kandamu
"పనులెన్ని కలిగి యున్నను
దిన దినముల విద్యపెంపు ధీయుక్తుఁడవై
వినఁగోరుము సత్కథలను
కని విబుధులు సంతసించు గతినిఁ గుమారా!"	kandamu
"ధరణీనాయకు రాణియు
గురురాణియు నన్నరాణి కులకాంతను గ
న్నరమణి దను గన్నదియును
ధర నేవురు తల్లులనుచుఁ దలఁపుఁ గుమారా!"	kandamu
"సదమల మతితోఁ బెద్దల
మది కింపుగ మెలఁగు, నింద మానుము పరులన్‌
మృదు మార్గములను వదలకు
విదితంబుగ దానఁగీర్తి వెలయుఁ గుమారా!"	kandamu
"ఆచార్యున కెదిరింపకు
బ్రోచిన దొర నిందసేయఁ బోకుము కార్యా
లోచనము లొంటిజేయకు
మాచారము విడువఁబోకుమయ్య! కుమారా!"	kandamu
"పుట్టినది మొదలు పరసతి
బఁట్టగ జూచుటయు నింద పద్ధతి యనుచు
న్నట్టి పురుషుఁడు పుడమిం
బుట్టిన జనతతులఁ గీర్తిఁ బొందుఁ గుమారా!"	kandamu
"కల్లలగుమాట లాడక
యెల్ల జనంబులకు వేగ హృదయము కడు రం
జిల్లఁగఁ బల్కుము నీ కది
తెల్లమి రహిఁ గీర్తిఁ గాంచు తెఱఁగు కుమారా!"	kandamu
"ఏనాఁడైనను వినయము
మానకుమీ, మత్సరమున మనుజేశులతోఁ
బూనకు మసమ్మతము, బహు
మానమును బొందు మిదియె మతము కుమారా!"	kandamu
"నగఁగూడదు పరసతిఁ గనఁ
దగు మాతృసమాన మెన్నఁ దగు నెవ్వరితోఁ
బగ గూడదొరుల నిందిం
పగఁగూడదు గనుము వృద్ధ పథము కుమారా!"	kandamu
"చేయకుము కాని కార్యము
పాయకుము మఱిన్‌ శుభం బవని భోజనమున్‌
జేయకుము రిపు గృహంబునఁ,
గూయకు మొరుమనసు నొచ్చుఁ గూఁత కుమారా!"	kandamu
"పిన్నల పెద్దలయెడఁ గడు
మన్ననచే మెలఁగు సుజన మార్గంబుల నీ
వెన్నికొని తిరుగు చుండిన
నన్నియెడల నెన్నఁబడుదు వన్న! కుమారా!"	kandamu
"తనకును విద్యాభ్యాసం
బును జేసిన వానికన్న బొలుపుఁగ బదిరె
ట్లను దూఁగుఁ దండ్రి, వానికి
జననియుఁ బదిరెట్లు తూఁగు జగతి కుమారా!"	kandamu
"తమ్ములు తమ యన్న యెడ భ
యమ్మును భక్తియును గలిగి యారాధింపన్‌
దమ్ముల నన్నయు సమ్మో
దమ్మునఁ బ్రేమింపఁ గీర్తి దనరుఁ గుమారా!"	kandamu
"అప్పం దన తల్లిగ మే
లొప్పం గని జరుపవలయు నుర్వీస్థలిఁ జి
న్నప్పుడు చన్నిడి మనిపిన
యప్పడఁతియు మాతృతుల్య యండ్రు కుమారా!"	kandamu
"బూటకపు వర్తనముఁ గని,
జూటరి వీఁడనుచుఁ దప్పఁ జూతురుగా! యా
బాటను విడి సత్యము మది
పాటించి నటించువాఁడె నరుఁడు కుమారా!"	kandamu
"తనయుఁడు చెడుగైయుండిన
జనకుని తప్పన్నమాట సత్యమెఱుఁగుదు గా
వున నీ జననీ జనకుల
కు నపఖ్యాతి యగురీతి గొనకు కుమారా!"	kandamu
"తల్లిని దండ్రిని సహజల
నల్లరఁ బెట్టినను వార లలుగుచు నీపై
నుల్లముల రోయుచుందురు
కల్లరి వీఁడనుచుఁ గీర్తి గందఁ గుమారా!"	kandamu
"లోకులు తనుఁ గొనియాడ వి
వేకి యదియు నింద గాక విననొల్లఁడు సు
శ్లోకుల చరితం బిట్టిది
చేకొనవలె నట్టి నడత చిన్ని కుమారా!"	kandamu
"ధరణిని బరోపకారా
చరణవ్రత నిష్ఠ నెపుడు సలుపుము నీ కా
తెఱఁగుపవాసాది వ్రత
వర కర్మము కంటె మేలు వచ్చుఁ గుమారా!"	kandamu
"వగవకు గడిచిన దానికిఁ
బొగడకు దుర్మతుల నెపుడు, పొసగని పనికై
యొగి దీనత నొందకుమీ
తగ దైవగతిం బొసంగు ధరను గుమారా!"	kandamu
"పనిఁబూని జనులు సంతత
మునఁ దాలిమి సత్యశౌచములను బ్రవర్తిం
చిన యశము నొందుచుందురు
గనుగొను మిదె దొడ్డనడక గాఁగ కుమారా!"	kandamu
"విను లోకంబున ధర్మం
బఁనగఁ గులాచార మట్ల నరసి నడువ! దాఁ
గను నాయుఃకీర్తుల నిహ
మునఁ బరమునఁ బొందు సౌఖ్యములను గుమారా!"	kandamu
"సరివారిలోన నేర్పునఁ
దిరిగెడు వారలకుఁగాక తెరువాటులలో
నరయుచు మెలఁగెడి వారికిఁ
బరువేటికిఁగీడె యనుభవంబు గుమారా!"	kandamu
"ఒరు లెవ్వరేని దనతోఁ
బరిభాషించినను మేలు పలుకవలయు సా
దరము గల చోటఁ గీడు
న్గరము నొనర్పంగరాదు  గదర! కుమారా!"	kandamu
"సిరి చేర్చు బంధువుల నా
సిరియే శుభముల నొసంగు చెలువులఁ గూర్చున్‌
సిరియే గుణవంతుండని
ధరలోఁబొగడించునంచుఁ దలఁపు కుమారా!"	kandamu
"ఆకులతఁబడకు మాపద,
నేకతమునఁ జనకు త్రోవ, నింతికిఁదగు నం
తే కాని చన వొసంగకు,
లోకులు నిన్నెన్న సుగుణ లోల! కుమారా!"	kandamu
"తనదు కులాంగన యాలో
చనమున మంత్రియును భుక్తి సమయంబునఁ దా
జననియు రతిలో రంభా
వనజేక్షణ యయినఁ బుణ్య వశము కుమారా!"	kandamu
"మనుజుఁడు సభ్యుఁడు దానై
గనియున్న యధార్థమెల్ల గానని యట్లా
మనుజుండు పలుకకున్నను
ఘనమగు పాతకము నాఁడు గనును గుమారా!"	kandamu
"అంగీకార రహిత మగు
సంగతికి బోవరాదు సామాన్యులతో
డం గడు జగడమునకుఁ జన
వెంగలితనమండ్రు వినుము కుమారా!"	kandamu
"అల దేవగృహము కడ పయి
రుల గోవాటములయందుఁ ద్రోవలలో ర
చ్చల కొట్టములను నొప్పదు
మలమూత్ర విసర్జనంబు మహిని గుమారా!"	kandamu
"తనుజులను గురుల వృద్ధుల
జననీ జనకులను సాధు జనుల నెఁవడు దా
ఘనుఁడయ్యుఁ బ్రోవఁడో యా
జనుఁడే జీవన్మృతుండు జగతిఁ గుమారా!"	kandamu
"ధీరుఁడు తనదగు సంపద
జారినయెడఁ జింత నొందఁజాలక తా ల
క్ష్మీరమణుని వరచరణాం
భోరుహములు గొలిచి ముక్తిఁ బొందుఁ గుమారా!"	kandamu
"పాపపుఁబని మదిఁ దలఁపకు,
చేపట్టినవారి విడువఁ జేయకు, కీడున్‌
లోపలఁ దలఁపకు, క్రూరుల
ప్రాపును మది నమ్మఁబోకు రహిని గుమారా!"	kandamu
"జగడంబు లాడుచోటను
మగువలు వసియించుచోట మదగజము దరిన్‌
బగతుండు తిరుగుచోటన్‌
మగిడి చనఁగవలయుఁ జలము మాని గుమారా!"	kandamu
"దుర్జనుల నైనఁ దిట్టకు
వర్జింపకు సుజనగోష్ఠి, పరులను నెల్లన్‌
నిర్జింతు ననుచుఁ ద్రుళ్ళకు,
దుర్జనుఁడండ్రు నిను నిందఁ దోఁపఁ గుమారా!"	kandamu
"తిరుగకు దుర్మార్గులతో
నరుగకు గహనాంతర స్థలాదుల కొంటిన్‌
జరుగకు శత్రులమ్రోల
న్మరువకు మేల్‌ హితులయెడల మదిని గుమారా!"	kandamu
"తరళాక్షుల యెడ నెన్నఁడుఁ
బరిహాసాలాపములను బచరింపకుమీ
పరికించి నిరీక్షించిన
నురుదోషం బనుచుఁ దలఁపుచుండు కుమారా!"	kandamu
"సంపద గలవారిని మో
దింపుచుఁ జుట్టుకొనియుందు రెల్లప్పుడు స
త్సంపద తొలంగిన నుపే
క్షింపుదు రవివేకజనులు క్షితిని గుమారా!"	kandamu
"కాయమున నాటు శరము లు
పాయంబునఁ దీయవచ్చు బహు నిష్ఠురతన్‌
గూయ మది నాటుమాటలు
పాయవుగా యెపుడు వెగడు పరచుఁ గుమారా!"	kandamu
"ధరణీజాతము లే యే
తరి నెట్లెట్లను ఫలించుఁ దగనటు పూర్వా
చరణ ఫలంబు ననుభవముఁ
గరమనుభవనీయ మగును గాదె? కుమారా!"	kandamu
"పెను కోపము గర్వము ను
బ్బును జలతయు దురభిమానమును వ్యాపారం
బునఁ జొరక యునికియును న
ల్పుని గుణము లటంచుఁ దెలివిఁ బొందు కుమారా!"	kandamu
"విత్తముఁ గూర్చిన మనుజుం
డుత్తమ దానంబు భోగ మొందని యెడ భూ
భృత్తస్కర శిఖిగతము ని
వృత్తి కరంబగును నట్టి పదవి కుమారా!"	kandamu
"సద్గోష్ఠి సిరియు నొసఁగును
సద్గోష్ఠియె కీర్తిఁబెంచు సంతుష్ఠిని నా
సద్గోష్ఠియె యొనఁగూర్చును
సద్గోష్ఠియె పాపములను జంపుఁ గుమారా!"	kandamu
"ఘనులు విని సమ్మతింపని
పనులకుఁ జొరఁబడక పొగడు పనులకు జొరు, మెం
దును బొంకఁబోక స
జ్జనములతోఁ గలసిమెలఁగు జగతిఁ గుమారా!"	kandamu
"జారులతోఁ జోరులతోఁ
గ్రూరులతో నెపుడు పొత్తుఁ గోరక మది స
త్పూరుష పదాంబుజాతా
ధారుఁడవై బ్రతుకు, కీర్తి తనరఁ గుమారా!"	kandamu
"జ్ఞానుల చరితము వీనుల
నానుచు సత్పురుషగోష్ఠి ననఘం బనుచున్‌
బూనుము, ధర్మపథంబును
దానెఱిఁగిన యంత మఱవఁ దగదు కుమారా!"	kandamu
"రోషావేశము జనులకు
దోషము తలపోయ విపుల దుఃఖకరమునౌ,
రోషము విడిచిన యెడ సం
తోషింతురు బుధులు హితము దోఁపఁ గుమారా!"	kandamu
"ధనవంతులైన బహు స
జ్జనులైనను నీకు మిగుల సమ్మతులై యు
న్నను సతి జనకుని గృహమం
దున నుండుట తగదు కీర్తి తొలఁగుఁ గుమారా!"	kandamu
"సభలోపల నవ్వినయెడ
సభకులు నిరసింతు రెట్టి జనుని, న్నెఱి నీ
కభయం బొసంగె నేనియుఁ
బ్రభు కరుణము నమ్మి గర్వ పడకు కుమారా!"	kandamu
"తన పంక్తియందు  బాంధవ
జనము లొక విధంబుగ మెసంగుచు నుండం
గను దా సద్రసముల మెసఁ
గిన విషభోజనసమంబు క్షితిని గుమారా!"	kandamu
"పెరవారలుండ ఫలముల
నరయంగా వారికిడక యాతఁడె మెసవన్‌
సరిగాదు, విసపుమేఁతకు
సరియౌనని తలఁపు మానసమునఁ గుమారా!"	kandamu
"గుణవంతుని సంగతి ని
ర్గుణులకు గుణములు ఘటించు, గుసుమాది సమ
ర్పణమున వస్త్రాదిక మా
క్షణమునఁ పరిమళము నొందు కరణిఁ గుమారా!"	kandamu
"మును స్నానము సేయక చం
దన మలఁదుట యనుచితం బుదకయుత వస్త్రం
బును విదలించుట కూడదు,
మనమున నివి తెలిసి మనుము మహిని గుమారా!"	kandamu
"పరజనులు కట్టి విడిచిన
వరచేలములైనఁ గట్ట వలదు, వలువన్‌
నెఱిమాయు మడత మార్చుచు
ధరియించుట యొప్పదండ్రు ధరను గుమారా!"	kandamu
"మును మనుజుఁడు జన్మాంతర
మునఁజేసిన పుణ్యపాపములు పుడమిని వా
నిని బొందక విడువవు, దే
వుని నిందింపకుము కీడు వొడముఁ గుమారా!"	kandamu
"అవయవహీనుని సౌంద
ర్యవిహీను దరిద్రు విద్య రాని యతని సం
స్తవనీయు దేవు శ్రుతులన్‌
భువి నిందింపఁ దగదండ్రు బుధులు కుమారా!"	kandamu
"లోకమున సర్వజనులకు
నా కాలుఁడు ప్రాణహారి యై యుండఁగ శో
భాకృతకార్యముల వడిం
బ్రాకటముగఁ జేయకుండ రాదు కుమారా!"	kandamu
"అల సరస్నానంబులఁ బరి
మళముం గలుగు వస్తువులను మహితల యానం
బుల నాసనముల నుబ్బకు,
కలుగుం జనుఁ గాలవశము గాను గుమారా!"	kandamu
"ప్రజ్ఞావంతుని చేతను
బ్రజ్ఞాహీనునకుఁ గడమ వాటిల్లు నిలన్‌
బ్రాజ్ఞతగల్గి నటించినఁ
దజ్ఞులు నుతియింతు రదియె ధనము కుమారా!"	kandamu
"మనుజుల తమసౌఖ్యము కొఱ
కును సంరక్షణము నవనిఁ గోరుదు, రొగి నే
జనపాలుఁడు సంరక్షిం
పను దగియును బ్రోవఁ డతఁడె పాపి కుమారా!"	kandamu
"మండలపతి దండార్హుల
దండింపక యుండరాదు ధారుణి నతఁడా
ఖండల సమానుఁడైనను
మెండగు పాపంబునొంది మెలఁగుఁ గుమారా!"	kandamu
"గరళముఁ బెట్టెడు వాని
న్బరుఁ జంపఁదలంచు వానిఁ జనులెల్ల బయ
ల్పఱచెడి వానిం జనధన
హరుని నృపతిం జంపి పుణ్యుఁ డగును గుమారా!"	kandamu
"గృహదాహకునిం బరదా
రహరుం బంధుహితకార్య రహితుని దుష్టో
త్సహపరుని జంపి నరపతి
యిహపరములయందు గీర్తి నెనయుఁ గుమారా!"	kandamu
"సత్తువగల యాతని పై
నెత్తిన దుర్బలుఁడు తస్కరించిన నతండున్‌
విత్తముఁ గోల్పడు నతఁడును
జిత్తజ పీడితుఁడు జింతఁ జెందుఁ గుమారా!"	kandamu
"కత్తిని చేతంబట్టుచు
మొత్తఁదలఁచి వచ్చువాని ముఖ్యముగా మే
ల్హత్తించిన నదె ప్రాయ
శ్చిత్త మతనిఁ జంపఁదగదు చిన్ని కుమారా!"	kandamu
"ఓరిమియె కలిగియుండిన
వారలఁ గని ప్రజ్ఞలేని వా రనియెద, రౌ
నారయ సత్పురుషాళికి
నోరిమియే భూషణంబు రోరి కుమారా!"	kandamu
"పురుషుం డొనర్పని పనికి
నరయఁగ దైవం బదెట్టు లనుకూలించున్‌
సరణిగ విత్తకయున్నను
వరిపండునె ధరణిలోన వఱలి కుమారా!"	kandamu
"తన సత్కర్మాచరణం
బున భాగ్యము వేగ వృద్ధి బొందు, జగత్ప్రా
ణుని వర సాహాయ్యముచే
ననలం బెంతైనఁ బెరఁగు నయ్య కుమారా!"	kandamu
"చమురింకిపోయినను దీ
పము శమియించిన విధంబు పౌరుషము విహీ
నమె యగును, దైవ మనుకూ
లము గాకుండినను భూతలమునఁ గుమారా!"	kandamu
"ఘన బీజము సాయము లే
కను భూములు నిష్ప్రయోజకంబైన విధం
బున దైవము తోడిలఁగా
కనె పౌరుష కర్మఫలము గలదె కుమారా?"	kandamu
"ధరనే వస్తువులైనన్‌
దరుగుటకై వృద్ధినొందుఁ దగఁ బొడ వెదుగున్‌
విరుగుటకై, పాయుటకై
దరిఁ జేరును, వీని మదిని దలఁపు కుమార!"	kandamu
"జనియించుట పొలియుటకే
పెను సుఖమొందు టది కష్ట విధి నొందుటకే
విను హెచ్చుట తగ్గుటకే
యని మనమున నమ్మవలయు నయ్య! కుమారా!"	kandamu
"ఎటువంటి వరకులంబునఁ
బటుతరముగఁ బుట్టెనేని పరఁగఁగ మును గ
న్నటువంటి కర్మఫలములఁ
గటగట! భోగింపవలయుఁ గాదె? కుమారా!"	kandamu
"పెక్కుజనులు నిద్రింపఁగ
నొక్కండయ్యెడను నిద్ర నొందకయున్నన్‌
గ్రక్కున నుపద్రవం బగు
నక్కర్మమునందుఁ జొరకు మయ్య! కుమారా!"	kandamu
"మధురంబులఁ గొననొల్లఁడు
బుధజనుఁ డేకతమ దారిఁ బోనొల్లఁడు నీ
విధ మెఱిఁగి నీవును మనో
రథ సిద్ధుఁడవగుచు మెలఁగ రాదె! కుమారా!"	kandamu
"ధనవంతుఁడె కులవంతుఁడు
ధనవంతుఁడె సుందరుండు, ధనవంతుండే
ఘనవంతుఁడు బలవంతుఁడు
ధనవంతుఁడె ధీరుఁడనుచుఁ దలఁపు కుమారా!"	kandamu
"విను ప్రాణరక్షణమునన్‌
ధనమంతయు మునిగిఁపోవు తఱిఁ బరిణయమం
దున గురుకార్యమున వధూ
జన సంఘములందు బొంకఁ జనును గుమారా!"	kandamu
"కులభామల విడువకు, వెలి
పొలఁతుల వీక్షించి మోహమునఁ బొరలకుమీ
ఖలుఁ డందు రెట్టివారలుఁ
గులహీనుఁడు పుట్టెననుట కొఱలుఁ గుమారా!"	kandamu
"చపలాత్ముఁ డవనిలోపల
నపాత్ర జనులకును దాన మందిచ్చుట హి
నపుఁ గుక్క నోటిలోపల
నిపుణత నెయిపోసినట్లు నెగడుఁ గుమారా!"	kandamu
"యోగ్యుల నరయఁగ లేక య
యోగ్యులకున్‌ దాన మొసఁగు చుండుట యది స
ద్భోగ్యసతిన్‌ షండునకున్‌
భాగ్యముఁగని పెండ్లిచేయు పగిదిఁ గుమారా!"	kandamu
"దీనుం డైనను శాత్రవుఁ
డైనన్‌ శరణనుచు వేఁడు నపుడు ప్రియత న
మ్మానవుని కోర్కెఁ దీర్చిన
వాని సుజనుఁడండ్రు బుధులు వసుధఁ గుమారా!"	kandamu
"పాపంబులందు నెక్కుడు
పాపములు సుమీ! ధరిత్రి పై క్రోధగుణం
బేపారు లోభమును నివి
యేపురుషులఁ జెందఁగూడ దిలను గుమారా!"	kandamu
"మునుగల్గి ధర్మమును జే
యునతఁడు పేదవడెనేని యున్నంతకుఁ దోఁ
చిన భంగి నర్థులకు ని
చ్చునతఁడె బహుపుణ్యపూరుషుండు కుమార!"	kandamu
"కడుమెల్లన నిడు నుత్తర
మడఁచును గోపమును దీక్ష్ణమమరఁగ దా న
ప్పుడు నుడివెడు నుత్తరముడి
వడిఁ గోపముఁ బెంచు నరయ వసుధఁ గుమారా!"	kandamu
"మిత్రుండు దనకు విశ్వా
మిత్రముఁ జేసినను గాని మే లనవచ్చున్‌,
శాత్రవుఁడు ముద్దు గొన్నను,
ధాత్రిం దన కదియె కీడు తలపఁ గుమారా!"	kandamu
"ధర నొక్క బుద్ధిహీనునిఁ
దిరముగ రోటనిడి దంచెఁ దేనియుఁ బెలుచం
దురు మగును గాని, యతనికి
సరసత్వము గలుగదండ్రు సతము కుమారా!"	kandamu
"విత్తంబు విద్య కుల ము
న్మత్తులకు మదం బొసంగు మాన్యులకున్‌ స
ద్వృత్తి నొసంగున్‌, వీనిం
జిత్తంబున నిడి మెలగఁ జెలఁగు కుమారా!"	kandamu
"ధరఁ గఱవుఁ గోరి ధాన్యం
బిరవున నిడుకొనినవాని నెగ్గింపఁ దలం
తురు, వాని నమ్మఁ దలఁచిన
పురుషుని నుత్తముఁడటంచుఁ బొగిడి కుమారా!"	kandamu
"ఋణ మధిక మొనర్చి సమ
ర్పణ జేసిన తండ్రి, విద్య రాని కొడుకు, ల
క్షణశాలి రాణి దుశ్చా
రిణి యగు జననియును దలప రిపులు కుమారా!"	kandamu
"మర్మము పరులకుఁ దెలుపకుఁ
దుర్మార్గున చెంత నెపుడు దూరకు, మిల దు
ష్కర్మములఁ జేయ నొల్లకు,
నిర్మలమతి నుంట లెస్స నిజము కుమారా!"	kandamu
"సారమతి నిటుల తిరిగెడి
పూరుషరత్నంబు కీర్తిఁ బొందుచు ధరపై
గోరినకోర్కె ఫలము శ్రీ
మీఱ ననుభవించుచుండు మిగులఁ గుమారా!"	kandamu
"ఇల ఫక్కికులోద్భవుఁడ
ప్పల నరసింహాఖ్యుఁ డిట్టి పద్ధతులు ధరం
గల బాలుర కెల్ల గుణం
బులు కలుగఁగ వెలయఁజెప్పె బుద్ధి కుమారా!"	kandamu
"పదునెనిమిదివందల యఱు
వది యగు క్రీస్తుశకమందు వరరౌద్రిని మే
లొదవ రచింపబడె ని
య్యది బాలురకొఱకుఁ బౌష మందుఁ గుమారా!"	kandamu
"శ్రీ భూ నీళా హైమవ
తీ భారతు లతుల శుభవతిగ నెన్నుచు స
త్సౌభాగ్యము నీ కొసఁగఁగ
లో భావించెదరు ధర్మలోల కుమారీ!"	kandamu
"చెప్పెడి బుద్ధులలోపలఁ
దప్పకు మొకటైన సర్వ ధర్మములందున్‌
మెప్పొంది యిహపరంబులఁ
దప్పింతయు లేక మెలగఁ దగును కుమారీ!"	kandamu
"ఆటలఁ బాటలలో నే
మాటయు రాకుండఁ దండ్రి మందిరమందున్‌
బాటిల్లుఁ గాపురములో
వాట మెఱిఁగి బాల! తిరుగ వలయుఁ గుమారీ!"	kandamu
"మగనికి నత్తకు మామకుఁ
దగ సేవ యొనర్చుఁచోటఁ దత్పరిచర్యన్‌
మిగుల నుతిఁ బొందుచుండుట
మగువలకుం బాడి తెలిసి మసలు కుమారీ!"	kandamu
"పెనిమిటి వలదని చెప్పిన
పని యెన్నఁడుఁ జేయరాదు బావల కెదుటన్‌
కనఁబడఁగ రాదు కోపము
మనమున నిడుకొనక యెపుడు మసలు కుమారీ!"	kandamu
"పరపురుషు లన్న దమ్ములు,
వరుఁడే దైవంబు, తోడి పడుచులు వదినల్‌
మఱదండ్రు నత్తమామలు
ధరఁ దల్లియుఁ దండ్రి యనియుఁ దలఁపు కుమారీ!"	kandamu
"పదములపైఁ జెయివేయక
మదవతి పతిచెంత నిద్ర మరగినఁ జేతుల్‌
గదలంగనీక కట్టుచు
గదఁ గొని శిక్షించు యముఁడు కాంక్షఁ గుమారీ!"	kandamu
"తెచ్చినఁ దేకుండిన నీ
కిచ్చిన నీకున్న మగని నెగ్గాడకుమీ
యొచ్చెము నీపైఁ దేలును
రచ్చల కామాట లెక్కు రవ్వ కుమారీ!"	kandamu
"మఱదండ్రు వదినె లత్తలు
మఱఁదులు బావల కొమాళ్లు మఱి పెద్దలు రా
నురవడిఁ బీటలు మంచము
లరుఁగులు దిగుచుండవలయు నమ్మ కుమారీ!"	kandamu
"నోరెత్తి మాటలాడకు
మాఱాడకు కోపపడిన మర్యాదలలో
గోరంత తప్పి తిరుగక
మీఱకుమీ యత్తపనుల మెలఁగు కుమారీ!"	kandamu
"పతి పరకాంతలతో సం
గతిఁ జేసిన నాదుపుణ్యగతి యిట్లనుచున్‌
మతిఁ దలఁపవలయు లేదా
బతిమాలఁగవలయుఁ గలహ పడక కుమారీ!"	kandamu
"పతి పాపపుఁ బనిఁజెప్పినఁ
బతిమాలి మరల్పవలయుఁ బతి వినకున్నన్‌
హిత మనుచు నాచరింపుము
మతిలోపల సంశయంబు మాని కుమారీ!"	kandamu
"తిట్టిన దిట్టక, కొట్టిన
గొట్టక, కోపించెనేనిఁ గోపింపక, నీ
పుట్టినయింటికిఁ, బాదము
పెట్టినయింటికిని వన్నె పెట్టు కుమారీ!"	kandamu
"దబ్బరలాడకు కదిమిన
బొబ్బలు పెట్టకుము మంచి బుద్ధిగలిగి యెం
దెబ్బెఱికముఁ బూనక కడుఁ
గొబ్బునఁ జిత్తమున వానిఁ గూర్పు కుమారీ!"	kandamu
"పతి భుజియించిన పాత్రను
మెతు కొక్కటియైన భార్య మెసఁగుటకై తా
హిత మూనకున్న నది యొక
సతియే? కడుఁ బాపజాతి జగతి కుమారీ!"	kandamu
"జపములు, గంగాయాత్రలు,
దపములు, నోములును, దాన ధర్మంబులు, పు
ణ్యపురాణము పతిభక్తికి
నుపమింపను సాటి రాక యుండు కుమారీ!"	kandamu
"ఇరుగు పొరుగిండ్ల కైనను
వరుఁడో, కాక అత్తగారో, వదినెయొ, మామో
మఱఁదియో సెల విడకుండఁగఁ
దరుణి స్వతంత్రించి పోవఁ దగదు కుమారీ!"	kandamu
"కూతురు చెడుగై యుండిన
మాతది తప్పన్నమాట మది నెఱుగుదుగా
నీతల్లిదండ్రులకు నప
ఖ్యాతులు రానీయఁ గూడదమ్మ! కుమారీ!"	kandamu
"అమ్మకు రెం డబ్బకు రెం
డిమ్మహిఁ దిట్టించు కూఁతురెందుకు ధర నా
ద్రిమ్మరి పుట్టక పోయిన
నిమ్మళమని యండ్రు జనులు నిజము కుమారీ!"	kandamu
"తన బావల పిల్లల యెడఁ
దన మఱఁదుల పిల్లలందుఁ దనపిల్లల కం
టెను మక్కువ యుండవలెన్‌
వనితల కటులైన వన్నె వచ్చుఁ గుమారీ!"	kandamu
"ధనహీనుఁడైనఁ గడు దు
ర్జనుఁడైనఁ గురూపియైన జారుండైనన్‌
విను పాపియైన నెప్పుడుఁ
దనపతియే తనకు దైవతంబు కుమారీ!"	kandamu
"ధనవంతు డైనఁ యప్పుడుఁ
పెనిమిటి చిత్తం బెఱింగి పెండ్లాము మెలం
గును లేమి మెలఁగ నేర్చిన
వనితకు లోకమున వన్నె వచ్చుఁ గుమారీ!"	kandamu
"తలిదండ్రు లన్నదమ్ములు
తులఁ దూగఁగ నిమ్ము పసిడిఁ తోనైనను వా
రలయింట సతత ముండుట
వెలఁదికి మర్యాదగాదు వినవె కుమారీ!"	kandamu
"కడుపారఁ గూడుఁ గూరలు
దొడవులు వస్త్రములు మిగుల దొరకవనుచుం దా
వడితనమునఁ బెనిమిటితో
నెడఁ బాసి చరింపఁ గూడదెపుడు కుమారీ!"	kandamu
"పిల్లలఁ గనుగొనఁ దలఁచిన
యిల్లాలు గతాగతంబు లెఱుఁగక ఱాఁగై
యల్లరిఁ బెట్టినఁ జెడుఁ దా
నుల్లసములఁ బడును, గీడు నొందుఁ గుమారీ!"	kandamu
"పతి కత్తకు మామకు స
మ్మతిగాని ప్రయోజనంబు మానఁగవలయున్‌
హిత మాచరింపవలయును
బ్రతుకున కొకవంక లేక పరఁగు గుమారీ!"	kandamu
"పోకిళ్ళు పోక పొందిక
నాకులలోఁ బిందెరీతి నడఁకువగా నెం
తో కలిసిమెలసి యుండిన
లోకములోపలను దా వెలుంగుఁ గుమారీ!"	kandamu
"అత్తపయిన్‌ మఱఁదలిపయి
నెత్తిన కోపమున బిడ్డ నేడ్పించుటకై
మొత్తినఁ దనకే కీడగుఁ
జిత్తములో దీనిఁ జింత సేయు కుమారీ!"	kandamu
"మృతియైనను బ్రతుకైనం
బతితోడనె సతికిఁ జెల్లుఁ బతిబాసిన యా
బ్రతు కొక బ్రతుకా! జీవ
న్మృతి గాక వధూటి కెన్న నిదియుఁ గుమారీ!"	kandamu
"మగని ప్రియ మబ్బె ననుచును
దెగ నీలిగి యింటివారి దిగఁద్రొక్కుచు దుం
డగురాలై తిరిగిన సరి
మగువలలో నిదియె తప్పు మాట కుమారీ!"	kandamu
"జీవములు భర్తపద రా
జీవములని చిత్తమందు జింతించిన ల
క్ష్మీవల్లభు చరణంబుల
సేవ లతాంగులకు నెమ్మిఁ జేయుఁ గుమారీ!"	kandamu
"కడు బుద్ధిగలిగి మెలఁగినఁ
బడఁతుక పుట్టింటివారు పదివేలవరా
లిడుకంటెఁ గీర్తియగు ద
మ్మిడి లేకుండినను నేర్చి మెలఁగు కుమారీ!"	kandamu
"కడుఁ బెద్దమూటఁ దెచ్చినఁ
జెడుగై వర్తించు నేనిఁ జిరతర చింతం
బడుదురు తల్లిదండ్రులు తోఁ
బడుచులు సోదరులు నిందఁ బడుదురుఁ గుమారీ!"	kandamu
"పుట్టింటివారి నీచతఁ
బెట్టకు మత్తింటివారు పెట్టెడి బాధల్‌
పుట్టింటఁ దెలియనీకు
రట్టడి చెలియందు రదియె రవ్వ కుమారీ!"	kandamu
"తనకెంత మేలు చేసిన
మనమున కింపైన పనులుఁ మసలిన దాసీ
వనితల కెన్నటికైనం
జనవిచ్చి మెలంగరాదు జగతిఁ గుమారీ!"	kandamu
"కులదేవతలకుఁ బెట్టిన
పొలుపునఁ దనయింటయాఁడు బొట్టెల కెల్లం
గలమాత్ర మొసఁగకుండినఁ
గలఁత పొడము దాన మేలు గాదు కుమారీ!"	kandamu
"బద్ధకము సంజనిద్దుర
వద్దుసుమీ దద్దిరంబు వచ్చును దానన్‌
గద్దింతు రింటివారలు
మొద్దందురు తోడివారు ముద్దు కుమారీ!"	kandamu
"ఇంటఁ గల గుట్టు నీ పొరు
గింట రవంతైనఁ దెలుప నేఁగకు దానం
గంటనపడి నీవారలు
గెంటించెద రిల్లు వెడలఁ గినుకఁ గుమారీ!"	kandamu
"వేకువజామున మేల్కని
పైకి వెడలి వచ్చి ప్రాచి పనిఁ దీర్పవలెన్‌
లేకున్నఁ దెల్లవాఱిన
లోకులు నవ్వుదురు సభల లోనఁ గుమారీ!"	kandamu
"ఇక్కడి దక్కడఁ నక్కడి
దిక్కడఁ జెప్పినను వారి కిద్దఱికిఁ బగల్‌
పొక్కినఁ గల చేడియ ల
మ్మక్కా! యిడుముళ్ళమారి యండ్రు కుమారీ!"	kandamu
"తలవాకిట నెల్లప్పుడు
నిలువఁగ రా దెప్పు డెంత నిద్దురయైనన్‌
మెలఁకువ విడరాదు సుమీ
తల నడుచుచు విప్పికొనుట తగదు కుమారీ!"	kandamu
"వారికి వీరికిఁ గలిగెను
గోరిన వస్తువులు మాకుఁ గొదవాయె నటం
చూరక గుటకలు మ్రింగుట
నేరముగాఁ దలఁపవలయు నెలఁత కుమారీ!"	kandamu
"కొన్నాళ్లు సుఖము కష్టము
కొన్నాళ్లు భుజింపకున్నఁ గొఱగాదు సుమీ!
పున్నమ దినముల వెన్నెల
యెన్నంగ నమాసలందు నిరులు కుమారీ!"	kandamu
"పొంతఁ బని సేయ కెన్నఁడు
పంతంబులు పలుకఁబోకు ప్రాఙ్ముఖముగ నీ
దంతంబులు దోమకు మే
కాంతంబులు బయలుపఱుప కమ్మ! కుమారీ!"	kandamu
"నడకలలో నడుగుల చ
ప్పుడు వినఁబడకుండవలయు భువి గుంటలు క
న్పడరాదు మడమనొక్కులఁ
బడఁతుల మర్యాద లెఱిఁగి బ్రతుకు కుమారీ!"	kandamu
"నవ్వంగ రాదు పలుమఱు
నవ్వినఁ జిఱునవ్వు గాని నగరా దెపుడున్‌
గవ్వలవలె దంతంబులు
జవ్వునఁ గానంగ బడెడి జాడఁ గుమారీ!"	kandamu
"తొడవులు మిక్కిలి గలిగినఁ
గడుఁ ప్రేమన్‌ మగఁడు మిగుల గారామిడినన్‌
పడఁతుక పసుపుం గుంకుమ
గడియైనను విడువ రాదు గాదె కుమారీ!"	kandamu
"చెడుఁగులతో లంజెలతో
గుడిసేటులతోడఁ బొత్తుఁ కూడదు మది నె
ప్పుడు నిల నుత్తమ కాంతల
యడుగులకు న్మడుగులొత్తు మమ్మ కుమారీ!"	kandamu
"విసువకు పని తగిలినయెడఁ
గసరకు సేవకుల మిగులఁ గాంతునితోడన్‌
రొసరొస పూనకు మాడకు
మసత్యవచనంబు లెన్నఁ డైనఁ గుమారీ!"	kandamu
"వేళాకోళంబులు గ
య్యాళితనంబులును జగడ మాడుటలును గం
గాళీపోకలుఁ గొండెము
లాలోచించుటయుఁ గూడ దమ్మ కుమారీ!"	kandamu
"బంతులను బక్షపాత మొ
కింతైనను జేయరాదు హీనదశుల సా
మతుల నొక భంగి నిరీ
క్షింతురు బుధులెల్ల సంతసిల్లం గుమారీ!"	kandamu
"మాసినతల మాసినయిలు
మాసిన వలువలు దరిద్ర మార్గంబులు నెం
తేసి ధనవంతులైనను
గాసిల్లుదు రల్పదశల గ్రాఁగి కుమారీ!"	kandamu
"సన్నెకలుం బొత్రమ్మును
తన్నుకబోరాదు కాలఁ దగిలిన యెడలన్‌
గన్నుల నద్దుకొన న్వలెఁ
గ్రన్నన సిరి యందు నిలుచుఁ గాదె కుమారీ!"	kandamu
"దీపము వెలిగిం చెడిచోఁ
జీపురుపుడ కుంచవలయుఁ జేతుల నేతం
బాపము పాలౌదువు మది
లోపల నిది తలఁపవలయు రూఢిం గుమారీ!"	kandamu
"సరకులయెడ జాగ్రత్తయుఁ
జుఱుకు పనులయందు భక్తి సుజనులయందున్‌
గరుణ యనాథుల యెడలం
దరుణికి జెలువారవలయు ధరణిఁ గుమారీ!"	kandamu
"చెప్పినఁ జెప్పక యుండినఁ
దప్పక సేయంగవలయుఁ దనపనులెల్లన్‌
మెప్పొదవఁగాను లేదా
ముప్పొదవును గాదె యెందు ముద్దు కుమారీ!"	kandamu
"ఎంగిలి పరులకుఁ బెట్టకు
క్రంగున మ్రోయంగనీకు కాల్మెట్టియలన్‌
బంగారు లాభ ముండిన
దొంగతనము సేయుబుద్ధి దొలఁచు కుమారీ!"	kandamu
"ఆపదల కోర్చి సంపద
లాపయి భోగించు ననెడి హర్షోక్తుల నీ
లోపలఁ దలఁచుచు లాంతరు
దీపముచందమున వెలుఁగఁ దివురు కుమారీ!"	kandamu
"తనకడుపు కట్టుకొని యై
నను జుట్టమ్మునకు బెట్టి నను గీర్తి వహిం
చును భుక్తి ముక్తు లబ్బును
దన కెవ్వరు సాటిరారు ధరణిఁ గుమారీ!"	kandamu
"వడి దనిపించుకొనుటకున్‌
గడి యైననుఁ బట్టకుండుఁ గాంతలలో నె
క్కుడు గుణవతి యనిపించెడి
నడవడి నేర్చుటయె కడు ఘనంబు కుమారీ!"	kandamu
"చెప్పకు చేసినమేలు నొ
కప్పుడయినఁ గాని దాని హర్షింపరుగా
గొప్పలు చెప్పిన నదియును
దప్పే యని చిత్తమందుఁ దలఁపు కుమారీ!"	kandamu
"ఎంతటి యాఁకలి కలిగిన
బంతిని గూర్చుండి ముందు భక్షింపకు సా
మంతులు బంధువులును నిసు
మంతైనను జెల్ల దందు రమ్మ కుమారీ!"	kandamu
"అధికారము లేనిపనుల
కధికారము సేయఁబోకు మందునఁ గోపం
బధికం బగు నీవారికి
బుధు లది విని హర్ష మొందఁ బోరు కుమారీ!"	kandamu
"తా నమ్ముడు వడియైనం
దీనుండగు ధవునియార్తిఁ దీర్చగ సతికిన్‌
మానము చంద్రమతీ జల
జాననఁ దలపోయవలయు నాత్మఁ గుమారీ!"	kandamu
"తనకంటెఁ బేదరాండ్రం
గని యంతకుఁ దనకు మేలు గా యనవలయున్‌
దనకంటె భాగ్యవంతులఁ
గని గుటకలు మ్రింగ మేలు గాదు కుమారీ!"	kandamu
"విఱుగఁబడి నడువఁ గూడదు
పరుల నడక లెన్ని తప్పు బట్టఁజనదు ని
ష్ఠురములు వచింపఁగూడదు
కఱపఁగవలె మేలు మేలు గలదు కుమారీ!"	kandamu
"కోపమున నప్పు డాడ ని
రూపించినమాటఁ గొన్ని రోజులు చనినం
జూపెట్టుదు నని శాంతము
లోపలఁ గొనవలయు ధర్మలోల! కుమారీ!"	kandamu
"కలహపడునింట నిలువదు
కలుముల జవరాలు కానఁ గలకాలం బే
కలహములు లేక సమ్మతి
మెలఁగంగా నేర్చెనేని మేలు కుమారీ!"	kandamu
"గురుశుక్రవారముల మం
దిర గేహళులందు లక్ష్మి తిరముగ నిలుచుం
గరగరిక నలకి మ్రు గ్గిడి
గురుభక్తి మెలంగఁ బాయు గొదువ కుమారీ!"	kandamu
"అపకీర్తి బొందుట క
ష్టపుఁబని గా దొక్క గడియ చాలును గీర్తిన్‌
నిపుణత వహింపవలయును
జపలగుణములెల్లఁ బాసి చనఁగఁ గుమారీ!"	kandamu
"సరకులు బట్టలు వన్నెల
కెరవులు తేఁదగదు తెచ్చెనేని సరకు ల
క్కఱఁ దీర్చుకొనుచు వెంటనె
మరలింపకయున్నఁ దప్పు మాట కుమారీ!"	kandamu
"గొప్పదశ వచ్చెననుచు నొ
కప్పుడయిన గర్వపడకు మదిఁ దొలఁగినచో
జప్పట్లు చరతు రందఱుఁ
దప్పని దండించు దండధరుఁడు కుమారీ!"	kandamu
"సుమతియును జంద్రమతియును
దమయంతియు జానకియును ద్రౌపదియును బ
న్నములం బడి పతిభక్తిం
గ్రమమున నడుపుటలు తలఁప గాదె? కుమారీ!"	kandamu
"సుమతి యను రమణి పతికై
శ్రమనొందుట నీచసేవ సలుపుటయు వియ
ద్గమననిరోధము భానున
కమరించుటయుం దలంపు మాత్మఁ గుమారీ!"	kandamu
"వాణియు శర్వాణియు హరి
రాణియు వాక్కునను మైనురంబున నుంటల్‌
రాణఁ దిలకించి మదిలో
బాణిగ్రాహియెడ నిల్పు భక్తిఁ గుమారీ!"	kandamu
"వడ్డించునపుడు తాఁ గను
బిడ్డనికిం దల్లిభంగిం బ్రేమ దలిర్పన్‌
వడ్డింపవలయు భర్తకు
నెడ్డెతనము మానవలయు నెందుఁ గుమారీ!"	kandamu
"పవళించునపుడు రంభా
కువలయదళనేత్రభంగి గోరినరీతిన్‌
ధవుని కొనఁగూర్పవలయును
దివి భువి నుతిఁ బొందునట్టి తెఱవ కుమారీ!"	kandamu
"ఆలోచన యొనరించెడి
వేళలలో మంత్రిభంగి వివరింపవలెన్‌
కాలోచిత కృత్యంబుల
భూలోకమునందుఁ గీర్తి బొందుఁ గుమారీ!"	kandamu
"పనిసేయునపుడు దాసీ
వనితవిధంబునను మేను పంపఁగవలయున్‌
ధనవంతుల సుత యైనను
ఘనత గలుగు దానివలనఁ గాదె కుమారీ!"	kandamu
"దానములు ధర్మకార్యము
లూనంగాఁ గలిగినంత యుక్తక్రియలన్‌
మానవతుల కిది ధర్మము
గా నెఱిఁగి యొనర్పవలయుఁ గాదె కుమారీ!"	kandamu
"శ్రమ యెంత సంభవించిన
క్షమ మఱువఁగ రాదు ధరణి చందంబున స
త్యమునఁ బ్రవర్తించిన యా
రమణియె లోకంబునందు రమణి కుమారీ!"	kandamu
"ఈ రీతిఁ దిరుగ నేర్చిన
నారీమణి కీర్తిఁ బొందు నరలోకమునన్‌
దూఱులు తొలంగి పోవును
ఘోరదురితసంఘ మెల్ల గుందుఁ గుమారీ!"	kandamu
"కామము సంకల్పంబున
బామొందెడుఁ దొలగుఁ దేహ భావము దెలియన్‌
వేమఱు నిది పరికించుట
క్షేమం బగు ముక్తిఁ గని సుఖింపు కుమారీ!"	kandamu
"పరజనము లాచరించెడి
దురితంబునఁ గ్రోధగుణము దోఁచెడి నధిక
స్ఫురణన్‌ క్షమఁ గైకొనినం
దఱుఁగు నది యెఱింగి మెలఁగ దగును కుమారీ!"	kandamu
"దృశ్యపదార్థము లెల్లను
నశ్యము లని తలపఁ కుండినను లోపంబౌ
దృశ్యంబున నస్థిరత న
వశ్యము చిత్తమునఁ దలఁప వలదె కుమారీ!"	kandamu
"జనియించెడు నజ్ఞానం
బున మోహగుణంబు, ధర్మమునఁ బరికింపం
దునుమాడఁ బడును దీనిం
గనుఁగొని మెలఁగంగ వలయుఁ గాదె కుమారీ!"	kandamu
"కులమున విత్తంబున వి
ద్యలను మదం బుద్భవించు నాయా పెంపుల్‌
తలపోయ మరలు నిది హృ
జ్జలజంబునఁ దలఁపవలయు సతముఁ గుమారీ!"	kandamu
"మాత్సర్య మొదవు సత్యము
హృత్సరసీజమున లేమి నెల్లప్పుడుఁ దా
సత్సేవయందుఁ దిరిగిన
మాత్సర్య మణంగుఁ దెలిసి మనుము కుమారీ!"	kandamu
"బహుకష్టములం బొందక
మహిలో సమకూడఁబోదు మానవజన్మం
బహహా! యీ జన్మంబున
నిహపరములఁ గొనెడుజాడ లెఱుఁగు కుమారీ!"	kandamu
"ఎన్నాళ్లు బ్రతుకఁ బోదురు
కొన్నాళ్లకు మరణదశలఁ గ్రుంగుట జగమం
దున్నట్టివారి కందఱి
కిన్నిహితము సతము మంచి కీర్తి కుమారీ!"	kandamu
"పెనిమిటికన్నఁ బతివ్రత
మునుపే మృతిఁ బొందెనేనిఁ బురుషాగమనం
బున కెదురుచూచు వచ్చినఁ
గనుగొని యనురాగ మెనయఁ గలయుఁ గుమారీ!"	kandamu
"మును నాథుఁడు దరలినచో
వెనువెంటనె పోయి యెల్ల వేల్పులు పొగడం
గని యెందు నిందు నందును
ఘనకీర్తులఁ బొందుచుండుఁ గాదె కుమారీ!"	kandamu
"మఱవవలెఁ గీడు నెన్నఁడు
మఱవంగారాదు మేలు మర్యాదలలోఁ
దిరుగవలె సర్వజనములు
దరిఁ బ్రేమ మెలంగవలయుఁ దరుణి కుమారీ!"	kandamu
"ఆకు లొకిన్నియుఁ జేకొని
పోఁక నమిలి సున్న మడుగఁ బోయినఁ గని యీ
లోకులు నవ్వుదురు సుమీ!
కైకొనవలె మంచినడత ఘనతఁ గుమారీ!"	kandamu
"నేలన్‌ వ్రాలిన పత్రము
లోలిం జోడించి, మడచు చుండిన యవియున్‌
బోలఁగ సున్నపుటాకులు
దూలించు దరిద్రదశల దోఁచఁ గుమారీ!"	kandamu
"ఇద్దఱు గూడుక యొక చో
నొద్దిక మాటాడుచుండ నొదిఁగి యొదిఁగి యా
యొద్దకుఁ జనఁగూడదు తన
పెద్దతనంబెల్ల నణఁగ బెట్టుఁ గుమారీ!"	kandamu
"తుడుపుదుమారమ్మును జెరు
గుడుధూళియు మేషరజముఁ గూడ దెపుడు మైఁ
బడ నెఱిఁగి తిరుగ నేర్చిన
బడఁతుల మర్యాద లెఱిఁగి బ్రతుకు కుమారీ!"	kandamu
"దీపములనీడ మానవ
రూపంబులనీడ శనితరులనీడను ఖ
ట్వాపాదిత మగు నీడ
నేపట్టున నిలువఁగూడ దెపుడుఁ గుమారీ!"	kandamu
"కొనగోళ్ళ వ్రేలువెండ్రుక
లను జాఱెడునీళ్ళు, కుండలన్‌ ముంతల వా
డిన వెన్క మిగులునీళ్ళును
జన దండ్రు దరిద్ర మొందు జగతిఁ గుమారీ!"	kandamu
"ధర బక్కికులుఁడు వేంకట
నరసింహకవీంద్రుఁ డిట్టి నడతలు ధరపైఁ
దెఱవల తెరువు లటంచును
జిరతర సత్కీర్తి వెలయఁ జెప్పెఁ గుమారీ!"	kandamu
"శ్రీమదఖండలక్ష్మీప్రసన్నుడు మాక- । రాట్కులాంబోధికైరవహితుండు
సరసుడౌ వేంకటపెరుమాళ్ల రాజేంద్రు- । డొకనాడు కొలువు కూర్చుండి నన్ను
గని పోలిపెద్దివేంకటరాయసుకవీంద్ర । రమ్మని ప్రేమమీరంగ పురుష-
విరహంబు శ్రీహరిస్మరణశృంగారంబు- । గను చమత్కృతిశతకం బొనర్పు-"	seesamu
"మనిన శారద నేకదంతుని నుతించి । నే రచించెద పద్యముల్ నేర్చినటుల
నీదు కృపలేక కృతి సేయ నెవరికైన । వశమె శ్రీరామరామ లావణ్యసీమ."	teytageethi
"ముందు సత్కవిబృందములలోకి వాల్మీకి । నఖిలపౌరాణికాఖ్యాసు వ్యాసు-
నతిమూఢజనుల కద్భుతనీతి భవభూతి । మహనియ్యకావ్యనిర్మాణు బాణు-
నసమానశబ్దశాస్త్రసముద్రు శివభద్రు । కవిరాజితవిలాసు కాళిదాసు
భవఘోరతిమిరప్రభారవి భారవి । సురుచిరసద్గుణస్తోము భీము-"	seesamu
"ననుదినంబును భక్తితో నభినుతించి । సకలజనములు విని సంతసమున జెలగ
సీసశతకం బొనర్చెద చిత్తగింప । వలయు శ్రీరామరామ లావణ్యసీమ."	teytageethi
"జనకాత్మజాసుహృద్వనజాతసారంగ । సారంగధరకంఠసన్నిభాంగ
యంగజానేకసమంచితసుకుమార । సుకుమారజననిసంస్తుతపదాబ్జ
యబ్జబాంధవసత్కులాబ్ధిసంభవచంద్ర । చంద్రశోభితదివ్యచారుగంధ
గంధసింధురదశకంఠకంఠీరవ । రవగుణశ్రుతభయక్రాంతకాండ"	seesamu
"కాండవాసిష్ఠశుకశౌనకాదివినుత । వినతసుతవాహనారూఢవిమలకరుణ
కరుణ నీ కృతినాథు దీర్ఘాయు జేయ- । వలయు శ్రీరామరామ లావణ్యసీమ."	teytageethi
"పాకంబునకు తగు ఫణితి గానక కిరీ- । టము బెట్టినట్లు నీమములు లేక
తెనుగు పొయ్యెటి జాడ తెలియజాలక పెక్కు । శృంగారరీతులు చేతగాక
గ్రామ్యదేశ్యమ్ముల క్రమములెరుంగక । జాతీయములు గూర్చు సరణి రాక
పెళుచుమాటల దొంతి బేర్చుచు సాధార- । ణములౌ యతిప్రయోగములు లేక"	seesamu
"నొకరి కయితను గని హేళనోక్తులాడు । కుకవిశుంఠల మూతిపై గొట్టినటుల
నేనొనర్చెద పద్యముల్ నీదు కరుణ । వచ్చునటుల రామరామ లావణ్యసీమ."	teytageethi
"శ్రీకరంబుగ ప్రేమచే నాదు మనసు రా । నడుచుకొన్నట్టి నీ నాగరికము
వినయవివేకభావనలొప్ప కందువ । మాటలాడెడు నెరనీటుతనము
దర్పకశాస్త్రపద్ధతి మీరి కళలంటి । సొక్కించునట్టి నీ సోయగము
సరసత్వమున బంధసరణి గుర్తెరిగి నన్ । రతుల తేలించు నీ రసికతయును"	seesamu
"మదిని తలపోసి యితరరామలను రోసి । నేర్పు వెడజేసి కంటికి నిదురబాసి
మమత నిను డాసియుండక మరుని గాసి । వశమటే రామరామ లావణ్యసీమ."	teytageethi
"ఇసుకదిన్నెలను నీరెండ గాసినయటు- । వలె పిరుందులనంటి వల్వ దనర
దంతపుభరిణమూతల రంగు బూసిన । కరణి గుబ్బల కంచుకంబు వెలుగ
కొనచెవి పచ్చడాల్ గోడల బీరాకు । పసరు చల్లిన రీతి పరిఢవిల్ల
రాజబింబము నపరంజితీగెను గొల్చి । చూచిన గతి తిరుచూర్ణరేఖ"	seesamu
"ముద్దుమొగమున నత్యంతముదము దోప । తొలుత నేస్తంబునకు నన్ను బిలిచినట్టి
కులుకుబెళుకును తలపోసి వలపు నిలుప । వశమటే రామరామ లావణ్యసీమ."	teytageethi
"తరళాక్షి నీ మేనితావి ఘమ్మన నాదు । మనసు ఝుమ్మని రేగి మరులు జెందు
చెలి నీదు గిల్కుటందెలు ఘల్లుమని మ్రోయ । తనువు ఝల్లని యేమొ తత్తరించు
మగువ నీ సొగసు కల్మా ధళుక్కనినంత । కళ చళుక్కని లోన కలకబారు
నొకవేళ కోపగించుక గిరుక్కన మరుం । డట చురుక్కన పూవుటమ్ము వేయు"	seesamu
"వెలది కడుసోలి బతిమాలి వెతల చాలి । భావమటు తూలి తమిదేలి పాలుమాలి
యెడతెగని బాళి నీ జోలికింత జాలి । వశమటే రామరామ లావణ్యసీమ."	teytageethi
"చనువిచ్చి నను మచ్చికను వచ్చి నెనరిచ్చి । మనసిచ్చి పైకొను మధురవాణి
వలపింపులను యింపుగలిగింపు బలుసొంపు । పలుగెంపు లొనరింపు భ్రమరవేణి
యల జంటి రయికంటినటువంటి మొనచంటి । నెదనాని కళలంటు మిందువదన
తమిదీర భ్రమమీర తనివార కొనగోర । తొడల కొక్కెసమించు తోయజాక్షి"	seesamu
"యెపుడు నే గందు నీ వుసురెవరి జెందు । నెటుల మతిబొందు నీ తమికేది మందు
జాలినెటునొందు దెవతె నీ సరి పసందు । వచ్చునటె రామరామ లావణ్యసీమ."	teytageethi
"అత్తరురవ మెరుంగాని దువ్విన జారు । కొప్పుతో పైట మేల్కప్పుతోడ
నల జక్కువలను హాస్యము సేయు కుచకుంభ- । యుగముతో చిరునవ్వుమొగముతోడ
సౌగంధికముల రచ్చకు దీయు డాల్గన్న । మోవితో కపురంపు తావితోడ
మేల్కడాని హొరంగు మించిన నెమ్మేని- । కాంతితో మదనవిభ్రాంతితోడ"	seesamu
"నరనిదుర జెంది పవళించినట్టివేళ । వచ్చి మెల్లనె సైగగా నెచ్చరించి
పైకొని యొనర్చునటువంటి పనులు దలప । వశమటే రామరామ లావణ్యసీమ."	teytageethi
"వంకెవంకెల గాజు వైఖరి పొడగన్న । తలపౌను నీదు ముంగురుల ఘనము
దాడింబపండ్లు చేదగిలిన తరిని జ్ఞా- । పకమౌను నీదు గుబ్బల పసందు
చీమలబారు చూచినవేళ మది కళు- । క్కని గప్తి తగులు నూగారు తీరు
జలపూత గల కెడముల డాలు గాంచిన । తోచు నీ నునుపిరుందుల మిజాదు"	seesamu
"తగని మరులాయ మానసోద్భవుని మాయ । గెలువరాదాయ మనసేమొ నిలువదాయ
క్షణము యుగమాయ నిపుడింత చలముసేయ- । వలెనటే రామరామ లావణ్యసీమ."	teytageethi
"అల కుందముల యందముల నిందసేయు నీ । రదనాళి దలుప నెమ్మది చలించు
జలజాతముల ఖ్యాతముల రాత నదలించు । చూపులెంచిన మోహమేపు మించు
పగడాల జిగిడాల జగడాల గెల్చు కె- । మ్మోవి జూచిన బాళి ముమ్మరించు
మగరాల వగతూలన గజాలునగు లీల । దలప నెమ్మేనేమొ పులుకరించు"	seesamu
"వింత నీ చెంతలేని నివ్వెరగు కొంత । వేసటొక్కింత తమి యింత వెగటు కొంత
యీదినము నంతకంత నీమీది చింత । వశమటే రామరామ లావణ్యసీమ."	teytageethi
"సుదతి నీ జిల్గుపయ్యెద జారనియ్యవే । బటుచనుంగవ గానబడును గాని
హరిమధ్య నిలచి మాటాడవే యొకసారి । వీనులపండువై విందు గాని
మృగనేత్రి ముద్దునెమ్మొగ మెత్తిచూడవే । మది చింత లొకకొంత మాను గాని
వలరాజునగరి ముందలనైన నుంచవే । జీతమొల్లని కొల్వు సేతు గాని"	seesamu
"దైవఘటనేమొ గాని నిన్ దలచినపుడు । ఝల్లుమని గుండెలదరె నీ జాలి మాని
మరుడు నన్నేచ నీమీద మరులు దాచ । వశమటే రామరామ లావణ్యసీమ."	teytageethi
"ఘనమైన రవలచెక్కటపు పాపట చేర్చు । బిందీలపైన నందంది పొదల
చెలువొంద బాజుబందులక్రింద పికిలి చెం- । డ్లానుగా దుమికి యుయ్యాలలూగ
రాగిడి నెలవంక రతనంపు బిళ్లల । జడ పిరుందులతో సరసమాడ
సొగసైన లేగౌను బిగిసి యొడ్డాణంపు । ఘంటలొక్కొకసారి ఘల్లురనగ
మేలైన చెంపఖల్లీలు గుబ్బల మధ్య । చంద్రహారములతో జత బెనంగ"	seesamu
"తమిని కళలూర నొసట కెంజెమట జార । కదలవలదని యెదనెద నదిమి గదిమి
యుపరతి యొనర్చునాటి నీ హొయలు దలప । వశమటే రామరామ లావణ్యసీమ."	teytageethi
"పసుపునిగ్గుల చల్వపావడతో కుసుం- । బా కలాబతు జారుపైటతోడ
మొనబంటి కసికాటులను కందు మోవితో । విరులు వాడిన వేణిభరముతోడ
నెలవంక గోటిపోటుల చన్నుదోయితో । సొక్కిన నెమ్మోముసొగసుతోడ
కొద్దిగా చెదరు కుంకుమతో కరంగిన । కాటుక కనుసోగ నీటుతోడ"	seesamu
"ముడి వదలినట్టి నీవి నిమ్ముగ బిగించి । సురతమున మైచెమర్చిన సురటి బూని
విసరుకొనుచున్నవేళ నీ వితమునెన్న । వశమటే రామరామ లావణ్యసీమ."	teytageethi
"సమబంధమొనరించు సమయమందున కర- । మ్ములు మధ్యమునకు లంకెలు దనర్చి
గుదికాళ్లు పిరుదుల నదిమి వాతెరల నొం- । డొండ పల్మొనలతొ నొరయుకొనుచు
రెక్కలన్ గూర్చి కన్‍రెప్పలల్లార్పుచు । కడుపక్కళించి వెన్కలకు దిరిగి
తను చివుక్కునను పైకొను వితంబిది గాదు । డింకిసేయుదము లెండి యని లేచి"	seesamu
"వెనక జిక్కితిరో యని వెన్ను జరచి । నొసటి చెమ్మట పయ్యెదనొత్తికొనుచు
నిలిచి నను జూచి పలికిన నీటు దలప । వశమటే రామరామ లావణ్యసీమ."	teytageethi
"చూపుమార్పులను హెచ్చుగ నాస గల్పించి । చేమార్పులను చాల ప్రేమ నించి
కౌగిటిమార్పుల కడుమోదమున మించి । మోవిమార్పుల మెచ్చి ముద్దునిచ్చి
తమలంపుమార్పుల క్రమముగా దనియించి । తొడసందిమార్పుల దుడుకు గాంచి
ప్రక్కమార్పుల ప్రౌఢిపని గాదని మదించి । పడకమార్పుల హాయిబడ రమించి"	seesamu
"బడలికను లేచి నెమ్మోము పారజూచి । మదినొకటి దోచిన నవ్వి యామాట దాచి
చేతచెయ్యూచి పలుకు నీ చెలువమెన్న । వశమటే రామరామ లావణ్యసీమ."	teytageethi
"పికిలిపిట్టల రీతి పెదవికాటందుచు । కూర్చుండెదుర్కొని కొంతసేపు
చిలుకల గతి ముద్దుపలుకులొప్పుగను పై- । కొని రతి హాయిగా కొంతసేపు
కన్నెపావురమన గళమున మణితంబు । గులికించి హొయలుగా కొంతసేపు
కళలుప్పతిల్ల ప్రక్కలు గోట జెణకుచు । కోకిలరవముచే కొంతసేపు"	seesamu
"వింతగొరువంకపోరుల గొంతసేపు । గునుపుతో ప్రక్కమార్పుల కొంతసేపు
క్రీడ సల్పిననాటి నీ రీతినెన్న । వశమటే రామరామ లావణ్యసీమ."	teytageethi
"తొడనిగ్గు పైకి గన్పడు కీనుఖాబు పా- । వడతో జరీబుటా వల్వతోడ
రహిమించు వహిగాంచు రవికెతో ఝల్లని । కౌనుల్కి చెమరించు కళలతోడ
సొగసు మించిన చాదుచుక్కతో పిరుదుల । నంటి మెలంగు కీల్గంటుతోడ
మొనలు పైపైలకగ్గిన కుచద్వయముతో । మిసిమి జెలంగు నెమ్మేనితోడ"	seesamu
"కులికి దిగ్గున లేచి లోకొంగు జూచి । చెరగు మాసె నటంచును సిగ్గుదోచి
పాత్ర గైకొన్న హొయలెంచి బాళి నిలుప । వశమటే రామరామ లావణ్యసీమ."	teytageethi
"కరమొప్ప మేల్కీనుఖాబు పావడమీద । సిరిమించు మహతాబి చీర గుల్క
సరిగె కంగోరు భస్మావన్నె రవికెపై । పిగిలి కుచ్చెల ధాటు పిక్కటిల్ల
పోచీలు కంకణమ్ములు సరుల్పాటిలు । కరము జూపగ ధళుక్కని వెలుంగ
గొలుసులు పావడంబులు చిరుగజ్జె లం- । దెలు పదమ్మున ఝళంఝళలు సేయ
వలరాయునింట చిల్చిలమంచు కళ కుసుం- । బాపువ్వురసము కైవడిని గురియ"	seesamu
"బోటి మార్నీటిరేయి నీతోటి నెనయు- । నాటి వేడుకలింక నేనాటికైన
కోటి యిచ్చిన కల్గ దాపాటి దలప । వశమటే రామరామ లావణ్యసీమ."	teytageethi
"మైతావి నీవి కమ్మని మోవి గను ఠీవి । దలపోసి పెదవులు దడిపి దడిపి
తొడతళ్కు నడుమల్కు నడగుల్కు పొడగాంచి । గొనబైన జాలిచే గుంది గుంది
జడబారు నుడితీరు మడిచారు మడిసౌరు । నెంచి చాలగ తమి హెచ్చి హెచ్చి
వలపింపు కటిపెంపు వదనంపు జిగిసొంపు । లనుదినంబును గొనియాడి యాడి"	seesamu
"యజుని దూషించి ప్రాకృత మనుసరించి । బాళి కడుమించి యొంటిగా బవ్వళించి
మనసు నిర్జించి దినము లీమాడ్కి జరుప । వశమటే రామరామ లావణ్యసీమ."	teytageethi
"హాయిగా విన విన ఠాయిగా నీచేత । నెలనాగ వీణె నేనెపుడు విందు
సొంపుగా మై జులాయింపుగా నీనోట । రమణి నేనెపుడు పద్యములు విందు
కుల్కుగా తేనియ జిల్కగా నెపుడు నే । లలన నీ ముద్దుపల్కులను విందు
మెల్లగా నెమ్మది చల్లగా నెపుడు నే । కాంత నీ గాత్రరాగంబు విందు-"	seesamu
"ననుచు నేనుందు నేటికి యబ్బె సందు । కనికరము జెందు మనసుకీ కపటమెందు
కొరకు నీ పొందులేనిదే కొదువ యెందు । వశమటే రామరామ లావణ్యసీమ."	teytageethi
"తొలకరిమెఱప నా వెలలేని జీవర- । త్నమ జున్నుగిన్నె బిత్తరులమేటి
రామచిల్క యొయారిరాయంచ ఖండచ- । క్కెరరాశి మేల్మిబంగరుసలాక
మదనమంజరి తియ్యమామిడి కుం- । కుమబొమ్మ కల్కికుల్కులకొఠారు
కట్టాణిముత్యము కస్తూరివీణె ము- । ద్దులగని సింగారములబిడారు"	seesamu
"నెనరుమాటలదీవి పన్నీటిచెలమ । కన్నె వేడిమిఠారి యంగజునిసొక్కు
మందుపొడిడబ్బి జాణ నిన్మది దలంప । వశమటే రామరామ లావణ్యసీమ."	teytageethi
"మైసూరి కుతినీ తమాను వేసుక జరీ- । పాగా తురాయి గన్పడగ జుట్టి
భారి శాలువ వల్లెవాటుగా నమరించి । బేషైన రవల సర్పోషు నించి
వాణిగా జిగి బర్దవాని తేగా వర- । పై మొఖమల్ గలీబా వదల్చి
చిలక విప్పి చాయలు తళుక్కున దూసి । జిగి గల చిల్కతేజీపఠాణి"	seesamu
"యిచ్చటికి చెచ్చెరను బలుమచ్చరమున । చిచ్చు కైవడి విడివడి వచ్చువాని
విచ్చుకత్తికి నెద నెదురిచ్చి నిలువ । వశమటే రామరామ లావణ్యసీమ."	teytageethi
"పదినూరుకన్నులపాదుషా కొల్వులో- । పలనెత్తు ధవళాతపత్రమనగ
హరుని నేత్రాగ్నిచే కరిగి నీరైన పూ- । విలుకాని సతి మోముచెలువనంగ
వలరాజు వేటాడి వచ్చిన రతి దృష్టి- । పట్టిన రతనాలపళ్లెమనగ
ప్రాగ్దిశాంగన కొప్పుపై తళతళమంచు । రహిగాంచు వజ్రాలరాకిడి యన"	seesamu
"విరహు లదరంగ తమ్ములవేడ్క గ్రుంగ । కలువలుప్పొంగ నింగి రిక్కలు చెలంగ
క్రౌర్యము వెలుంగ మింట జక్కువలగొంగ । వచ్చె గదె రామరామ లావణ్యసీమ."	teytageethi
"శయనించియున్న హెచ్చరికకై సకలాతి । తెర తొంగిచూచి యందెలు గదల్చు-
నది వినబడక నే నిదురింపుచుండిన । విరుల పంఖా బూని విసరజొచ్చు-
నపుడు మేల్కాంచి మాటాడకుండిన యూరు- । లెత్తించి పదముల నొత్తనెంచు-
నంతట నేను గిల్గింతలొనర్చుచో । కిలకిల నవ్వి కెంగేలు పట్టి"	seesamu
"చాలు పొమ్మన్న వదన భావాలనెంచు- । నట్టి సద్గుణవతిని నా యాత్మ దలచి
వలసి కలయక మరుని కాకలకు తాళ- । వశమటే రామరామ లావణ్యసీమ."	teytageethi
"తరుణి చన్మొనల నూదారంగుగానున్న- । దేమన మీకేమి దెలుసునందు-
వవునంచు మరునిల్లు నివిరిదేమన నిటు- । లడుగవల్దని చిన్నియాన బెట్టు-
దలరి ప్రక్కలు చెణ్క గిలిగింత లికనవ్వ- । లేనంచు రివ్వున లేవబోదు-
వెనయ కుచ్చిళ్లలోగిన నీవి వదల ని- । గ్గమరి దివ్వెకు చేతులడ్డమిడుదు-"	seesamu
"వపుడు చేబట్టి లాగిన హరి యటంచు । కండ్లు మూతువు చిరునవ్వు గడలుకొనగ-
నది దలంచిన మదిని మోహము నడంప । వశమటే రామరామ లావణ్యసీమ."	teytageethi
"నూతనకేళి నేనొనరింపబూనిన । చిడిముడిలోజంకు సిగ్గువెరగు
వేగుటవేసట వెల్లవాటునుజాలి । మడిమవిదల్పు పెందొడవడంకు
బొమముడికనుమూత మోవియార్చుట లల । మైచెమర్చుట తడంబడుట సొలపు
పలుమొన బిగియించు పటిమ నధైర్యంబు । కసరు తొందర బాళి గడలుకొనగ"	seesamu
"పొలతి నన్నెంచనపుడు నే బుజ్జగించ । కౌను యసియాడ మన్మథకళలు వీడ
రతమొనర్చిననాటి నీ వితమునెన్న । వశమటే రామరామ లావణ్యసీమ."	teytageethi
"కలకంఠి యీడునెచ్చెలులెల్ల శృంగార- । వనికి బోదాము రమ్మనుచు బిలువ
కడుమోదమున రైక తొడగలేదను గప్తి । మరచి వారలతోడ నరుగుదెంచి
పున్నాగసుమగుచ్ఛములకు చెయ్యెత్తిన । కోరకగతి గబ్బిగుబ్బ యుబ్బ-
నపుడేను కొనగోట నదిమిన నను గాంచి । సిగ్గుచేతను పైటచెరగు గప్పి"	seesamu
"తీవ్రగతినేగి చెలులతో తేటి యిచట । కొరికెనో గాక చెయ్యెత్తగూడదనుచు
చెప్పుకొనునాటి యణుకువ చెలువ దలప । వశమటే రామరామ లావణ్యసీమ."	teytageethi
"అభ్యంగనస్నానమైన పిమ్మట శికా- । కుళము సెల్లా నొంటికొంగు గట్టి
పైటచెరుంగు గుబ్బలచుట్టు తెర యిచ్చి । సాంబ్రాణిధూపవాసనలు నించి
నీరెండపొడల పెన్నెరుల చిక్కెడలించు- । చును యామరిక హవుసుగను నిలిచి
తడి యార్చుచున్న నప్పుడు వెన్కగాను ద- । గ్గరవచ్చి చెణకిన తిరిగి చూచి"	seesamu
"యౌర బాగాయ నిదియేటి యాగడంబు- । లనుచు కోపించి వెంటనే నెనరు గాంచి
స్త్రీల నిటుజూడరాదన్న చెలిమి దలప । వశమటే రామరామ లావణ్యసీమ."	teytageethi
"తాళి గట్టని చిన్నితనమున నొకనాడు । చేడియలను గూడి యాడుచుండి
నను జూచి బావ వచ్చెనటంచు బాజుబం- । దుల క్రిందిచెండ్లంది దుముకులాడ
పరగున నాదు పైబడి కౌగిలించిన । యెనలేని కడువేడ్కనెత్తి లేత-
మొలకమెరుంగుచన్నులు నాభి చెక్కులు । గళమును పచ్చవిల్కానినగరు"	seesamu
"ముద్దుబెట్టుక నవ్వుచు ముదిత నీవు । నెవరి పెండ్లాడెదవటంచు నేను బలుక
నిన్నె యని మీసములు మీటు నీటు దలప । వశమటే రామరామ లావణ్యసీమ."	teytageethi
"సీమపన్నీరు పై జిలుకుచు హొయలుగా । భారీ బురాన్పురీ పాగ జుట్టి
తేటచెంగావి సుతీనా తమాను ధ- । రించి వేడుక జమాయించి యగరు
యత్తరు కొనవేళ్లనంటి సునాయించి । గీరి జోడైన యంగీలు దొడిగి
ఖుజు వహవా జల్దు ఘోడా యనుచు సఫె- । దారంగు తేజి మోదమున నెక్కి"	seesamu
"స్వారి వెడలంగ మహలెక్కి దారి జూచి । యతివచే నంపినట్టి కాకితములోని
మాటల పసందు తలచితే మనసు నిలుప । వశమటే రామరామ లావణ్యసీమ."	teytageethi
"కలహంసలకు జీతముల లెక్కజూచి లో- । బాకి చెల్ల గని జాపాలొసంగి
జాతైన మంచిపచ్చలరంగు గల చిల్క- । పంజులెల్లను బరాబరులు జేసి
గండుకోకిలమూక కైజీతములవారి- । కందమౌ ననలతో విందొనర్చి
గొరువంక యెలగోలు నిరువంకలను గూడి । రమ్మంచు తేంట్లచే కమ్మలిచ్చి"	seesamu
"దండుకు సమీరణుని సరదారు జేసి । వేయుమని చెప్పి పూపొదవెలిగుడారు
దర్పకుండను పాదుషా దాడి వెడలి । వచ్చె గదె రామరామ లావణ్యసీమ."	teytageethi
"జాతిజంగాలి బనాతి కనాతి స- । రాతిలోదటను సూరతువులందు
మొఖమల్ ఖురాళ మిమ్ముగ నఖాసీచుట్టు । తగుటుచీనీలి ముత్యముల చేర్లు
పగడంపు చేవ కంబాలు ముప్పిరిపట్టు । పగ్గముల్ సరిగెహొంబట్టు కుట్టు
నమరుషమేనాకృశములు కమానువా- । కిళ్లు నీలంపు మేకీలు కొణిగె"	seesamu
"తీరు నద్దాలబారు గుడారులోన । చదరు సేయంగ పదాలచాటునుండి
వేడ్క నను జూచునాటి నీ వితమునెన్న । వశమటే రామరామ లావణ్యసీమ."	teytageethi
"దండుకూచీ జేసి లెండని సరదార్ల । మదిలోన బల్కుషామతున జెంది
ఖూబైన బాసు జిలీబుతేజీలు హ- । రోలుతయారి కతారాలు దిర్చి
జల్తారు భారిపోషకు వేసి మందట । కటికెముల్ బహుపరాకనుచు బొగడ
కేళికాగృహమువాకిట నిల్చి వూరికి । బోయొత్తు మనిన తాంబూలమొసగి"	seesamu
"మొగము వంచుక నరతల్పు సగము మూసి । నిలిచి యేమందునని వ్రేల నేలగీరు-
కొనుచు నను బోయిరమ్మని నెనరు దలుప । వశమటే రామరామ లావణ్యసీమ."	teytageethi
"జాఫల్ రసంబు గుర్షాపూలు ద్రాక్షలు । గంగులుఖందు చొక్కపు జవాజి
జాఫరాయగరు పచ్చాకూదుబత్తీలు । పునుగుపన్నీరు గంబురు గులాబి
యత్తరు సీమరాయంచలు తెల్లాకు- । మడుపుల్ వళాగ్రముల్ మల్లెపూలు
కురువేరు నరగ జాల్ కొత్తకైరావళ్లు । దవనంపు చెండ్లు దంతంపు గుండ్లు"	seesamu
"మా కచేరికి నజరు లీ మాడ్కి బనిచి । నమ్మినానని వ్రాసుకున్నట్టి జాబు
నకలు జూచిన మరుని గాసికి సహింప । వశమటే రామరామ లావణ్యసీమ."	teytageethi
"ఆదికేళికను మై యలసియుండిన తీరు । గని నేస్తమగు జోడుగరితలెల్ల
సతి రేయు పతిసేయు రతివింతలేమన । నేలాగొ నదియు నేనెరుగ పాన్పు
చేరబోవగను కుచ్చిలిబట్టు తీసిన । వడిని నీవికముడి వదలెనపుడు
సిగ్గుచే పయ్యెదచెరగు దివ్వెకు తెర- । చాటు సేయగ హారచయమునందు"	seesamu
"గలుగు రతనాలు దివ్వెలుగా వెలుంగ । యతివ భయమున కనులు మూసితిని యవల-
నేమి గనుగొననని పల్కు ప్రేమ దలప । వశమటే రామరామ లావణ్యసీమ."	teytageethi
"అర్ధోదయంబగు నరుణబింబద్యుతి । యెరుపైన మంచిదామరపురేకు
పద్మరాగము పచ్చిపవడంపుతీగె ల- । త్తుక కోపు ముదిరిన దొండపండు
కుంకుమవర్ణంబు మంకెనపువుచాయ । సిందూరవన్నె చిగురుటాకు
దాడిమకుసుమకాంతి దాసానపుష్పంబు । లేబాకమగు నింగిలీకవరఖు-"	seesamu
"లేవి జూచిన దాని కెమ్మోవిఠీవి । సాటియగు డాలుగాన ముజ్జగములోన
పరవశముతోన వలరాజుపనులు మాన । వశమటే రామరామ లావణ్యసీమ."	teytageethi
"జుంటితేనియపాలు జున్ను శర్కర మంచి- । రసదాడియమృతంబు కుసుమరసము
ఖర్జూరములు పానకము ద్రాక్ష మాగిన । కమలాఫలము లిక్షుఖండములును
నారికేళజలంబు నవనీతమన్కగు??? । పరమాన్నమును వేరుపనసతొనలు
తియ్యమామిడిపండ్ల దీసిన సారంబు । నతిరసంబులు మనోహరచయంబు-"	seesamu
"లెన్ని జూచినగాని యా వన్నెలాడి । యధరబింబసమానమౌ మధురమొకటి
గాన నా చానపైని నా కరుణ మాన । వశమటే రామరామ లావణ్యసీమ."	teytageethi
"నారాయణవనంబు చీరకుచ్చంచులు । మీగాళ్ల కెలమి కైలాగు లెసగ
సన్నగీరుల గులాల్ వన్నెరైక మెరుంగు । గుబ్బల పొగరానికుట్లు పిగల
కమ్మని దవనంపురెమ్మల జడ పైడి- । కుచ్చులు పిరుదుల గునిసియాడ
పొలుపొందు పావడంబులు మొల్కపాంజేలు । గిలగిలమని పదంబులను మొరయ"	seesamu
"నవ్వుకుంచును కార్వేటినగరమునను । వీధినెదురైన సిగ్గున వీపుగప్పి
త్రోవ దొలగిననాటి నీ భావమెన్న । వశమటే రామరామ లావణ్యసీమ."	teytageethi
"పసమించు నెమ్మేన పసమాని మెత్తని । పాదంబులకు జొత్తు పట్టెలుంచి
తళ్కుచెక్కిళ్ల చేతుల మంచిగంధమ్ము । బూసి కుంకుమ నడ్డబొట్టు వెట్టి
జాజిపువ్వుల మంచిజారుకొప్పమరించి । సొగసుకాటుక కనుసోగ దీర్చి
చెరగు మాసె నికేమి సేతు నంచని భర్త- । బొంకి నను ప్రేమతో నుపవని"	seesamu
"కలువకొలనికి పడమటిగట్టు పొన్న- । గున్నలకు తోడితెమ్మని గురుతుజెప్పి
కన్య నంపించునాటి సౌఖ్యంబు దలప । వశమటే రామరామ లావణ్యసీమ."	teytageethi
"తమ్మిమొగ్గలు పెద్దతలుపు పెన్గుబ్బలు । గజనిమ్మపండ్లు బంగారుగుండ్లు
బరిణెకప్పులు పూలబంతులు మేల్‍రంగు । బూసిన బటువైన బొంగరాలు
కరికుంభములు వీణెకాయలు జక్కువ- । పిట్టలు మరుని చేపుట్టచెండ్లు
కొండలు యపరంజికుండలు రసగుండ్లు । కంచుగిన్నెలు భూమి గలుగునట్టి-"	seesamu
"వెన్ని చూచిన దాని పాలిండ్లతీరు । గాన త్రిజగాన చాన నీ యాన యెంత-
కైన నేమాయ నా మందయానపైన । వలపునిక రామరామ లావణ్యసీమ."	teytageethi
"కారంజిలో నీతకాయల మోపాని । తేలెడు పచ్చని తెప్పపల్క
పైకెంపు రాకోళ్లపట్టెమంచము దోమ- । తెరచుట్టు దివ్వెకందీలబారు
తొడిమ తీసిన రెక్క విడిమల్లెపూపాన్పు । పచ్చాకుదిండ్లు కోపైన లోడు
దనరు కుంకుమపువ్వు తక్కెంబు కీలుబొ- । మ్మలు వేయు పంఖాల చలువగాడ్పు-"	seesamu
"లెగయ వేసవినెల బవ్వళించియున్న । వచ్చి చెయ్యాని తేనెక్కి వత్తుననుచు
బలికి నాతోడ కలసిన వగలనెన్న । వశమటే రామరామ లావణ్యసీమ."	teytageethi
"జాతివజ్రాల బేసరి బులాకీనత్తు । నాసాగ్రమున దుంకి నాట్యమాడ
జాజిబందులు నూగుపాటీలు కంకణ- । మ్ములు చేకటుల్ ఘలుఘలుమనంగ
జల్తారు పయ్యెద జారి దళుక్కని । బాహుమూలద్యుతుల్ పరిఢవిల్ల
తలయంట వక్షోజములు గోర నే జీర । యలగి నే జెల్ల బాగాయనౌర"	seesamu
"సమయమెరుగని పనులివి సరసమగునె । పరులు గనుగొన్న నగరె మీ పనులటంచు
కసరి నలుగుడునాటి చక్కన దలంప । వశమటే రామరామ లావణ్యసీమ."	teytageethi
"సిగ దువ్వి సన్నసంపెగలు జుట్టెద తాళు- । డను నయోక్తుల నాదు వెనుకజేరి
కూర్చుండి వెన్నున గుబ్బచన్మొనలాన । తెలసి నెమ్మోము నే తిరిగి చూడ
నదియేమి యూరక యటుల జూచెదరన । యెరుకలేవనుకొంటివేమొ యనిన
కిలకిల నవ్వి చెక్కిలి దువ్వి మిము బోల । ననుమానపరులు లేరనుచు కురులు"	seesamu
"రవమెరుంగాని విరిసరుల్ సవరపరిచి । లెస్సనై యున్నదింక లేలెండనుచు
నపుడు బల్కిన సొగసునెంతనుచు నోర్వ । వశమటే రామరామ లావణ్యసీమ."	teytageethi
"కుటిలాత్మక నన్ను కౌగిట జేర్చవా యన । కుటిలత నీదు ముంగురుల గాదె
కఠినమానస నీదు కలిమెంతరా యన । కఠినత నీదు చన్గవల గాదె
చపలచిత్త యిదేటి నెపమురా యన చప- । లత నీదు వాల్చూపులందు గాదె
మందస్వభావ యేమందుర యిక నన । మందత నీ యానమందు గాదె"	seesamu
"యనుచు నాతోడ కందువ లాడుకొనుచు । నెన్నదగు శయ్య మనమున్న వితము
తలచి చూచిన నెమ్మది తాళియుండ । వశమటే రామరామ లావణ్యసీమ."	teytageethi
"మేఘంబు చేజేత మెరయుచుండగ నిండు- । వృష్టి లేదని మిన్ను వెతుకనేల
నమృతప్రవాహంబు కధికారమిచ్చిన । నరుచికై తాంబూల మడుగనేల
పస గందమేదిన కసరితంచనువేళ । లోడీలు తెమ్మని వేడనేల
పైదుర్గముల ఠాను బందిచేసిన క్రింది- । సీమకోసము మన్వి సేయనేల"	seesamu
"యనుచు సతతము చతురత నెనసి కినిసి । పెనగి జెట్టీల లాగు సొంపొనర దనరు
సరణి దలచిన మనసు విస్మయము దలప । వశమటే రామరామ లావణ్యసీమ."	teytageethi
"మనసెరుంగగ రాదు మాటనిల్కడ లేదు । వావివర్తన నహి వలపు సున్న
కనువిచ్చి చూడరు చనువిచ్చి కూడరు । నేస్తంబు పూజ్యము నెనరు నాస్తి
మర్యాద లెంచరు మన్నన గాంచరు । గుణముచక్కన లిల్ల గుట్టు కల్ల
కపటంబు మానరు కడువేడ్క బూనరు । సత్యమన్నను వట్టు జాలి మట్టు"	seesamu
"సాహసము మెండు మిక్కిలి చలము నిండు । నంగిట విసంబు మున్నాల్కెనందు తియ్య-
దనము గదె చేడియల మంచితనమ్ము । వశమటే రామరామ లావణ్యసీమ."	teytageethi
"మొగమోటమెంచరు నగుబాటు గాంచరు । తరుచు వినయము ధూర్తతలు మెండు
కలిమి వరింతురు చలము సాధింతురు । కంటికెంతటివారు గడన గారు
హాని నెన్నగ జూడ రపకీర్తి కోడరు । ప్రాణము తృణవత్తు భక్తి వేదు
వలపుల నొందింతు రలపు చెందింతురు । తాల్మి తక్కువ బేలతనము పెక్కు"	seesamu
"పాదములు ముట్టి గండదీపంబు తట్టి । చేత చెయి పెట్టి యాకున శిరము గొట్టి
బాస చేసిన స్త్రీల భావంబు నమ్మ । వచ్చునటె రామరామ లావణ్యసీమ."	teytageethi
"కాలమృత్యువునైన కడకు ద్రోయగవచ్చు । పురవైరితోనైన బోరవచ్చు
గరళంబు మెక్కి నిగ్రహశక్తి గనవచ్చు । నల దవానలము చేనంటవచ్చు
మసకాడు తాచుల విసరి రాళ్లిడవచ్చు । కాలాంతకుని యాజ్ఞ గడవవచ్చు
తనువు గోయగ మది తాళి యుండగవచ్చు । పైమాట లొకలక్ష బలుకవచ్చు"	seesamu
"నబ్జభవునకునైన నయాన వారి । వలపు గొలిపెడి బెళుకుచూపులను వేడి
తూపులకు వాసి చిత్తంబుతో సహింప । వశమటే రామరామ లావణ్యసీమ."	teytageethi
"మగవారి మాట బూరగపంటి తేటద్ద- । మున గానబడు పైడిమూట దూర-
మగు కొండనున్పు లేనుగదిన్న వెలగకా- । యలు మబ్బులో తళుక్కనెడి మెరుపు
మిద్దెపై పరుగులు మీసాలపై తేనె । పొగ ముల్లెగట్టిన పోల్కె తేట-
నీటిలో జాబిల్లినీడ లేగిన యెండ- । మావులు రతివేళ మరులు సతుల"	seesamu
"వద్దనున్నంతసేపె యావలనె బోతె- । నెంత కఠినంబు పురుషుల హితము నమ్మ-
వచ్చునా యని పల్కు నీ వగ దలంప । వశమటే రామరామ లావణ్యసీమ."	teytageethi
"హరిహరి పగవారికైన నావలెను మి- । క్కటమైన మోహంబు గలుగరాదు
కలిగెబో బహుసలక్షణరూపవతులైన । చెలులతో నతిచెల్మి సేయరాదు
చేసెబో నొకవేళ చెంగట లేకున్న- । నందుమీదట జాళి జెందరాదు
జెందెబో మరుని గాసిక ధైర్యమున క్రింద- । బడి తాళలేనంచు బల్కరాదు"	seesamu
"బల్కినట్లైతె మగవారి పరువు గాదు । పరువు కని యూరకుండిన మరుపు రాదు
మరిచెదనటన్న యింక నీ మహిమలెన్న । వశమటే రామరామ లావణ్యసీమ."	teytageethi
"వనజాస్య నీదు పావడనైన గానైతి- । నరసి పెందొడలపై నొరయుచుందు
శుకవాణి నీదు కంచుకమైన గానైతి । నుదుట గుబ్బలమీద గదిసియుందు
రమణి నీ నత్తుముత్యమునైన గానైతి- । ననుదినంబును మోవి యానుచుందు
మదిరాక్షి నీకు పయ్యెదనైన గానైతి । కడువేడ్క మేనెల్ల గప్పియుందు"	seesamu
"పాతకుండగు ధాత యీ పగిది బురుష- । జన్మముగ జేసె వ్యర్థపు చలము బూని
వసుధ నిటువలె నే మొగవారికైన । వలదిటులు రామరామ లావణ్యసీమ."	teytageethi
"కమలారి కృష్ణపాడ్యమిరేయి రాగ తూ- । ర్పున నాకసము బర్వు పోలికనగ
నమర వసంతకాలమునందు వికసించు । తీగెపన్నీరుపూదీప్తి యనగ
శుకవాహనునకు సేవకులు వేయు నుడాయి । పావడ చెంగావి భాతి యనగ
మదనుని రాణి సీమంతవీధిని నంటి । వగగాంచు సిందూరవర్ణమనగ"	seesamu
"కుందనపుపళ్లెమున తోటకూరవిత్తు- । లెండ నెరపిన పై పిల్లలేడి పదము-
నిడిన గతి దోచు నీ మరునిల్లు దలప । వశమటే రామరామ లావణ్యసీమ."	teytageethi
"ధనువు చేబూని చివ్వున వంచి లాగి ప- । ట్టిన దోచు మొగ్గ వాలిన విధంబు
దండెంబులకు రొమ్ముతట్టి మ్రొగ్గగ దోచు । ధేనుకాబంధంబు పూను కరణి
బిరుదుజెట్టీలతో పెనగొను తరి దోచు । నురగబంధము సేయుచున్న పగిది
మేలౌ కడాని లోడీలు ద్రిప్పగ దోచు । పడతి నీ యుదుటు పెందొడల సొగసు"	seesamu
"కలికి నీ తీరు కన్నుల గట్టినట్టు । గానబడుచుండు వలరాజుగరడి కెనయ
నున్ను మించిన వనిత నేనెందు గందు । వసుధనిక రామరామ లావణ్యసీమ."	teytageethi
"సన్నపు వల్వతో జతనున్న మరునింట । నికటంబు పొడగన్న నీటుదోచు
భుజియించి యమ్మెతాంబూలంబు సేయుచో । నరచూలుగానున్న హౌసు దోచు
రతిరాజశాస్త్రసమ్మతి మీర నెనయుచో । నల రంభ యెక్కువేమనుచు దోచు
నొకవేళ కోపగించుక నత్తు నటుదీయు- । చో నెలబాలింత సొగసు దోచు"	seesamu
"బోటి శతకోటిలోన నీ సాటియగు వ- । ధూటి యే మేటి వెతుక ముమ్మాటికైన
నేటి మోహంబు నొక్కరితోటి దెలుప । వశమటే రామరామ లావణ్యసీమ."	teytageethi
"పూవిల్తుడొక పచ్చిబోయవానికి తోడు । మలయానిలుడు పరమాతతాయి
తొగరేడనే గురుద్రోహి వెన్నెలగాయ । గండుకోవిల చెట్టునుండి కూయ
చేజేత నెత్తిపెంచిన చిల్క పగదాయె । గ్రుక్కద్రిప్పదె దాని గొంతుకోయ
మొదటనే కొదమతుమ్మెద వేరువిత్తాయె । గోర్వంక కాపురాల్ గుత్తసేయ"	seesamu
"నేరుపడె బ్రహ్మ తగినట్టులేర్పరించి । వసుధ నిర్మించె నావంటివానికొరకు
నిన్ను జూడక నాకిక నిమిషమోర్వ । వశమటే రామరామ లావణ్యసీమ."	teytageethi
"పొలయల్కచే నొత్తిగిలి పవ్వళించిన । చెయిదీసి కుచముల జేర్చుకొందు-
వదిసైచకను ప్రక్క కదలి హూహూ యన । కదిసి పైకొన బిగ్గ గౌగిలింతు-
వవల పోపోవె పొమ్మని రెమ్మి కసరిన । నవ్వు చేసుక మోవి నానవత్తు-
వా తీరు జూచి యేమనకూరకుండిన । పూమొగ్గతో బిగ్గపోటులిడుదు-"	seesamu
"వంతకు చలింపకున్న గిల్గింత సేతు- । వపుడు నే నవ్వ వెండి ప్రొద్ద్దయెనందు-
వా దినమురేయిసొగసెన్న నజునకైన । వశమటే రామరామ లావణ్యసీమ."	teytageethi
"కడనున్నతరి నెరుంగక చేరవచ్చిన । దూరదూరమటంచు తొలగుచొందు-
వాయెడ హేలి నేడాడితో యన సిగ్గు- । నవునంచు చిరునవ్వు నవ్వుచుందు-
వదియేమి నొసలిచుక్కన నాల్గుదినములు । చాదు స్త్రీలకునుంచ సహజమందు-
వతిమోహమున చమత్కృతి బల్క తెలుసుక । కొదువపనుల దీక్షకూడదందు-"	seesamu
"వెంతనిర్మోహివని నెరవంతమనసు । సహనపరుచుడి పిమ్మట సౌఖ్యమందు-
వట్టు జిగిబిగి వగ నగవభినుతింప । వశమటే రామరామ లావణ్యసీమ."	teytageethi
"ఒకవేళ కోపగించుక పవ్వళించుచో । వచ్చి పై ముసుకెత్తి యెచ్చరించు-
నా తరి చూచి మాటాడకుండిన నొద్ద । వీణె హాయిగ మీటి వినికిసేయు-
నవలిమోమై యున్న నది నిల్పి చందన ।కలపంబు నెమ్మేన నలదవచ్చు-
నిది పర్వదినము నేడిటు గూడదన నవ్వి । మదనశాస్త్రము జూడుమనుచు దెచ్చు-"	seesamu
"నేల పొమ్మన్న పురుషులకేల కఠిన- । మెందు గాననటంచు కన్నీరు నించి
నతివ నను దూలపలుకు నా హౌసు దలప । వశమటే రామరామ లావణ్యసీమ."	teytageethi
"చూచెనా చూడ్కుల సోయగం బా రతీ- । వరుడేయు శరపరంపరల లాగు
నవ్వెనా మంచిపున్నమచందమామ యిం- । పలర వెన్నెలగాయునట్టి బాగు
నడిచెనా విబుధపున్నాగంబు మత్తుచే । మించి వచ్చుచు జులాయించు పగిది
పల్కెనా యమృతంబు జిలుగుతేటగు జుంటి- । తేనెజాలటు కాల్వదీయు పగిది"	seesamu
"దాని మెయితళ్కు మెడకుల్కు దాని బెళ్కు । దాని వగనీటు బిగిదాటు దాని నేటు
దాని నీవేళ నా మది దలచి తాళ । వశమటే రామరామ లావణ్యసీమ."	teytageethi
"భ్రమరఝంకారంబు పగిది నుపాంగంబు । కోపైన సుతిని ఘుంఘుమ్మురనగ
సిరిమించి మదిమించి చిరుతాళముల శబ్ద- । సంగతి ధిత్తతాఝమ్మనంగ
పరికింప వీనులపండువై పెద్దమ- । ద్దెళ నాదు తాహతోద్ధిమ్మనంగ
నెరనీటుపల్కు కిన్నెరమీటు గజ్జెలల్ । గోజారవంబు బల్‍మోజు దనర"	seesamu
"సంచుగా మేళమిటు జమాయించువేళ । నతివ మామీది వర్ణముల నభినయించు
వేడ్క దలచిన నా మది విరహమడప । వశమటే రామరామ లావణ్యసీమ."	teytageethi
"జల్తారుపేటు గంజముచీరకుచ్చిళ్లు । గిల్కుమట్టెల తట్టి పల్కరింప
రవ కసీదా గోటు రయిక ముస్తీబుగా । కుచకుంభముల నాని గురుతుజూప
సికజుట్టు నునుబట్టు చెండ్లునీటు గల స- । దంసయుగంబుపైనంది బొదల
తళుకుబెడస తీరు బెళుకుకన్నుల సౌరు । వీనులతో నొగ్గి వియ్యమంద"	seesamu
"చందనము మైనలందిన సమయమునను । కంకణంబులు మొరయ పంఖాలు బూని
విసరవచ్చిన వగగన్న విధికినెన్న । వశమటే రామరామ లావణ్యసీమ."	teytageethi
"నీలాంబరౌర పెన్నెరుల సౌరుదనంబు । వీనులు శ్రీరాగవిభవమేలు
పొలతి నెమ్మొగము సంపూర్ణచంద్రిక మణి- । తము పరీక్షింప ఘంటారవంబు
సారంగ చూడ్కుల చపలత వీక్షింప । మెరుపగు లేగౌను మేఘరంజి
చాన రోమావళి శంకరాభరణంబు । తీరైన కెమ్మోవి దీపకళిక
ముదిత క్రొంజిగిమేను మోహన సద్గుణ । లావణ్యగరిమ కల్యాణి భళిర"	seesamu
"నడక మెల్లదనంబు పున్నాగ దాని । సురత మానందభైరవి సొంపు నాట
నెనయకుండినవేళ నా నెనరు తాళ । వశమటే రామరామ లావణ్యసీమ."	teytageethi
"తమ్మిలో నవకందమము తేటలా చంద- । మామ యందముదీసి మోముజేసి
పూబంతిలో సౌరు ప్రొద్దులో తళ్కు క- । డాని చాయల గూర్చి మేనొనర్చి
మల్లెమొగ్గల చాలు మంచికెంపుల డాలు । వజ్రంపు జిగిని పల్వరుస దీర్చి
గాజుగిన్నెల నున్పు గట్టుగట్టిన వీణె- । కాయల తీరు చన్గవనొనర్చి"	seesamu
"నలువ నిర్మించె నీలాగు నాతి బాగు । నెన్నతరమౌనె కన్య నా కన్నులాన
దాని మది దల్చి నెమ్మోహతాప మాన । వశమటే రామరామ లావణ్యసీమ."	teytageethi
"కుటిలకుంతలికి చన్గుదురు లున్నతమైన । వేళ నా మనసేమొ వేడ్క గాంచె
జలజాక్షి నునుపిరుందులు మిన్నలైన నా । మదికి చమత్కారమహిమ గల్గె
భ్రమరాలక సమర్తపాయమైనంత నా । తనువు బంగారుచాయను వహించె
రమణి నూగారు దట్టము మీరి నలుపెక్క । లేకురు మీసంబు లేర్పరించె-"	seesamu
"నింతివయసు నా వయసును నేకమైన । రథము తేజీలు నడిచిన విధమునొప్పె
దాని చూడక యింక నీ తమి నడంప । వశమటే రామరామ లావణ్యసీమ."	teytageethi
"పసుపు నిగ్గైన దుప్పటితోడ కాటుక । మరకానుదస్తు రుమాలుతోడ
చెక్కిట కొనగోటిజీరలతోడ న- । వ్వెలదిచ్చు దొంతర విడెముతోడ
నతివ పల్మొనకాటు లారని మోవితో । వెన్నున కీల్‍జడవేటుతోడ
సొగసైన నిద్దురసొలుపుతో రతులను । బడలిన నెమ్మోము బాగుతోడ"	seesamu
"నే నితరకాంతల గూడిరాగానె యున్న । చిన్నె పరికించి మనమున చిడిముడగుచు
నపుడు నిను నీవె దూరుకొన్నది దలంప । వశమటే రామరామ లావణ్యసీమ."	teytageethi
"శుకమును ముద్దాడుచో మోవి నొక్క నా । గంటి నే గని నినెరుంగక నిదేమొ
నినుజూడ వేరె భావన దోచునన మోము । చిన్నజేసుక శివా శివ యటంచు
తలవంచి బొటవ్రేల నిల గీరుకొంచు నే- । త్రముల నశ్రులు కుచాగ్రముల రాల
చిలచిల నెమ్మేను చెమ్మర గడగడ । వడకుచు నార్తారవమున నొక్క"	seesamu
"పాపమెరుగను నా యురోభవములాన । యన్ని దెలిసుండి నా బోటి యబల నిటుల
ననుట దోసంబు లనునాటి హౌసు దలప । వశమటే రామరామ లావణ్యసీమ."	teytageethi
"శుకమా చికాకు సేయకుమా యటన్న శా- । రిక మాట వినుట నాయికము గాదు
పికమా భళాన యోపిక మానియున్న నీ- । విక కూయుచుండ భావికము గాదు
మదమా శబాసు షట్పదమా సరేనె నీ । రొద మానవైతివే ముదమె నీకు
బతిమాలుకొన్న నీ మతి మానలేవు మా- । రుత నీ చలంబు శాశ్వతము గాదు"	seesamu
"యనుచు నేనెంత వేడిన కనరు మాన- । రైరి వీరలు నామీది వైరమునను
సుంత దయచేసి కన్నుల చూడ వింత । వాదటే రామరామ లావణ్యసీమ."	teytageethi
"తలిదండ్రినైన తూపుల నేయజూచు । మరుడు నన్నేరీతి కరుణ జూచు
గురుకాంత నిసుమంత కొదువలేక రమించు । జాబిల్లి యెటుల దోసము దలంచు
పాములు మ్రింగినప్పటికైన చావని । చలువతెమ్మెరకెట్లు జాలి బుట్టు
చిగురాకు దిని కండ్ల పొగరెక్కినది గండు- । కోయిల రొద యేల సేయకుండు"	seesamu
"నొకరిజోలికి బోని పూలకును బొడిచి । రసము గ్రోలెడి తేటి యీరసము నెంత
దెలుప నే జాల నీమీది మరులుతోన । వశమగునె రామరామ లావణ్యసీమ."	teytageethi
"తరుణికెంతట దృష్టి తాకునో యని దాని । సొగసు కన్నులనిండ జూడ వెరతు
మిసిమైన నునుమేను కసుగందునని చేతు- । లెత్తి బిగ్గన కౌగిలింప వెరతు
నవకమౌ లేతచన్గవ సొక్కునని యెంచి । గట్టిగా చేకొద్ది బట్ట వెరతు
చిలచిల నమృతంబు జిలుకగా దాని చ- । క్కెరమోవి మొనపంట గరువ వెరతు"	seesamu
"గోల భయమంది యిక తాళజాలదనుచు । హాయి మీరగ నుపరతి నడుగ వెరతు
దాని సుగుణంబు రూపమింతని వచింప । వశమటే రామరామ లావణ్యసీమ."	teytageethi
"చిలకముక్కున కాటు జెందని బింబంబు । పొగలేక నిల్చు కప్పురపు దివ్వె
కోయిల నొక్కుగా కొరకని చిగురాకు । ఘాటింపు పచ్చిమరాటి మొగ్గ
తుమ్మెద వ్రాలని కమ్మదామరపువ్వు । నవకమౌ మేల్దవనంపు మొల్క
సానపై దీరిన జాతివజ్రపురవ । వాసించు గోవజవాజి భరణి"	seesamu
"వలపుల మిటారి నిత్యము వచ్చు దారి । చూచి వేసారి మనమున సొలపు మీరి
మగువ నొకసారి నెనయక మరుని బారి । వశమటే రామరామ లావణ్యసీమ."	teytageethi
"చాన నీ కెమ్మోవినాన నిదే మొదల్ । విడెమేమొ నోటికి వెగటులగును
లేమ నే నిను కౌగిలించ నిదే మొదల్ । కసిదీరదయ్యె నా కరములకును
నతివ నీతోడ మాటాడ నిదే మొదల్ । విన సైచదొకపాట వీనులకును
చెలియ నీతో పొందు సేయ నిదే మొదల్ । కరువయ్యె నిదుర నా కన్నులకును"	seesamu
"ప్రేమ నెటు దాతు మదికి మందేమి సేతు । నెపుడు నిను జూతు నింక నేనెటుల సైతు
బిరుదు నిక తీతు మరునిదే పెద్ద భీతు । వశమటే రామరామ లావణ్యసీమ."	teytageethi
"హా శారచ్చంద్రనిభాస్య హా హరిమధ్య । హా కలకంఠి బింబామృతోష్ఠి
హా నవసరసీరుహాక్షి కోకస్తని । హా గజయాన దయాపయోధి
హా హేమవర్ణనిభాంగి బంభరవేణి । హా పద్మరాగకుందాభరదన
హా సైకతశ్రోణి హా గుణకల్యాణి । హా రాజరత్నమ కీరవాణి"	seesamu
"హా మరుని నాజిలో గెల్చినపుడె నీదు । కుసుమబాణునినగరెల్ల కొల్లసేయ
నెపుడు గల్గును చాన నీ హితము మాన । వశమటే రామరామ లావణ్యసీమ."	teytageethi
"కల్కి నీ కుల్కుగుబ్బల నీటు దలపోసి । గజనిమ్మపండ్లపై కరుణ దరిగె
సఖి నీదు మోవిలో చవి నిరీక్షించిన । పంచదారను కోపగించవలసె
తరుణి నీ మంచిమెత్తనిమేను పరికించి- । నపుడె పూచెండ్లపై హవుసు మానె
కొమ్మ నీ ముద్దుపల్కుల నాదు మదినెంచి । చిలుకనెత్తను బాళి దగలదయ్యె"	seesamu
"వెలది నినుజేరి మదికేరి వేడ్కమీరి । గోర తొడజీరి మరుబారి కొదువదీరి
కడిమి నొకసారి చలపోరి కలయగోరి । వచ్చితినె రామరామ లావణ్యసీమ."	teytageethi
"వనజాక్షి భువి రూపవతులెందు నిక లేరా । నవురుగా నొకవేళ నవ్వుకోరా
యెదటి భావంబు గుర్తెరిగి మన్నించరో । యెంచి యంతట పల్కరించుకోరా
యతినయోక్తుల క్షేమమడుగరో వలపించి । సతిపతులని యున్న జగములోన
శుకవాణి చెర్లాటలకు కలహించరో । కలహించి పిమ్మట గలుసుకోరా"	seesamu
"నింత నావలె బాళి నీయంత కఠిన । నెందు గానను జాణనయింది మొదలు
నతివ దానిల్లు బంగారమైరి యింత । వంచనటె రామరామ లావణ్యసీమ."	teytageethi
"చివురాకుపై మంచు చెక్కిలి చెమటంచు। తొడగ రుమాలుచే తుడువబోదు
ననటుల బిగి గాంచి పెనుదొడలని యెంచి । యొనరుగా నెలవంక లునుపబోదు
నునుముత్యముల గాంచి చనుమొన లనిపించి । తెలియజాలక చేత నలుమబోదు
పటములో వ్రాసిన ప్రతిమను గాంచి నీ- । వంచు ప్రేమను కౌగిలించబోదు"	seesamu
"వెరవకని మోదమలర నామీద ప్రేమ । నింపగా రాద జాలి యొక్కింత గాద
తరుణి యికమీద విరహసాగరము నీద । వశమటే రామరామ లావణ్యసీమ."	teytageethi
"అతివ నేనొకసారి యీనితే నీదు వా- । తెరతేనె లేమైన తరిగిపోనె
పణతి నేనిసుమంత బట్టితే నీ చను- । బంతు లంతటిలోనె వాడిపోనె
యలుకలేమిటికంచు పలుకరించంగానె । పలుకులో నమృతంబు లొలికిపోనె
కడుప్రేమ నొకసారి కౌగిలించంగానె । కలికి నీ తనువేమి కందిపోనె"	seesamu
"వనిత నాతోడ నొకసారి కెనయగానె । దర్పకుని బొక్కసము కేమి తక్కువగునె
చాన నిను మాన నాతోన చలము బూన- । వలెనటె రామరామ లావణ్యసీమ."	teytageethi
"కోపమేటికి ముద్దుగిల్కు నెమ్మొగమెత్తి । చూడవే నను బాల సుగుణశీల
వలచివచ్చితినంచు వంచనేమిటికి నన్ । మన్నించవే భామ మధురసీమ
చుల్కసేయక తేనెజిల్క ప్రేమగ నొక్క । మాటాడవే యింతి మదనుదంతి
గబ్బిగుబ్బల రొమ్ము గదియించి నా యెద । నానవే యో చాన హంసయాన"	seesamu
"యేలనే గోల చలము నీకేల సైప- । జాల నీ జాలమేల నన్ చాలరతుల
దేల దయనేలకున్న నీవేళ తాళ । వశమటే రామరామ లావణ్యసీమ."	teytageethi
"చేడె నిన్ కన్నుల జూడకయున్న నా । గడె బ్రహ్మకల్పముగా దలంతు
వనిత నీ చెరుగు మాసిన మూడునాళ్లు నే । క్షణమొక్క యుగముగా జరుపుచుందు
మదిరాక్షి వ్రతదినంబది గూడదను రేయు । నిమిషమొక్కేడుగా నిదుర గాతు
పొలతి పుట్టలు జూడపోవుచో నణుమాత్ర- । మును లెక్కగొని మనువని తలంతు"	seesamu
"రమణి మరులొగ్గి విరహానలమున కగ్గి । మరిమరిని తగ్గి సొగసుపై మనసు నొగ్గి
వేడుకల మ్రొగ్గియున్న నన్ వింతసేయ । వలెనటే రామరామ లావణ్యసీమ."	teytageethi
"కలపంబు నెమ్మేన నలది యొద్దిక జేరి । వినుతించి కప్పురవిడె మొసంగి
యరవిరి సంపెందవిరులు సొంపుగ జుట్టి । కడుమోదమున బిగ్గ గౌగలించి
పెదవితేనియలిచ్చి మదనదాహము దీర్చి । కెమ్మోవిపై పలుగెంపులుంచి
పావురగతి కేరి పలికి చెక్కిలి జీరి । ముద్దిచ్చి లాలించి మోహరించి"	seesamu
"గుబ్బిచనుమొన లెదనాని గురుతులుంచి । తరుణి చౌశీతిబంధపద్ధతు లెరింగి
రతుల దేలించు నీ చమత్కృతి దలంప । వశమటే రామరామ లావణ్యసీమ."	teytageethi
"ఏలనే యింత జాగేలనే తమి నిల్ప- । జాలనే కరుణ నన్నేలుకొనవె
మానవే చల మెంతదానవే కెమ్మోవి- । నానవే కౌగిట బూని వేడ్క
నేరమా పల్కు బంగారమా నాచోట । క్రూరమా మరి కానివారమటవె
యెంచవే రతుల దేలించవే చాల మ- । న్నించవే వగలు చాలించి యిపుడు"	seesamu
"చెరుకుసింగిణిదొర బారి తరముగాక । వెరచి మరులను తానయై వేడుకొనిన
తెలియవైతివి మనసులో దిగులు దలప । వశమటే రామరామ లావణ్యసీమ."	teytageethi
"కలవి గ్రక్కకురె కోకిలలార మీ కూక । సుదతి నెమ్మొగమెత్తి చూచుదాక
చలము సేయకురె వెన్నెలలార మీ కాక । హరిమధ్య సుంత మాటాడుదాక
మురిపేల చల్వతెమ్మెరలార మీ రాక । చంచలాక్షిని కౌగిలించుదాక
మదనా సరేను మంచిది లేర నీ ఢాక । ననబోణి నాతోడ నెనయుదాక"	seesamu
"ననుచు నుండెడితరి తెలియకను నేను । కాచుకొని యుంటి నిటుల నీ కరుణ నమ్మి
దోసమెంచక నన్నింత మోసపుచ్చ । వచ్చునటె రామరామ లావణ్యసీమ."	teytageethi
"అతివ నీ చనుమొన లంటనిచ్చిన కోటి- । శివలింగపూజల సేయు ఫలము
చాన నీ కెమ్మోవి నాననిచ్చిన చాలు । సోమపానము సేయుచున్న ఫలము
చెలి నీదు కటిని నా చెయి సోకితే చాలు । నవనిప్రదక్షిణంబైన ఫలము
కలకంఠి యొకసారి కలయనిచ్చిన చాలు । నతనుమంత్రము సిద్ధియగు ఫలము"	seesamu
"నెపుడు లోచూపు చూచి తదేకనిష్ఠ । దనరి శృంగారదేవతవని తలంచి
మానసిక మొనరించుచో మరుల తాళ । వశమటే రామరామ లావణ్యసీమ."	teytageethi
"ధరణిపై హేమకర్దమముతో నీ మేను । సేయుచో నది పల్చనాయెననుచు
తరణిబింబము తెచ్చి తరచిన యాక్రింద । రాలిన సన్నపు రజము బోసి
మెదపిన బిరుసాయె నది కూడదని రవ- । ఘనసార మమృతంబు గలయనేసి
పదును గావించి యా పరమేష్ఠి నిర్మించె । గాబోలునని తోచు కలికి నీదు"	seesamu
"తనువు గెంజాయతళుకు వాసనల బిగివి- । నెంతని వచింతు నిన్ను నేనెపుడు గాంతు-
నట్టి నిను దల్ప మనసు మోహంబు నిలుప । వశమటే రామరామ లావణ్యసీమ."	teytageethi
"మొనపంట కసిదీరగను చురుక్కున నొక్కి । నొచ్చెనో మోవంచు నూరడించు
కిలకిల నవ్వి చెక్కిలి నొక్కి నా సామి । కందెరా యంచు చన్గవలనంచు
ప్రొద్దాయ లెమ్మని గద్దించి పల్కుచు । కదిసి ప్రేమను వచ్చి కౌగిలించు
సురతంబునను చాల సొక్కితివని పైట- । చెరగెత్తి నెమ్మోము చెమటలొత్తు-"	seesamu
"నరసి చూడంగ నీ లోకతరబడైన । నాయికే కామసమరప్రదాయియైన
దాని వగలెంచి మనసు నెందాక నిల్ప । వశమటే రామరామ లావణ్యసీమ."	teytageethi
"నిదురలేపిన కోపమొదవు నంచని మెల్ల- । గా వచ్చి వెన్కపక్కల పరుండు
నలతగా తన రాక తెలియకూరక నున్న । నెరగనట్టుగ మీద కరము వైచు
తిరిగి నేనపుడు వాతెర చురుక్కని నొక్క । లేచి నా నెమ్మోము చూచి నవ్వు
మరిచి నిద్దురబోవు తరిని నన్నితూ భంగ- । పరతురా యనుచు నిష్ఠురతలాడు"	seesamu
"యేమొనర్చితినన్న మీకెరుక లేదా । చేసినటువంటి పనులంచు చెలిమి గాంచు
దాని వగ దల్చి ప్రేమనెంతనుచు నోర్వ । వశమటే రామరామ లావణ్యసీమ."	teytageethi
"చల్లని పన్నీరు జల్లించుకొన్న గా- । నణగదే మది విరహాగ్ని యేమొ
మంచిచందనము బుయించుకొన్నను గాని । తాళదే యీ మోహతాపమేమొ
కలకంఠపొడి పానకము చేసి ద్రావిన । నాగదె మదనదాహంబదేమొ
విరుల వీవనలతో విసరించుకొన్నను । దీరదే మరుని వికారమేమొ"	seesamu
"జాగు చేసిన నిక నోర్వజాల బాల । యేల నను చాల నేలుకోవె కృపాల-
వాల కలకాల మేరీతి వలపు దాచ । వశమటే రామరామ లావణ్యసీమ."	teytageethi
"గంధంబుపై మంచిగంధంబుపూతతో । బొట్టుపై కుంకుమబొట్టుతో
పూలపై దురిమిన పూలతో కమ్మని । విడెముపై కపురంపు విడెముతోడ
కాటుకపై మిన్కుకాటుకతో కాళ్ల- । పసపుపై నలచిన పసపుతోడ
వలపుపై గ్రమ్మినవలపుతో గ్రక్కున । సొలపుపై బూనిన సొలపుతోడ"	seesamu
"నత్తవారింటి కరుదెంచునట్టివేళ । నెలత నను గాంచి చాల కన్నీరు నించి
యపుడు తలవంచి పలికిన హౌసు దలప । వశమటే రామరామ లావణ్యసీమ."	teytageethi
"కన్నడదస్తురిగా సిగవేసి బా- । గున్నదా యని దువ్వు నొక్కవేళ
పాండ్యదేశస్త్రీల బాగుగ గొజ్జంగి- । రెక్కన జడనల్లు నొక్కవేళ
నల కళింగాంగనవలె గొప్పకీలుగం- । టొనరించి వగ చూపు నొక్కవేళ
చెలగి విదర్భకాంతలరీతి మెడలపై । నునుగొప్పు సవరించు నొక్కవేళ"	seesamu
"రతిహుమాపిట్టనుతి చమత్కృతికి దిట్ట । మగువ యికనెట్ట నణుతు నీ మరుని వెట్ట
నెలత దయ బుట్టకున్న నే నెనరు బట్ట । వశమటే రామరామ లావణ్యసీమ."	teytageethi
"తీపైన బేషక్ మఠా పఠాన్ తురకి క- । చ్చీ మాదువాను తేజీల పాగ
దిట్టంపు మేల్ జుల్ఫ తీపిల్ల చిగురుఖాం- । డా కమ్మి యస్సల్ కడానిబొమ్మ
తరుణుల మేటి నిద్దాహొంతకారి బి- । త్తరుల మిన్నా తేటకురుచతేనె
గరిగె లేతాకు తేగా బాదుషా సాము- । వస్తాదు యెనలేని వన్నెలాడి"	seesamu
"జతను నే గూడి కోరమీసంబు తీటు । పంతముల నాటి వేడ్క నా భామతోటి
నెనయకుండిన దిగులు నెంతని వచింప । వశమటే రామరామ లావణ్యసీమ."	teytageethi
"కలగంటినే రేయి కలహంసగామిని । ప్రేమచే నను చేరబిలిచినటుల
బలుకకుండిన చెయ్యి బట్టుక నింత మీ- । కలుకలేమంచు నన్నడిగినటుల-
నపుడు నే కసరిన నౌనౌను నిటుల సే- । నా గలదని కేరి నవ్వినటుల-
నంతట నే సుంత ననుమతించగనె యొ- । ద్దికను పూశయ్యకు దీసినటుల-"	seesamu
"నా యెడల మోవి మోవిని నాని నడుము । మెడల గదియించి హూ యని మీరినటుల-
నైన స్వప్నము వేడుకెంతనుచు దలప । వశమటే రామరామ లావణ్యసీమ."	teytageethi
"లలన నీకుచదుర్గముల బలమ్మున గాని । వలరాజు కెదురించి నిలువలేను
తరుణి నీ యధరామృతంబు గ్రోలక గాని । మదనదాహమ వేరె మట్టుపడదు
వనిత నీ దయచూపు లను వృష్టిచే గాని । యంగజానలము చల్లారబోదు
కలికి నీ నవ్వువెన్నెలలు గాయక గాని । స్మరతాప మొకకొంత శాంతి గాదు"	seesamu
"నెనరు మితిలేదు కంటికి నిదుర రాదు । యితరమతి బోదు యాహార మింపు గాదు
మెలత యికమీదు నిజము నా మేను నీదు । వశము శ్రీరామరామ లావణ్యసీమ."	teytageethi
"వేదండయాన యీ పూదండ గైకొని । నీ దండ కరుణ నన్నేలుకొనవె
కోపంబు మాని నీ రూపంబు నా స్మర- । తాపంబు దీరగా చూపరాదె
వాదేల విరహంబుచే దూల నణగింప- । రాదా లతాంగి రారాపు లేలె
యో యిందుముఖి నీవు నాయందు చలము ని- । ట్లైయుందువని దోచదాయె గదవె"	seesamu
"కనరు మాటలు చెవినాని కరుణమాని । మనసుమోడిని కొదవ నీ మాడ్కి బూని
యతివ నేడేమొ కాని యీ యలవిగాని । వలపుగదె రామరామ లావణ్యసీమ."	teytageethi
"గజనిమ్మపండ్లు నే నజరు చేసెద గాని । బటువుగుబ్బలు సుంత బట్టనియవె
వెలలేని భూషణమ్ములు కానుకిత్తు నీ । చక్కెరకెమ్మోవి నొక్కనియవె
పడతి నే నీ కాకుమడుపులందిత్తు నన్ । కదసి కౌగిట వేడ్క నదుముకొనవె
తరలాక్షి నీదు పాదంబైన పట్టెద । విడెమైన రవ సమర్పింపగదవె"	seesamu
"స్నేహమౌచోట నింత నిర్మోహమౌట । తగవటే లేమ యీలాగు సుగుణధామ
తలచితే భామ నీమీద తగని ప్రేమ । వశమటే రామరామ లావణ్యసీమ."	teytageethi
"స్త్రీలపై నతిబాళి జెందిన పురుషుల । కపకీర్తి దీనత నగుడు దిగులు
పరువుతక్కువ మోక్షపదవికి దొలుగుట । నైష్టికహీనంబు నవ్వుపాటు
చుట్టపక్కంబుల సుళ్లడగించుట గాసి । విబుధాళి గన్న భవిష్యహాని
మానంబు విడి యవమానంబు నొందుట । ధనము గోల్పోవుట తనువు చెడుట"	seesamu
"వసుధలోపల నెటువంటివారికైన । తగని వలపిట్లు గారాదు తరుణి నీదు
కృపను గాంచక మన్మథచపల మణప । వశమటే రామరామ లావణ్యసీమ."	teytageethi
"ప్రణవమాలింప నీ మణితంబుగా నయ్యె । ధ్యానంబు నీ పదధ్యాన మయ్యె
లక్ష్యంబు నీ పట్టువక్షోజములు నయ్యె । యోగంబు నీదు సంయోగ మయ్యె
సుసమాధి మదనతంత్రసమాధిగా నయ్యె । జపము నీ సద్గుణచయము నయ్యె
బింబదృశ్యము నోష్ఠబింబదృశ్యము నయ్యె । స్మరణ యేవేళ నీ శరణ యయ్యె"	seesamu
"తరణికిరణాశనము జేసి తపమొనర్చు । వారలకునైన నిది గెల్వ దీరదయ్యె
యజుడు నిర్మించు మాయనేమంచు నెంచ- । వచ్చునే రామరామ లావణ్యసీమ."	teytageethi
"వనిత నీ చెట్టబట్టినవేళ యెట్టిదో । సకలమనోవాంఛ సఫలమయ్యె
నను నీవు నిను నేను గనువేళ యెట్టిదో । నంతకంతకు మోహ మగ్గమయ్యె
మనమిద్దరము గూడుకొనువేళ యెట్టిదో । నిను జూడకను బాళి నిలువదయ్యె
వనజాక్షి నీవు పల్కినవేళ యెట్టిదో । నొకదానిపై చిత్తమొదుగదయ్యె"	seesamu
"నెటుల సైరింతు నిన్ను నేనెపుడు గాంతు । నేది యుపమెంతు నీ జాలినెటు లడంతు
మగువ దయయుంచునని చాల మది దలంతు । వరుసనిటు రామరామ లావణ్యసీమ."	teytageethi
"నెమ్మేన కళలు ఘూర్ణిలగ గౌ నళికి ఘం- । టల తాబు కొల్కి పఠాలురనగ
రంగైన తాపితా రయిక చన్ పొగరున । బిగిసి పక్కున కుట్లు పిక్కటిల్ల
రత్నభూషణము లలంకరించంగ యీ । విరహాగ్ని వేడిమి వెళ్లనురక
గమగమలాడు గంధపుపూత లొక్కొక- । చోట పై రవరవ పేటులెత్త"	seesamu
"వచ్చి మనసిచ్చి ననుమెచ్చి వలపులెచ్చి । కరుణతో మచ్చికను గ్రుచ్చి కౌగలిచ్చి
కలయికకుజొచ్చినట్టి నీ ఘనత దలప । వశమటే రామరామ లావణ్యసీమ."	teytageethi
"మగవారి నింతులే వగ నెచ్చరించుట- । లని సిగ్గుదోచదో వనజగంధి
పైకొన్నవేళ కోపము సేతురో యని । భయమైన కాదటే పల్లవోష్ఠి
సరివారు గన్న మోసమటంచు సుంతైన । మదికెగ్గు లేదటే మధురవాణి
యెరుక సేయక మోవి నెటు నొక్కనంచు తొం- । దర జెందదె మేను సరసిజాక్షి"	seesamu
"యవల పో పోవె తేపకు నంటరాకు । మొదటికూటివె పదివేలు ముదిత చాలు-
నింకమీదట నీ గుణమెల్ల తెలిసి । వచ్చెగదె రామరామ లావణ్యసీమ."	teytageethi
"భాస్కరవంశదీపకయోగిబృందహృ- । త్కమలమార్తాండ మంగళము నీకు
సకలసురాసురసంసేవ్యపాదసా- । గరశాయి సహజమంగళము నీకు
కుజనగర్వవిఫాల నిజభక్తపాల । కరుణాపయోధి మంగళము నీకు
పార్థివేంద్రలలామఫలదాయకాభీష్ట । గజరాజవరద మంగళము నీకు"	seesamu
"ఘనసుగుణధామ ఘోరసంగ్రామభీమ । బుధజనస్తోమ నవ్యసంపూర్ణకామ
పతితపావనకృతినామ భవవిరామ । వరచరిత రామరామ లావణ్యసీమ."	teytageethi
"శ్రీమద్రామ పదారవిందయుగళిన్‌ సేవించి, యస్మద్గురు
స్వామిన్‌ వేడ్క భజించి, సత్కవి నమస్కారంబుఁ గావించి, వా
గ్భూమప్రౌఢిమ నీకు నొక్క శతకంబున్‌ భక్తి నర్పించెదన్‌
నా మీదం గృపజేసి కైకొను మమందప్రీతితో మారుతీ!"	saardulamu
"అనఘా! నీవు జనించి నప్పుడె సముద్యద్భూరితేజంబునన్‌
వినువీథిం గనుపట్టు బాలరవి సద్బింబంబు నీక్షించి, యె
ఱ్ఱని పండంచు గ్రసింప బత్రిపతిలీలన్‌ వేడ్క మున్నూరు యో
జనముల్‌ మింటికి దాటితౌఁ ద్రిభువనశ్లాఘ్యుండవై మారుతీ!"	mattebhamu
"నిజగర్భస్థితశైవతేజము, సమున్నిద్రాత్మ తేజంబుఁ గూ
డ జగత్ప్రాణుఁ డమోఘ కేసరివనాటక్షేత్రమందర్థి నిం
చ, జయశ్రీ మహిమాప్తి నయ్యుభయతేజంబుల్‌ రహిన్‌ మిశ్రమై
త్రిజగంబుల్‌ గొనియాడ బుట్టితివి గాదే నీవిలన్‌ మారుతీ!"	mattebhamu
"అనిమేషేభము తెల్లపండనుచు బాల్యక్రీడలన్‌ మ్రింగ నొ
య్యన డాయం బవిచే బలారి నిను మూర్ఛాక్రాంతునిం జేయ బూ
ర్వనగాధిత్యక మీఁద వామహనువున్‌ భగ్నంబుగా వ్రాలినన్‌
హనుమంతుండను పేరు నాడమరె నీకన్వర్థమై మారుతీ!"	mattebhamu
"అపుడా గంధవహుండు నీదయిన మూర్ఛావస్థ వీక్షించి, తా
గుపితుండై నిజమూర్తి వైభవము సంకోచింపఁగాఁ జేయ న
చ్చపు గూర్మిన్‌ నిఖిలాస్త్రశస్త్రముల బంచత్వంబు లేకుండ స
త్కృపతో నీకు వరంబులిచ్చిరిగదా బృందారకుల్‌ మారుతీ!"	mattebhamu
"ఒక పాదంబు మహోదయాచలముపై నొప్పారఁగా నుంచి వే
ఱొక పాదం బపరాద్రి మీఁద నిడి యయ్యుష్ణాంశుచే బల్విడిన్‌
సకలామ్నాయము లభ్యసించిన భవచ్చాతుర్య మేమందు దా
పక దివ్యోరుతర ప్రభావము నుతింపన్‌ శక్యమే? మారుతీ!"	mattebhamu
"బలవంతుండగు వాలి ప్రోలు వెడలింపం, బత్నిఁ గోల్పోయి మి
క్కిలి దుఃఖంబున ఘోరకాననములం గ్రీడించి వర్తించు నా
జలజాప్తాత్మజు నొజ్జ పట్టి యని యశ్రాంతంబుఁ జేపట్టి యా
బలభిత్సూతికిఁ జిక్కకుండ ననుకంపం బ్రోవవే మారుతీ!"	mattebhamu
"తనపత్నిం దిలకింపుచున్‌ నిబిడకాంతారోర్వి వర్తించు రా
మ నరేంద్రోత్తము పాలి కర్కజుఁడు పంపం భిక్షువేషంబునన్‌
జని, సుగ్రీవుని చందముం దెలిపి యా క్ష్మానాథు దోడ్తెచ్చి, మె
ల్లన నయ్యిద్దఱకుం ధనంజయుని మ్రోలన్‌ సఖ్యసంబంధమున్‌
వినయం బొప్ప ఘటింపఁ జేసినది నీవే కాదొకో మారుతీ!"	mattebhamu
"మనుజగ్రామణి సత్కృపాత్త కపిసామ్రాజ్య స్థితుండయ్యు భూ
తనయాన్వేషణ కార్యమున్‌ మఱచి కందర్పక్రియామత్తుఁడై
తనివిం జెందక యున్న భానుజునిఁ దత్కాలార్హ నీత్యుక్తయు
క్తిని బోధించిన నీతిశాలివి నినుం గీర్తించెదన్‌ మారుతీ!"	mattebhamu
"లేరా కీశులనేకులుం? ద్రిజగముల్‌ వీక్షించి రా నేర్పరుల్‌
గారా? రాముఁడు జానకిన్‌ వెదక వీఁకన్‌ గీశులం బంపుచో
నారూఢిన్‌ భవదీయ దివ్యమహిమ వ్యాపారముల్‌ సూచి కా
దా! రత్నాంగుళి భూషణం బిడియె నీ హస్తంబునన్‌ మారుతీ!"	saardulamu
"వనజాప్త ప్రియపుత్రుఁ డెంత ధిషణావంతుఁడొ, సర్వంసహా
తనయాన్వేషణ మాచరింప గపులం దా బంపుచో, గార్యసా
ధనమందీ వతి దక్షిణుండవని కాదా! నేర్పుతో దక్షిణం
బునకున్‌ నిన్నధికారిఁ జేసి పనిచెన్‌ మోదంబునన్‌ మారుతీ!"	mattebhamu
"సీతన్‌ గానక, దప్పిచే బడలి గాసిం జెందు శైలాట సం
ఘాతంబుం గొని, శైలగహ్వర సుధా కల్పాంబువుల్‌, సత్ఫల
వ్రాతంబుం దనివార నందఱ భుజింపంజేసి, తద్దేవతా
ఖాతశ్వభ్రము వెల్వరించితివి యోగప్రౌఢిచే మారుతీ!"	saardulamu
"జనకక్ష్మాపతిపుత్రి యున్నవిధమున్‌ సర్వంబు సంపాతిచే
విని, నీలాంగదముఖ్యవానరుల్‌ వేగంబె ప్రాయోపవె
శమున్‌ మాని భవత్సమేతులగుచున్‌ సంప్రీతితో నా మహేం
ద్ర నగారోహణ మాచరించి రఁట విన్నాణంబుగా మారుతీ!"	mattebhamu
"శరధిం గాంచి యలంఘనీయ మని తత్సంతారణాదక్షులై
వరుసన్‌ గీశులు భీతిచేఁ గళవళింపన్‌ వారి వారించి ని
న్నురుపాథోధి విలంఘన క్షమునిఁగా నూహించి ధీమంతుఁడా
పరమేష్ఠి ప్రియపుత్రుఁ డంచితగతిన్‌ బ్రార్థింపఁడే మారుతీ!"	mattebhamu
"""ఏలా మీకు భయంబు నేఁ గలుగ, మీ రిందుండుఁ డేనొక్కఁడన్‌
వాలాయంబు పయోధి దాటి యనువొందన్‌ లంకలో జానకిం
బోలం గన్గొని వత్తు, నిత్తు బరమామోదంబు మీ"" కంచు ధై
ర్యాలాపంబులు వల్కి తేర్చితివి గాదా కీశులన్‌ మారుతీ!"	saardulamu
"బలి బంధించిన నాఁటి వామన తనుప్రాబల్యముం దాల్చి, యు
జ్జ్వల చంద్రోదయవేళఁ బొంగు తటినీశస్ఫూర్తి నుప్పొంగి, ఘో
ర లయాభ్రంబు తెఱంగునన్‌ భయద గర్జారావముం జేసి, త
జ్జలధిం దాటఁగఁ బూనితీవు పరమోత్సాహమ్మునన్‌ మారుతీ!"	mattebhamu
"స్థిరసత్త్వంబున శైలరాజము ధరిత్రిం గ్రుంగఁ బాదంబులూ
ది, రహిన్‌ భూరిభుజోరు వేగమున ధాత్రీజాతముల్‌ పెల్లగి
ల్లి రయంబారఁగఁ దోడ రా, గగనమున్‌ లీలాగతిన్‌ మ్రింగ సు
స్థిరశక్తిం జనుమాడ్కి దాటితివి గాదే నింగికిన్‌ మారుతీ!"	mattebhamu
"అగజాలావృతమూర్తివై భుజరయోద్యద్వారివాహంబు లొ
ప్పుగ నిర్వంకల నంటి రా గదలి యంభోరాశిమధ్యంబునన్‌
గగనాధ్వంబున నేగు నిన్నమిషుల్‌, గంధర్వులున్‌ లంబప
క్ష గిరీంద్రంబును బోలె జూచిరికదా సంభ్రాంతులై మారుతీ!"	mattebhamu
"లోకాలోకగుహాముఖంబులు బదుల్‌ మ్రోయంగ నుద్వృత్తి న
స్తోకధ్వానమొనర్చి, వజ్రనిభ వక్షోఘట్టనస్ఫూర్తి మై
నాకంబున్‌ సుడిబెట్టి దాని పిదపన్‌ మన్నించి కేలూది ప్ర
త్యేకం బా బలవైరిచేత నభయంబిప్పింపవే మారుతీ!"	saardulamu
"గరిమన్‌ వేల్పులు నీదు శక్తి దెలియం గాంక్షించి, నాగాంబయౌ
సురసం బంపిన వ్యాపితాస్య యగుచుం జొప్పాగి పోనీక ముం
దఱఁ దోతెంచిన, సూక్ష్మమూర్తివగుచుం దద్వక్త్రముం జొచ్చి గ్ర
మ్మర నేతెంచిన యోగసిద్ధుని నినుం బ్రార్థించెదన్‌ మారుతీ!"	mattebhamu
"పటుపాథోధి తరంగ పంక్తులు గణింపం బోవు చందాన ను
త్కటవేగంబునఁ బోవు నిన్నుఁ గని వేడ్కన్‌ వీతసందేహులై
చటుల స్థైర్యబలద్యుతిస్యదమతుల్‌ శౌర్యంబు ధైర్యంబు మి
క్కుట మౌఁగా కని నీకొసంగరె దివౌకుల్‌ దీవనల్‌ మారుతీ!"	mattebhamu
"పవనాభస్యద మొప్ప నీవు కడిమిం బథోనిధిం దాటుచో
భవదీయోరు భుజోరువేగ జనితాభంగోర్మికాజాలముల్‌
దివితో రాయ ఘుమంఘుమార్భటులు దిగ్దేశంబులం బర్వఁ బ
త్రవహేంద్రుండని భీతిలెన్‌ ఫణులు పాతాళంబునన్‌ మారుతీ!"	mattebhamu
"శరదశ్రేణుల దూరుచున్‌ వెడలుచుం జాబిల్లి చందానఁ బు
ష్కర మార్గంబున నేగు నిన్నుఁ గని నీ చాతుర్యమున్‌ మెచ్చి ని
ర్జరు లానంద మెలర్పఁ జల్లిన మరుత్సంతానపుష్పంబుల
ట్లరుదారన్‌ గననయ్యెఁ జుట్టును సముద్యత్తారకల్‌ మారుతీ!"	mattebhamu
"ఛాయాగ్రాహిణి నామరాక్షసి సరస్వ న్మధ్యమందుండి నీ
కాయచ్ఛాయను బట్టి వేఁ దిగువఁ దద్గర్భంబు భేదించి త
త్కాయంబుం గొని మింటిపై కెగసి కిన్కన్‌ వార్ధిలో జీవితా
పాయంబుం గలుగంగ వైచిన నినున్‌ వర్ణించెదన్‌ మారుతీ!"	saardulamu
"మైనాకంబు నతిక్రమించి, సురసన్‌ మన్నించి, యా సింహికా
ఖ్యానన్‌ రాక్షసిఁ గీడటంచి నడుమన్‌ గాలూద కస్తాద్రికిం
భానుండేగక మున్నె, మారుతగతిన్‌ వారాశి నూఱామడన్‌
గ్లానిం జెందక దాటితీవు సురసంఘంబెన్నఁగా మారుతీ!"	saardulamu
"అనఘా! భాస్కరుఁడొక్క మాఱుదయశైలాగ్రంబునందుండి య
స్తనగాగ్రంబున కేగునంతకు సముద్యచ్ఛక్తి వేమాఱు బె
ల్చన నక్కొండల రెండునుం దిరుగు తేజశ్శాలికిన్‌ నీకు చ
య్యన నూఱామడ దాటుటేమి విషయం బస్తోకమే మారుతీ!"	mattebhamu
"తతవేగంబున వార్థి దాటి గడిమిం దద్యామ్యతీరస్థ ప
ర్వతముం జేరి నగోపమాన నిజగాత్రవ్యాప్తి జాలించి, ని
ర్గత మోహుండగు యోగిభంగిఁ బ్రకృతిం బ్రాపించి, లంకాపురీ
స్థితసర్వంబును బోల జూచితివి గాదే దవ్వులన్‌ మారుతీ!"	mattebhamu
"పంకేజాసను శాసనంబున జయింపన్‌ రాక యశ్రాంతమున్‌
లంకాద్వారముఁ గాచియున్న కుపితన్‌ లంకన్‌ జయాంకన్‌ నిరా
తంకప్రౌఢి నశంకముష్టిహతి చేతం దూలఁగాఁ బుచ్చి, వీ
రాంకగ్రామణివై వెలింగెడు నినున్‌ బ్రార్థించెదన్‌ మారుతీ!"	saardulamu
"ప్రాచుర్యంబుగ చందురుండు కిరణవ్రాతంబు పైఁ జల్లుచున్‌
సాచివ్యం బొనరింప యోగమహిమన్‌ మార్జాలమాత్రుండవై
నీచుల్‌ దైత్యులు చూడకుండ సతి నన్వేషింపగా శేముషీ
వైచిత్రిన్‌ వెస లంక డాసిన నినున్‌ వర్ణించెదన్‌ మారుతీ!"	saardulamu
"లంకానామనిశాటి నాకరణిఁ దూలం బుచ్చి యాప్రోలిఁకన్‌
గంకోలూక వశంబు గాగలదు నిక్కంబంచు వామాంఘ్రి ని
శ్శంకన్‌ ముందుగ బెట్టుచున్‌ సురభిళాంచద్రాజమార్గంబునన్‌
లంకాకాననవహ్నివై చనవె ధీరత్వంబునన్‌ మారుతీ!"	saardulamu
"నానావికారరూపులను నానావేషులన్‌ దైత్యులన్‌
నానాఘోరశరీరులం గనుచు నానాగుల్మముల్‌ చూచుచున్‌
నానావాద్యరవంబులన్‌ వినుచు, విన్నాణంబుగా రాఘవో
ర్వీనాథ ప్రియపత్ని భూమిసుత నన్వేషింపవే మారుతీ!"	saardulamu
"సాహంకారత దానవుల్‌ సలుపు వీరాలాపముల్‌ గాంత లు
త్సాహంబొప్పఁగఁ జేయు గానములు మంత్రజ్ఞాసురప్రేరిత
స్వాహానాదము లాలకింపుచు నవాచ్యం బీపురీవైభవం
బాహా! చిత్రమటంచు మెచ్చుకొనవే స్వాంతంబునన్‌ మారుతీ!"	saardulamu
"వరుసన్‌ గ్రంతులు రచ్చచావడులు భాస్వచ్చైత్యముల్‌ భూరిగో
పురముల్‌ మేడలు పుణ్యవీధులగముల్‌ భూమీగృహశ్రేణులున్‌
హరిజిత్కుంభ నికుంభులున్‌, శుకుఁడు యూపాక్షాసురుం డాదియౌ
సురవిద్వేషుల చారుమందిరములన్‌ శోధింపవే మారుతీ!"	mattebhamu
"చలమొప్పన్‌ దశకంఠరాక్షస నివేశంబు బ్రవేశించి యం
దు లతామందిరముల్‌ దివాగృహకముల్‌ తోరంపుక్రీడాగృహం
బులు, చిత్రావసదంబులున్‌ మణిగృహంబుల్‌ చారుశయ్యాగృహం
బులు వీక్షింపుచు నంతటన్‌ వెదకవే భూపుత్రికన్‌ మారుతీ!"	mattebhamu
"నలువొప్పం గమనీయ పుష్పకవిమానంబుం దగం జూచి యు
జ్జ్వల నానావిధధూపవాసనలు దివ్యస్రక్సుగంధంబు లిం
పలరారం బ్రియబంధునిం బలె సముద్యత్ప్రీతి రమ్మంచు నిం
జెలిమిం బిల్వఁగ నేగుదెంచినక్రియన్‌ జెంతం గుబాళింప ద
ద్విలసద్దివ్యగృహంబు జేరితివి కాదే మెల్లనన్‌ మారుతీ!"	mattebhamu
"అమరారాతికిఁ బ్రీతిగా వివిధవాద్యధ్వానముల్‌ చేసి పా
నమదావేశము చేత మైమఱచి నానాచేలభూషాఢ్యలై
క్రమతన్‌ జాల్గొని సుప్తవాహినుల లీలం గూర్కు కాంతానికా
యముల న్గన్గొని ధర్మలోపభయముం బ్రాపించి నీ వాత్మలో
విమలప్రజ్ఞున కేల శంక? యని యన్వేషింపవే మారుతీ!"	mattebhamu
"కమనీయోన్నత పుష్పతల్పము పయిం గన్మూసి గుర్వెట్టు పం
క్తిముఖున్‌ నీలఘనాభదేహు గని తత్తేజంబునన్‌ రత్న దీ
పములం దద్గృహమెల్ల వెల్గుచునికిన్‌ భావంబునన్‌ మెచ్చుచున్‌
సముదంచద్గతి నచ్చటన్‌ వెదకవే క్ష్మాపుత్రికన్‌ మారుతీ!"	mattebhamu
"సరసాన్నంబులు పక్వమాంసచయముల్‌ సౌరభ్య సంవాసిత
స్ఫురదుచ్చావచ మద్యపూరితఘటంబుల్‌, మాల్యముల్‌ నిద్రితా
సురకాంతల్‌ గల పానశాల గని యచ్చో రాఘవ ప్రేయసిన్‌
సురకాంతాసదృశన్‌ విదేహతనయన్‌ శోధింపవే మారుతీ!"	mattebhamu
"అరవిందోత్పల కైరవోదరమరందాస్వాదనోన్మత్తబం
భరమాలా పరిషన్మనోజ్ఞ మధురధ్వానాభిరంజత్‌ సరొ
వరతీరంబులఁ బుష్పపల్లవ ఫలవ్రాతాగ్ర ధాత్రీరుహో
త్కరమూలంబుల నేర్పునన్‌ వెదకవే ధాత్రీసుతన్‌ మారుతీ!"	mattebhamu
"ఈలీలన్‌ దశకంఠుపట్టణములో నేపారఁగాఁ బెక్కు చం
దాలమ్‌ గేలలిడునంత భూమితల మైనం దప్పకుండంగ నీ
వాలోకించి మహీజఁ గానక నిజస్వాంతంబులోఁ గొంతసే
పాలోచింపవే స్వామికార్యఘటనావ్యాపారమునన్‌ మారుతీ!"	saardulamu
"కంటిం జారణ సిద్ధ కిన్నర మరుద్గంధర్వ కాంతావళిన్‌
గంటిన్‌ మానవయోషలన్‌ బవనభుగ్రామా లలామంబులన్‌
గంటిన్‌ సర్వనిశాచరప్రమదలన్‌ గంటిం బురంబందు నే
వెంటం జానకిఁ గాననైతి నని నిర్వేదింపవే మారుతీ!"	saardulamu
"ఈ లంకాపురరాజ్యమందుగల చోట్లెల్లన్‌ సమగ్రంబుగా
నాలోకించితి నింక నొక్క వన మీ యంతఃపురాభ్యాసమం
దాలేఖేశవనంబు మాడ్కిఁ గడు హృద్యంబై రహిం గ్రాలెడిన్‌
బాలారత్నము నచ్చటన్‌ వెదకెదం గాకంచు డెందాన నీ
వాలోచించి రయంబు మీరఁ జనవే యచ్చోటికిన్‌ మారుతీ!"	saardulamu
"వనముఙ్మండలిఁ జొచ్చు చంద్రుని గతిన్‌ బ్రచ్ఛన్నవేషంబుతో
వనముం జొచ్చి లతాగృహోత్కర తరువ్రాతంబులన్‌ దీర్ఘికల్‌
ఘనసౌధంబులు చూచుచున్‌ జని మరుత్కల్పుండవై శింశుపా
ఖ్య నగారోహణ మాచరించితివి గాదా నేర్పునన్‌ మారుతీ!"	mattebhamu
"తరుణిం గ్రీష్మగభస్తి, తప్తలతచందానన్‌ రహిన్‌ వాడి భీ
కర దైత్యాంగన లాడు మాటలకు నాకంపించుచున్‌ సారెకున్‌
జిరభక్తిన్‌ రఘురామ, రామ యనుచుం బేర్కొంచు శోకార్తయై
తరుమూలంబున నున్న జానకిని సందర్శింపవే మారుతీ!"	mattebhamu
"కమనీయాకృతి శింశుపాఖ్యతరుశాఖాపర్ణలీనుండవై
యమరారాతి దశాస్యుడన్న కటుక్రూరాలాపముల్‌ రాక్షస
ప్రమదల్‌ వల్కు దురుక్తులంత త్రిజటాస్వప్నప్రకారంబు న
య్యమ గావించు విలాపమంతయును నీ వాలింపవే మారుతీ!"	mattebhamu
"రామాధీశుడు తండ్రి పంపున మహారణ్యోర్వికిన్‌ వచ్చె ని
ష్కామం దత్సతి సీత బల్మిఁ గొని వీకం బోయె బంక్త్యాస్యుఁడా
రామన్‌ వే వెదకంగ నేను జలధిన్‌ లంఘించి శోధించి యి
చ్చో మన్మాతను గంటిమంటి ననుచున్‌ శ్రోత్రానుకూలంబుగా
వేమాఱున్‌ మధురంబుగాఁ బలుకవే విన్నాణివై మారుతీ!"	saardulamu
"ఇది సంధింపఁగ వేళ యంచుఁ గడఁకన్‌ వృక్షంబు వేఁడిగ్గి య
మ్మదిరాక్షీమణి మ్రోల నిల్చి పతిసేమంబంతయుం జెప్పి త
ద్వదనాద్యాకృతి చిహ్నముల్‌ దెలిపి విశ్వాసంబు పుట్టించి దీ
ప్యదనర్ఘాంగుళి ముద్రికం గుఱుతుగా నర్పింపవే మారుతీ!"	mattebhamu
"అతిసూక్ష్మాంగుఁడ వీవు ననుఁ గొని యీయంభోనిధిం దాటి యే
గతి పోవంగలవంచు సీత పలుకం గౌతూహలం బొప్ప న
ప్రతిమానామర శైలసన్నిభ శరీరం బర్మిలిం జూపి యా
క్షితికన్యామణి కద్భుతంబు ముదముం గీల్కొల్పవే మారుతీ!"	mattebhamu
"ప్రమదం బొప్పఁగ సీత యిచ్చిన శిరోరత్నం బొగిన్‌ సంగ్రహిం
చి మహాత్ముండగు రాము నిచ్చటికి నే శీఘ్రంబునఁ దోడి తె
త్తు మదిన్‌ శోకముఁ దక్కియుండుమని యెంతో భక్తితో నూరడిం
చి, మహిన్‌ సాగిలి మ్రొక్కి గైకొనవె యాశీర్వాదముల్‌ మారుతీ!"	mattebhamu
"జనకక్ష్మాపతిపుత్రిచేఁ దగ ననుజ్ఞాతుండవై 'యూరకే
జననేలా, దశకంఠదైత్యునకు మత్సామర్థ్య మొక్కింత జూ
పనగుం గా' కని తండ్రివోలె నతిరంహం బర్మిలిం దాల్చి గ్ర
ద్దన నద్దైత్యుని ప్రాణతుల్యవన ముత్పాటింపవే మారుతీ!"	mattebhamu
"అసురాధీశ్వరుఁడవ్విధంబు విని కట్టల్కన్‌ రణార్థం బశీ
తిసహస్రంబులఁ గింకరాఖ్యుల మహాతేజః ప్రభావాఢ్యులన్‌
వెసఁబంపన్‌ విలయాంబుదంబు కరణిన్‌ మిన్నంది గర్జించి దీ
మస మొప్పం దగ వారినెల్లఁ గడిమిన్‌ మర్దింపవే మారుతీ!"	mattebhamu
"వప్రంబుల్‌ బడఁగూల్చి బల్విడి నభోభాగంబుతో రాయు చై
త్యప్రాసాదముఁ గూలఁదన్ని విపులస్తంభంబుచే బాహుస
త్త్వప్రావీణ్య మెలర్పఁ దద్వనముఁ దత్ప్రాసాదముం గాచు దే
వప్రద్వేషుల నెల్ల దారుణగతిన్‌ భంజింపవే మారుతీ!"	saardulamu
"శైలోత్పాటన దక్షిణుండగు నభస్వత్పుత్రుఁడన్‌ జన్యవి
ద్యాలోలుండగు రామభద్రునకు నే దాసుండ సుగ్రీవునిన్‌
వాలాయంబు భజించువాఁడ హనుమన్నామంబునం బొల్తు భూ
పాలుండంపఁగ భూమిపుత్రిఁ బరికింపన్‌ వచ్చితిన్‌ గ్రవ్యభు
క్కాలుండన్‌ జనుతెండు పోరి కని లంకం జాటవే మారుతీ!"	saardulamu
"కడఁకన్‌ రావణప్రేరితుం డగుచు వీఁకన్‌ జంబుమాల్యాఖ్య దై
త్యుఁడు సేనాయుతుఁడై రణంబునకుఁ దోడ్తో డాసినన్‌ వానిఁ బ
ల్విడి భాస్వత్పరిఘాయుధంబున బలోపేతంబుగా నాజిలో
గడిమిం జంపి యుగాంతమేఘముక్రియన్‌ గర్జింపవే మారుతీ!"	mattebhamu
"వరుసన్‌ దారుణ సప్తమంత్రితనయుల్‌ బాహాబలంబొప్ప బం
దుర వైశ్వానర సప్తహేతులన దోడ్తో వెల్గుచున్‌ డాసినన్‌
కరులం గన్న మృగేంద్రులీల పెనుకిన్కం బొంగి యద్దైత్యుల
స్థిరసత్వంబున ద్రుంపవే కలన నిశ్శేషంబుగా మారుతీ!"	mattebhamu
"దురితాత్ముల్‌ దశకంఠుపంపున మదాంధుల్‌ పంచసేనాగ్రగుల్‌
పరుషోగ్రాస్త్రము వేయుచుం గదియఁ గాలం గేల మర్దించి భీ
కరభంగిన్‌ పరిమార్చి తోరణ విటంకస్థుండవై, వెండి దు
ష్కరదైతేయ సమాగమంబు మదిలోఁ గాంక్షింపవే మారుతీ!"	mattebhamu
"అక్షీణస్ఫుట బాహుశౌర్యుఁడు మహాహంకారుఁడున్‌ దైత్యహ
ర్యక్షుం డక్షుఁడు డాయఁ దార్క్ష్యుఁడహినట్ల వాని పదంబులన్‌
దక్షత్వంబునఁ బట్టి యెత్తి వడి మింటన్‌ బల్మరుం ద్రిప్పి జ
న్యక్షోణిం బడవైచి చంపవె బలౌద్ధత్యంబునన్‌ మారుతీ!"	saardulamu
"జనితామర్షణుఁ డింద్రజిత్తు సకలాస్త్రజ్ఞుండు బ్రహ్మాస్త్రబ
ద్ధునిఁ గావింప వరప్రభావమునఁ దోడ్తొ బంధముక్తుండవై
దనుజేంద్రుం గని వానితో విభుని దోర్దర్పంబు సర్వంబు దె
ల్పనగుం గాకని బద్ధుఁడైన పగిదిన్‌ వర్తింపవే మారుతీ!"	mattebhamu
"దితిజాధీశుని మ్రోల నిల్చి వెస దత్తేజంబు రూపంబు సం
స్థితి సర్వంబును బోలఁ జూచి యహహా తేజస్వి యౌ వీని యం
దతి దౌష్ట్యంబిది లేక యున్న సురలోకాధీశ్వరత్వంబున స
మ్మతి నొందం దగ నర్హుఁడంచు మదిలో భావింపవే మారుతీ!"	mattebhamu
"భవదీయాకృతియున్‌ బ్రతాపమును శుంభద్వీర్యముం గాంచి దై
త్యవిభుండీతఁడు కీశమాత్రకుఁడుగాఁ డాదిత్యులుం బంపఁగా
భువిఁ గీశాకృతిఁ దాల్చి వచ్చిన మహాభూతంబగుం గానిచో
దివిజారాతులఁ జంపునే యనుచుఁ జింతింపండొకో మారుతీ!"	mattebhamu
"ఓరి రావణ! నేను రామనృపవంశోత్తంసు దాసుండ నా
శూరాగ్రేసరుపత్ని నీవు వనిలో జోరుండవై తెచ్చిత
న్నారీరత్నము నిమ్ము రాఘవునకున్‌ గాకున్న నీవింక త
ద్ఘోరాస్త్రంబులఁ జత్తు వాజి' నని నీతుల్‌ దెల్పవే మారుతీ!"	saardulamu
"""బాలారత్నము సీత మ్రుచ్చిలిటు నీ పాలింటికిన్‌ మృత్యువం
చాలోకింపక దెచ్చితింత కెపుడో యద్దేవి కోపానల
జ్వాలాళిం బడి భస్మమై చనక సప్రాణుండవై యుండుటల్‌
చాలన్‌ చిత్రము భర్తచేఁ గలన నిన్‌ జంపింప నిందాక ని
ట్లాలస్యం బొనరించె"" నంచనవె దేవారాతితో మాఅరుతీ!"	saardulamu
"""ఖల దైత్యాధమ! జానకీసతిని నీ కంఠస్థశాతాసిగాఁ
దలపై బడ్డ మహాశనిచ్ఛదముగాఁ దాలుస్థితోద్యద్ధలా
హలముంగా వసనాంచలగ్రథిత దీప్తాగ్నిస్ఫులింగంబుగా
తలప న్నేరక దెచ్చి తీ"" వని రహిన్‌ దర్జింపవే మారుతీ!"	mattebhamu
"""తరమే నీకిక నెందుఁ బోఁగలవు పాతాళంబులో డాఁగినన్‌
శరధిం జొచ్చిన మిన్నుఁ బ్రాకిన దశాస్యా! వజ్రి వజ్రాభ భీ
కరబాణంబుల నీ శిరంబులనిలో ఖండించి యా కాకుత్స్థుఁడా
వరవర్ణిన్‌ గొనిపోవు నిక్క"" మనుచున్‌ వాదింపవే మారుతీ!"	mattebhamu
"దశకంఠాసుర! పుణ్యసాధ్వియగు సీతం గానలో దొంగవై
పశుబుద్ధిం గొనితెచ్చి నందుకిపుడే బంధించి ముష్టిన్‌ త్వదు
గ్రశిరంబుల్‌ వెస వ్రక్కలింపనగు నా రామాజ్ఞ లేకున్కి దు
ర్దశ నొందింపక యోర్చియుంటి' ననుచుం దర్జింపవే మారుతీ!"	mattebhamu
"దనుజాధీశుఁడు నీదువాలమునకున్‌ తైలార్ద్రచేలంబు లొ
య్యనఁ జుట్టించి కొనన్‌ కృశాను నిడి దేవారాతు లివ్వానరుం
గొని ప్రోలంతయుఁ ద్రిప్పుడంచుఁ బలుకన్‌ ఘోషింపుచున్‌ దైత్యుల
ట్లొనరింపన్‌ బురి గుప్తికర్మము తదుద్యోగంబు వీక్షింపఁ బె
ల్పన దత్కర్మ మొకింతసేపు మదిలో సైరింపవే మారుతీ!"	mattebhamu
"ప్రకటింపన్‌ జగముల్‌ దహించు శిఖి నీవాలాగ్రగుండయ్యు జా
నకి యాశీర్వచనంబునన్‌ బవనబాంధవ్యంబునన్‌ జేసి తా
వకవాలాంచితరోమమైనఁ గమలింపన్‌ శక్తుఁడుంగాక పొం
దికతోఁ జందనపంకశీతుఁ డగుచున్‌ దీపింపఁడే మారుతీ!"	mattebhamu
"తనువుం గొంచెముఁ జేసి రజ్జుమయబంధంబుల్‌ వడిం ద్రుంచి వెం
టనె కాలాభ్రము వైఖరిన్‌ బెరిగి తోడన్‌ వచ్చు దోషాటులన్‌
మునుముట్టం దునుమాడి నిర్జరులు సంతోషింప వాలాగ్నిచే
ఘనలంకానగరంబు సర్వ మవిశంకం గాల్పవే మారుతీ!"	mattebhamu
"జనకక్ష్మాపతిపుత్రి యున్న నగరాజంబున్‌, నయజ్ఞుండు స
జ్జనమాన్యుండగు నవ్విభీషణుని వేశ్మశ్రేష్ఠముం దక్క త
క్కిన లంకాపురమెల్ల వాలకలితాగ్నిం గ్రాగి క్రుద్దేశనే
త్రనటత్పావక దగ్ధలోకసమతం బ్రాపించెఁగా మారుతీ!"	mattebhamu
"నిను బంధించుట నీదువాలమున వహ్నిం గొల్పుటల్‌ రాక్షసుల్‌
వినిపింపన్‌ విని సీత యేను పతికిం బ్రేమాస్పదీభూత నౌ
ట నిజంబేని కృపీటజన్మ! కడువేడ్కన్‌ మత్ప్రియార్థంబు పా
వనికిన్‌ శీతుఁడవై వెలుంగు మనుచున్‌ బ్రార్థింపదే మారుతీ!"	mattebhamu
"ఘనవాలాగ్ని శిఖాళిఁ గాల్చితిని లంకన్‌ సీత యేమయ్యెనో
యని శంకించి కృశానుచేఁ గమల కాహా! నేఁడు వైదేహనం
దిని సేమంబున నున్న దంచు వినువీథి న్మ్రోయు దేవోక్తులన్‌
విని మోదంబున భూమిపుత్రి మరలన్‌ వీక్షింపవే మారుతీ!"	mattebhamu
"శరధిం దాటి దశాస్యు ప్రోలమరు లెంచం జొచ్చి సర్వంసహా
వరజం గాంచి, యశోకానననము విధ్వంసంబు గావించి కొం
దఱ దైతేయులఁ జంపి వెండి జలధిన్‌ లంఘించి శీఘ్రంబె యు
త్తర తీరస్థ నగంబుఁ జేరితివి గాదే బల్విడిన్‌ మారుతీ!"	mattebhamu
"కనుగొంటిన్‌ రఘురామపత్ని నల లంకాపట్టణాభ్యంతరం
బున నంచుం దగఁ బోయి వచ్చిన విధంబునన్‌, సర్వకార్యంబులున్‌
వినయంబొప్పఁగఁ దెల్పి యంగదునకున్‌ నీలాజపుత్రాదికీ
శనికాయంబుల కట్లొసంగవె మహాసమ్మోదమున్‌ మారుతీ!"	mattebhamu
"చిరకాలంబునుండి పెంచిన మధుస్ఫీతోరుకాంతారముం
గరమర్థిన్‌ వడిఁ జొచ్చి విచ్చలవిడిన్‌ సంతుష్టియౌ నట్లుగా
వరుసన్‌ దేనెలుఁ ద్రావనిచ్చి ఫలముల్‌ భక్షింపఁగాఁ జేసి వా
నరులం దృప్తులఁ జేయవే సమధికానందముతో మారుతీ!"	mattebhamu
"ఆరామాధిపు పాదపద్మముల కుద్యద్భక్తితో మ్రొక్కి గ
న్నారన్‌ జూచితి భూమిపుత్రిని దశాస్యావాసమౌ లంకలో
సారోద్యానమునందు దైత్యయువతీ సందోహమధ్యంబునన్‌
వీరగ్రామణి! చిక్కియున్నదని తద్వృత్తాంత మాద్యంత మిం
పారం దెల్పి, ముదబ్ధిఁ దేల్పవె నృపాలాగ్రేసరున్‌ మారుతీ!"	saardulamu
"మహిపుత్రీకుశలంబు దెల్పి, మము సమ్యగ్ప్రీతి పాథోధి వా
ర్లహరిన్‌ దేల్చితి వింక నేను ప్రతికారం బేమి గావింతు? మ
త్సహనోదగ్రభుజాయుగాంచితపరిష్వంగంబు నీకిచ్చెదన్‌
రహి మీఱ న్గొను మంచొసంగఁడె కృపన్‌ రాజేంద్రుఁడున్‌ మారుతీ!"	mattebhamu
"ఆ లంకాపురి గుప్తికర్మము, నిశాటాళిప్రలాపంబులున్‌
వాలాయంబు దశాస్యుగర్వమును సర్వంబున్‌ నివేదించి కీ
శాళిం దోడ్కొని ఘోరజన్యమునకున్‌ యానంబు గావింపు, మిం
కాలస్యంబది యేలటంచు విభునిం బ్రార్థింపవే మారుతీ!"	saardulamu
"మతిమంతుండు విభీషణుండు, రఘురామా, నన్ను రక్షింపు మం
చతిదైన్యంబున నేగుదెంచిన దదీయాకార వాగింగితా
తతశీలంబుల చేత వాని పరిశుద్ధత్వంబు బోధించి, స
మ్మతి నిప్పింపవె వాని కట్లభయమున్‌ క్ష్మానాథుచే మారుతీ!"	mattebhamu
"నలుఁడా సేతువు గట్టునప్పుడు కపుల్‌ నానాప్రకారంబులన్‌
శిలలం జెట్టులు దెచ్చివైచునెడ నిస్సీమప్రభావంబునన్‌
జలమారం దగ నీవు రాఘవుఁడు మెచ్చం గొప్ప శైలంబులన్‌
బలువొప్పం గొని తెచ్చి వైచి జలధిం బంధింపవే మారుతీ!"	mattebhamu
"కనకోర్వీధరరాజ మద్భుతగతిం గాలాభ్రముం దాల్చిన
ట్లనుమానింపఁగ నీవు భూరివిపులోద్యత్పృష్ఠభాగంబునన్‌
దిననాథాన్వయసోము రాము నమితస్థేమున్‌ రహిం దాల్చి గ్ర
న్ననఁ దత్సేతుపథంబునం జలనిధిం దాటింపవే మారుతీ!"	mattebhamu
"సురనాథుండు శతారధార నలుకన్‌ క్షోణీధ్రముం బోలె సం
గరభూమీస్థలి ధూమ్రలోచన మహాక్రవ్యాదునిం బట్టి ని
ష్ఠురశైలప్రహతిన్‌ విభిన్నపృథుశీర్షుం జేసి, దుర్దాంత భీ
కరభంగిన్‌ బడఁగూల్పవే నృపతి వేడ్కం జూడఁగా మారుతీ!"	mattebhamu
"ఘనబాహాబలుఁ డయ్యకంపనుఁడు దైత్యానీక సంయుక్తుఁడై
యనికిం డాసిన భూరిరౌద్రరసదీప్తాస్యుండవై ఘోరవృ
క్షనిపాతంబున వాని పెన్నురము వ్రక్కల్‌ చేసి వాతూల మొ
య్యన వృక్షంబును బోలె గూల్పవె సురల్‌ హర్షింపఁగా మారుతీ!"	mattebhamu
"వదనంబు బ్రళయార్కబింబము క్రియన్‌ భాసిల్ల, లాంగూల మా
త్రిదశేంద్రాయుధవైఖరిన్‌ మిగుల నుద్దీపింప బంచాననో
ద్యదహీంద్రంబును బోని దక్షిణకరం బాసక్తితో నెత్తి, వా
రిదనాదంబున ధాత్రి గ్రక్కదలఁ బేరెంబెత్తుచున్‌ వచ్చి త
ద్ద దశాస్యుండు సగంబుఁ జావ నఱచేతన్‌ వ్రేయవే మారుతీ!"	mattebhamu
"రణరంగమ్మున మూర్ఛనొందిన సుమిత్రాపుత్రునుం, ధీరునిన్‌
ఫణినాధాంశజు, లంకకట్లు గొనిపోవం జూచు దుష్టాత్ము రా
వణునిం వజ్రనికాశముష్టిహతి నొవ్వంజేసి తూలించి, ల
క్ష్మణునిం దేర్చి యొసంగవే విభునకున్‌ సంతోషివై మారుతీ!"	mattebhamu
"హరిజిచ్చాపవిముక్త ఘోరతరబ్రహ్మాస్త్ర ప్రభావంబునన్‌
వరుసన్‌ మూర్ఛిలి చాపకట్టుగ రహిన్‌ సంగ్రామరంగమ్మునం
దరుదారం బడియున్న వానరుల నుద్యచ్ఛక్తి సంజీవిచే
కర మర్థిం బ్రతికించి మెప్పు గొనవే కాకుత్స్థుచే మారుతీ!"	mattebhamu
"దైత్యానీకపయోధి మధ్యమున మందానాద్రిభంగి రయౌ
ద్ధత్యం బొప్పఁగ సంచరింపుచు బలౌదార్యం బెలర్పన్‌ బృహ
ద్వాత్యాచక్రము శుష్కపర్ణముల చందానన్‌ వడిం ద్రిప్పి, యా
దిత్యుల్‌ మెచ్చఁగ బట్టి గీటడఁచవే దేవాంతకున్‌ మారుతీ!"	saardulamu
"జంభారాతి నిజోరుపాణిగత భాస్వద్ఘోరదంభోళిచే
గాంభీర్యంబున విశ్వరూపుశిరముల్‌ ఖండించి నట్లీవు స
ర్వాంభోధుల్‌ గలగంగ నార్చుచు ఫణీంద్రాభాసి నంకించి, సం
రంభం బొప్ప వెసన్‌ త్రిశీర్షుశిరముల్‌ ఖండింపవే మారుతీ!"	saardulamu
"మాయాసీతను జంపి నిన్ను భ్రమియింపం జేసి దుర్వారదై
తేయ ప్రావృతుఁడై నికుంభిలకు నెంతేఁ గోర్కితో నేగి, య
చ్చో యాగం బొనరింపుచున్న యసురేశున్‌ మేఘనాధాఖ్యు దీ
క్షాయుక్తిన్‌ సమరోర్వి లక్ష్మణునిచేఁ జంపింపవే మారుతీ!"	saardulamu
"విద్యుద్వల్లిక భంగి వాలము వియద్వీథిం బ్రకాశింప ను
ష్ణద్యుత్యున్నతమండలంబు కరణిన్‌ వక్త్రంబు శోభిల్లగా
ప్రోద్యద్బాహుబలం బెలర్పఁగ నికుంభుం గుంభకర్ణాత్మజున్‌
సద్యోమృత్యువు నొందఁజేయవె మహాజన్యంబునన్‌ మారుతీ!"	saardulamu
"ఘనశాండిల్య మునీంద్రుశాపంబున నుగ్రగ్రాహియై ధాన్యమా
లిని కాసారములోన నుండి జలముల్‌ నీ వర్ధిఁ గ్రోలన్‌ వడిన్‌
నిను మ్రింగం జనుదేరఁగాఁ గడిమి వానిన్‌ వ్రేల్మిడిం జంపి గ్ర
క్కున దచ్ఛాపము దీర్చి పుచ్చవొకొ శక్రుం గొల్వగా మారుతీ!"	mattebhamu
"చతురత్వంబున నీవు లక్ష్మణునికై సంజీవిఁ దేఁబోవుచో
దితిజాధీశ్వరు పంపునం బ్రబల దైతేయుండు మారీచదై
త్యతనూజాతుఁడు కాలనేమి ఘనమాయామౌనియై త్రోవఁ జిం
తితవిఘ్నం బొనరింప డాయుటయు వానిం ద్రుంపవే మారుతీ!"	mattebhamu
"తొలుతం బల్మరు మందు లిమ్మనుచు నెంతో వేడి, యీకున్న కే
వలశక్తిన్‌ హరి మందరాచలము నుత్పాటించినట్లీవు క
ట్టలుకన్‌ వాలముఁజుట్టి పాదముల నిట్టట్టూచి దిగ్రాజిఘూ
ర్ణిల దివ్యౌషధశైలముం బెఱుకవే క్రీడాగతిన్‌ మారుతీ!"	mattebhamu
"గీర్వాణాద్రివిభాగమున్‌ శిరముపై గీల్కొల్ప దుర్దాంతదో
ర్గర్వం బొప్పఁగ వచ్చుచుండ గిరికిం గాపున్న పెక్కండ్రు గం
ధర్వుల్‌ బోవఁగనీక నడ్డపడినన్‌ దర్పంబునన్‌ వారలన్‌
దుర్వారోద్ధతి వాలజానిలమునం దూలింపవే మారుతీ!"	saardulamu
"గరిమన్‌ మాల్యవదాది రాక్షసు లసంఖ్యాతంబుగా వచ్చి యం
బరవీథిం జలరాశిమధ్యమున దర్పం బేర్పడం దాకినన్‌
గిరిరాజంబును కందుకంబు కరణిన్‌ గేలన్‌ రహిం దాల్చి దు
ర్భరవీర్యంబున వారిఁ జంపి జముఁ గొల్వం బంపవే మారుతీ!"	mattebhamu
"అవలీలన్‌ నిశిజాములోపల రయం బారంగ సంజీవిశై
లవరంబుం గొని తెచ్చి జన్యమునఁ బౌలస్త్యోల్లసచ్ఛక్తిచే
నవనిన్‌ మూర్ఛితుఁడైన లక్ష్మణున కీవా మందులర్పించి, శూ
రవరేణ్యుం బ్రతికించి మెప్పుఁ గొనవే రాజేంద్రుచే మారుతీ!"	mattebhamu
"అనఘా! యెంతని చెప్పవచ్చు భవదీయావార్యదోస్సత్త్వమున్‌
కనకోర్వీధరసన్నిభౌషధగిరిన్‌ వాలంబునం జుట్టి గ్రం
దున లంకాపురినుండి సత్వరమునం దొల్లింటిచోటం బడన్‌
వినువీథిన్‌ వడి ద్రిప్పివైవవె జగద్విశ్రాంతిగా మారుతీ!"	mattebhamu
"అల మైరావణుఁ డొక్కనాఁటి నిశి నిద్రాసక్తులై యున్న భూ
పలలామేంద్రుల మ్రుచ్చిలించియు వెసన్‌ పాతాళలంకాపురిన్‌
ఖలుఁడై చొచ్చిన వాని వెంటఁ జని యాకష్టాత్మునిం ద్రుంచి శో
భిలుచున్‌ నీవటు రామలక్ష్మణుల దేవే క్రమ్మఱన్‌ మారుతీ!"	mattebhamu
"దశకంఠుం బరిమార్చి, యాత్మజయముం ధాత్రీజకుం జెప్పి, త
త్కుశలం బారసి రమ్మటంచు వెస గాకుత్స్థుండు పంపం బురం
బు శశిప్రక్రియఁ జొచ్చి, రావణువధంబుం దెల్పి, సీతాసతిన్‌
విశదానందరసాబ్ధిఁ దేల్చినది నీవే కావొకో మారుతీ!"	mattebhamu
"ధీరోదాత్తుఁడు రాముఁడంప నటు నందిగ్రామముం జేరి, నీ
వారూఢిన్‌ భరతున్‌ మహాత్ముఁ గని, రామాధీశ్వరుం డర్థి సీ
తారామవరజాన్వితంబుగ భరద్వాజాశ్రమం బర్మిలిం
జేరెన్‌ ఱేపట వచ్చునంచు నమృతస్ఫీతోక్తులం తెల్పి యా
ధీరున్‌ హర్షపయోధి వీచికలపై దేలింపవే మారుతీ!"	saardulamu
"సరసాగ్రేసరుఁడైన రామవిభుఁ డంచద్రత్నసౌవర్ణపు
ష్పరథంబెక్కి సుమిత్రపట్టి వెనుకన్‌ ఛత్రంబుఁ బట్టన్‌ మహా
భిరతిన్‌ లక్ష్మణుఁ డవ్విభీషణుఁ డొగిన్‌ వింజామరల్‌ వీవ సుం
దరసాకేతపథంబుఁ బట్టి చనుచోఁ దత్పాదుకల్‌ మౌళిపైఁ
బరమప్రీతి ధరించి మ్రోలఁ జనవే వర్ణింపుచున్‌ మారుతీ!"	mattebhamu
"ప్రమదం బొప్పఁగ రాముఁడున్‌ భవదభిప్రాయంబు నూహించి, నీ
సముదంచద్పదభక్తికిన్‌ విమలప్రజ్ఞాయుక్తికిన్‌ మెచ్చి, సం
యములైనన్‌ బడయంగరాని మహనీయాధ్యాత్మ విద్యోపదే
శముఁ గావింపఁడె నీకు మేదినిసుతాసంయుక్తుఁడై మారుతీ!"	mattebhamu
"భవదీయోరుతపఃప్రభావమును శశ్వత్సాధుభావంబు, యో
గ్యవివేకంబును శాస్త్రపాండితియు నిష్కామత్వమున్‌ సంతతా
ర్జవమున్‌ జూచి రఘుప్రవీరుఁడు భవిష్యద్బ్రహ్మవౌదంచు నీ
కు వరం బర్థి నొసంగడే బృహదనుక్రోశంబునన్‌ మారుతీ!"	mattebhamu
"మునిశాపంబున నీప్రభావమహిమంబున్‌, శక్తియున్‌ నీవెఱుం
గని బీజంబున శైలసుప్తవిలసత్కంఠీరవేంద్రంబు లా
గున నట్లుంటివి గాక నిక్కము మదిన్‌ గోపించినన్‌ సర్వలో
కనికాయంబుల నొక్క పెట్ట నుఱుముం గావింపవే మారుతీ!"	mattebhamu
"హరివంశోత్తమ! నీవు చేసిన విచిత్రాచింత్యకార్యంబులా
హరియైనన్‌, హరుఁడైన, పంకజభవుఁడైనన్‌, దిగీశుల్‌, పురం
దరుఁడైనన్‌, నిఖిలాహిలోకపతులైనం జేయఁగా లేరు నీ
సరివారెవ్వరు లేరు ముజ్జగములం జర్చింపఁగా మారుతీ!"	mattebhamu
"ధృతియున్‌, నీతియు, సాహసంబు, స్మృతియున్‌, తేజంబు సర్వశ్రుతి
స్మృతిపారీణతయున్‌, యశంబు, విజయోన్మేషంబు, శాస్త్రజ్ఞతా
చతురత్వంబు, శమక్షమాదిగుణముల్‌, సాధుత్వమున్‌, శౌర్యమున్‌
వితతప్రజ్ఞ, జితేంద్రియత్వము రహిన్‌ నీకే తగున్‌ మారుతీ!"	mattebhamu
"నీ మాహాత్మ్యము, నీ రయోపచయమున్‌, నీ సత్త్వసామగ్రియున్‌
సామాన్యంబె యొకింత వాయువునకున్‌, నాగారికిన్‌ కల్గితే
నేమోకాని తలంప ముజ్జగములం దెవ్వారికిం గల్గదో
హైమాద్రిప్రతిమోన్నతీ! గురుమతీ! అర్కద్యుతీ! మారుతీ!"	saardulamu
"ఉదయాస్తాద్రులమీఁద పాదయుగళం బొప్పారగా నుంచి, మే
ను దివంబంతయు నిండఁ బెంచి, యలభానుం డర్మిలిం జెప్పఁగా
జదువుల్‌ నేర్చుతఱిన్‌ భవత్తనువిలాసంబంతయుం జూచి స
ర్వదివౌకుల్‌ వెఱతోఁ ద్రివిక్రమునిగా భావింపరే మారుతీ!"	mattebhamu
"అమరాద్రిప్రతిమానవిగ్రహము, బాలార్కప్రతీకాశవ
క్త్రము శోభిల్లఁగ బారిజాతతరుమూలం బందు గూర్చుండి, యు
త్తమభక్తిన్‌ రఘురామమూర్తిని మదిన్‌ ధ్యానింపుచున్‌ దత్పవి
త్రమహామంత్ర మొగిన్‌ జపించు నిను నే బ్రార్థించెదన్‌ మారుతీ!"	mattebhamu
"నీ కళ్యానగుణంబులున్‌, మహిమయున్‌, నీరేజగర్భుండు, తా
రాకాంతుండును, భోగివల్లభుఁడు, గీర్వాణప్రభుండును, భవా
నీకాంతుండు గణింపజాల రనినన్‌ నేనెంతవాడన్‌ రహిన్‌
నాకుం దోఁచినభంగి నెన్నితిఁ గృపన్‌ మన్నింపవే మారుతీ!"	saardulamu
"ఆరామాధిపు నొద్ద వానరు లనేకాక్షౌహిణుల్‌ లేరె? యె
వ్వారైనన్‌ బహులక్షయోజనము లవ్వారాశి లంఘించి, సొం
పారన్‌ యామములోన నౌషధినగం బాసక్తి తేఁజాలిరే?
ఔరా! నీకది జెల్లెఁగాక! కపివంశాగ్రేసరా! మారుతీ!"	saardulamu
"నీ నామంబు పఠించినన్‌ నిను మదిం జింతించినన్‌ నీ కథా
గానం బుద్ధతి సల్పినం గరము వేడ్కన్‌ నిన్నుఁ బూజించినన్‌
నానావ్యాధులడంగు, వేలుపుల సన్మానంబు సంధిల్లు, వి
ద్యానైపుణ్యము గల్గు, చేకుఱును దీర్ఘాయుష్యమున్‌ మారుతీ!"	saardulamu
"నీపేరెంచిన శత్రువర్గము వెసన్‌ నిర్మూలమైపోవు సం
తాపంబుల్‌ దొలఁగున్‌, సమస్తదురితాంతం బౌను, కూశ్మాండ మా
రీ, పైశాచిక యక్ష రాక్షసగ్రహ, ప్రేతోగ్ర భూతాదినా
నాపీడల్‌ నశియించు, భద్రమొదవున్‌ సత్యంబుగా మారుతీ!"	saardulamu
"విమలంబై, వినఁ జిత్రమై, వితతమై, విద్యోతమై, వేద్యమై,
యమృతంబై, యఘహారమై, యమితమై, యానందమై యాద్యమై
సుమనస్సమ్మతమై, సుధీవినుతమై, సుజ్ఞానమై, సూచ్యమై,
సముదంచద్గతి నొప్పు నీ మహిమ కీశగ్రామణీ, మారుతీ!"	mattebhamu
"ఆ సుగ్రీవుఁడు కీశరాజ్యపదవిం బ్రాపించుటల్‌ రాముఁడు
ల్లాసంబొప్పఁగ నవ్విభీషణునకున్‌ లంకాపురం బిచ్చుటల్‌
వాసింగాంచి తరించుటల్‌ దశముఖున్‌ భంజించుటల్‌, మూర్ఛితుం
డౌ సౌమిత్రినిఁ దేర్చుటల్‌, మరల సీతావాప్తియున్‌ సర్వమున్‌
నీ సాహాయము చేతనే కద? లసన్మేధానిధీ మారుతీ!"	saardulamu
"పదదోషంబులు సంధిదోషము, యతిప్రాసాదిదోషంబులున్‌
ప్రథితవ్యర్థ సమాసదోషము రసార్థప్రక్రియాదోషముల్‌
పదపద్యంబులఁ గల్గియున్న ననుకంపన్‌ వాని నన్నింటి నీ
మది సైరించి, గుణంబుగాఁ గొని ననుం బాలింపవే మారుతీ!"	mattebhamu
"చతురత్వంబున గోపినాథకులవిస్తారుండు శ్రీపద్మనా
భతనూజుండగు వేంకటాఖ్యకవి విద్వత్సమ్మతంబైన యీ
శతకంబున్‌ రచియించి, నీకు సముదంచద్భక్తి నర్పించె, స
మ్మతితో దీనిఁ బరిగ్రహించి, కరుణ బాలింపవే మారుతీ!"	mattebhamu
"శ్రీపతియైనఁ గాని విధుశేఖరుఁడైన త్రిశూలపాణియై-
నా పరమేష్ఠియైన గణనాయకుఁడైన రమామృడానులై-
నా పలుకుం బొలంతియయినా పరిరక్షణకార్యసత్క్రియో-
ద్దీపనబోధనోక్తులను దెల్పను తల్లినిఁ బోలరెవ్వరున్."	vutpalamaala
"జలరుహనేత్రుఁడైన యల చక్కనిదేవునిబొడ్డుతమ్మిలో-
పలను జనించి వాగ్వనిత పాలిటి పెన్నిధియో యనంగఁ బెం-
పలరిన బ్రహ్మసృష్టికిని నాదిమకారణమై త్రయీమయో-
క్తులఁ గొనియాడి నాద్యయగు తొయ్యలిఁ దల్లినిఁ బోలరెవ్వరున్."	champakamaala
"చిఱుతతనంబునన్ జెలులఁ జేరి విహారము సల్పువేళ నా-
దరమునఁ గొయ్యబొమ్మను ముదంబునఁ బుత్రునిగాఁ దలంచి తాఁ
బరవశమొంది వేడుక నెపంబిడి లాలనఁ జేసి మిక్కిలిన్
మురిపముఁ గాంచి మోహమున నూల్కొను తల్లినిఁ బోలరెవ్వరున్."	champakamaala
"బాలలఁ గూడి బొమ్మ నొడిపైఁ గడుఁబ్రేమ చెలంగ నిల్పి తా-
నోలలు పాడుచున్ బొదలి యుగ్గిడి కేలను మేను దువ్వుచోఁ
జాల మనంబుతో నిటులఁ జక్కనిపట్టిని గాన నెప్పుడో
కాల మటంచు నెంచు మదిఁ గల్గిన తల్లినిఁ బోలరెవ్వరున్."	vutpalamaala
"ఇలఁ గల దేవతాతతులనెల్ల మనంబున నెంచి నామముల్
పలుమఱు నోటఁ బల్కుచును బార్వతి గేహముఁ జొచ్చి శాంభవీ-
లలితకుమారసంభవఫలప్రదమైన వివాహమింకఁ గా-
వలెనని మ్రొక్కి వేఁడు సుతవాంఛకుఁ దల్లినిఁ బోలరెవ్వరున్."	champakamaala
"చిలుకలు లేని పంజరము శీతమయూఖుఁడు లేని రాత్రి చెం-
గలువలు లేని పెంగొలను గాదె పరేహసుఖప్రదానని-
ర్మలగుణశాలి నాఁ దగు కుమారకునిం గనలేనిదాని మే-
ల్చెలువమదేల యంచు మదిఁ జింతిలు తల్లినిఁ బోలరెవ్వరున్."	champakamaala
"సుతులను గన్నయట్టి నెఱసుందరులం గని భాగ్యభోగసం-
గతమతులార నందనులు గల్గుటకున్ దిటమార నేమి నోఁ-
చితిరొ తపంబు లేమి మఱి చేసితిరో యని పుత్రవాంఛలోఁ
గుతుక మెలర్పఁగా నడుగు కోమలిఁ దల్లినిఁ బోలరెవ్వరున్."	champakamaala
"పొరుగిరుగిండ్ల భామినులు పుత్రులు గల్గుట కాత్మతత్త్వసు-
స్థిరమతిఁ జేయు సాధనముఁ జెప్పిన య ట్లుపవాసదేవతా-
చరణయుగార్చనప్రభృతి సత్కృతులెల్లను దానొనర్చుచోఁ
జిఱుతల మీఁది యాశ మదిఁ జేడ్పడు తల్లినిఁ బోలరెవ్వరున్."	champakamaala
"తనయుని మీఁది బాళి మదిఁ దాఁకినచో నుపవాస మీశ్వరా-
ర్చనమును నోములాదియగు సత్క్రియలెల్లను జేయుచో నెదం
బెనఁగిన ప్రేమమై నొగిఁ దపింపఁగ నోర్చుచు సౌఖ్యమేమి నె-
మ్మనమున నాస పాల్పడని మానినిఁ దల్లినిఁ బోలరెవ్వరున్."	champakamaala
"సేతువులో మునుంగు నతిశేముషి దీనుల నన్నదానసం-
ప్రీతులఁ జేయు దేవతలఁ బేర్కొను నైదువరాండ్ర కెల్లన-
య్యే తనివారు వాయనములిచ్చుఁ బురాణము లాలకించుఁ దా-
నేతఱి నోమునోఁచుఁ దనయేచ్ఛను దల్లినిఁ బోలరెవ్వరున్."	vutpalamaala
"మోద మెలర్పఁగా దనయమోహము చేతను బిప్పలద్రు నా-
గాది ప్రతిష్ఠలెల్ల జనులందఱు సంతసమందఁ జేయుచో,
బేదఱికం బదెంత మఱి బిడ్డలు గల్గినఁ జాలునంచు నా-
పాదన జేయుచో నెపుడుఁ బల్కెడు తల్లినిఁ బోలరెవ్వరున్."	vutpalamaala
"ఇలఁ బెఱవారినందనుల నెత్తుచు ముద్దిడుచోఁ బెనంగి య-
న్నులఁ గని బిడ్డలెన్నటికినో కననోఁతు నటంచు బల్కి లే-
మొలకమెఱుంగునవ్వులకు మోదముఁ జెందుచు నిష్టదైవమున్
దలఁచుచు బుత్రవాంఛ మతిఁ దాఁకిన తల్లినిఁ బోలరెవ్వరున్."	champakamaala
"తనయుల బాళి మ్రుగ్గులిడుఁ దాలిమి మీఱఁగ నెవ్వరేమి చె-
ప్పిన నది సేయుచుండు నిలవేల్పులకున్‍ మఱి మీఁదు గట్టు దా-
ననయము గర్భహేతువివిధౌషధముల్ పచరించు ధర్మచిం-
తన నొకకాలమైన మదిఁ దప్పని తల్లినిఁ బోలరెవ్వరున్."	champakamaala
"అనయము నందనేచ్ఛ హృదయంబున మల్లడిసేయ మీనలో-
చన నిలయంబులో నిలిచి షణ్ముఖునిం జెలువారఁ గన్న యో
జనని దయానిధీ సుతులఁ జయ్యననిమ్మని నెమ్మి మీఱఁగా
మునుకొని సాగిలం బడుచు మ్రొక్కెడు తల్లినిఁ బోలరెవ్వరున్."	champakamaala
"మునుకొని తాను బెద్దలకు మ్రొక్కిన వారును బ్రేమఁ బుత్రులం
గనుఁగొని సర్వకాలము సుఖంబున నుండుదు వీ వటంచు దీ-
వన లిడునంతలోనన సువర్ణమహీధర మెక్కినట్లు నె-
మ్మనమున జాల సంతసిలు మానినిఁ దల్లినిఁ బోలరెవ్వరున్."	champakamaala
"ఎఱుకులసానిగద్దె విననెంచు మనోరథ ముప్పతిల్లఁగాఁ,
గరగతలేఖ లూర్జితముగాఁ గని పెద్దలు నీకుఁ బుత్రులే-
వురు గలరన్న మాత్రమున నూరట దోఁప సుతేచ్ఛ లోన ము-
ప్పిరిగొన సంతసిల్లి మది బేర్చెడు తల్లినిఁ బోలరెవ్వరున్."	champakamaala
"నెల నిలిచెం గదే యనుచు నీరజపాణులు పల్కునంతలో-
పల నిధిఁ గన్నయ ట్లుదరభాగములోపలఁ బిండ ముష్ణమున్
దొలఁగెడు రీతి భోజనవిధుల్ మఱి గోరుచుఁ బుత్రమోహ మ-
త్యురుతరభంగిఁ గొల్పు వగనుండెడు తల్లినిఁ బోలరెవ్వరున్."	champakamaala
"వేవిళు లోఁకిరింతలును విన్నఁదనంబును దోఁప డస్సి గ-
ర్భావరణార్భకావనశుభక్రమ మొప్పఁగ మంత్రతంత్రసం-
భావన మీఱ మాంత్రికుల భావనఁ జేయుచుఁ ‘బుత్రవృద్ధికిన్
దైవము తోడు గావలె సదా’ యను తల్లినిఁ బోలరెవ్వరున్."	vutpalamaala
"నెల నిలువన్ మనోరథము నివ్వటిలంగను బైఁడిరక్ష రే-
కులు మెడఁగట్టు మోమునను గోరిక మీఱ విభూతిఁ బెట్టు దా-
నలయక గాలి సోఁకెడునటంచు సుతేచ్ఛను నాఁడునాఁటి కీ-
చెలువున నుత్తమక్రియలు చేసెడు తల్లినిఁ బోలరెవ్వరున్."	champakamaala
"చెలు లిటు రమ్మటంచుఁ దనుఁ జీఱిన వేసట గర్భగోళసం-
కలితసుతావనేచ్ఛఁ జనఁగా మఱి యూహఁ దొలంగు దేహళీ-
స్థలి నెగదాఁటనేరనని తగ్గులు మిఱ్ఱులు చూచి తిన్నఁగాఁ
గలక దలంగి తా నడచు కామినిఁ దల్లినిఁ బోలరెవ్వరున్."	champakamaala
"మాసములెల్లఁ బూర్ణమయి మానవతీమణి గర్భవేదనా-
యాసముతోడ నుండుతఱి నంగన పుత్రునిఁ గాంచె నన్నుఁ దా-
నా సడి విన్న మాత్రమున నా వచనం బమృతప్రవాహధా-
రాసమమైనచో మనము రంజిలు తల్లినిఁ బోలరెవ్వరున్."	vutpalamaala
"విసుకుచు బిడ్డనుం గనిన వేదనఁ గుందుచు నున్నయప్పు డా
నిసుపును దెచ్చి పొత్తులను నించినచోఁ దన కష్టరీతులన్
మసలక తత్సుతావనవిమర్శ ఘనంబుగఁ జిందు ద్రొక్క దా-
మసమునఁ బ్రోచు నేర్పుగల మానిని దల్లినిఁ బోలరెవ్వరున్."	champakamaala
"చిఱుత జనించునంతఁ దన చిత్తము సార్థకమై చెలంగిన-
ట్లురుతరభాగ్య మబ్బినటు లుర్వి సమస్తము నేలినట్లు పెం-
దురమున గెల్చుచో విజయతూణము లెల్లెడ నాఁటినట్టు ల-
బ్బురముగ సంతసిల్లు విరిబోఁడిని దల్లినిఁ బోలరెవ్వరున్."	champakamaala
"పురిటిలు సొచ్చి యున్నతఱిఁ బుత్రునకున్ వివిధోపచారముల్
మెఱవడి చేయువారలను మిక్కిలి ప్రార్థన చేసి దేవతా-
తరుణులయట్లు చూచు నెఱ తాలిమి మీఱగ నిట్టు లర్భకా-
తురమున నేమి చెప్పవలెఁ దొయ్యలిఁ దల్లినిఁ బోలరెవ్వరున్."	champakamaala
"తన కుపచారముల్ జరుపు తామరసాక్షులఁ జూచి బిడ్డ కిం-
పొనరఁగ బోరుమాన్పి చెలువొందఁగ నుగ్గిడరమ్మ మీరలే
దినదినమంచు బల్కి తన దేహసుఖం బిసుమంతయైనఁ గో-
రని తనయావనక్రియల రంజిలు తల్లినిఁ బోలరెవ్వరున్."	champakamaala
"ప్రమదము మీఱఁ గన్న యల బాలునకై యొకవేళఁ బక్షిదో-
షమొనరు దృష్టి సోఁకు గ్రహసంసరణంబును గాలి ముట్టు దో-
షము మొదలైన దోషములు సంధిలకుండఁగ నంతలోన వే-
గమునను రక్షరేకు మొలఁ గట్టెడు తల్లినిఁ బోలరెవ్వరున్."	champakamaala
"పురుడు చనంగ జాతకపుఁ బొంక మెఱింగినయట్టి పెద్ద లా-
దరమున దీర్ఘకాలము ముదంబున మీనవిలోచనాతివి-
స్ఫురకరుణావిశేషమున శోభిలుచుం భవదాత్మజుండు బ-
ల్వరలు నటన్న మాట విన వాంఛిలు తల్లినిఁ బోలరెవ్వరున్."	champakamaala
"నెలపురు డీఁగుదాఁక బలునే ర్పలరారను మూలయింటిలో-
పలఁ బరు లెవ్వరేని తన పట్టినిఁ జూచిన దృష్టి దాఁకు ని-
మ్ముల నని దాఁచి గాలితెఱ ముంగలఁ దానొనరించి పెంపుటిం-
తుల పయిఁగాఁపుగా నిడిన తొయ్యలిఁ దల్లినిఁ బోలరెవ్వరున్."	champakamaala
"కారము నూరిపోయు నెడ గాసిలనీయదు బోరుబెట్టినన్
గూరిమితోడ నెత్తుకొని గుబ్బల పాలిడు జోలఁ బాడు స-
త్కారము మీఱుచోఁ గసురు దాఁకె నటం చని కుందుఁ బుత్రలీ-
లారతి నాఁటనాఁట నిటుల న్మదిఁ దల్లినిఁ బోలరెవ్వరున్."	vutpalamaala
"తన పొరుగిండ్ల భామినులు తారసిలంగను దృష్టి తాఁకునో
యని మిహిరాదిక గ్రహచయాభిమతు ల్పచరించి మీనలో-
చనను దలంచి నందనుని సంగతిఁ బాయక ప్రోవవమ్మ యో
జనని యటంచు నంజలులు సల్పెడు తల్లినిఁ బోలరెవ్వరున్."	champakamaala
"పెనఁకువ మీఱునంతఁ దన బిడ్డపయిం గలయట్టి బాళిచే-
తను మలమూత్రము ల్గడుముదంబున నెమ్మెయిఁ బూసినట్టి చం-
దనహిమనీరసౌరభము దారిఁ దలంచు నిజాన్వయాబ్ధిచం-
ద్రునిఁ గనినట్లు బొంగు భళిరే యల తల్లినిఁ బోలరెవ్వరున్."	champakamaala
"అనుదిన మాత్మసంభవున కాముద ముగ్గిడు నంతమీఁద లో-
చనములు ముక్కు పెందొడలు చంకలు కాళ్లును చేతు లాదిగాఁ
గను సమమొందఁగా నివిరి చక్కనివాఁ డగునట్లు చేయు నే-
ర్పున నలరారుచున్న ననబోణినిఁ దల్లినిఁ బోలరెవ్వరున్."	champakamaala
"పిడికిలి పట్టువేళఁ దనుఁ బేర్కొని నవ్వెడువేళ నోరలం
బడియెడువేళ నూకురులు పల్కెడివేళను దోఁగులాడుటన్
దడఁబడువేళఁ జూడఁ గని తప్పుటడుంగిడువేళఁ బ్రేమ బల్
గడలుకొనంగ సంతసిలు కామినిఁ దల్లినిఁ బోలరెవ్వరున్."	champakamaala
"బాలుని వృద్ధికై యొరులు పల్కినయట్టుల నెంత ద్రవ్యమై-
నా లవమాత్ర మంచుఁ దన నాథునకున్ దెలియంగఁ బల్కుచున్
లీల ఘటించి నందనుని లీలలకు న్మది సొక్కి యోగులం
బోలినయట్టులుండు ననబోణినిఁ దల్లినిఁ బోలరెవ్వరున్."	vutpalamaala
"మన మతిప్రీతి నొంద నొకమంచిముహూర్తముఁ జూచినంతఁ దా-
ననువమరంగ రంగలరు నన్నము ముట్టఁగఁ జేసి బిడ్డఁ డిం-
పెనయఁగ నాఁకఁటం బొదలి యెన్నఁడు బువ్వదినంగ నేర్చునో
యని మది నూహ పాల్పడిన యంగనఁ దల్లినిఁ బోలరెవ్వరున్."	champakamaala
"చెలు లుదకంబు దేరఁ దన చేతను నూనియఁ దోఁగ నంటుచోఁ
దల జలకంబు లార్చి బలుతాలిమితోఁ దడి యొత్తి మోమునన్
దిలకముచుక్క బొట్టువలె దీరిచి సంతసమంద నాత్మలో-
పల నలరారుచున్న యల భామినిఁ దల్లినిఁ బోలరెవ్వరున్."	champakamaala
"ఇంతులఁ జూచి మీ సుతుల కే పస రుగ్గిడినారు మీరు గో-
రంత యెఱుంగఁ బల్కఁగదరమ్మ యటంచుఁ జికిత్స దోఁప నిం-
తంతనరాని యౌషధము లారయుచున్ గడుబ్రోచుచున్న ధ-
న్వంతరియో యనంగఁ జెలువారెడు తల్లినిఁ బోలరెవ్వరున్."	vutpalamaala
"భావ మెలర్ప మూలికల భావన చేసినయట్టి బంగరుం
దీవెల నూకచిట్టుడుకు దీసి మరీచిఘృతోచితంబుగాఁ
ద్రావఁగఁ జేసి వేఁడి జలధారల మేను గడింగి నిద్దురం
బోవఁగ జోలఁ బాడుచును బొంగెడు తల్లినిఁ బోలరెవ్వరున్."	vutpalamaala
"క్షీరము శర్కరాన్నమును జిక్కని గట్టిపెరుంగు పాయసం-
బారయ బొజ్జ నిండునటు లామెతగాఁ దినిపించి బిడ్డఁ డే-
మో రహిలేక ముట్టఁ డని మో మఱ వాంచుచు “ముద్దులయ్యగా,
రార” యటంచుఁ బిల్చుచును రాజిలు తల్లినిఁ బోలరెవ్వరున్."	vutpalamaala
"చిఱుతను జంకఁ బెట్టుకొని చిత్రముఁ జూపుచు వెండిగిన్నెలో
మెఱయుచునున్న బువ్వఁ దినుమీ తినకున్నను బూచివాని వే-
గిర మిదె పిల్తునంచు నళికించుచుఁ గాకికి వేతునంచుఁ దా
బిరబిర చేతిముద్దఁ దినిపించెడు తల్లినిఁ బోలరెవ్వరున్."	champakamaala
"అరమర మానుచున్ గురుపదార్థము లెవ్వి భుజించితేని పా-
లరుగవు బిడ్డకంచు విహితాశనముం గబళించుచోఁ బరా-
త్పరుని మునీంద్రు లట్లు సుతతత్పరదృష్టు లనంతపథ్యవి-
స్ఫురణఁ జెలంగుచున్న యిలసుందరిఁ దల్లినిఁ బోలరెవ్వరున్."	champakamaala
"ఆఁకొని పోరువెట్టునెడ నారయ నడ్డముగాఁ దనూజునిం
జేకొని క్రుచ్చి ముద్దిడుచుఁ జెక్కిలి దువ్వుచుఁ “బాయి ద్రావ రా-
రా కనతండ్రి” యంచని మనంబునఁ గుందుచు బొజ్జనిండ ర-
క్షాకలితోక్తిఁ జన్గుడుపు కామినిఁ దల్లినిఁ బోలరెవ్వరున్."	vutpalamaala
"తడఁబడునట్లు ముంగిటను దప్పుటడుం గిడువేళ నజ్ఞతన్
బడునను చింతయు న్నడువఁ బాల్పడెనన్న కుతూహలంబు చే-
డ్పడ నొకటైన మైమఱచి బాలునకున్ దన వ్రేలొసంగి నే-
ర్పడరఁగ ద్రిప్పుచో శుభముఁ బల్కెడు తల్లినిఁ బోలరెవ్వరున్."	champakamaala
"తన సరిబాలురం గలసి దవ్వుల కాటల కేగియున్నచోఁ
దనయుఁ డిదేమొ లేఁడనుచుఁ దత్తఱ మొందుచు నావ తాగిన-
ట్లనయము నాత్మఁ గుందుచుఁ దదాగమనాభిముఖాభిలాష పై-
కొని కనినంత సంతసిలు కోమలిఁ దల్లినిఁ బోలరెవ్వరున్."	champakamaala
"చిఱుతలతోడ నాటలకుఁ జేతులు జాచుచు సందుగొందులం
బరుగులు పారుచున్న పశుబాధ ఘటించునటంచు సాధ్వసా-
తురమున రాణివాస మటుద్రోసి బహిస్థలి కేఁగి యంత నా
బురుకనిఁ గేల నందికొనిపోయెడు తల్లినిఁ బోలరెవ్వరున్."	champakamaala
"కడువడి నెందఱిన్ గనినఁగాని తనూజులు చెంతఁ జేరి పైఁ-
బడి మురిపంపుఁ బెంపు నెఱబాధలు పెట్టినఁగాని వేసటం
బడక నితోఽధికంబయిన బాలురఁ గన్వలెనంచు బాళిలోఁ
బొడమి చరించుచుండు విరిబోణినిఁ దల్లినిఁ బోలరెవ్వరున్."	champakamaala
"వినవినఁ బాలు గాఱు నెఱవేడుక మీఱఁగ ముద్దుముద్దుగాఁ
దనయుఁడు పల్కుచున్న విని తాఁ గనకం బొడిఁ గట్టినట్లు నె-
మ్మనమున సంతసిల్లుచును మాటికిమాటికి దృష్టి దీయుచోఁ
జను గుడిపించి మై నివురు చక్కని తల్లినిఁ బోలరెవ్వరున్."	champakamaala
"గునగున నేగుదెంచి తనకు న్మఱి పప్పు లొసంగుమంచుఁ బ-
ల్కిన నెఱముద్దుమాటలకుఁ గేవలము న్మది సొక్కి తద్వచో-
జనితసుధారసానుభవసంగతి నాఁకలి నొప్పిదప్పు లెం-
చని తనుజేప్సితార్థఫలశాలినిఁ దల్లినిఁ బోలరెవ్వరున్."	champakamaala
"పెరచిఱుత న్మథింపఁ గని పెంచిన యాబిడ చాడి చెప్పినన్
మఱి విని నీ తనూభవుని మంచికి నీ మది మెచ్చఁబోలు మా
బురుకని గొట్టినాఁడనుచు బొంకి నిజాలయసీమఁ జేరి య-
బ్బురముగ బుద్ధిఁ జెప్పు సిరిబోలిన తల్లినిఁ బోలరెవ్వరున్."	champakamaala
"తనయుని కొంటెచేఁతలకుఁ దండ్రి యహో బెదరించుచున్న లే-
దనుచు నిజాత్మనాయకుని యాజ్ఞ దొలంగఁగ రాదటన్న వా-
గ్ధన మటు డించి నందనుని దండనపా ల్పడనీక యడ్డముం
జని కరుణింపఁజేయు నెఱజాణను దల్లినిఁ బోలరెవ్వరున్."	champakamaala
"తలఁపున నున్న భావ మొకదారిఁ జెలంగఁగ వచ్చిరాని మా-
టలు మఱి పల్కువేళఁ గడు ఠాయి జెలంగెడు శౌరిసత్కథా-
కలితవినోదముల్ వినెడు కైవడిగా వడి నాలకించుచో
ఫల మొనఁగూడెనంచు నుతిఁ బల్కెడు తల్లినిఁ బోలరెవ్వరున్."	champakamaala
"తన తనుజాతుఁ డొక్కతఱిఁ దప్పిదముల్ ఘటియింప భర్త నె-
మ్మనమున సంతసించుటకు మంచివిగా వినిపించు మంచిగాఁ
బను లొనరింప నందఱును “బాలుఁడు యోగ్యుఁ” డటన్న మాటఁ దా,
విని మది సంతసిల్లు నలివేణినిఁ దల్లినిఁ బోలరెవ్వరున్."	champakamaala
"తినుకుచు బువ్వఁ బెట్టుమని తేపకుఁ బాతరలాడుఁ బెట్టినన్
గనుఁగొని పాలుపోయుమను గ్రక్కునఁ బోసిన “వెన్న గావలెం,
జనని”యటంచుఁ దా నగడు జేసినఁ గోపము లేక తన్మనం-
బనువడఁ జేసి సంతసిలు నంగనఁ దల్లినిఁ బోలరెవ్వరున్."	champakamaala
"కలకొలఁదిం దనూజునకుఁ గా నొనరించినయట్టి భూషణం-
బులు ధరియించుచో నెదుటఁ బుత్రునకుం దన దృష్టి తాఁకి మై-
చెలువు దొలంగునో యనుచుఁ జేరువవారలమీఁద దృష్టి నె-
క్కొలుపుచు సంతసిల్లు సుమకోమలిఁ దల్లినిఁ బోలరెవ్వరున్."	champakamaala
"అలసట వేసటల్ దలఁప కాఁకలిదప్పుల మీఁది యాశమై
తొలఁగుచు రాత్రులుం బగలు తోడిచెలు ల్మది మెచ్చఁ దత్తనూ-
విలసనకార్యకర్మపదవిం బడి “భర్తృవినోద మింతకుం,
గలదె” యటంచు సంతసిలు కామినిఁ దల్లినిఁ బోలరెవ్వరున్."	champakamaala
"సరసవివేకము ల్దనరుజాడ గలుంగను బిడ్డ నొక్కస-
ద్గురునకు నొప్పగింపుమని కోరిక మీఱ నిజేశుతో మనో-
హరగతి మీఱఁ బల్కి “తనయా విను నీ వెపుడో పురాణవై-
ఖరు లెఱిఁగింతు” వంచుఁ గుతుకంపడు తల్లినిఁ బోలరెవ్వరున్."	champakamaala
"శ్రీలు చెలంగఁగాఁ జదువు చెప్పెడువేళఁ బరాకు మాని మా
బాలున కిప్డు విద్య బహుభంగుల నేర్పుమటంచు పెక్కుచం-
దాల నొసంగు వస్తుసముదాయము నాథుఁ డెఱుంగనీక బ-
ల్మాలిమి మీఱ నట్టి సుకుమారిని దల్లినిఁ బోలరెవ్వరున్."	vutpalamaala
"చదివితివేని నీ కిపుడు జామఫలంబులు దెచ్చి యిత్తు స-
మ్మదమున మంచిదోవతులు మాడలొసంగుదునంచుఁ బల్కి మే-
ల్పొదలఁగ బుజ్జగించుచును బొంకముగా బడిఁ జేరఁ బంపి తాఁ
బదపడి త్రోవలో నిలుచుఁ బల్మఱు తల్లినిఁ బోలరెవ్వరున్."	champakamaala
"చిఱుతను ద్రోవ బాలకులు చిన్నతనంబునఁ గొట్టకుండ భూ-
సురునకు దిట్టముం బఱుచుచో నిలుచేరను బ్రొద్దుపోవఁగా
నరయుచు బిడ్డఁ డాఁకొనియెనంచు మదిన్ దిగులొంది పిల్వఁగాఁ
బఱచుఁ దనంతటన్ బడికిఁ బల్మఱు తల్లినిఁ బోలరెవ్వరున్."	champakamaala
"పెనఁకువ మీఱ భోజనము పెట్టుమటంచని రాఁ గుమారునిన్
గని చిఱునవ్వు మోవిపయిఁ గ్రమ్మఁగ నీ విపుడేమి నేర్చితో
వినవలెనంచుఁ గోరుచును వేమఱు లాలనసేసి వేడుకన్‌
దినుమని బువ్వఁ బెట్టు యువతీమణిఁ దల్లినిఁ బోలరెవ్వరున్."	champakamaala
"మఱి బడిఁ జేరఁబోవునెడ మార్గములోపల ముల్లు నాఁటునో
మెఱవడి గోవులేమయిన మీదికిఁ జేడ్వడి వచ్చునో యటం-
చఱిమురి కొందఱిం బనిచి యాదటఁ దానును బోవనెంచు వాం-
ఛ రహి చెలంగ నెల్లపుడుఁ జయ్యనఁ దల్లినిఁ బోలరెవ్వరున్."	champakamaala
"కొడు కెటువంటివాఁ డయినఁ గుంభినిలో నదలింపరాని దుం-
దుడుకయి యున్న నన్యులకు దొడ్డఱికం బెఱిఁగించుచున్ మదిన్
జిడజిడ మాని సంతసము చిప్పిలఁ గంటికి ఱెప్ప చాడ్పునన్
దొడఁబడి ప్రోచుచున్న యలతొయ్యలిఁ దల్లినిఁ బోలరెవ్వరున్."	champakamaala
"సదమలరీతు లుల్లసిల సార మెఱింగెడి రీతిఁ జక్కఁగాఁ
జదివితివేని భూజనులు సన్నుతి చేసెద రింతెకాక సం-
పద లెడఁగూడు నీ కనుచు బాలునకు న్మఱి బుద్ధి చెప్పుచో
మది ముదమంది యొప్పెసఁగు మానినిఁ దల్లినిఁ బోలరెవ్వరున్."	champakamaala
"తనయుఁడు సర్వవిద్యలను దద్జ్ఞతఁ గాంచి పఠించుచున్నచో
విని పరితోషనీరనిధి వెల్లువగాఁ బయిఁ బాఱినట్లు నె-
మ్మనమున సంతసిల్లుచుఁ ‘గుమారునిఁ గన్న ఫలంబుఁ గంటిఁగా’
యని తలపోయుచుండు కనకాంగినిఁ దల్లినిఁ బోలరెవ్వరున్."	champakamaala
"వెడవెడ నింక భోజనపువేళ గతించిన బిడ్డఁడేమొకో
బడి విడి రాఁడు నేఁ డనుచుఁ బాతరలాడుచు నుండునంతలోఁ
గడఁ జనుదేర నెత్తుకొని కౌఁగిటఁ జేరిచి చుంచు దువ్వి మై-
బడలిక దీఱ సంతసిలు భామినిఁ దల్లినిఁ బోలరెవ్వరున్."	champakamaala
"తనయుని ముద్దుమాటలకుఁ దా ముదమందుచుఁ దేటనీట మ-
జ్జన మొనరించి మోమునను జాఁదిడి సన్నపుఁ జేలఁ గట్టి బల్
పెనఁకువ షడ్రసాన్నములు పెట్టి భుజించిన “ముద్ద ముట్టలే”
దని పెఱవారితోఁ బలుకులాడెడు తల్లినిఁ బోలరెవ్వరున్."	champakamaala
"పలుమఱు తాను నందనుఁడు పాఠకశాలకుఁ బోనినాఁడు “నా
పలుకు వినంగదయ్య మృదుభాషణ లాడఁగదయ్య సత్యమున్
బలుకఁగదయ్య నీ కెపుడు భాగ్యము గల్గు” నటంచు బ్రేమతోఁ
దెలుపుచు బుద్ధిఁ జెప్పు యువతీమణిఁ దల్లినిఁ బోలరెవ్వరున్."	champakamaala
"సరసులు మెచ్చఁగా గణితశాస్త్రము నేరిచి సంఖ్యలెల్ల సు-
స్థిరమతితోడఁ జెప్పుటకుఁ దెల్వి వహించినయట్టి మంచిలే-
కరి యగుఁగాక నా సుతశిఖామణి యంచుఁ బరాపరేశు స-
ద్గురునిఁ దలంచుచో నెదను గోరెడు తల్లినిఁ బోలరెవ్వరున్."	champakamaala
"విమలవిచారశీలుఁడయి విశ్రుతకీర్తి దిశల్ ఘటిల్ల మా-
ఘము మొదలైన కావ్యరసకల్పనలు న్మఱి శాస్త్రము ల్పురా-
ణములు నలంకృతు ల్మనమునన్ బెనుపారఁగ నెన్నఁ డింక నా
కొమరుఁడు నేర్చునో యనుచుఁ గోరెడు తల్లినిఁ బోలరెవ్వరున్."	champakamaala
"స్వరము లలంకృతుల్ కృతులు సయ్యన ముప్పదిరెండు రాగముల్
మెఱయఁగఁ దాళమానలయమిశ్రసమంచితఖండజాతి సు-
స్థిరఘనతాపసంగతులు తేటపడ న్మఱి పాడనేర్చునా
వరసుతుఁ డెన్నఁ డింక నని వాంఛిలు తల్లినిఁ బోలరెవ్వరున్."	champakamaala
"పొలు పలరారఁగాఁ జదివి పూర్ణతఁ గాంచి వయోవిలాసముల్
వెలయుచునున్న నందనుని వేడుకఁ గన్గొని పెండ్లిచేయఁగా-
వలెనని భర్తతో వినయవాక్యములం దగువేళఁ దిన్నఁగాఁ
దెలుపుచు సంతసిల్లెడు సతీమణిఁ దల్లినిఁ బోలరెవ్వరున్."	champakamaala
"కులమును రూపముం జెలువుఁ గోమలతం దలిదండ్రు లన్నద-
మ్ములుఁ గలదానిఁగా సుగుణము ల్గలదానినిఁగా దలంచి పై-
దలి నటు పెండ్లిచేసి యల దంపతులం గని మూఁడులోకముల్
చెలువుగ నేలినట్లు విలసిల్లెడు తల్లినిఁ బోలరెవ్వరున్."	champakamaala
"చెలువము మీఱుచున్న తన చిన్నికుమారునిఁ జూచి మంత్రవా-
దులు కలుషం బొనర్తురని తోడనె పెద్దల నాశ్రయించి ని-
ర్మలుఁ డగునట్లు చేయ హరిమంత్రములన్ బఠియింపఁ బూన్చి వా-
రల కుపయుక్తిఁ జేయ నలరారెడు తల్లినిఁ బోలరెవ్వరున్."	champakamaala
"కొమరుఁడు రాజకార్యములకున్ జని క్రమ్మఱ నింటఁ జేర రాఁ
దమక మెలర్పఁగాఁ బనులు తాల్మి ఘటించినఁగాని వందిత-
క్రమ మిగురొత్త నందఱిని గాదని తాఁ దనివార నందనా-
భిమతము మీఱ భోజనముఁ బెట్టెడి తల్లినిఁ బోలరెవ్వరున్."	champakamaala
"కర మరుదార రాజహితకార్యములన్ సవరించి రా సభాం-
తరమునఁ జేయు సత్క్రియలు దా విని తత్కమనీయకల్పనా-
పరవశయై సదా “త్రిపురభంజన సేమ మొసంగు” మంచు మీ-
సర మలరార దీవనలు సల్పెడు తల్లినిఁ బోలరెవ్వరున్."	champakamaala
"భూరివివేకుఁడై సుజనపోషకుఁడై యభిమానుఁడై సదా-
చారవిహారుఁడై పరమసాత్త్వికుఁడై గుణవంతుఁడయ్యు నేఁ
గోరినయట్లు పట్టి తనకుం బ్రభవిల్లెఁ గదా యటంచుఁ దా-
నూరక సంతసిల్లి మదినుబ్బెడు తల్లినిఁ బోలరెవ్వరున్."	vutpalamaala
"చతురతఁ గాంచుచో విమలసాత్త్వికశాస్త్రములెల్ల నేర్చి సు-
వ్రతుఁడయి సత్యసంధుఁడయి రాజసభాంతరపూజనీయుఁడై,
సుతుఁ డుదయించెనంచు మదిఁ జొక్కి ప్రహర్షణ ముప్పతిల్ల లోఁ
గుతుకము మీఱుచున్న యల కోమలిఁ దల్లినిఁ బోలరెవ్వరున్."	champakamaala
"శ్రీలలరారు సంతతసుశీలుఁడు భూతదయాపరుండు వా-
చాలుఁ డనన్యచారుజలజాతముఖీహృదయానుకూలుఁ డీ
బాలకుఁడంచు సజ్జనులు పల్కినఁ దద్వచనంబు వీనులం
గ్రోలుచు సంతసిల్లు సుమకోమలిఁ దల్లినిఁ బోలరెవ్వరున్."	vutpalamaala
"దానధురాయశోవినయ ధైర్యనిరంతరసాహసక్రియా-
మాన జనోపకారఘనమాన్యరతుండయి మీనలోచనా-
ధ్యానమనస్కుఁడై సకలధర్మవిశారదుఁడైన సూనునిం
దాను దలంచి సంతసిలు తన్వినిఁ దల్లినిఁ బోలరెవ్వరున్."	vutpalamaala
"పరనిరతోపకారమృదుభాషణభూషణుఁ డాశ్రితావన-
స్థిరగుణశాలి నీతిపథజీవనజీవనుఁ డుత్తమాధమాం-
తరము లెఱుంగు మేటి తలిదండ్రులకు న్జవదాఁటఁడన్నచో
నరసి మనంబులోన ముదమందెడు తల్లినిఁ బోలరెవ్వరున్."	champakamaala
"కలుపుఁదనంబుతోడఁ దనుఁ గన్న కుమారుఁడు సంతసిల్లి కో-
డలికి నలంకరించుచు నొడంబడి బుద్ధులు చెప్పుచున్ దనూ-
జులవలెఁ బ్రేమ మీఱ మఱి చూచుచు భూజనులాడు మంచిప-
ల్కులకుఁ బ్రమోదమొందు సుమకోమలిఁ దల్లినిఁ బోలరెవ్వరున్."	champakamaala
"కొమరుని దేహపోషణకుఁ గోడలితో దమయంతి సత్కథా-
క్రమము లతాంగి చంద్రమతి కార్యము జానకి వర్తనంబు చం-
దము ననసూయ నర్మిలి మొదల్ జగతిం గల మేల్పతివ్రతా-
త్వము లెఱిఁగించుచుండెడు సువాసినిఁ దల్లినిఁ బోలరెవ్వరున్."	champakamaala
"తనవలె నన్నపానములఁ దన్పునొ తన్పదొ ప్రేమమీఱ నం-
దనుని నటంచు సందియము తన్నెడఁబాయమిఁ గోడ లంత భో-
జన మిడువేళఁ దాను బతిసౌఖ్యసమాచరణంబు ముక్తిసా-
ధనమని తెల్పు ధర్మగుణదాయినిఁ దల్లినిఁ బోలరెవ్వరున్."	champakamaala
"చూతఫలోష్ణనూత్నఘృతసూపసమంచదపూపషడ్రసో-
పేతము గాఁగ భోజనము పెట్టి కుమారున కోలి ఘర్మసం-
జాతశరీరబాధ దిగజాఱుటకై దయఁ దాళవృంతముం
జేతి కొసంగు దివ్యగుణశీలను దల్లినిఁ బోలరెవ్వరున్."	vutpalamaala
"కొడుకును గోడ లొంటిపడి కొంకుచు సైగలు నారజంపు టా-
గడములు వింతవింత నెఱగారవముల్ గిలిగింతలాడు మే-
ల్సడిసడిసన్నలుం గుసగుసల్ జరిగించుట చూచి యాత్మలోఁ
బుడమి సమస్తమేలు గతిఁ బొంగెడు తల్లినిఁ బోలరెవ్వరున్."	champakamaala
"తనయుఁడు పుత్రులం గనువిధంబు ఘటించుటకై రమేశు నీ-
శుని సిరి మీనలోచనను జొక్కము మీఱ భజించు నెన్నఁ డే
మనుమని నెత్తి ముద్దిడుదు మక్కువతోడ నటంచుఁ గోడలిం
గని ముదమందుచో మిగులఁ గాంక్షిలు తల్లినిఁ బోలరెవ్వరున్."	champakamaala
"కర మనురక్తి నందనులు గల్గుటకై తన ముద్దుగోడలిం
గురుతరభక్తి దేవతలకుం బ్రణమిల్లఁగఁ జేయు వేంకటే-
శ్వరునకు మీఁదుగట్టుమని చాటును నోములు నోఁచ ద్రవ్య ము-
త్కరముగ నిచ్చుచోఁ గరుణ గల్గిన తల్లినిఁ బోలరెవ్వరున్."	champakamaala
"“అనయము కీర్తిహాని సుజనాదరణీయము గాదు సిగ్గుఁబా-
టెనయఁగఁ జేయు లోకు లతిహీనతగా మతినెంతు రెందు దు-
ర్జనసహవాస మేరికినిఁ జౌక ఘటించుఁ దలంచినన్ సుమా
విను”మని బుద్ధిఁ జెప్పు ఘనవేణినిఁ దల్లినిఁ బోలరెవ్వరున్."	champakamaala
"“ధన మొనగూర్చు సద్గుణవితాన మొనర్చు ధరిత్రిలోపలన్
ఘనత ఘటించు రాజగురుకార్యసమున్నతిఁ జేయుఁ గీర్తికాం-
తను గొనితెచ్చు ముక్తిపథతత్త్వములెల్ల నెఱుంగఁజేయు స-
జ్జనసహవాస” మంచు నుడి సల్పెడు తల్లినిఁ బోలరెవ్వరున్."	champakamaala
"“అనయము రాజకార్యములయందుఁ బ్రవర్తన సేయువేళ భూ-
జనులకుఁ గీడు పన్నునెడ సడ్డ ఘటింపఁగ నీకు లోకనిం-
దన కెడగాని నిర్మలవిధంబు సమస్తము నీకుఁ గీర్తిసా-
ధన” మని తెల్పు సద్గుణమతల్లిని దల్లినిఁ బోలరెవ్వరున్."	champakamaala
"“తలఁప నగణ్యుఁడై బుధవితానము వర్ణనచేయ సత్క్రియా-
కలనఁ జెలంగి సద్గుణము గల్గిననుం దనుఁ గన్న తల్లితం-
డ్రుల గుణమెల్లఁ బాయ భళిరే యని పల్కుదు” రంచుఁ బట్టికిం
దెలుపుచు సంతసిల్లు యువతీమణిఁ దల్లినిఁ బోలరెవ్వరున్."	champakamaala
"శిష్టులు మెచ్చ సజ్జనులు చేకొనునట్లు దలంచి జ్ఞానవా-
సిష్ఠముఖప్రబంధములు చెప్పుచు సత్త్వపురాణమర్మసా-
భీష్టవిధుల్ పఠించుటకుఁ బెద్దలఁ జూపుచుఁ బుత్రవాంఛ సం-
తుష్టి చెలంగుచున్న యల తొయ్యలిఁ దల్లినిఁ బోలరెవ్వరున్."	vutpalamaala
"కోడలు గర్భమౌట తనకు న్మదిఁ దోఁచినయంత బ్రేమ గొం-
డాడ సుపుత్రునిం బడయునట్లు ఘటింపు మటంచు శూలి పూఁ-
బోఁడిని మందగామినినిఁ బుష్పసుగంధిని మీనలోచనన్
వేడుకమీఱ వేఁడు నలివేణినిఁ దల్లినిఁ బోలరెవ్వరున్."	vutpalamaala
"మనుమఁ డటంచుఁ బిల్వ సుకుమారునిఁ గోడలు గన్న మాటఁ దా
విని యనివారదానముల వేలముగా నొనరింపఁజేసి చ-
య్యన శుభవాద్యముల్ మొరయునట్లు ఘటించెఁ గదా యటంచుఁ గ-
న్గొని ముదమందునట్టి యల కోమలిఁ దల్లినిఁ బోలరెవ్వరున్."	champakamaala
"కలిమి బలంబు భోగము సుఖంబు జయంబు యశస్సమృద్ధియుం
గలుగఁగఁ గోరుచుం దనదు కాయము డస్సిన శక్తి లేమిడిన్
బలము దొలంగియుండినను బాయని కూర్మి తురంగలింప ని-
ర్మలమతిఁ బుత్రవత్సలత రంజిలు తల్లినిఁ బోలరెవ్వరున్."	champakamaala
"సరవిఁ గుమారవాంఛ కొనసాగుటకై పడు వేవులింత నో-
రరుచి విచేష్ట గాసి మొదలైన ప్రయాసములెల్లఁ జూడఁగా
హరిహరపంకజాసనముఖామరులైననుగాని యిట్టి దు-
ష్కరతరబాధ లోరువరు గావునఁ దల్లినిఁ బోలరెవ్వరున్."	champakamaala
"కడువడి మీఱ నందనుని గర్భములో భరియించి యింటిలో
నడిచెడివేళఁ దాఁ బనులు నాణెముగా నొనరించువేళ నిం-
పడరఁగఁ గూరుచుండు నెడనైన ప్రయాసము లోర్చెఁ గాన నీ
పుడమిని లోకమాత యనఁబోలిన తల్లినిఁ బోలరెవ్వరున్."	champakamaala
"ప్రసవము నొందునాఁడు పడు బాములు చూచినఁ బ్రాణహానియై
యెసఁగినఁగాని లోనఁ గసటెంతయు లేకయె పుత్రవాంఛ లో
మసలెడుఁ గాన నింకిట సమానదయారసపూర్ణు లెవ్వ రీ
వసుమతిలోన దివ్యగుణవార్ధినిఁ దల్లినిఁ బోలరెవ్వరున్."	champakamaala
"నేరుపు విద్యయుం గలిమి నీతివివేకము గల్గునట్లుగా
సారెకుఁ దెల్పుచో జగతి సౌఖ్యము గల్గ ఘటింపఁజేయుచో
నారయఁ బ్రేమఁ దా నహరహంబును గంటికి ఱెప్ప చాడ్పు మం-
దారము రీతిఁ బ్రోచు గుణధన్యను దల్లినిఁ బోలరెవ్వరున్."	vutpalamaala
"శ్రీ వెలయంగ లోకు లిది చిత్రమటంచు మదిం దలంప న-
ప్పా వతిభక్తితో జననిపైఁ గల ప్రేమ దురంగలించి రాఁ-
గా వగ మీఱ మాతృశతకం బొనగూరిచెఁ గానఁ జూచినం
బూవిలుకానిఁ గన్న సిరిఁబోలిన తల్లినిఁ బోలరెవ్వరున్."	vutpalamaala
శ్రీరుక్మిణీనాథ జితకోటిరతినాథ సుందరాకార సానంద శరణుసురయక్షకిన్నరవరమౌనిశుభకర నరకాంతకా పద్మనాభ శరణుజలధరనిభగాత్ర జలజాతదళనేత్ర పరమపవిత్ర గోపాల శరణునిర్మలగుణతోష నిజభక్తజనపోషక వివచోభూషప్రకాశ శరణు	seesamu
అనుచు నిను చాల నుతియించి యబ్జభవుని | వెలది నెంతయు గొనియాడి విఘ్నపతినిసన్నుతి యొనర్చి రచియింతు శతకముగను | మదనగోపాల సత్యభామావిలోల!	teytageethi
దండము యదువీర దశరూపధర నీకు దండము వసుదేవతనయ శౌరిదండము హరిధరాధర నీకు విమలారి దండము శతకోటిసవనతేజదండము మందరోద్ధర నీకు సాష్టాంగదండము కంసమర్దన మురారిదండము కోదండధర మాధవా తన దండకు నిను బిల్వ తరుణి పనిచె	seesamu
గాన వచ్చితి మీ పాదకమలసేవ | కల్గె నా భాగ్యమెట్టిదో కరుణగల్గిసుదతి నేలుట దగునయ్య సుందరాంగ | మదనగోపాల సత్యభామావిలోల!	teytageethi
సుదతి కెమ్మోపి దా జూపెనా పదియారుకళల చందురువలె గానవచ్చుశుకవాణి కన్నులజూపెనా మరుజేతి కలువతూపులమాట్కి గానవచ్చువగమీర ముంగుర్ల సొగసు చూపించెనా భ్రమరమాలికలని పల్కవచ్చుగబ్బిగబ్బల నుబ్బు గన్పడ జూపెనా పసిడిగిండ్లని మెచ్చ బల్కవచ్చు	seesamu
నతివ సౌందర్య మెన్నుట కలవిగాదు | మగని కూరిమిగలిగిన మగువ నేల-దగును నీకైన దగు మంచితరుణి సుమ్ము | మదనగోపాల సత్యభామావిలోల!	teytageethi
బాలనే నే తాళజాలనే యీ రవ్వలేలనే వలచిన గోలననవెరమ్మనే మనవిచే కొమ్మ నే బిగికౌఁగిలిమ్మనే నమ్మిన కొమ్మననవెచల్లగా పన్నీరు చల్లగా విభునిపై చల్లగా మదికింపు సలుపుమనవెదక్కి నా వలలోన జిక్కి నా సామికి మ్రొక్కినానని చాల ముదితయనవె	seesamu
యనుచు నీతోడ యెరుగింపుమనుడు వేడె | గాన వచ్చితి నిను బిల్వ కనకచేలతామసించిన నా యింతి తాళదికను | మదనగోపాల సత్యభామావిలోల!	teytageethi
నెఱికురుల్ నీలాల నిరసించు మోముతో సరియౌనె పున్నమచందమామనిద్దంపు నునుజెక్కుటద్దంబులను గెల్చు ముద్దియయోష్టంబు మొనయ కెంపుకన్నుల సోగలు కల్వరేకుల మీఱు జన్నుగుబ్బలు సరి జక్కవలకుతిలపుష్పముల గేరు తెరవ నాశిక తీరు చెలి హస్తమబాళి జెనకజూచు	seesamu
గుందముల మించు రజనాళీ కొమ్మ నిన్ను | దలచి మరుబారిచేతను తాళలేకయున్న దా యింతి నెడబాయ యుచితమగునె | మదనగోపాల సత్యభామావిలోల!	teytageethi
అరవిరిగొమ్మరా యపరంజిబొమ్మరా మరునిచేచిల్కరా మందయానయలికులవేణిరా యంబుజపాణిరా చిలుకలకొలికిరా చిగురుబోడివెన్నెలగుమ్మరా యన్నులమిన్నరా పన్నీటిసోనరా పంకజాక్షిచిలికికటారిరా చిత్తజదంతిరా శుకవాణిరా మేటి సుందరాంగి	seesamu
యనగ దగినట్టి యా బాల నేలుకొనక | మోడిసేయంగ నుచితమే మోహనాంగతామసించక రావయ్య దానవారి | మదనగోపాల సత్యభామావిలోల!	teytageethi
నడుముల్కు తొడబెళ్కు మెడకుల్కు కడుతళ్కు మోము చూచిన చాల మురియవటరపగడంపు జగనింపు తగకెంపు జిగిబెంపు కొమ్మవాతెర జూచి కోరవటరబిగినుండు జిగిమించు తొలగించు వగలాడి పాలిండ్లు జూచిన భ్రమయవటరననబోడి శుకవాణి ఘనశ్రోణి మృదుపాణి వగలు చూచిన దాళవచ్చునటర	seesamu
గాన నా సుందరాంగిని గారవమున | నేలుకొనదగు నీకైన దిందువదనవెలది నను బంపె నిను బిల్వ వేడ్కమీర | మదనగోపాల సత్యభామావిలోల!	teytageethi
బెళ్కుచూపులకొమ్మ తళ్కుబంగరుబొమ్మ కుల్కుముద్దులగుమ్మ కుందరదనవగలాడియౌన జిగిముద్దుమోముది చిగురాకుమోవిది చిన్నెలాడిజిగిపెన్గులాట్లచే బిగిగుబ్బపోట్లచే తగుమోవికాట్లచే తరుణి విభునివలపించు మరులెద గొలిపించు నతి మేలు కలిపించు రతులచే గంబుకంఠ	seesamu
యనగ దగినట్టి యీ యింతి నేలుకొన్న | గోరి చక్కెర పాలును గూర్చినటులసురతసౌఖ్యంబులబ్బును సుందరాంగ | మదనగోపాల సత్యభామావిలోల!	teytageethi
వదనమా కాదది పదియారుకళలచే బెంపొంద వెలయు జాబిల్లి గానికన్నులా కావవి చెన్నుమీఱగజాల మెరసెడి బేడిసమీలు గానియధరమా కాదది మధురసభరితమై పరిపక్వమగు బింబఫలము గానికందరమా కాదు కరిమరేఖల దాల్చి కంధిలో బొదలు శంఖంబు గాని	seesamu
యనుచు నుతియింపతగినట్టి యలరుబోడి | నెనయదగు జాగుసేయక నేలుకొమ్మువినుతమౌ నీశ నీకు నే విన్నవింతు | మదనగోపాల సత్యభామావిలోల!	teytageethi
చల్లని పన్నీట జలకంబు గావించి జిలుగుబుటేదారిచీరె గట్టిబంగారుసరిగెమొగ్గల నిగ్గుగను పట్టురంగు మీరిన మేటిరవికె దొడిగిబన్నసరులు మేటిపతకంబు ముత్తియసరులు గుబ్బలమీద జారి యొరయనందిబందులు వజ్రసరులు కంకణములు కరములు నిగనిగ కాంతులెసగ	seesamu
మెలత మొలనూలిఘంటలు మిగుల మ్రోయ | కాళ్ళనందెలు గజ్జెలు ఘల్లుమనగచెలిని జూచిన మరువారి చిక్కవటర | మదనగోపాల సత్యభామావిలోల!	teytageethi
నెరులురా తుమ్మెదగరులురా నీలంపుసరులురా కొమ్మ ముంగురుల సౌరుమేలురా చెనకినపాలురా మించుటద్దాలురా ముదిత కపోలయుగమువాలురా బేడసమీలురా కల్వలనేలురా కలికి కన్గవల తీరుచెండ్లురా బంగారుగుండ్లురా గజనిమ్మపండ్లురా యతివ పాలిండ్ల తీరు	seesamu
చెలియ నూగారు నల్లనిచీమబారు | పొలతి పొక్కిలి విరిసిన పొన్నపూవునెలత నేలుట తగునయ్య నెనరుతోను | మదనగోపాల సత్యభామావిలోల!	teytageethi
రవనూనె మెరుగిడి రాణించు నెరికురుల్ దువ్వి కొప్పమరించి తోరమైనగొప్పరాగిడి మేటియొప్పైన కుప్పెయు సవరించి మొగ్గల సరులు మీరపరగ కెంపులు చెక్కబడినట్టి పాపటబొట్టుపై శశిపువ్వు పొసగ దాల్చినిద్దంపు చెక్కుల వద్దికగా వజ్రతాటకముల ధాళధళ్య మమర	seesamu
నాణిముత్తెపు నత్తు మోవంది గుల్క | నెంచదగినట్టి తొలకరి మించొ యనగదాని వగ జూడ దమి నిల్వ దరమె నీకు | మదనగోపాల సత్యభామావిలోల!	teytageethi
కొసరంచు పలుమారు కొమ్మ కమ్మనిమోవి యాని తేనియ గ్రోలుమనుచు బలుకవద్దికతో దన నిద్దంపు చెక్కులు ముద్దాడరా యని మురియ బల్కమొనసి పాలిండ్లపై మొనగోరు లించుకయుంచరా యని తమిమించు పలుకవడిబోక ముడివిచ్చి తడయక నాభిలో నంగుళం బానరా యనుచు బలుక	seesamu
కేళి మరుకేళి గూడంగ కోరి పలుక యతనుసామ్రాజ్య మెల్ల నీ కబ్బినటుల-నుండదే చూడు మా యింతి నొనరగూడి | మదనగోపాల సత్యభామావిలోల!	teytageethi
విడెమందుకొమ్మన్న తొడలపై గూర్చుండి దొంతరవిడెమిచ్చు తోయజాక్షినెనరుంచుమనినను చనువున చెలరేగి మోవితేనియలాను ముద్దుగుమ్మయదనిదియన్నను వదలక బిగబట్టి యదనుగుబ్బలగుమ్ము పద్మగంధి... ... ... ... ... ... ... ... ... ... ... ... ... ... ... ... ... ... ... ... ... ... ... ...	seesamu
మరునిచేచిల్క యనదగు మందగమన | కలికి నెమ్మోము చందురుకాంతినెసగునట్టివగలాడి నెడబారునలవి గాదు | మదనగోపాల సత్యభామావిలోల!	teytageethi
బిగికౌఁగిలింతల బెనగుచు పలుమారు విడెమందుకొమ్మను వేడ్కలాడికిలకిలమనుచు వెన్నెలతేటనగవుల గిలగింతలొనరించు కీరవాణితలపున విభునిపై తప్పేమియును లేక పొలయల్క గావించు పువ్వుబోడికొసరి వేడుచు బతి గూడినది యెంతహాయిరా నా సామి యను లతాంగి	seesamu
యట్టి కనకాంగి వగలెన్న నలవి గాదు | పంకజాక్షిని చౌసీతిబంధగతులనేలుకొనవయ్య యతివేగ నీరజాక్ష | మదనగోపాల సత్యభామావిలోల!	teytageethi
మొలకదేనియలొల్కు కుల్కుపల్కుల విభు మది కరగించునే మంజువాణిక్షణమైన నిను బాయజాలర ప్రాణేశ యని కౌఁగిలించునే యబ్జపాణివీణె వాయింపుచు వెలది పైకమురీతి బాడగా నేర్చునే పద్మనయనయిద్దరమొనగూడి వొద్దిక నుండుట కెన్ని నోచితినను నెమ్మెలాడి	seesamu
చాల మది కింపు బుట్టించు సరసిజాక్షి| నట్టి జవరాలి నెడబాయ నర్హమగునెకలికి నేలుట దగునయ్య కరుణ గల్గి | మదనగోపాల సత్యభామావిలోల!	teytageethi
చెండ్లాడమనుచు బాలిండ్లు నాథుని చేతికబ్బంగనిచ్చు నా యలరుబోడిగాటంపు రతుల జొకాటంపు వగలను మొనసి కూడగజాలు మోహనాంగిబడలిన విభునకు బలుమీరు గెమ్మోవియానంగనిచ్చు నా పంకజాక్షిపన్నీరుగంధంబు పైజల్లి శైత్యోపచారంబు సేయునా జలజపాణి	seesamu
గాన నా యింతి వగలెన్నగా దరంబె | సరససద్గుణజాల యా సన్నుతాంగిచాల నిను గోరియున్నది జాలమేల | మదనగోపాల సత్యభామావిలోల!	teytageethi
కళలంటి సొక్కించగలయట్టి నిను బాయజాలరా యని రాల సాగి మ్రొక్కునా సామి నా దొర నా మనోహర యని జిగి బిగికౌఁగిట జేర్చి కొసరునిను గానకుండిన నిమిషంబు నా యెద జాలి బొందునటంచు చాల వెఱచుతగ నిను గూడని తరుణి యవ్వనమెల్ల నడవిగాచిన వెన్నెలనుచు బలుకు	seesamu
దమకమున నిన్ను వలపింపదగినయట్టి | కొమ్మ ముద్దులగుమ్మయా కోమలాంగినెనయదగు నీకు నా యింతి నేలుకొమ్ము | మదనగోపాల సత్యభామావిలోల!	teytageethi
తలవాకిలిల్లుగా దన ప్రాణనాథుని రాక కెదురుచూచు రాజవదనవచ్చిన దన విభు గ్రుచ్చి కౌఁగిట జేర్చి మచ్చికతో బల్కు మందయానమజ్జన మొనరించి మంచిగంధము మేన నలది వేడ్క యొనర్చు నబ్జపాణిపళ్లెరమిడి చాల బసయైన కూరలు రతిరసాన్నము పెట్టు కుసుమగంధి	seesamu
యొనర భుజింప బ్రాణేశు నుపచరించు | సురటి చేబూని విసరును సొంపుమీరనింపు బుట్టించు నా బాల నేలవేల | మదనగోపాల సత్యభామావిలోల!	teytageethi
పగడంపుగోడల బంగారుపట్టెల చప్పరంబొప్పు మంచం బమర్చిక్రొత్త తాప్తా దూదిమెత్తపైన పరంజిజరి తలగడదిండ్లు చక్కబరచిపరిమళద్రవ్యముల్ పన్నీరుగంధంబు రత్నాలగిన్నెను జతను పరచియరవిరిబంతులు మరువంబు కురువేరు నపరంజితట్టల నమరజేర్చి	seesamu
యతివ దన కేళిగృహము నలంకరించి | విభుని దోడ్కొని రమ్మని వెలది వనిచెపాన్పుపై నిన్ను గూడ నా పద్మగంధి | మదనగోపాల సత్యభామావిలోల!	teytageethi
నాథునికడ జేరి నాతి వాక్చాతురి బల్కగా విభు డతిపరవశమునమొనసి చక్కెరమోవి మునిపంట నొక్కిన నసురుసురను లేచి యలరుబోడియెవరైన జూచెద రిదివేళ గాదని తలుపుచాటున జేరి తమకముననుజులుము సేయక నీకు జోహారు జేసెద దాళరా యిక కొంత దడవటంచు	seesamu
బతికి సతి మోహమొనరించి పణతి తెలిసి కినిసి క్షణమున రతిదేలి కీరవాణిమగని మతి జరగించు నా మందగమన | మదనగోపాల సత్యభామావిలోల!	teytageethi
నెమ్మదిగా భర్త నెనరుంచవలెనని పొలతి పున్నమ యొక్కప్రొద్దులుండుమమత బాయక పతి మందిరంబుననుండ మరుమంత్రజపము లేమరక సేయునన్యకాంతల విభు డాసింపకుండగా శివు నభిషేకంబు చేయుచుండుమగడు దన మాటకు నూరాడకుండగా జెలి వినాయకపూజ సేయుచుండు	seesamu
బడతి యీ రీతి దేవతాప్రార్థనంబు | చేయుచున్నది మీ పాదసేవకొరకు... ... ... ... ... ... ... ... ... ... ... ... ... | మదనగోపాల సత్యభామావిలోల!	teytageethi
ఆసించి తన పతి ననుకూలపరచిన భాసురాంగికి నిత్తు బన్నసరులుకూరిమి వరుని గూర్చగల్గినయట్టి ముద్దియకిత్తు నే ముత్తియములుపనిపూని విభుని నా భవనంబు జేర్చిన వనితకిత్తును మేటివజ్రతతులుకరుణించి తన భర్త గలయఁ జేసినయట్టి భామకిత్తును జౌలబావిలీలు	seesamu
అనుచు దగినట్టి చెలులతో నలరుబోడి | బలుకుచున్నది యతిమోహపరవశతనుగాన నా యింతి నేలుము కమలనాభ | మదనగోపాల సత్యభామావిలోల!	teytageethi
చల్లని పన్నీరుచల్లి నాథునితోడ సరసంబులాడుచు చాల మెచ్చియించుక నీ దయ యుంచరా నా సామి యంచు చక్కెరమోవి యాననిచ్చియెదయెద గదియించి వదలక బిగియించి ముదమున జెక్కిళ్ళు ముద్దుబెట్టిసమరతి యుపరతి చతురత వగలను సదయునితో నొక్కజాము పెనగి	seesamu
యవుర శాబాసు నా సామి యనుచు బొగడి | మరలి రతిగూడి విభునకు మమత హెచ్చదమిని గల్పించినటువంటి తరుణి గదర | మదనగోపాల సత్యభామావిలోల!	teytageethi
పతియింట లేనప్డు భ్రమరమా యిట రాక తగునటే యని లేచి తరమబోవుసద్దుజేయక నుండజాలవె కోయిల వేళ గాదని కేల వ్రేయబోవుమచ్చరంబున నేడు మరుడు దండెత్తెనో చెలులార పొమ్మని జెప్పుడనునునిలువుటద్దమునందు నెలకొన్నవాడని తెరవ చందురుని మర్దింపబోవు	seesamu
మగువ యీ రీతి విరహాబ్ధిమగ్న యగుచు | తలిరువిలుకాని బారికి తాళలేకనిన్నె దలచుచునున్నది నీరజాక్షి | మదనగోపాల సత్యభామావిలోల!	teytageethi
తుమ్మెద రొదసేయ తొడరిన తోడనె తెమ్మెర వీచెనే తెరవలారతెమ్మెర వీచెనే తెరగింక ననుచుండ గ్రమ్మె చిల్కలగముల్ కాంతలారచిలుకలగము లేల చేరెనో యనుచుండ జెలగి కోయిల గూసె జెలియలారకోయల లీరీతి గూసెనేమొకొ యని భావింప మరుడదె భామలార	seesamu
చెరుకవిలు వంచి యటపొంచి చేవమించి | పదరి యెద నాటనేసెనే పణతి యనుచుబలుకుచున్నది వలపున భ్రమసి మిగుల | మదనగోపాల సత్యభామావిలోల!	teytageethi
దాడాయె మరుడిదే వేడాయె వెన్నెల వాడాయెనే విరుల్ వనితలారచెలువ తెమ్మెర డాయ నళులు జుమ్మని మ్రోయ జిలుకలు రొదసేయ జెలియలారవిరహమగ్గలమాయె వెఱపొందగానాయె సరసుడు రాడాయె సఖులారనను జేరవచ్చునా వనజాక్షి మెచ్చునా మనసిచ్చి కూడునా మగువలార	seesamu
యనుచు దనలోనె తలపోసి యతివ నీదు | రాక గోరుచునున్నది రవ్వలేలగాననిక నేలుకొనవయ్య కరుణగల్గి | మదనగోపాల సత్యభామావిలోల!	teytageethi
సుదతి వెన్నెలపిండు జూచిన కడు తాపమందును జూడరాదనుచు బల్కువిరులు దురుమగరాదు వెలదిరో యతనుని శరజాలములటంచు చేరి పల్కుగంధ మలదగరాదు గంధవాహుండల్గి యదర వీవగ వేడియనుచు బల్కునిటు దలపోయుచున్నది యింతి మరుని దాడికిని వెఱచి నిను మది దలచితలచి	seesamu
... ... ... ...యట్టి విరిబోడి నేలుట యర్హమగును | మదనగోపాల సత్యభామావిలోల!	teytageethi
తీరైన మృగనాభి తిలకంబు ధరియించి కనుల కాటుక దీర్చి గరిమ మీరనగరుగంధము మేన నలది కొప్పున దావి పొలివోని పువ్వులు పొందుపరచివన్నెమీరగ సన్నవలిపెపై పన్నీరుచల్లి ఘమ్మనుచు వాసన చెలంగకుంకుమ యత్తరు గోరజవ్వాదియు బొంకమౌ పాలిండ్ల బూసె నీదు	seesamu
వక్షమున గుబ్బగురుతులు వనిత సేయ | గోరి యున్నది యిక నేలుకొనుము దానిజాగుసేయక రావయ్య జలరుహాక్ష | మదనగోపాల సత్యభామావిలోల!	teytageethi
నిను జూచినది మొదల్ నిదుర కంటికి రాక మనమున దిగులొంది మరులు వరలవిరహ మగ్గలమాయె విభుడేల రాడాయె బిలువవే యని నన్ను బిలిచి పనిచెననబోడి మాటలు విని నేను గ్రక్కున నిను బిల్వ వచ్చితి నిలువకెందునిక జాగుసేయక శుకవాణికడ జేరి యకలంకముగ నేలు మంబుజాక్షి	seesamu
గడగి నీవింక రాకున్న గంబుకంఠి ప్రాణములు నిల్వనోపవు పడతి విరుల-దండ లురిబోసుకొన నది దలచునింక | మదనగోపాల సత్యభామావిలోల!	teytageethi
ఇంతిరో విభుడు నా చెంత జేరినయంత నునుచెక్కులను గోట నులుమనటవెకాంతరో నా భర్త కౌఁగిలించిన యెంత చక్కని కెమ్మోవి నొక్కనటవెమందయానరో నాథుడంది చన్గవ నంట కొసరి నా జడతోడ గొట్టనటవెకొమ్మరో పతిరతి గూడ నా గుబ్బల ఱొమ్మున గసిదీర గ్రుమ్మనటవె	seesamu
యనుచు బంతంబులాడుచు నలిరుబోడి | మరునికేళిని నిముషమేమరక కలిసినిన్నె మెప్పించనున్నది నీలవేణి | మదనగోపాల సత్యభామావిలోలా!	teytageethi
సురతచమత్క్రియల్ సూపించిచూపించి మేలిమి నీ పొందు మెచ్చిమెచ్చిమోము మోమున జేర్చి ముద్దాడిముద్దాడి గొసబులియ్యని మోవి గ్రోలి గ్రోలిగబ్బిగుబ్బల నెద గదియించిగదియించి బిగువు కౌఁగిళ్ళను బెనగిపెనగిమరుకేళి గవయగ మనసిచ్చి మనసిచ్చి గౌరవంబు చెలంగగలసికలసి	seesamu
మాటిమాటికి దన మేను మరచిమరచి తమక మిగురొత్త రతికేలి తగ పెనంగువనిత నేలుట తగునయ్య వనరుహాక్ష | మదనగోపాల సత్యభామావిలోల!	teytageethi
విభుడు పైకొనువేళ వెలది సంతసమంది గబ్బిగుబ్బలచేత గదియనిచ్చిదురుసుగా మరుకేళి దొడరిన నాథుని దప్పక వీక్షించి తరుణి తనదుచెలువుని మోమున చెమట గ్రమ్మిన జూచి విరులవీవన చేత విసరి వేడ్కనేడు మంచిదినంబు నెనరున ననుగూడి హాయి వుట్టించితి వంబుజాక్ష	seesamu
యనుచు నను జాల మెప్పించు నతివ నిట్లు | బాసి యుండగ దగునయ్య పడతి నీదురాక గోరుచునున్నది రవ్వలేల | మదనగోపాల సత్యభామావిలోల!	teytageethi
సుదతి దా దశవిధచుంబనగతులను దన భర్తకును దెల్పు దావులరయగుచయుగంబులు నాభి గొనబైన కెమ్మోవి హస్తముల్ చెక్కులు మస్తకంబుకక్షంబు నుదురును కంఠంబు మరునిల్లు వదలక పదిచోట్ల ముదము మీరకరికరలీలల గావించి నఖముల ముద్దులాడగ గొంత మొనయవలయు	seesamu
ననుచు జుంబనవిధముల నన్ని వగల | దెల్ప వలపింపదగినట్టి తెరవ నిపుడుగలసి యేలుట దగునయ్య కామజనక | మదనగోపాల సత్యభామావిలోల!	teytageethi
ఎవతె బోధించెనో సవతి బెట్టిన మందు తలకెక్కె గాబోలు తరుణులారపలుమారు చెలులను బంపిన నిటురాక పంతమేలనె నాతో భామలారమ్రొక్కి వేడితినని ముదితలు దెల్పగా నక్కరలేదనె నమ్మలారవనజాక్షి మగవారి వలపులు సతమనగూడునా తెల్పరే కొమ్మలార	seesamu
యనుచు బలుమారు చెలులతో నాడికొనుచు | మోహసాగరమున మున్గి ముదిత నీదుకరుణ యను తెప్ప గోరెడి కమలనయన | మదనగోపాల సత్యభామావిలోల!	teytageethi
చిత్తజుకేళికి హత్తెనా వగలాడి యత్తరుగంధంబు యలదినట్లుగుత్తంపుగుబ్బల గ్రుమ్మెనా విరిబోడి మెత్తనిపూచెండ్ల మెరమినట్లుచిత్తంబు నొకటిగా జేర్చెనా యలివేణి నిత్యసంపదలచే నెగడినట్లుపొత్తున భుజియింపబూనెనా శుకవాణి కొంత తేనియ జున్ను గ్రోలినటుల	seesamu
నుండు గదరోరి యా యింతినొనర గూడ | దగుర యిక జాగుసేయుట దగదు నీకువెలది నను బంచె నిను బిల్వ వేగ రమ్మి | మదనగోపాల సత్యభామావిలోల!	teytageethi
నిను బాసినది మొదల్ నీరజాతాక్షికి నాహారనిద్ర లేదాయె గదరతలపున నిను చాల దలచి వేమారును బరితాపమును జెంది పలుకు గదరయెప్పుడు నను బాయడేమొకో రాడాయెనని తన చెలులతో నాడు గదరచలమూని నా ముద్దుసామి రాడని చాల భయమంది నిను బిల్వబంచె గదర	seesamu
కాన నిటకేగుదెంచితి గారవమున చాన నేలుట తగునయ్య జాగువలదునిన్నె మదిగోరి యున్నది నీలవేణి | మదనగోపాల సత్యభామావిలోల!	teytageethi
తొలుత ప్రాణేశుని తొడలపై బవళంచి యాసదీరగ ముద్దులాడుకొంచుబ్రాణేశ నిను బాసి ప్రాణముల్ నిలుచునా యని తన కెమ్మోవి యాననిచ్చినలినాక్షి నిను బాయనని బాసలిమ్మని పలుమారు కొసరుచు బడతి విభునిమక్కువతోడను మరుకేళి దేలించి యక్కరతోడ నయ్యలరుబోడి	seesamu
పాలువెన్నయు మీగడ పంచదార | కొమ్మనుచు వేగ భర్తకు గ్రోలనిచ్చిహాయి పుట్టించునటువంటి యతివ గదర | మదనగోపాల సత్యభామావిలోల!	teytageethi
పలుమరు మేల్‍జరీ పైటకొంగున గట్టివలపు నిల్పగలేనె వనిత యనుచుజెలరేగి నీ ముద్దుజెక్కులపై నొక్కి ముద్దుబెట్టనియవె ముదితయనుచుకనకాంగి నీ బిగికౌఁగిట నను జేర్చి మనసియ్యరాదటే మగువ యనుచుకొమరొప్ప నీ కుల్కుగుబ్బలపై నాట గోరులుంచగనీవె కొమ్మ యనుచు	seesamu
వెలది నను చాల కొసరిన విభుని పొందు | మఱచి యెటులుండవచ్చునే మందయానయనుచు నను బంపె నీకడ కబ్జనాభ | మదనగోపాల సత్యభామావిలోల!	teytageethi
ప్రేమతో నా విభు పిలువనంపిన నిందు రాడాయెనేమొకో రామలారసవతులు నాపైన చాడి గావించిరో కానరాకున్నాడు కాంతలారయతివలు నా మనోహరుని రావద్దని యడ్డగించిరొ కదే యమ్మలారమనసిచ్చి యెవతెను మరగియున్నాడకో తెలియదు గదవే యో తెరవలార	seesamu
యనుచు జెలులతొ నెప్పుడా యలరుబోడి | నిన్నె తలచుచునున్నది నీరజాక్షగాన రావయ్య వేగమె కమలనయన | మదనగోపాల సత్యభామావిలోల!	teytageethi
తరువు బాసిన తీగె తెరగున విభు బాసి యెటు నిల్వనోపుదు నింతులారననుగైన మొగులు గానని నెమ్మి కైవడి ముచ్చట లేదాయె ముదితలారజలము బాసినయట్టి జలజంబువలె మది సొంపొకించుక లేదె సుదతులారకొమరైన ద్విజరాజు కూరిమి లేనట్టి కుముదంబువలెనాయె కొమ్మలార	seesamu
గాన నిక నేటి బ్రతుకని కంబుకంఠి | మదిని దత్తరమొదవ నా మందయానచెలుల నేవేళ జీరుచు చింతనొందు | మదనగోపాల సత్యభామావిలోల!	teytageethi
గజయాన వగమీర గదిసి నాథుని యెద కులుకుగుబ్బలచేత గ్రుమ్మి వేగబదపడి చేతుల వదలక బిగబట్టి గుదిగాళ్లు వెన్నున గూర్చి వొక్కిమరుకేళి నొకవింత మనసిచ్చి యొక కొంతసేపు హాయిగ రతిచెంది మగనిమదికింపు పుట్టింప సదయుని మెప్పించి సుదతి నాథుని మోము జూచి తమిని	seesamu
యవుర నా సామి విడువకుమనుచు జాల మ్రొక్కి కౌఁగిట జేరిచి ముద్దుబెట్టికొసరి భర్తను లాలించు కోమలాంగి | మదనగోపాల సత్యభామావిలోల!	teytageethi
పల్కున దేనియలొల్కు రాజిల్క నా మదిరాక్షి విభునితో మాటలాడుఠీవి మీరిన మేటిపావురావలె గుల్కి మొనసి నాథునకు కెమ్మోవి యొసగుజిగిమీర గౌగిళ్ల పికిలిపిట్టల భాతి తరుణి నాథుని గూడి తగ బెనంగుశుకవాణి భర్తతో లకుముకి చందాన చెలరేగి యుపరతి సలిపి సొక్కు	seesamu
నహహఈ యింతి వగలెన్న నలవిగాదు | మగువ మరువేదముల కుప్ప మదిని యొప్ప-గోరియున్నది నీ చెల్మి కువలయాక్ష | మదనగోపాల సత్యభామావిలోల!	teytageethi
సొగసైన మైనిగ్గు సుదతి సొమ్ముల జగ్గు వెలలేని మణులచే వేడ్కలలరుపగడంపు జిగిడాలు పడతి మోవిని బోలు జూడజూడగ నెంతోచోద్యముగనువిరిబోడి పాలిండ్లు గురులైన పూచెండు నీక్షింపనీక్షింప నెనగు ముదముచెలిహస్తముల బాగు చిగురుటాకుల లాగు గనుగొన నతిమోహకాంక్ష జెందు	seesamu
నిలువనిచ్చునా యొకచోట నిముషమైన | తరుణి నయవినయములచే దగ బెనంగగోరియున్నది రావయ్య కోమలాంగ | మదనగోపాల సత్యభామావిలోల!	teytageethi
పసిడిబుటేదారి పట్టువల్వ ధరించి రాణించు పైఠాణిరవికె దొడిగిబాలచందురువంటి ఫాలభాగంబున దిలకంబు కొనగోర దిద్ది వేగవరుని మృదూక్తుల వలపించి జిగిబిగికౌఁగిట జేర్పును కంబుకంఠిపద్మంబు తావి మై బరగు పద్మినిజాతి కాంతయౌ నది గాన కమలనాభ	seesamu
నిన్నె మది గోరియున్నది నీలజాక్షి | తామసించక రావయ్య తరుణికడకుభవ్యగుణశీల యీవేళ భక్తపాల | మదనగోపాల సత్యభామావిలోల!	teytageethi
వదనాంబుజమునందు కొదమతేటుల మాడ్కి నలువైన ముంగురుల్ నటనమాడపసమించు బంగారుపతకముల్ జతగూడి కులుకుగుబ్బలమీద గుసియాడసందిటగల బాజుబందుకుచ్చులచాలు తోరమై పలుమారు తూగులాడచెలువైన మొలనూలి చిరుఘంటలొరయుచు సారె కణిల్లని సద్దుసేయ	seesamu
జెలగి మొనసియు రతిగూడు చిన్నెలన్ని | మఱచియున్నాడొ దెల్పవే మగువ యనుచునన్ను బనిచిన వచ్చితి నలిననాభ | మదనగోపాల సత్యభామావిలోల!	teytageethi
తోయజముఖి విభు తొడలపై దన పాదయుగము చక్కగ నిల్పి యువతి వేగపతి భుజంబులు రెండు పట్టుక తన చేత గొసరి తా గెమ్మోవి గ్రోలనిచ్చికలయుచు మరుకేళి కాంక్షదీరగ జేసి యాకుమడ్పు లొసంగి హవుసుమీరనిను బాయజాలరా నిముషమేని యటంచు మనసుంచి దయజూడుమనుచు బలికి	seesamu
మాటిమాటికి నీపైని మరులు చెంది యున్న విరిబోడి నెడబాయ నుచితమగునెతరుణి మరుబారిచేతను దాళదికను | మదనగోపాల సత్యభామావిలోల!	teytageethi
మాటల నొకకొంత పాటల నొకవింత గావించు బతి కింపుగాను కొమ్మరూపున నొకకొంత చూపున నొకవింత జూపించు విభునకు సుందరాంగితళుకున నొకకొంత బెళుకు నొకవింత గల్పించు ధవునకు గంబుకంఠిముద్దుల నొకకొంత మోవిమార్పుల వింత గావించు భర్తకు గమలపాణి	seesamu
తరుణి వగలెన్న నెవ్వరితరము గాదు వినుతగుణశీల నీకు నే విన్నవింతుజాగు సేయక రావయ్య జలజనాభ | మదనగోపాల సత్యభామావిలోల!	teytageethi
చెఱగు మాసిన మొదముల్ చెలియ మూడవనాడు గడిచి వేడ్కను జలకంబులాడిపసపూని నెమ్మేన మిసిమికాంతి చెలంగ చాన పాదిరిపూల చాదుబెట్టినొసట బాసటబొట్టు పసమించు వజ్రాల యాభరణంబుల నమర దాల్చితళుకుబంగరు బుటేదారి పావడ పైని సరిగె పైటచెరంగు జాళువార	seesamu
కొద్దియద్దాల రవికెయు ముద్దుగుల్క | తోరమగు గబ్బిగుబ్బల దొడగి కొమ్మవెడలు తరి జూడగావలె వేయుకనుల | మదనగోపాల సత్యభామావిలోల!	teytageethi
దొండపండుకు జాల బొండుమల్లెలు గూర్చి యాట్లాడరా వేగ హవుసుకాడఅద్దంపు పైపద్మమంటించి ప్రియమున జూడరా యావింత సొగసుకాడబాలచంద్రుల దెచ్చి పూలచెండ్ల గదించి వేడుక చూడరా వింతకాడమకరధ్వజునిగూటి శుకము నోటికనంటిపండిచ్చి చూడరా బలిమికాడ	seesamu
యనుచు దెరచాటి మాటల నతివ నీదు మనసు రంజిల్లగా జేయు మదనతంత్రజాలముల పుట్ట యా దిట్ట సరసిజాక్ష | మదనగోపాల సత్యభామావిలోల!	teytageethi
మరుని చేతికటారి మగువకుల్కు మిటారి తలపున బతి గోరి తాళలేకతెమ్మెర గడుదూరి తమ్ముల నటుచేరి కొమ్మలకడ జేరి గొసరి వేగవలపునకే దారి వనజాక్షి యీసారి పిలువరే నా శౌరి ప్రియము దనరకరుణించి యొకసారి కలసెనా వగమీరి తరుణి నా తమి జీరి తలతి చెలుల	seesamu
ననుచు సఖులతో నేవేళ నలరుబోడి వాదులాడగ జూచి వచ్చి మిమ్ముపిలిచినానింక రావయ్య ప్రేమగల్గి | మదనగోపాల సత్యభామావిలోల!	teytageethi
పంకజముఖి వేణి శంకరాభరణంబు చెలియ నగవు పూర్ణచంద్రిక యగుకలికి చూపులసొగసుగా వొప్పు సారంగ ననబోడి నాభి పున్నాగ యనగకాంత నెమ్మెయి తిరుకల్యాణి యనదగు బడతి జఘనంబు భూపాల యగునునింతి ప్రాణేశు లాలింపగా నాయకి విభు పరిచారియై విసర సురటి	seesamu
కలసి మరుకేళి మెప్పించు కనకగౌరి లలితగుణజాల శుభలీల లలన నిన్నుతోడి తెమ్మనె రావయ్య తోయజాక్ష | మదనగోపాల సత్యభామావిలోల!	teytageethi
పక్క బాయకయుండు ప్రాణేశ్వరుడు నన్ను నెడబాయుటకు నేడు హేతువేమిరవిశశిభౌములు రాహుకేతువులును బుధశుక్రశనిగురుల్ పొలతి నాకుచాలరో గాన గోచారంబు రీతిని యడుగరే విప్రుల నమ్మలారకాకున్న నా భర్త కరుణ యింతయు లేక యిందు రాకుండునా రామలార	seesamu
యైన నేమాయె వారల కనుదినంబు విప్రవర్యుల రావించి వివిధగతులయొనర తచ్ఛాంతి గావింప నువిద దలచు | మదనగోపాల సత్యభామావిలోల!	teytageethi
మందగామిని మోముచందంబు జాచిన బొందదే రతికాంక్ష బూని నీకుసోగకన్నుల దృష్టిసొగసు జూచినయంత నిలువనిచ్చునె మది నిముషమైనవనజాక్షి లేజిగివాతెర జూచిన పలుమొన లూరవే పరమపురుషపడతి సంతసమున బలువిచ్చి నవ్విన గనకాభిషేకంబు గాంచినట్టు	seesamu
లుండునటు గాన రావయ్య యొనర నీకు | దండమిక జాగుసేయక తరుణి కడకువచ్చి చూడుము నే బల్కు వార్తలన్ని | మదనగోపాల సత్యభామావిలోల!	teytageethi
కీరమా నే సేయు నేరమా నా యిల్లు దూరమా విభుడు రాదొడగెనేనినేడు మా యింతిని గూడుమా యని పతి వేడుమా చెలి నీవు వేగ యనుచుగోరి నా విభు డిల్లు జేరునా మరుబారి తీరుగా దెల్పవే తెరవ యనుచుజిఱుతనా మరుదారి మరుతునా గుబ్బల నొరుతునా విభు నెద నో లతాంగి	seesamu
యనుచు బలుమారు చెలులతో నలరుబోడి నిన్ను దలచుచునున్నది నీరజాక్షిజాగుసేయక రావయ్య చపల ముడిగి | మదనగోపాల సత్యభామావిలోల!	teytageethi
కలికి కీల్జడ సాటి గానోపకను భోగి కాలకంఠుని చేత కట్టుబడియెపద్మంబు చెలి ముఖపద్మంబునకు నోడి హరిణచయంబుల నాదుకొనియెవజ్రంబు చెలి దంతవరరుచులకు నోడి పాకశాసను చేత బట్టువడియెరామతో నడ సరిరా నోడి రాయంచ వనజసంభవునకు వాహమయ్యె	seesamu
గాన జెలి సాటి యెవ్వరి గాన జగతి | దరుణులకు మిన్న దానెన్న దరముగాదుపరమగుణజాల కాంచనభవ్యచేల | మదనగోపాల సత్యభామావిలోల!	teytageethi
కెమ్మోవి రుచి చాల బ్రమ్మి ముంగర ముత్తియమ్ము చొక్కంపు కెంపనగ దోచుగనుసోగకాంతుల నెనయ బావిలి పచ్చపండు నీలపు జాయనుండి దనరుపసిమిచెక్కుల కాంతి నెసగు గమ్మల వజ్రకణములు గోమేధికంబులయ్యెతరుణిగుబ్బల రంగునొరసి పైటచెరంగు బంగారుచాయల బర్వి మెరయ	seesamu
వెలదియంగాంగముల తళ్కులలరు నిటుల | నీరజాసను డా యింతి నీకు గానుదలచి సృజియించనేమొకో తరుణి నిపుడు | మదనగోపాల సత్యభామావిలోల!	teytageethi
మరుని కార్ముకములై తెరవ కన్బొమలొప్పు గురుకుచంబులు గెల్చు కోకయుగమునసియాడు లేగౌను హరిమధ్య యనదగు నయ్యింతి నునుదొడ లనటితరులుకలికిజంఘలు పొట్టకరగులై చెన్నొందు నతివపదములు చిగురుటాకులనగచుక్కలకాంతి పెంపెక్కు నఖావళి దంతిరాజముఖము బోలు తరుణినడక	seesamu
లౌర యా కుందరదన నీవంది మిథున- | మై చెలంగుటకై నొక్కమాట నీకుదెల్పుదును మీకు వేవేగ దెలసి రమ్ము | మదనగోపాల సత్యభామావిలోల!	teytageethi
నెలత ఠీవియు సొగసు నేత్రోత్సవము సేయు నింతిమాటలు చెవుల కింపుజేయుగలికి వగలను మనసు కరిగింపగా జేయు కొమ్మ తెల్వియు మది గోరజేయువనజాక్షి వింతలు వలపింపగా జేయు పడతి కనుసైగలు భ్రమయజేయునలివేణి చనులకు నౌసు వుట్టగజేయు వెలది కొసరులెంతొ వేడ్కసేయు	seesamu
గాన వగలాడికిని సాటిగలరె భువిని | చాన నీకైన దగు మంచిజాణ గదరమానకిక నేలుకొనవయ్య మదనజనక | మదనగోపాల సత్యభామావిలోల!	teytageethi
వదలని కౌఁగిళ్ళ వాతెరనొక్కులు నెద గుబ్బయొరపుల యా లతాంగిచిరునవ్వు మాటల జిలిబిలి పాటల దురుసుపై కొసరుల దోయజాక్షికొనగోటిమీటుల నెనలేనియాటల మొనసిన బొమముళ్ళ మోహనాంగిగళరవంబుల చాలగానొప్పు సన్నల సైగల తగు ముద్దుచాన గాన	seesamu
వనిత వగనెన్న నెవ్వరి వశముగాదు | మరుని చేచిల్క యనదగు మందయానదాని కెనగాన నియ్యానత గజగాన | మదనగోపాల సత్యభామావిలోల!	teytageethi
తోయజవదన నీతోను భాషింపక మానునే విరహంబు మదనజనకపణతుక నీపక్క పవ్వళింపక గాని నెమ్మదినుండునే నీరజాక్షయక్కున గదియించి యలమి ముద్దిడక నీ యాస దీరునె యింక జలజనాభకలికి నీతో రతి గలయక పలుమారు భ్రమదీరునా సతికి భవ్యచరిత	seesamu
గాన నిక చాన నేలుము గలిసి వేగ | పూని యిక నీవు రాకున్న పొలతి మధుర-మైన విషములు ద్రావంగ మదిని దలచు | మదనగోపాల సత్యభామావిలోల!	teytageethi
మితిమీరి కాంక్షతో నతివేగ దన చేతి విరులవీవన చేత విసరి పతికినాకు మడ్పులొసంగి యతివ భర్తను బదులు విడెమిమ్మంచును వెలది ప్రాణ-నాథుని నీక్షించి నవ్వుచు బలుమారు నాశదీరగ మాటలాడుకొనుచునిను జూడకుండిన నిముషమేనియు తాళజాలరా నా ముద్దుసామి యనుచు	seesamu
జాల మదికింపుమాటల సరసిజాక్షి | మగని వలపింపదగినట్టి మందయాననెలత నేలుట తగునయ్య నెనరుతోడ | మదనగోపాల సత్యభామావిలోల!	teytageethi
వనజాక్షి నెరనీటు వగలు చూచిన మది నిలువ నోపగరాదు నీరజాక్షకనకాంగి నెమ్మెయికాంతి జూచినయపుడె తమి నిల్ప వశమౌనె దానవారిమగువ జిలిబిలి ముద్దుమాటలాలించిన నాశ మాన్ప దరంబె యమరవంద్యశిబ్బెంపుగుబ్బల చిత్రంబు జూచిన మోహంబు మానునే మోహనాంగ	seesamu
గాన నిక జాగుసేయక కమలనయన | తరుణికడ కిక నతివేగ గదలిరమ్ముఇంతి నీ రాక కేవేళ నెదురుచూచు | మదనగోపాల సత్యభామావిలోల!	teytageethi
కాంత నెమ్మెయి సాముగంబము గావించి విభుని పొందుమటంచు వేడుకలరనునుగోటి బాకుల నెనయించి గుబ్బల వదలని చేపట్ల వరుస దెల్పికొమ్మ నునుతొడలను కోణిత నెనయగజేసి మోవిమావుల వింతమొగ్గ నిల్చిచెలి వేణివిసరుల జిరంతసాము ఘటించి సరిబోర దొడరి హెచ్చరిక దెల్పి	seesamu
యనయ గుబ్బల కుంకుమ యెఱ్ఱమట్టి | మేననంటగ మరునాము మెలత నీకుదెల్ప గోరుచునున్నది దెలసిరమ్ము | మదనగోపాల సత్యభామావిలోల!	teytageethi
ధవుని బాసినయట్టి తరి గని నను జూచి వేగ మారుడు చెలరేగు గొమ్మచెలరేగి యదను క్రొంజిగురమ్ము లేసిన గోవెల లటుగూసె మావిగొమ్మమావిగొమ్మ బికాళి మది కలగించిన గల్కిచిల్కలు బల్కె గలివిగొమ్మకలివిమాటలు వినగా నోపకుండిన వెసవీచె దెమ్మెర వేపగొమ్మ	seesamu
వెలది యెట్లోర్తు శశిమంట వెలుగ గొమ్మ | పోయెదవె యిప్డు నా పతి బొగడగొమ్మప్రియముతోనని నను బంచె బిల్వగొమ్మ | మదనగోపాల సత్యభామావిలోల!	teytageethi
కన్నెకు నాల్గింట గల్గును కన్బొమ లందగత్తెల మేటి యా వధూటికన్నెకు నేడింట గల్గును నేత్రముల్ మరుచేతితూపు యా మగువ చూపుకన్నెకు నాఱింట గలుగును కుచములు గొప్పలై పూచెండ్ల యొప్పు దెగడుకన్నెకు బదిరెంట గల్గు నెన్నడు మది యణుమాత్రమగు జాడ నరసి చూడ	seesamu
కన్నె కేనిటు బదములు గల్గియుండు కన్నెకును బదియవదియు గలుగు నీకుకన్నెకును రెండవది నీకు కన్యకనుచు | మదనగోపాల సత్యభామావిలోల!	teytageethi
నీవు రావలెనంచు నెమ్మది దా గోరి గౌరీవ్రతము సేయు గంబుకంఠితోడ భాషింప నిజముగా మదిగోరి చెలి సరస్వతిపూజ సేయుచుండునీతోడ రతిగూడ నెలత దా నెదగోరి మదనుని బూజించు మందయాననీవు దయజూడంగ నిజభక్తి వరలక్ష్మినోము గావించు దా నుచితముగను	seesamu
భామ యీ రీతి వ్రతములు భక్తితోడ | జేయుచున్నది యచ్చట సిద్ధముగనుగలికి నీపైని నతిమోహకాంక్ష జెంది | మదనగోపాల సత్యభామావిలోల!	teytageethi
చాన నీపై వలపు మానెద నేవేళ బూని చిలుకలతోడ బోరుచుండుబాల నీపై జాల బాళిచే దుమ్మెదరో దలకు దన మది రోయుచుండుకామిని నీయందు కాంక్షను గోర్వంక కలకలంబుల కెదఁ దలకుచుండుభామిని విరహార్తిబాధితయై నెమ్మి కేకలకును మది గనుకచెందు	seesamu
మగువ యీ రీతి మోహాబ్ధిమగ్న యగుచు | నున్న దాయింతి నెడబాయ నుచితమగునెజాగుసేయక రావయ్య సారసాక్ష | మదనగోపాల సత్యభామావిలోల!	teytageethi
విరిబోడి నిను జేరి వింతవింతగ మాటలాడదే ముదమున హవుసుమీరకొమ్మ పైకొని చాల ఘుమఘుమ వాసిల్ల పన్నీరు జల్లదే బాగుమీరయెలనాగ నినుగూడి యెదయెద గదియించి పలుమారు పెనగదే బాళిమీరనలివేణి నిను డాసి యక్కునక్కున జేర్చి గలయదే మరుకేళి ఘనతమీర	seesamu
గాన నా యింతి నేలుము గారవమున | చాన నిను వలచియున్నది జాగువలదుపూని యిక వేగ రావయ్య పొలతి కడకు | మదనగోపాల సత్యభామావిలోల!	teytageethi
ముదమున నీ ముద్దుమోము చూడక గాని విరహంబు మానునే తరుణికిపుడుమనమార నిను గూడి మరుకేళి గలయక యాశలు దీరునే యతివకిపుడుకోర్కెతో నుపరతి గూడి మెప్పింపక మానునే వ్యసనంబు మగువకిపుడు... ... ... ... ... ... ... ... ... ... ... ... ... ... ... ... ... ... ... ... ... ... ... ...	seesamu
కలికి యీ రీతి మదిలోన కలక జెంది | యున్న దా యింతి నతివేగ నూరడించిజాగుసేయక నేలుము జలరుహాక్ష | మదనగోపాల సత్యభామావిలోల!	teytageethi
కనకాంగి నీ బిగికౌఁగిట జేరను దలచదా మరుబారి తాళలేకకొమ్మ నీ యెద కుల్కుగుబ్బల గదియింప మది గోరదా తమి మానలేకముదిత నీ చెక్కులు ముద్దాడ దలవదా నిండిన మోహంబు నిలుపలేకకాంత నీతో రతి కలయగా నెంచదా విరహానలముచేత వేగలేక	seesamu
కలికి నీయందు నతిమోహకాంక్ష జెంది నిన్నే దలచుచునున్నది నీరజాక్షవేడ్కతోడను రావయ్య వనితకడకు | మదనగోపాల సత్యభామావిలోల!	teytageethi
నీటుమీరగ దళ్కు నిడువాలుగన్నుల గాటపు వగ గుల్క కాటుకలదియందమౌ మోమున పొందుగా కస్తూరితిలకంబు కొనగోట దిద్ది వేగనెరివేణి పొదవున విరిసరంబులు దాల్చి నరరత్నభూషణావళులు మెరయరంగుబుటేదారి రవికె యొప్పుగ దొడగి చెంగావిసరిగంచు చీర గట్టి	seesamu
వెడలి యారామమెల్లను వెతకి నిన్ను | గాన కిటు నన్ను బంపెను గమలనాభకరుణగల్గియు నా ఇంతికడకు రమ్ము | మదనగోపాల సత్యభామావిలోల!	teytageethi
కనకాంగిపై నీకు గడుమోహమగుటకు వనిత కొప్పున దాల్చు వకుళసరమునానవాలుగ నిచ్చి యంపెను గైకొమ్ము మనమున సంతోషమంది వేగవలనొప్ప మదనాగ్ని వనితకు జల్లార్చి కడుప్రియంబున ఇంతి గలసిమెలసిశుకవాణికడ జేరి సుఖలీల నుండుట కిది సమయము నీకు నింపుతోడ	seesamu
గాన నిను బిల్వవచ్చితి గమలనాభ | తామసించిన నా యింతి తాళదింకకరుణతోడను రావయ్య కమలనాభ | మదనగోపాల సత్యభామావిలోల!	teytageethi
చెలియ పాలిండ్లు నీ చేతులకబ్బెనా దుర్గాధిపత్యంబు దొరికినట్లుకనకాంగి నక్కున గదియింపగల్గిన యతనుసామ్రాజ్యము నందినట్లుఘనవేణి విపులజఘన మెక్కగలిగిన భూమండలమునెల్ల బూనినట్లుకలికి యూరువు నంటగలిగిన నిచటనె కొమరొప్పగా రంభ గూడినట్లు	seesamu
గాన నా యింతితో గూడగలిగెనేని | నెల్లభోగంబులును నీకు నెలమి గల్గుతరుణమిప్పుడు రావయ్య తరుణి కడకు | మదనగోపాల సత్యభామావిలోల!	teytageethi
పూర్ణచంద్రుని సరిబోల్పవచ్చును కాంత మోమున కకలంకమూర్తియైనబంధుజీవముదొర భామ కెమ్మోవికి వికసించి కడువిఱ్ఱవీగకున్నదరమెన యనదగు తరుణి కంఠమునకు కఠినత్వమందున గలుగకున్నతమ్మిమొగ్గలు సాటి తరుణి పాలిండ్లకు బొసగ పంకంబున బుట్టకున్న	seesamu
నిన్ని సరిగాకనే కదా యెలమి క్షీణమొందె నొక్కటి వేసవి గందె నొకటిజలధి బడె నొండు నీటిలో జారె నొండు | మదనగోపాల సత్యభామావిలోల!	teytageethi
తంబుర సుతిగూర్చి తరుణి తా జిలిబిలిపాటలు పాడెడి ఫణితి వినరస్వరకల్పనంబుల సరి నెమ్మిగా వజక్రౌంచపికతురంగగజనినాద-ముల యొప్పిదములను ముద్దుగుల్కెడి తాళలయపద్ధతుల నింపు లలర మదినిసర్వవర్జిత మెరింగి కరిరాగాలాప మొనరించు హాయిగా ముద్దుగుమ్మ	seesamu
దానితో సరి యెవ్వరి గాన జగతి | నీకె దగినట్టి వగగల నేర్పులాడిచాన నేలుట తగునట్టి జాణవీవు | మదనగోపాల సత్యభామావిలోల!	teytageethi
వగలాడి నగుమోము నిగనిగల్ చూచిన బంగారుచాయల పర్వు గదరననబోడి నునుజెక్కులను జూడ దళతళ మించుటద్దంబులై మెఱయు గదరకొమ్మ జిగికెమ్మోవి నెమ్మిడాల్ చూచిన నీలవిద్రుమచ్ఛయ వెసగు గదరచెలి దంతముల కాంతు లెలమితో జూచిన దాడింబవిత్తులై తనరు గదర	seesamu
యతివ సౌందర్య మెన్నుట కలవిగాదు | వనిత వగలెన్న నెవ్వరి వశముగాదుఇంతి ప్రాయము పదియురెండేండ్లు గదర | మదనగోపాల సత్యభామావిలోల!	teytageethi
వెలది నవ్వుల తేటవెన్నెల హరియించు గల్కి పల్కుల దేనెలొల్కజేయుకలకంఠి కన్నులు కలువల నిరసించు మోము చందురుతోడ మొనయుచుండుగామిని నాసిక కనకసూనము గేరు జెక్కు లద్దంబుల జెనకజూచుఘనవేణి కంఠంబు గడగి శంఖము గెల్చు చన్నులు పూచెండ్ల సరకు గొనవు	seesamu
పదర నిను కోరియున్నది బాళిమీర | మదవతిని గూడి లాలింప ముదముతోడజాగుసేయక రావయ్య జలరుహాక్ష | మదనగోపాల సత్యభామావిలోల!	teytageethi
ఠీకు కీల్కావిబుటేదారు పావడపై జరీచేలంబు బాగుమీరహురుమంజి ముత్యాలసరులు గన్పడ బట్టు కనకపు మొగ్గల కంచుకంబుబవిరెలు బొగడలు బావిలీల్ వజ్రంపు బలుకులచే నొప్పు పాపటయునునందెలు మువ్వలు హస్తకడియములు సందిదండలు గుండ్లసరులు దూగ	seesamu
ముంగరయు నత్తు బేసరి ముదిత తనదు | నాసమున గీలుకొల్పి విలాసముగనుసుదతి నీ రాక కెదురు దా చూచుచుండు | మదనగోపాల సత్యభామావిలోల!	teytageethi
పదివన్నె బంగారుపడతి నెమ్మెయి కాంతి యలరు చందురుని హసించు మోమువెలలేని వజ్రాల వెలసేయు రదనముల్ పచ్చివిద్రుమకాంతి సుదతి మోవిముకురసన్నిభములు శుకవాణి చెక్కులు ముంగుర్లు తేటుల రంగు దెగడుకనకకలశములు కామిని పాలిండ్లు నలినాక్షి నాభి పున్నాగకుసుమ	seesamu
మతివ యూరు లనంటుల నపహసించు నెలత పదములు తాబేళ్ళ నేలజాలుకాము చేకైదువన నొప్పు కాంత నేలు | మదనగోపాల సత్యభామావిలోల!	teytageethi
పలుమారు నే వచ్చి ప్రార్థించి పిలిచిన పలుకవదేమిరా పంకజాక్షయలివేణి మీయింతి యాడిన మాటలు మరుతునా యిక నేను మందయానఇంతుల మాటల కెగ్గులెంతురె దయాపరుడవై ఇటు బల్క బాడియగునెవలపెఱుంగక విభుని వాదుకు దీసుట రమణికి దగునే యో రామ చెపుమ	seesamu
యైన నేమాయె నిను గోరి యంబుజాక్షి | పిలువనంపెను రావయ్య ప్రేమగల్గివెలది సాష్టాంగమొనరించి వేడుకొనియె | మదనగోపాల సత్యభామావిలోల!	teytageethi
చెలియరో పో పొమ్ము క్షేమంబులగు నీకు దలపున మీ ఇంతి దలప నేనుదలపకుండగ నీకు దప్పేమి చేసెను వివరింపవలెనది వేదవేద్యవివరింపగానేల వెలది నే గోరిన కోర్కె దీర్చక పాయె కువలయాక్షికోర్కెలీడేర్చను కోమలి నీ పొందు గోరియున్నది రార కోమలాంగ	seesamu
నయము నెరుగని స్త్రీలను నమ్మదగునె | వినయములు పెక్కు వల్కెద వెలది నీవునమ్మదగునయ్య నా మాట నలిననాభ | మదనగోపాల సత్యభామావిలోల!	teytageethi
బంధూక సహకార పాటల కురువక ఫలపూర జంబీర పనస తరులుచందన ఖర్జూర చంపక బదరిక మాలూర మన్మథ మహిరుహములుభల్లాతకామ్లాత భద్ర కేతకి నింబ పారిజాతాశోక పాదపములుమాతులుంగ లవంగ మందారములు గల్గి జాతిప్రముఖ లతాసముదయముల	seesamu
వెలయు నారామమున జేరి వెలది మదన | తాపమున నిన్ను దలచుచు దాళలేకయున్నదిక వేగ రావయ్య యూరడింప | మదనగోపాల సత్యభామావిలోల!	teytageethi
కనకాంగి విరహాగ్ని గ్రాగుచు నొకపొన్నమ్రాని పొంతను జేరి మగువ నిన్నుదలచి దా నతిమోహతాపంబు నొందిన చెలులెల్ల శైత్యోపచార మొదవ-జేయగా మిన్నంది జలజారి యతివపై పండువెన్నెలచిచ్చు బరుప వేడిసైచక నను జూచి జలజాక్షి నిను వేగ దోడి తెమ్మనె రమ్ము తోయజాక్ష	seesamu
జాగు చేసిన నా ఇంతి తాళదికను చాల నిను నమ్మియున్న యా చానతోడమోడి సేయుట దగునయ్య మోహనాంగ | మదనగోపాల సత్యభామావిలోల!	teytageethi
వలరాజుమామ జక్కులరేనిచెలికానితలపువ్వు కలువల చెలిమికాడుఱిక్కలగమికాడు జక్కులపగవాడు వారధిపట్టి భావజునిమామతిమిరబృందంబుల దెగటార్చు మగవాడు వలమురిదాల్పుముద్దులమరందిగగనేభ మెక్కి వేగ చరించు రేరాజు విరహులపాలిటి వెడదచిచ్చు	seesamu
చందురుడు వేగ మిన్నంది చెలియ నేఁచ | దలచినంతనె విరహంబు తాళ వశమెగాన రావయ్య నీవిక కరుణగల్గి | మదనగోపాల సత్యభామావిలోల!	teytageethi
జాబిల్లివేడికి సైరింపజాలునా కరుణించి మా చెలి గావకున్నకోవెలరొదలకు గుండెలు దాళునా యలివేణి యెద చేతనంటకున్నచలువతెమ్మెర వీవ సారెకు వణకదా చెలిని నీ కౌఁగిట జేర్పకున్నతేటిఝంకృతులకు దెరవ దిగులొందదా యేకాంతమున దాని నేలకున్న	seesamu
తరుణి నిప్పుడు రతిగూడి తనుపకున్న | మదనతాపంబు మానునా మదనజనకజాగుసేయక రావయ్య చానకడకు | మదనగోపాల సత్యభామావిలోల!	teytageethi
శుకతురంగము పౌజు యొక లక్ష చనుదేర తేటికాల్బల మొక్క కోటి గొల్వగోర్వంక బలములు గొల్చి కైవారంబు సేయ నెమ్ములును హెచ్చరికె దెల్పతెమ్మెరరథమెక్కి కమ్మవిల్తుడు చెరుకువింటను సంధించి విరుల సరముతరుణిపై వడిదాక గురుకుచంబుల సందు గురుతుగా నేసిన కొమ్మ యెటుల	seesamu
సైచు విరిబోడి దా నోర్వజాల దికను | గాన వేగమె రావయ్య కరుణగల్గిసుదతి నేలుట తగునయ్య సుందరాంగ | మదనగోపాల సత్యభామావిలోల!	teytageethi
అతనుడు చలపట్టి యతివపై దండెత్తి యనిలరథంబెక్కి యళులగములుచేరి కొల్వగ మేటిచిలుకగుర్రపుపౌజు తఱుచుగా వెనువెంట దగిలి నడువగోర్వంక లిరుగడ కొల్చి భటావళి కైవారములు సేయగాను మందుతమ్మిఫిరంగుల దమ్మున పుప్పొడిమందు వెట్టుడు బొండుమల్లెగుండ్లు	seesamu
గలిగి యా ఇంతిపై దాడి కదల మరుడు | చూచి వచ్చితినిక నెట్లు సుందరాంగగాన వేగమే రావయ్య కనకచేల | మదనగోపాల సత్యభామావిలోల!	teytageethi
పండువెన్నెలచిచ్చు పయినిండ బర్విన నిముసమైనను తాళ నేర్చునటరయళులు ఝుమ్మని మ్రోయ జిలుకలు రొదసేయ సతి కింపుగా వినగ నౌనటరముమ్మరమ్మై చల్వతెమ్మెర వీచిన నతివ నెమ్మెయి సారె కళుకదటరమరుడు కోపించి చిగురుపువ్వుటమ్ముల బదరి వ్రేసిన కొమ్మ బ్రతుకునటర	seesamu
గాన నా సుందరాంగిని గారవమున | ... ... ... ... నదగు నీకైన యింతి నిపుడుచలముడిగి వేగ రావయ్య సారసాక్ష | మదనగోపాల సత్యభామావిలోల!	teytageethi
నిముషంబు నొకకడ నిల్వనోపదు మారుతాపంబుచేతను తాళలేకనించుకేనియు నన్నమింపుగాకను మోహపరవశయై యుండు బాళిమీరక్షణమైన నిదురింపజాలదు వలపున చిత్తంబులో గడుచింతనొందగడియకు బలుమారు కడువడి భ్రమజెంది నిను దలంచుచునుండు నీరజాక్ష	seesamu
గాననిక జాగు సేయక కరుణగల్గి | యింతికడ కేగుదెమ్ము నీ వింపుమీరతామసించిన మరు బాళి తాళదింక | మదనగోపాల సత్యభామావిలోల!	teytageethi
చౌసీతిబంధముల్ సరిబొంద బెనగెడి కొమరు ప్రాయపు ముద్దుగుమ్మ గదరసదమదంబున విభు నెదనంట గుబ్బలనదిమి కౌఁగిట జేర్చు నతివ గదరఅసియాడు గౌనున నెసగు ఘంటల మ్రోత నెడపక గావించు నింతి గదరబాళిచే గెమ్మోవి గ్రోలించి కడుమంచిమాటలచే ...ంచు మగువ గదర	seesamu
దాని సొగసెంత వగలెంత దలప వశమె | యెన్నదగినట్టి వెలదులమిన్న యగురనన్నె మదిగోరి యున్నది నీరజాక్ష | మదనగోపాల సత్యభామావిలోల!	teytageethi
ఏణాక్షి నీకేమి యెగ్గు జేసిన గాని తప్పు మన్నించరా దానవారిపతితోడ కలహించు భామినితో పొందు చేయంగవచ్చునే జలజపాణిచిరుత ప్రాయమునాటి చెలిమిని యా యింతి వాదించె గాబోలు వనజనాభపతిభక్తి గలిగిన పడతి తా విభునితోడ నెదిరింపదగునే యెమ్మెలాడి	seesamu
యైన నీ తప్పు సైరించి యతివ కడకు | రమ్ము పదివేల జోతలు రమణ నీకుజేయ మది గోరియున్నది జాలమేల | మదనగోపాల సత్యభామావిలోల!	teytageethi
చెలియ సాష్టాంగంబు చేసి వేడితివని నెనరుంతు నీపైని నెలత పోవెనెనరుంచి మా యింతి నెమ్మది నేలుటకిది తరుణంబన్న నేచదగునెతగువుల పుట్నిల్లు తరుణి మీ సతిమాట లెఱుగమా పో పోవె యింతి నీవుపరసతితోడను భాషింపరాదని తగవొనరించె మా తరుణి మొన్న	seesamu
నెన్ని నేర్చినదానవే యింతి నీవు | వనిత వెనువెంట నిదిగొ నే వత్తు బోవెరమ్ము వేవేగ నిక నింత రవ్వలేల | మదనగోపాల సత్యభామావిలోల!	teytageethi
పదవె భామిని కడకు బయినమై వచ్చెదనని లేచి శ్రీకృష్ణు డతిముదమునమహనియ్యమగు దివ్యమణికిరీటము దాల్చి వరరత్నభూషణావళులు మెఱయకర్ణశోభితమగు కనకకుండలములు పాదనూపురములు ప్రబలి మ్రోయపసిడిబంగారుదుప్పటివల్లెవాటుతో వెడలిన హరి జూచి వేగ జెలియ	seesamu
స్వామి మీ దయ నేడు మా సఖియకోర్కె | దీరగా గల్గె నీ శుభదినమునందుభవ్యగుణజాల శుభలీల భక్తపాల | మదనగోపాల సత్యభామావిలోలా!	teytageethi
సరసిజాక్షుడు ప్రాణసఖిమందిరము జేరవచ్చిన నెదురేగి వనిత విభునినర్ఘ్యపాద్యాదుల నతివేగ నర్చించి దండప్రణామంబు దగ నొనర్చికనకాంగి ప్రాణేశు గౌఁగిట దగ జేర్చి పరగెడి తన కేళిభవనమునకువేగ దోడ్కొనిపోయి వెలది పచ్చలగద్దెపయి నునిచి యా సతి బాగుమీర	seesamu
విభుని సన్నిధిలోనుండి వెలది బలికె | నన్ను నెడబాసి యిట్లుండ న్యాయమటరమరుని బారికి నెటులోర్తు మగువ నేను | మదనగోపాల సత్యభామావిలోల!	teytageethi
తన ప్రాణవిభునకు దడయక పన్నీట మజ్జనం బొనరించి మగువ కనకపళ్లెరంబున మంచిపస గల యన్నంబు గోఘృతపక్వమౌ కూరలమరనప్పడంబులు కందిపప్పును నొబ్బట్లు పాలుచక్కెర వెన్న పాయసంబుఘమ్మని వాసింపగా చారువడియముల్ పసిడిచెంబుల నీరు బాగుమీర	seesamu
విభుని ముందటనిడి వేగ వెలది విరుల | సురటి వీవంగ భుజియింప సుదతి విభునిజూచి నను బాయకిక నేలు సుందరాంగ | మదనగోపాల సత్యభామావిలోల!	teytageethi
నవరత్నకాంతు లున్నతమైన కేళికాభవనంబులో విరిపాన్పు జేరిపరగ గందము మంచిపన్నీరు జవ్వాది బంగారుగిన్నెల బాగుపరచివిరిసరంబులు మంచిమరువంబు కురువేరు నపరంజితట్టల నమరజేర్చిప్రాణనాథుని జేరి పడతుక కడుమంచియాకుమడ్పు లొసంగి యతివ మరుని	seesamu
కేళి దేలుచు సుఖియించి కీరవాణి | మమత బాయక విభు చెంత మగువ జేరియవుర నా సామి నను బాయకనుచు బొగడె | మదనగోపాల సత్యభామావిలోల!	teytageethi
అంత శ్రీకృష్ణుడా యలివేణితో గూడి మెరయ మిద్దెలయందు మేడలందుకేళివనములందును కృతాద్రులందును పొదరిండ్ల దగు సురపొన్నలందునిసుకదిన్నెలయందు శశికాంతశిలలందు మదనోత్సవములను మగువ గూడిసుఖలీల నెదుకులసోముడై చెన్నొంది పరగ భక్తుల బ్రోవ భవ్యమతిని	seesamu
నున్న దేవుని ... ... ... ... న్ని పూజ సేయదలచిన వారికి సిరులొసంగికోర్కెలొడగూర్తు గదవయ్య కోవలంక(?) | మదనగోపాల సత్యభామావిలోల!	teytageethi
వసుధ విజయనగవంశాబ్ధిచంద్రుడౌ వెలయ వెంకటగిరి విభున కెలమివరపుత్ర ... ... ... రివరమున బహువిధకృతులు గావించి సత్కీర్తి వెలసిరాజిల్లు చెంగల్వరాయాహ్వయంబున దేజమొప్ప నృసింహదేవు పాదకమలముల్ మదినుంచి గరిమ శ్రీహరిపేర నంకితంబుగ కబ్బమమరజెప్పి	seesamu
యబ్జనేత్రుని బదముల కర్పణంబు | చేసి విఖ్యాతి మైనుండ జెలగి నాదువాంఛలెల్లను సమకూర్చి వరములొసగు | మదనగోపాల సత్యభామావిలోల!	teytageethi
దండంబు యదువంశమండన గోవింద దండంబు నీకు వేదండవరదదండంబు చంద్రమార్తాండ సులోచన దండంబు నీకు బ్రహ్మాండపోషదండంబు పద్మజాఖండలసన్నుత దండంబు కుండలగండయుగళదండంబు భండనోద్దండపరాక్రమ దండంబు సద్గుణకాండ నీకు	seesamu
దండ మహిరాజశయన నీ దండ నమ్మి | యున్నవాడను నన్నేలుకొమ్ము తండ్రిప్రియజనోల్లాసభక్తమనోభిలాష | మదనగోపాల సత్యభామావిలోల!	teytageethi
"శ్రీరామామణి పాణిపంకజమృదుశ్రీతజ్ఞ పాదాబ్జ శృం
గారాకారశరీర, చారుకరుణాగంభీర, సద్భక్తమం
దారాంభోరుహపత్రలోచన కళాధారోరుసంపత్సుధా
పారావారవిహార, నా దురితముల్‌ భంజింపు నారాయణా!"	saardulamu
"కడకుం బాయక వేయినోళ్ళు గల యా కాకోదరాధీశుఁడున్‌
గడముట్ట న్వినుతింప లేక నిగుడ\న్‌ గ్రాలంగ నొప్పారు మి
మ్మడర\న్‌ సన్నుతి సేయ నాదువశమే! యజ్ఞాని, లోభాత్ముఁడ\న్‌
జడుఁడ, న్నజ్ఞుఁడ, నైకజిహ్వుఁడ, జనస్తబ్ధుండ, నారాయణా!"	mattebhamu
"నే నీదాసుఁడ నీవు నాపతివి నిన్నే కాని యొండెవ్వరి\న్‌
ధ్యానింపం బ్రణుతింప నట్లగుటకు న్నా నేర్చు చందంబున\న్‌
నీ నామస్తుతు లాచరించు నెడల న్నే తప్పులుం గల్గిన\న్‌
వానిన్‌ లోఁగొనుమయ్య, తండ్రి, విహితవ్యాపార, నారాయణా!"	saardulamu
"నెరయ న్నిర్మల మైన నీ స్తుతికథానీకంబు పద్యంబులో
నొరుగుల్‌ మిక్కిలి గల్గెనేనియుఁ గడు న్యోగంబె చర్చింపఁగాఁ
గుఱుగ ణ్పైనను వంకబోయినఁ గడుం గుజ్జైనఁ బేడెత్తినం
జెఱకుం గోలకు తీపు గాక కలదే, చే దెందు, నారాయణా!"	mattebhamu
"చదువుల్‌ పెక్కులు సంగ్రహించి పిదపం జాలంగ సుజ్ఞాని యై
మదిలోఁ బాయక నిన్ను నిల్పఁ దగు నామర్మంబు వీక్షింపఁడే
మొదలం గాడిద చారుగంధవితతుల్‌ మోవంగ శక్యంబె కా
కది సౌరభ్యపరీక్ష జూడ కుశలే యవ్యక్త, నారాయణా!"	mattebhamu
"లలిఁ గబ్బంబు కరాట మివ్వసుధ నెల్లం న్మించెఁ బో నీకథా
వళి కర్పూరము నించిన న్నితరమౌ వ్యర్ధార్థకామోదముల్‌
పెలుచం బూనిన యక్కరాటము తుదిన్‌ బేతేకరాటంబె పో
చలదిందీవరపత్రలోచన, ఘనశ్యామాంగ, నారాయణా!"	mattebhamu
"మన మార న్నచలేంద్రజాధిపతికి న్మస్తాగ్రమాణిక్యమై
మునికోపానలదగ్ధ రాజతతికి న్ముక్తిస్ఫురన్మార్గమై
యెనయ\న్‌ సాయకశాయికిం జననియై యేపారు మిన్నేటికిం
జని మూలంబగు నంఘ్రి నాదు మదిలోఁ జర్చింతు, నారాయణా!"	mattebhamu
"నీ పుత్రుండు చరాచరప్రతతుల న్నిర్మించి పెంపారఁగా
నీ పుణ్యాంగన సర్వజీవతతుల న్నిత్యంబు రక్షింపఁగా
నీ పాదోదక మీజగత్త్రయముల న్నిష్పాపులం జేయఁగా
నీ పెంపేమని చెప్పవచ్చు సుగుణా నిత్యాత్మ, నారాయణా!"	saardulamu
"బ్రహ్మాండావలిలోన సత్వగుణివై బాహ్యంబునం దాదిమ
బ్రహ్మాఖ్యం బరతత్వబోధములకున్‌ భవ్యాధినాథుండవై
బ్రహ్మేంద్రామరవాయుభుక్పతులకు\న్‌ భావింప రాకున్న నా
జిహ్మవ్యాప్తుల నెన్న నాదు వశమే చిద్రూప, నారాయణా!"	saardulamu
"ధర సింహాసనమై నభంబు గొడుగై తద్దేవతల్‌ భృత్యులై
పరమామ్నాయము లెల్ల వందిగణమై బ్రహ్మాండ మాగారమై
సిరి భార్యామణియై విరించి కొడుకై శ్రీగంగ సత్పుత్రియై
వరుస న్నీ ఘనరాజసంబు నిజమై వర్ధిల్లు, నారాయణా!"	mattebhamu
"మగమీనాకృతి వార్ధిఁ జొచ్చి యసురు న్మర్దించి యవ్వేదముల్‌
మగుడం దెచ్చి విరించి కిచ్చి యతని న్మన్నించి యేపారఁగాఁ
బగ సాధించిన దివ్యమూర్తి వని నే భావింతు నెల్లప్పుడున్‌
ఖగరాజధ్వజ భక్తవత్సల జగత్కారుణ్య, నారాయణా!"	mattebhamu
"అమరుల్‌ రాక్షసనాయకుల్‌ కడఁకతో నత్యంతసామర్థ్యులై
భ్రమరీదండము మందరాచలముగా బాథోనిధిం ద్రచ్చగా
దమకించె\న్‌ భువనత్రయంబును గిరుల్‌ దంతావళుల్‌ మ్రొగ్గినం
గమఠంబై ధరియించి మించిన జగత్కల్యాణ, నారాయణా!"	mattebhamu
"భీమాకారవరాహమై భువనముల్‌ భీతిల్లి కంపింప ను
ద్దామోర్విం గొనిపోయి నీరనిధిలో డాఁగున్న గర్వాంధునిన్‌
హేమాక్షాసురు వీఁకఁ దాకిఁ జయలక్ష్మి\న్‌ గారవింపంగ నీ
భూమిం దక్షిణదంష్ట్ర నెత్తిన నినుం బూజింతు నారాయణా!"	saardulamu
"స్తంభంబందు నృసింహమై వెడలి యచ్చండాట్టహాసధ్వనుల్‌
దంభోళిం గడువంగ హేమకశిపోద్దండాసురాధీశ్వరు\న్‌
శుంభద్గర్భము వ్రచ్చి వాని సుతునిన్‌ శోభిల్ల మన్నించి య
జ్జంభారాతిని బ్రీతిఁ దేల్చిన నినుం జర్చింతు, నారాయణా!"	saardulamu
"మహియు న్నాకసముం బదద్వయ పరీమాణంబుగాఁ బెట్టి యా
గ్రహ మొప్పం బలిమస్తకం బొక పదగ్రస్తంబుగా నెమ్మితో
విహరించింద్ర విరించి శంకర మహావిర్భూత దివ్యాకృతిన్‌
సహజంబై వెలసిల్లు వామన లసచ్చారిత్ర, నారాయణా!"	mattebhamu
"ధరణిన్‌ రక్తమహాహ్రదంబు లెలమిం ద్రైలోక్య నిర్దిష్టమై
పరగం బైతృక తర్పణంబుకొరకై ప్రఖ్యాతిగాఁ దీవ్రతన్‌
నిరువై యొక్కటిమారు క్షత్రవరుల న్నేపార నిర్జించి త
త్పరశుభ్రాజిత రామనామము కడు\న్‌ ధన్యంబు, నారాయణా!"	mattebhamu
"వరుసం దాటకిఁ జంపి కైశికు మఘ స్వాస్థ్యంబు గావించి శం
కరు చాపం బొగిఁ ద్రుంచి జానకిఁ దగం గల్యాణమై తండ్రిపం
పరుదారన్‌ వనభూమి కేఁగి జగదాహ్లాదంబుగా రావణున్‌
ధరణిం గూల్చిన రామనామము కడు\న్‌ ధన్యంబు, నారాయణా!"	mattebhamu
"యదువంశంబునఁ గృష్ణు కగ్రజుఁడవై యాభీల శౌర్యోన్నతిన్‌
మదవద్ధేనుక ముష్టికా ద్యసురుల\న్‌ మర్దించి లీలారసా
స్పద కేళీరతి రేవతీవదన కంజాతాంతభృంగం బన\న్‌
విదితంబౌ బలరామమూర్తివని నిన్‌ వీక్షింతు, నారాయణా!"	mattebhamu
"పురము ల్మూడును మూడులోకములు నేప్రొద్దు న్విదారింపఁ ద
త్పురనారీ మహిమోన్నతుల్‌ సెడుటకై బుద్ధుండవై బుద్ధితో
వరబోధద్రుమ సేవఁ జేయుటకునై వారిం బ్రబోధించి య
ప్పురముల్‌ గెల్చిన నీ యుపాయము జగత్పూజ్యంబు, నారాయణా!"	mattebhamu
"కలిధర్మంబునఁ బాపసంకలితులై గర్వాంధులై తుచ్ఛులై
కులశీలంబులు మాని హేయగతులం గ్రొవ్వారు దుష్టాత్ములం
బలిగాఁ జేయఁ దలంచి ధర్మ మెలమిం బాలించి నిల్పంగ మీ
వలనం గల్క్యవతార మొందఁగల నిన్‌ వర్ణింతు నారాయణా!"	mattebhamu
"ఇరవొంద\న్‌ సచరాచరప్రతతుల న్నెన్నంగ శక్యంబు కా
కరయ\న్‌ పద్మభవాండ భాండచయము న్నారంగ మీకుక్షిలో
నరుదార న్నుదయించుఁ బెంచు నడఁగు న్నన్నారికేళోద్భవాం
తర వాఃపూరము చంద మొంది యెపుడున్‌ దైత్యారి నారాయణా!"	mattebhamu
"దళదిందీవర నీలనీరద సముద్యద్భాసితాకార, శ్రీ
లలనా కౌస్తుభచారువక్ష విబుధశ్లాఘోద్భవస్థాన కో
మల నాభీచరణారవిందజనితామ్నాయాద్యగంగా! లస
జ్జలజాతాయతనేత్ర నిన్ను మదిలోఁ జర్చింతు నారాయణా!"	mattebhamu
"జగదాధారక భక్తవత్సల కృపాజన్మాలయాపాంగ! భూ
గగనార్కేందుజలాత్మపావక మరుత్కాయా! ప్రదీపప్రయో
గి గణస్తుత్య మహాఘనాశన! లసద్గీర్వాణ సంసేవితా!
త్రిగుణాతీత! ముకుంద! నాదు మదిలో దీపింపు, నారాయణా!"	mattebhamu
"భూతవ్రాతము నంబుజాసనుఁడవై పుట్టింతు విష్ణుండవై
ప్రీతిం బ్రోతు హరుండవై చెఱుతు నిర్భేద్యుండవై త్రైగుణో
పేతంబై పరమాత్మవై నిలుతు నీ పెంపెవ్వరుం గాన ర
బ్జాతోద్భూతసుజాతపూజితపదాబ్జశ్రేష్ఠ, నారాయణా!"	saardulamu
"వరనాభీధవళాంబుజోదరమున\న్‌ వాణీశుఁ గల్పించి య
ప్పురుషశ్రేష్ఠుని ఫాలమందు శివునిం బుట్టించి యామేటికిం
బరమోత్తంసముగా వియత్తలనదిం బాదంబులం గన్న మీ
సరి యెవ్వారలు మీరు దక్కఁగ రమాసాధ్వీశ, నారాయణా!"	mattebhamu
"ప్రభ మీనాభి జనించినట్టి విలసత్పద్మోరుసద్మంబునం
బ్రభవంబైన విరించి ఫాలజనిత ప్రస్వేదసంభూతుఁడై
యభిధానంబును గోరి కాంచెను భవుం డార్యేశు లూహింపఁగా
నభవాఖ్యుండవు ని న్నెఱుంగవశమే యబ్జాక్ష, నారాయణా!"	mattebhamu
"పటుగర్భాంతరగోళభాగమున నీ బ్రహ్మాండభాండంబు ప్రా
కట దివ్యాద్భుతలీలఁ దాల్చి మహిమం గల్పాంత మంభోధిపై
వటపత్రాగ్రముఁ జెంది యొప్పిన మిము న్వర్ణింపఁగా శక్యమే
నిటలాక్షాంబురుహాసనాదికులకు న్నిర్వాణ, నారాయణా!"	mattebhamu
"సవిశేషోరు సువర్ణబిందువిలస చ్చక్రాంకలింగాకృతి\న్‌
భవుచే నుద్ధవుచేఁ బయోజభవుచేఁ బద్మారిచే భానుచే
ధ్రువుచే నా దివిజాధినాయకులచే దీప్యన్మునీంద్రాళిచే
నవదివ్యార్చన లందుచుందువు రమానారీశ, నారాయణా!"	mattebhamu
"సర్వంబున్‌ వసియించు నీతనువునన్‌ సర్వంబునం దుండగా
సర్వాత్మా! వసియించు దీవని మదిన్‌ సార్థంబుగాఁ జూచి యా
గీర్వాణాదులు వాసుదేవుఁ డనుచున్‌ గీర్తింతు రేప్రొద్దు నా
శీర్వాదంబు భవన్మహామహిమ లక్ష్మీనాథ, నారాయణా!"	mattebhamu
"గగనాద్యంచితపంచభూతమయమై కంజాతజాండావలిన్‌
సగుణబ్రహ్మమయాఖ్యతం దనరుచున్‌ సంసారివై చిత్కళా
సుగుణంబై విలసిల్లు దీవు విపులస్థూలంబు సూక్ష్మంబునై
నిగమోత్తంస గుణావతంస సుమహానిత్యాత్మ, నారాయణా!"	mattebhamu
"ఎల రారన్‌ భవదీయనామకథనం బేమర్త్యుచిత్తంబులోఁ
బొలుపారం దగిలుండునేని యఘముల్‌ పొందంగ నె ట్లోపెడు\న్‌
కలయం బావకుచేతఁ బట్టువడు నక్కాష్ఠంబుపైఁ గీటముల్‌
నిలువ న్నేర్చునే భక్తపోషణ కృపానిత్యాత్మ, నారాయణా!"	mattebhamu
"కలయం దిక్కులు నిండి చండతరమై కప్పారు మేఘౌఘముల్‌
వెలయ\న్‌ ఘోరసమీరణస్ఫురణచే వే పాయుచందంబున\న్‌
జలదంభోళి మృగాగ్నితస్కరరుజాశత్రోరగవ్రాతముల్‌
దొలఁగు న్మీ దగు దివ్యమంత్రపఠన\న్‌ దోషఘ్న, నారాయణా!"	mattebhamu
"కలుషాగాథవినాశకారి యగుచుం గైవల్యసంధాయియై
నలి నొప్పారెడు మంత్రరాజమగు నీనామంబు ప్రేమంబుతో
నలర న్నెవ్వని వాక్కునం బొరయదే నన్నీచు ఘోరాత్మయు\న్‌
వెలయన్‌ భూరుహకోటరం బదియ సూ వేదాత్మ, నారాయణా!"	mattebhamu
"పరమంబై పరతత్వమై సకలసంపత్సారమై భవ్యమై
సురసిద్ధోరగయక్ష పక్షిమునిరక్షో హృద్గుహాభ్యంతర
స్థిరసుజ్ఞానసుదీపమై శ్రుతికళాసిద్ధాంతమై సిద్ధమై
సరి లే కెప్పుడు నీదునామ మమరున్‌ సత్యంబు, నారాయణా!"	mattebhamu
"అధికాఘౌఘ తమోదివాకరమునై యద్రీంద్రజా జిహ్వకున్‌
సుధయై వేదవినూత్నరత్నములకున్‌ సూత్రాభిధానంబునై
బుధసందోహమనోహరాంకురమునై భూదేవతాకోటికిన్‌
విధులై మీబహునామరాజి వెలయున్‌ వేదాత్మ, నారాయణా!"	mattebhamu
"పొనర న్ముక్తికిఁ ద్రోవ వేదములకుం బుట్టిల్లు మోదంబునం
దునికిస్థానము నిష్టభోగములకు న్నుత్పత్తి యేప్రొద్దును\న్‌
ఘనపాపంబుల వైరి షడ్రిపులకు\న్‌ గాలావసానంబు మీ
వినుతాంఘ్రిద్వయపద్మసేవన గదా విశ్వేశ, నారాయణా!"	mattebhamu
"భవరోగంబుల మందు పాతకతమోబాలార్కబింబంబు క
ర్మ విషజ్వాలసుధాంశుగామృత తుషారవ్రాతపాథోధిమూ
ర్తివి కైవల్యపదావలోకన కళాదివ్యాంజనశ్రేష్ఠమై
భువిలో మీదగు మంత్రరాజ మమరున్‌ భూతాత్మ, నారాయణా!"	mattebhamu
"వరుసన్‌ గర్మపిపీలికాకృత తనూవల్మీకనాళంబులోఁ
బరుషాకారముతో వసించిన మహా పాపోరగశ్రేణికిం
బరమోచ్చాటనమై రహస్యమహిమం బాటింపుచు న్నుండు మీ
తిరుమంత్రం బగు మంత్రరాజ మమరుం దివ్యాత్మ, నారాయణా!"	mattebhamu
"హరుని న్నద్రిజ నాంజనేయుని గుహు న్నయ్యంబరీషున్‌ ధ్రువుం
గరిఁ బ్రహ్లాదు విభీషణాఖ్యుని బలిన్‌ ఘంటాశ్రవు న్నారదు\న్‌
గర మొప్ప న్విదురున్‌ బరాశరసుతున్‌ గాంగేయుని\న్‌ ద్రౌపదిన్‌
నరు నక్రూరునిఁ బాయకుండును భవన్నామంబు, నారాయణా!"	mattebhamu
"శ్రీకిన్మందిరమైన వక్షము, సురజ్యేష్ఠోద్భవస్థాన నా
భీకంజాతము, చంద్రికాంతర సుధాభివ్యక్త నేత్రంబులు\న్‌,
లోకస్తుత్య మరున్నదీజనక మాలోలాంఘ్రియు\న్‌ గల్గు నా
లోకారాధ్యుఁడ వైన నిన్నెపుడు నాలోఁ జూతు, నారాయణా!"	saardulamu
"విందుల్‌ విందు లటంచు గోపరమణుల్‌ వ్రేపల్లెలోఁ బిన్ననాఁ
డందెల్‌ మ్రోయఁగ ముద్దుమోమలర ని న్నాలింగితుం జేయుచో
డెందంబుల్‌ దనివార రాగరసవీటీలీలల\న్‌ దేల్చు మీ
మందస్మేర ముఖేందురోచులు మము న్మన్నించు, నారాయణా!"	saardulamu
"విందు ల్వచ్చిరి మీయశోదకడకు న్వేగంబె పొ మ్మయ్యయో
నందానందన! చందనాంకురమ! కృష్ణా! యింకఁబో వేమి మా
మందం జాతర సేయఁబోద మిదె రమ్మా యంచు మి మ్మెత్తుకో
చందం బబ్బిన నుబ్బకుండుదురె ఘోషస్త్రీలు, నారాయణా!"	saardulamu
"అన్నా కృష్ణమ నేడు వేల్పులకు మీఁదన్నార మీచట్లలో
వెన్నల్‌ ముట్టకు మన్న నాక్షణమున న్విశ్వాకృతిస్ఫూర్తి వై
యున్నన్‌ దిక్కులు చూచుచున్‌ బెగడి నిన్నోలి న్నుతుల్‌ సేయుచున్‌
గన్నుల్‌ మూయ యశోదకున్‌ జిఱుత వై కన్పింతు, నారాయణా!"	saardulamu
"ఉల్లోలంబులుగాఁ గురుల్‌ నుదుటిపై నుప్పొంగ మోమెత్తి ధ
మ్మిల్లం బల్లలనాడ రాగరససమ్మిశ్రంబుగా నీవు వ్రే
పల్లెం దాడుచు గోప గోనివహ గోపస్త్రీల యుల్లంబు మీ
పిల్లంగ్రోవిని జుట్టి రాఁ దిగుచు నీ పెంపొప్పు, నారాయణా!"	saardulamu
"కసవొప్పన్‌ పసి మేసి ప్రొద్దు గలుగం గాంతారముం బాసి య
ప్పసియు న్నీవును వచ్చుచో నెదురుగాఁ బైకొన్న గోపాంగనా
రసవద్వృత్తపయోధరద్వయ హరిద్రాలేపనామోదముల్‌
పసిఁ గొంచున్‌ బసిఁ గొంచు వచ్చుటలు నే భావింతు, నారాయణా!"	mattebhamu
"చన్నుల్‌ మీదిఁకి చౌకళింప నడుముం జవ్వాడ కందర్పసం
పన్నాఖ్యంబు నటించు మాడ్కి కబరీభారంబు లూటాడఁగా
విన్నాణంబు నటింప గోపజన గోబృందంబుతో వచ్చు మీ
వన్నెల్‌ కన్నుల ముంచి గ్రోలుటలు నే వర్ణింతు, నారాయణా!"	saardulamu
"పెరుగుల్‌ ద్రచ్చుచు నొక్కగోపిక మిముం బ్రేమంబునం జూచి రా
గ రసావేశత రిత్త ద్రచ్చ నిడ నాకవ్వంబు నీవు న్మనో
హరలీలం గనుగొంచు ధేను వని యయ్యాబోతునుం బట్టి తీ
వరవృత్తాంతము లేను పుణ్యకథగా వర్ణింతు, నారాయణా!"	mattebhamu
"కేల\న్‌ గోలయు గూటిచిక్కము నొగిం గీలించి నెత్తంబునం
బీలీపించముఁ జుట్టి నెన్నడుమునం బింఛావళి\న్‌ గట్టి క
ర్ణాలంకార కదంబగుచ్ఛ మధుమత్తాలీస్వనం బొప్ప నీ
వాలన్‌ గాచినభావ మిట్టి దని నే వర్ణింతు, నారాయణా!"	saardulamu
"కాళిందీతటభూమి నాలకదుపుల్‌ కాలూఁది మేయ\న్‌ సము
త్తాలోల తమాలపాదప శిఖాంతస్థుండవై వేణురం
ధ్రాలిన్‌ రాగరసంబు నిండ విలసద్రాగంబు సంధించి గో
పాలవ్రాతము గండుగోయిలలుగా వర్ణింతు, నారాయణా!"	saardulamu
"రాణించెన్‌ గడు నంచు నీసహచరుల్‌ రాగిల్లి సోలంగ మీ
వేణుక్వాణము వీనులం బడి మనోవీథుల్‌ బయల్‌ముట్టఁగా
ఘోణాగ్రంబులు మీదిఁ కెత్తుకొని లాంగూలంబు లల్లార్చి గో
శ్రేణుల్‌ చిందులు ద్రొక్కి యాడుటలు నేఁ జర్చింతు, నారాయణా!"	saardulamu
"పసులంగాపరి యే మెఱుంగు మధురప్రాయోల్లసద్వృత్తవా
గ్విసరారావము మోవి దా వెదురుగ్రోవిం బెట్టినాఁ డంచు ని\న్‌
గసటుల్‌ సేయఁగ నాఁడు గోపిక లతద్గానంబులన్‌ మన్మథ
వ్యసనాసక్తులఁ జేయుచందములు నే వర్ణింతు, నారాయణా!"	mattebhamu
"జడ యెంతేఁ దడ వయ్యె జెయ్యి యలసె\న్‌ శైలంబు మాచేతులం
దిడు మన్న\న్‌ జిరునవ్వుతో వదలిన\న్‌ హీనోక్తి గీపెట్ట నె
క్కుడు గోవుల్‌ బ్రియమంద నింద్రుఁ డడలం గోవర్ధనాద్రీంద్రమున్‌
గొడుగై యుండగఁ గేలఁ బూనితి గదా గోవింద, నారాయణా!"	mattebhamu
"లలితాకుంచితవేణియం దడవిమొల్లల్‌ జాఱ ఫాలస్థలి\న్‌
దిలకం బొయ్యన జాఱఁ గుండలరుచుల్‌ దీపింప లేఁజెక్కులన్‌
మొలకన్నవ్వుల చూపు లోరగిల మే న్మువ్వంకల\న్‌ బోవఁగా
నలి గైకొందువు గాదె నీవు మురళీనాట్యంబు, నారాయణా!"	mattebhamu
"మాపాలం గడు గ్రొవ్వి గోపికలతో మత్తిల్లి వర్తింతువే
మాపాలెంబుల వచ్చి యుండుదు వెస న్మాపాలలో నుండు మీ
మాపా లైనసుఖాబ్ధిలో మునుగుచున్‌ మన్నించి తా గొల్లలన్‌
మాపాలం గలవేల్పు వీవె యని కా మన్నింతు, నారాయణా!"	saardulamu
"ఒకకాంతామణి కొక్క డీవు మఱియు న్నొక్కర్తె కొక్కండ వై
సకలస్త్రీలకు సంతతం బలర రాసక్రీడ తన్మధ్య క
ల్పకమూలంబు సవేణునాదరస మొప్పంగా బదార్వేల గో
పికలం జెంది వినోద మొందునెడ నీ పెంపొప్పు నారాయణా!"	mattebhamu
"లలితం బైన భవత్తనూవిలసనన్‌ లావణ్యదివ్యామృతం
బలుఁగు ల్వారఁగ నీకటాక్షమునఁ దా మందంద గోపాంగనల్‌
తలఁపు ల్పాదులు కట్టి కందళిత నూత్నశ్రీలు వాటింతు రా
నెలతల్‌ తీవెలు చైత్రవిస్ఫురణమౌ నీ యొప్పు నారాయణా!"	mattebhamu
"లీలన్‌ పూతనప్రాణవాయువులు పాలిండ్లందు వెళ్ళించి, దు
శ్శీలుండై చను బండిదానవు వెసం జిందై పడం దన్ని యా
రోల న్మద్దులు గూల్చి ధేనుదనుజున్‌ రోఁజంగ నీల్గించి వే
కూలన్‌ కంసునిఁ గొట్టి గోపికలకోర్కుల్‌ దీర్తు, నారాయణా!"	mattebhamu
"రసనాగ్రంబున నీదు నామరుచియు\న్‌ రమ్యంబుగాఁ జెవ్లుకు
న్నసలారంగ భవత్కథాభిరతియున్‌ హస్తాబ్జయుగ్మంబులన్‌
వెస నీపాదసుపూజితాదియుగమున్‌ విజ్ఞానమధ్యాత్మకున్‌
వెస నింపొందనివాఁడు దాఁ బశువు సూ వేదాత్మ, నారాయణా!"	mattebhamu
"వరకాళిందితరంగడోలికలలో వైకుంఠధామంబులో
వెర వొప్పార నయోధ్యలో మధురలో వ్రేపల్లెలో ద్వారకా
పురిలో నాడెడుభంగి నాదుమదిలో భూరిప్రసన్నాననాం
బురుహం బొప్ప నటించు టొప్పును సితాంభోజాక్ష, నారాయణా!"	mattebhamu
"చల్ల ల్వేఱొకయూర నమ్ముకొను నాసం బోవుచోఁ ద్రోవ నీ
వుల్లాసంబున నడ్డ కట్టి మదనోద్యోగానులాపంబుల\న్‌
చల్లన్‌ జల్లనిచూపు జల్లు మని గోపస్త్రీలపైఁ జల్లు మీ
చల్లంబోరుతెఱంగు జిత్తమున నే జర్చింతు నారాయణా!"	saardulamu
"కలయ న్వేదములు\న్‌ బురాణములు బ్రఖ్యాతంబుగా తెల్పి మీ
వలనన్‌ భక్తి విహీనుఁ డైన పిదపన్‌ వ్యర్థప్రయత్నంబె పో
గులకాంతామణి గొడ్డు వోయిన గతిం గ్రొవ్వారుసస్యంబు దా
ఫలకాలంబున నీచపోవు పగిదిన్‌ పద్మాక్ష, నారాయణా!"	mattebhamu
"స్నానంబుల్‌ నదులందు జేయుట గజస్నానంబు చందంబగు\న్‌
మౌనం బొప్ప జపించువేద మటవీ మధ్యంబులోనే డ్పగున్‌
నానాహోమము లెల్ల బూడిదలలోన న్వేల్చు నెయ్యై చను
న్నీనామోక్తియు నీపదాబ్జరతియున్‌ లేకున్న నారాయణా!"	saardulamu
"అల నీటం దగురొంపిపైఁ జిలికిన న్నానీటనే పాయు నా
యిల పాపంబులు దుర్భరత్వము మహాహేయంబునం బొందినం
బలువై జీవుని దొప్పఁదోఁగినవి యీబాహ్యంబునం బాయునే
పొలియుం గాక భవత్సుపాదజలముం బ్రోక్షింప నారాయణా!"	mattebhamu
"తనచిత్తాబ్జము మీపదాబ్జములకుం దాత్పర్యసద్భక్తి తం
తున బంధించిన బంధనంబు కతనం దుష్పాపపుంజంబు లె
ల్లను విచ్ఛిన్నములై యడంగు మహిమోల్లాసాబ్ధి యైనట్టి దా
సున కింపొందును మోక్షవైభవము దా సుశ్లోక నారాయణా!"	mattebhamu
"తనువుం జీవుఁడు నేక మైనపిదపన్‌ ధర్మక్రియారంభుఁ డై
యనయంబు న్మది దన్నెఱుంగక తుది న్నామాయచే మగ్నుఁ డై
తనుతత్త్వాదివియోగమైన పిదపం దా నేర్చునే నీదు ద
ర్శన మింపారఁగ భక్తివైభవ మహాసంకాశ నారాయణా!"	mattebhamu
"తనకు\న్‌ సాత్వికసంపదాన్విత మహాదాసోహభావంబునన్‌
ననయంబు న్మది నన్యదైవభజనం బారంగ దూలింపుచున్‌
జనితాహ్లాదముతోడ నీచరణముల్‌ సద్భక్తి పూజించి ని\న్‌
గనుగొన్నంతనె కల్మషంబు లడఁగుం గర్మఘ్న నారాయణా!"	mattebhamu
"పరికింపన్‌ హరిభక్తి భేషజునకున్‌ భవ్యంబు గా మీఁద మీ
చరణాంభోరుహదర్శనంబు గలదే సంప్రీతి నెట్లన్నఁ దా
ధరలోఁ జోరుఁడు గన్న దుస్తర పరద్రవ్యంబుపై నాశలం
బొరయ న్నేర్చునె దుర్లభం బగు గృపాంభోజాక్ష నారాయణా!"	mattebhamu
"పరమజ్ఞాన వివేక పూరిత మహా భవ్యాంతరాళంబున\న్‌
పరగ న్నీ నిజనామమంత్ర మొనరన్‌ భక్తి న్ననుష్ఠింపుచుం
దురితాన్వేషణ కాలభూతము వెసన్‌ దూలంగ వాకట్టు వాఁ
డరుగున్‌ భవ్యపదంబు నొందుటకు నై యవ్యక్త నారాయణా!"	mattebhamu
"సరిఘోరాంధక బోధకారణ విపత్సంసార మాలిన్యము\న్‌
పరమానంద సుబోధకారణ లసద్భస్మంబుపై నూఁది యా
నిరతజ్ఞానసుకాంతిదర్పణమున న్నిస్సంగుఁ డై తన్ను దా
నరయం గాంచినవాఁడు నిన్నుఁగనువాఁ డబ్జాక్ష నారాయణా!"	mattebhamu
"పరుషాలాపము లాడ నోడి మది నీపాపార్జనారంభుఁ డై
నిరసిం చేరికిఁ గీడు సేయక మది న్నిర్ముక్తకర్ముండు నై
పరమానందనిషేధముల్‌ సమముగా భావించి వీక్షించు నా
పరమజ్ఞాని భవత్కృపం బొరయు నో పద్మాక్ష నారాయణా!"	mattebhamu
"ఒరులం దన్ను నెఱుంగు నియ్యెఱుకయు న్నొప్పార నేకాంత మం
దరయం బైపడు నన్యభామినులపై నాకాంక్షదూరత్వమున్‌
మరణావస్థను నీదునామములె సన్మానంబునం దోఁచుటల్‌
ధరలోన న్నివి దుర్లభంబులు సుధాధామాక్ష నారాయణా!"	mattebhamu
"వెర వొప్ప న్బహుశాస్త్రమంత్రము లొగి న్వీక్షించి వే తెల్పి మీ
వరనామామృతపూర మానుచుఁ దగన్‌ వైరాగ్యభావంబున\న్‌
సరి నశ్రాంతముఁ గోరువారు పిదపన్‌ సంసారమాతుఃపయో
ధరదుగ్ధంబులు గ్రోల నేరరు వెస\న్‌ దైత్యారి నారాయణా!"	mattebhamu
"వేదంబందు సునిశ్చయుండగు మహావేల్పెవ్వఁడో యంచు నా
వేదవ్యాస పరాశరుల్‌ వెదకిన న్వేఱొండు లేఁ డంచు మీ
పాదాంభోజము లెల్లప్రొద్దు మదిలో భావింతు రత్యున్నతిన్‌
శ్రీదేవీవదనారవిందమధుపా శ్రీరంగ నారాయణా!"	saardulamu
"సుతదారాప్తజనాదివిత్తములపై శూన్యాభిలాషుండు నై
యతనోద్రేకయుతంబులై పొదలునయ్యై యింద్రియవ్రాతముల్‌
మృతిఁ బొందించి దమంబునన్‌ శమమునన్‌ మీఱంగ వర్తించు ని
ర్గతసంసారి భవత్కృపం బొరయు నో కంజాక్ష నారాయణా!"	mattebhamu
"ప్రమదం బారఁగ పుణ్యకాలగతులన్‌ భక్తి న్ననుష్ఠింపుచున్‌
నమర న్నన్న సువర్ణ గో సలిల కన్యా ధారుణి గ్రామ దా
నము లామ్నాయ విధోక్తి భూసురులకున్‌ సన్మార్గుఁ డై యిచ్చువాఁ
డమరేంద్రార్చిత వైభవోన్నతుఁ డగు న్నామీఁద నారాయణా!"	mattebhamu
"ఇల నెవ్వారి మనంబులో నెఱుక దా నెంతెంత గల్గుండు నా
కొలదిం జెంది వెలుంగుచుందు కలయ న్గోవింద నీరూపుల\న్‌
అలర న్నంబు మితంబు లైసరసిలో నంభోరుహంబుల్‌ దగ\న్‌
నిల నొప్పారెడు చంద మొందె దెపుడు న్నీలాంగ నారాయణా!"	mattebhamu
"మదిలో నుత్తమభక్తి పీఠముపయి\న్‌ మానాథ మీపాదముల్‌
గదియం జేర్చిన వాని కే నొడయడన్‌ గా దంచు నత్యున్నతిన్‌
పదిలుం డై సమవర్తి మృత్యువునకు\న్‌ బాఠంబుగాఁ బల్కు మీ
పదపద్మార్చకు లెంత పుణ్యులొ కృపాపారీణ నారాయణా!"	mattebhamu
"కుల మెన్నం గొల దేల యేకులజుఁడుం గోత్రాభిమానాభిలా
షలునజ్ఞానము బాసి జ్ఞానము మదిన్‌ సంధించి శుద్ధాత్ముఁడై
యలరారం బరుసంబు సోఁకు నిను మున్‌ హేమాకృతిస్తోమమై
వెలయు న్నాగతివాఁడు ముక్తి కరుగున్‌ వేదాత్మ నారాయణా!"	mattebhamu
"నిరతానందయోగులై నియతులై నిర్భాగ్యులై నీచులై
కరుణాహీనమనస్కులై మలినులై కష్టాత్ములై నష్టులై
పరుషవ్యాధినిబద్ధులై పతితులై భగ్నాంగులై మ్రగ్గువా
రరయ న్ని న్నొగి నాత్మయం దిడనివా రబ్జాక్ష నారాయణా!"	mattebhamu
"ఘనభోగాస్పదులై గతౌఘమతులై కారుణ్యులై ముక్తులై
ధనకీర్తిప్రదులై దయాభిరతులై ధర్మాత్ములై నిత్యులై
మనుజాధీశ్వరులై మనోజనిభులై మాన్యస్థులై స్వస్థులై
యొనర న్నొప్పెడువారు నీపదరుచి న్నూహించు నారాయణా!"	mattebhamu
"విదితామ్నాయ నికాయ భూతములలో విజ్ఞానసంపత్కళా
స్పద యోగీంద్రమనస్సరోజములలో బ్రహ్మేంద్రదిక్పాలక
త్రిదశవ్రాతకిరీటరత్నములలో దీపించుచున్నట్టి మీ
పదపద్మంబులు భావగేహమున నే భావింతు నారాయణా!"	mattebhamu
"వెలయన్‌ యౌవనకాలమందు మరుఁడున్‌ వృద్ధాప్యకాలంబునన్‌
బలురోగంబులు నంత్య మందు యముఁడుం బాధింప నట్టైన యీ
పలుజన్మంబులు చాల దూలితి ననుం బాలింపవే దేవ మీ
ఫలితానంద దయావలోకనము నాపైఁ జూపు నారాయణా!"	mattebhamu
"బలుకర్మాయత పాశబంధవితతి\న్‌ బాహాపరిశ్రేణికి\న్‌
జలయంత్రాన్విత బంధయాతనగతిన్‌ సంసారకూపంబులో
నలరం ద్రిమ్మరుచుండు నన్ను నకటా! యార్తుండనై వేఁడెదన్‌
వెలయ న్నీకృపచేతఁ జేకొనవె నన్‌ వేవేగ నారాయణా!"	mattebhamu
"మమహంకార వికారసన్నిభ మహామత్తాది లోభాంధకా
రముచే ముక్తికి నేఁగుమార్గ మెఱుగ\న్‌ రా దింక నాలోన నీ
విమలాపాంగ దయా దివాకరరుచిన్‌ వెల్గింపు మింపార నో
కమలానంద విహారవక్షలలితా! కంజాక్ష! నారాయణా!"	mattebhamu
"పరిపంధిక్రియ నొత్తి వెంటఁ బడునప్పాపంబుఁ దూలించి మీ
చరణాబ్జస్థితి పంజరంబు శరణేచ్ఛం జొచ్చితిం గావుమీ
బిరుదుం జూడుము మీరు సూడఁగ భవద్భృత్యుండు దుఃఖంబులం
బొరయ న్నీ కపకీర్తి గాదె శరదంభోజాక్ష నారాయణా!"	mattebhamu
"సతతాచారము సూనృతంబు కృపయున్‌ సత్యంబునున్‌ శీలమున్‌
నతిశాంతత్వము చిత్తశుద్ధికరము న్నధ్యాత్మయు\న్‌ ధ్యానము\న్‌
ధృతియున్‌ ధర్మము సర్వజీవహితముం దూరంబు గాకుండ స
మ్మతికిం జేరువ మీనివాససుఖమున్‌ మానాథ నారాయణా!"	mattebhamu
"భవనాశి\న్‌ గయ తుంగభద్ర యమున\న్‌ భాగీరథిం గృష్ణ వే
త్రవతి న్నర్మద పెన్న గౌతమి పయోరాశి న్వియద్గంగ యం
దవగాహంబున నైన పుణ్యములు బెంపారంగ నేఁ డిచ్చట\న్‌
భవదంఘ్రిస్మరణంబునం గలుగు పో పద్మాక్ష నారాయణా!"	mattebhamu
"ధర గ్రామాధిపు నింటిదాసుఁడు వెసం దా ద్రోహముం జేసినన్‌
పరగం జెల్లుట సూచి తీ భువనసంపాద్యుండ వైనట్టి మీ
వరదాసావలి దాసదాసి నని దుర్వారౌఘముల్‌ జేసితి\న్‌
కరుణం జేకొని కావు మయ్య త్రిజగత్కల్యాణ నారాయణా!"	mattebhamu
"గణుతింప\న్‌ బహుధర్మశాస్త్రనిగమౌఘం బెప్పుడు న్ని న్నకా
రణబంధుం డని చెప్ప నత్తెఱఁగు దూరం బందకుండంగ నే
బ్రణతుల్‌ జేసెదఁ గొంత యైనఁ గణుతింపం బాడి లేకుండినన్‌
ఋణమా నానుతి నీవు శ్రీపతివి నీ కే లప్పు? నారాయణా!"	mattebhamu
"కరినాథుండు జలగ్రహగ్రహణ దుఃఖాక్రాంతుఁడై యీశ మీ
శరణం బన్నఁ గృశాను భానుశతతేజస్ఫూర్తి యైనట్టి మీ
కరచక్రంబున నక్రకంఠము వెస\న్‌ ఖండించి మించెం దయా
పరసద్భక్త భయానక ప్రకర సత్ప్రాకట్య నారాయణా!"	mattebhamu
"ఏభావంబున ని\న్‌ దలంచె గజయూధేంద్రుండు ఆపన్నుఁడై
యేభావంబున ద్రౌప దయ్యెడ రమాధీశా యనె న్వాయసం
బేభావంబున నీశరణ్య మనెనో యీ నీ కృపాదృష్టిచే
నాభావంబున నీతలంపుఁ గలుగ న్నా కిమ్ము నారాయణా!"	saardulamu
"నీలగ్రీవుఁడు చేతిపున్క విడిచె న్నీయింతి భిక్షంబున\న్‌
నీలగ్రీవుఁడు యీశ్వరాఖ్యఁ దనరె న్నీనామజప్యంబునన్‌
నీలగ్రీవుఁడు మించి త్రుంచెఁ బురముల్‌ నీప్రాపు సేవించినన్‌
నీలగ్రీవ ముఖాబ్జభాస్కర కృపానిత్యాత్మ నారాయణా!"	saardulamu
"నిను వర్ణింపనివాఁడు మూఁగ మదిలో నీనామమున్‌ వీనుల\న్‌
విని మోదింపనివాఁడు చెవ్డు మరి ని\న్‌ వేడ్క\న్‌ మనోవీథిని\న్‌
గని పూజింపనివాఁడు నాశకరుఁడౌ కర్మక్రియారంభుఁడై
తనలోఁ గాననివాఁడు నీచమతి పో తత్వజ్ఞ నారాయణా!"	mattebhamu
"నిను వర్ణింపని నీచబంధమతి దా నిర్మగ్నమూఢాత్ముఁడై
పెనుదైవంబులఁ గోరి తా మనమునన్‌ సేవించుచందంబు తా
నవలం బారిన భూతియందు వెలయ న్నాజ్యాహుతుల్‌ పూని వే
ల్చిన చందంబున వ్యర్థమై తనరు జూ చిద్రూప నారాయణా!"	mattebhamu
"నిను వర్ణింపని జిహ్వ దాఁ బదటికా? నీలాభ్రదేహాంగకా
నిను నాలింపని చెవ్లు దాఁ బదటికా? నీరేజపత్రేక్షణా
నినుఁ బూజింపని కేలు దాఁ బదటికా? నిర్వాహకక్ష్మాతలా
నినుఁ జింతింపని యాత్మ దాఁ బదటికా? నిర్వాణ నారాయణా!"	mattebhamu
"నీవే తల్లివి నీవె తండ్రి వరయ న్నీవే జగన్నాథుఁడౌ
నీవే నిశ్చలబాంధవుండ వరయ న్నీవే మునిస్తుత్యుఁడౌ
నీవే శంకరమూలమంత్ర మరయన్‌ నీవే జగత్కర్తవున్‌
నీవే దిక్కనువారి వారలె కడు న్నీవారు నారాయణా!"	saardulamu
"అపరాధంబులు నిన్ను నమ్మి విను మే నాజన్మపర్యంతము\న్‌
విపరీతంబుగఁ జేసినాఁడ నిఁక నీవే దిక్కు నాలోనికి\న్‌
గపటం బింతయు లేక దండధరుకుం గట్టీక రక్షింపు మీ
కృపకుం బాత్రుఁడ నయ్య ధర్మపురి లక్ష్మీనాథ నారాయణా!"	mattebhamu
"చెల్లం జేసితి పాతకంబులు మది\న్‌ శ్రీనాథ మీనామముల్‌
పొల్లుల్‌ బోవని నమ్మి పద్యశతమున్‌ బూర్ణంబుగాఁ జెప్పితిన్‌
చెల్లంబో నను నమ్మె వీఁడని దయం జేపట్టి రక్షింపుమీ
తల్లిం దండ్రియు నీవు గాక యొరులే తర్కింప నారాయణా!"	saardulamu
"నరసిం హాచ్యుత వాసుదేవ వికసన్నాళీకపత్రాక్ష భూ
ధర గోవింద ముకుంద కేశవ జగత్త్రా తాహితల్పాంబుజో
దర దామోదర తార్క్ష్యవాహన మహాదైత్యారి వైకుంఠమం
దిర పీతాంబర భక్తవత్సల కృపన్‌ దీవింపు నారాయణా!"	mattebhamu
"కడకంటం గడలేని సంపద లొగిం గావింపు లక్ష్మీశ పా
ల్కడలిన్‌ బన్నగశాయివై భువనముల్‌ గల్పించు సత్పుత్రుని\న్‌
బొడమ\న్‌ జేసిన నాభిపంకజ జగత్పుణ్యాత్మ భాగీరథీ
పడతిం గన్న పదారవిందముల నే భావింతు నారాయణా!"	mattebhamu
"తపముల్‌ మంత్రసమస్తయజ్ఞఫలముల్‌ దానక్రియారంభముల్‌
జపముల్‌ పుణ్యసుతీర్థసేవఫలముల్‌ సద్వేదవిజ్ఞానము\న్‌
ఉపవాసవ్రతశీలకర్మఫలముల్‌ ఒప్పార నిన్నాత్మలో
నుపమింపం గలవారికే గలుగు వేయు న్నేల నారాయణా!"	mattebhamu
"శ్రీనారాయణ యన్నఁ జాలు దురితశ్రేణి న్నివారింపఁగా
నానందస్థితి గల్గు నంచు నిగమార్థానేక మెల్లప్పుడు\న్‌
నానాభంగులఁ జెప్ప నేను విని శ్రీనారాయణా యంచు ని
న్నే నే నెప్పుడు గొల్తు బ్రోవఁ గదె తండ్రీ నన్ను నారాయణా!"	saardulamu
"కలితాఘౌఘ వినాశకారి యగుచుం గైవల్యసంధాయియై
నలి నొప్పారెడు మంత్రరాజ మగు నీనామంబు ప్రేమంబున\న్‌
అలర న్నెవ్వని వాక్కునం బొరయదో యన్నీచు దేహంబు దా
వెలయ\న్‌ భూరుహకోటరం బదియ సూ వేదాత్మ నారాయణా!"	mattebhamu
"రమణీయంబుగ నాదిమంబు నవతారంబు\న్‌ భవద్దివ్యరూ
పము నామామృతము\న్‌ దలంప దశకప్రా ప్తయ్యెఁ గృష్ణావతా
రము సుజ్ఞానము మోక్షము\న్‌ ద్వివిధసంప్రాప్తి\న్‌ శతాంధ్రాఖ్య కా
వ్యము నర్పించితి మీపదాబ్జములకు\న్‌ వైకుంఠ నారాయణా!"	mattebhamu
"నీమూర్తుల్‌ గన నీకథల్‌ వినఁ దుది\న్‌ నీ పాద నిర్మాల్యని
ష్ఠామోదంబు నెఱుంగ, నీచరణాతోయం బాడ, నైవేద్యముల్‌
నీమం బొప్ప భజింప నీజపము వర్ణింప\న్‌ గృపం జేయవే
శ్రీ మించ\న్‌ బహుజన్మ జన్మములకు\న్‌ శ్రీయాదినారాయణా!"	saardulamu
"శ్రీ మనోహర! సురార్చిత సింధుగంభీర! - భక్తవత్సల! కోటిభానుతేజ!
కంజనేత్ర! హిరణ్యకశ్యపాంతక! శూర! - సాధురక్షణ! శంఖచక్ర హస్త!
ప్రహ్లాద వరద! పాపధ్వంస! సర్వేశ! - క్షీరసాగరశయన! కృష్ణవర్ణ!
పక్షివాహన! నీలభ్రమరకుంతలజాల! - పల్లవారుణపాదపద్మయుగళ"	seesamu
"చారుశ్రీచందనాగరుచర్చితాంగ! - కుందకుట్మలదంత! వైకుంఠధామ!
భూషణవికాస! శ్రీధర్మపురనివాస! - దుష్టసంహార! నరసింహ దురితదూర!"	teytageethi
"పద్మలోచన! సీసపద్యముల్‌ నీమీఁదఁ - జెప్పఁ బూనితినయ్య!చిత్తగింపు
గణ యతి ప్రాస లక్షణముఁ జూడఁగలేదు - పంచకావ్య శ్లోకపఠన లేదు
అమరకాండత్రయంబరసి చూడఁగలేదు - శాస్త్రీయ గ్రంథముల్‌ చదువలేదు
నీ కటాక్షంబుననే రచించెదఁ గాని - ప్రజ్ఞ నాయది గాదు ప్రస్తుతింపఁ"	seesamu
"దప్పుగలిగిన సద్భక్తి తక్కువౌనె - చెఱకునకు వంకపోయిన చెడునె తీపు?
భూషణవికాస! శ్రీధర్మపురనివాస! - దుష్టసంహార! నరసింహ దురితదూర!"	teytageethi
"నరసింహ! నీ దివ్యనామమంత్రముచేత - దురితజాలములెల్ల ద్రోలవచ్చు
నరసింహ! నీ దివ్యనామమంత్రముచేత - బలువైన రోగముల్‌ బాపవచ్చు
నరసింహ! నీ దివ్యనామమంత్రముచేత - రిపు సంఘముల సంహరింపవచ్చు
నరసింహ! నీ దివ్యనామమంత్రముచేత - దండహస్తుని బంట్లఁదఱుమవచ్చు"	seesamu
"భళిర నేనీ మహామంత్రబలముచేత - దివ్యవైకుంఠ పదవి సాధింపవచ్చు
భూషణవికాస! శ్రీధర్మపురనివాస! - దుష్టసంహార! నరసింహ దురితదూర!"	teytageethi
"ఆదినారాయణా! యనుచు నాలుకతోడఁ - బలుక నేర్చినవారి పాదములకు
సాష్టాంగముగ నమస్కార మర్పణఁ జేసి - ప్రస్తుతించెదనయ్య బహువిధముల
ధరణిలో నరులెంత దండివారైనను - నిన్నుఁ గాననివారి నే స్మరింప
మేము శ్రేష్ఠులమంచు మిడుకుచుండెడివారి - చెంతఁ జేరఁగఁబోను శేషశయన!"	seesamu
"పరమ సాత్త్వికులైన నీ భక్తవరుల - దాసులకు దాసుఁడను జుమీ ధాత్రిలోన
భూషణవికాస! శ్రీధర్మపురనివాస! - దుష్టసంహార! నరసింహ దురితదూర!"	teytageethi
"ఐశ్వర్యములకు నిన్ననుసరింపఁగలేదు - ద్రవ్య మిమ్మని వెంటఁ దగులలేదు
కనక మిమ్మని చాలఁ గష్టపెట్టఁగలేదు - పల్ల కిమ్మని నోటఁ బలుకలేదు
సొమ్ము లిమ్మని నిన్నునమ్మి కొల్వఁగలేదు - భూము లిమ్మని పేరు పొగడలేదు
బలము లిమ్మని నిన్ను బ్రతిమాలఁగాలేదు - పసుల నిమ్మని పట్టుపట్టలేదు"	seesamu
"నేను గోరిన దొక్కటే నీలవర్ణ - చయ్యనను మోక్షమిచ్చినఁ జాలు నాకు
భూషణవికాస! శ్రీధర్మపురనివాస! - దుష్టసంహార! నరసింహ దురితదూర!"	teytageethi
"మందుఁడనని నన్ను నిందఁ జేసిననేమి? - నా దీనతను జూచి నవ్వనేమి?
దూరభావములేక తూలనాడిన నేమి? - ప్రీతిసేయక వంకఁ బెట్టనేమి?
కక్కసంబులు పల్కి వెక్కిరించిన నేమి? - తీవ్రకోపముచేతఁ దిట్టనేమి?
హెచ్చుమాటల చేత నెమ్మెలాడిన నేమి? - చేరి దాపట గేలిచేయనేమి?"	seesamu
"కల్ప వృక్షమువలె నీవు గల్గనింకఁ - బ్రజల లక్ష్యంబు నాకేల?పద్మనాభ
భూషణవికాస! శ్రీధర్మపురనివాస! - దుష్టసంహార! నరసింహ దురితదూర!"	teytageethi
"చిత్తశుద్ధిగ నీకుసేవఁజేసెదఁ గాని - పుడమిలో జనుల మెప్పులకుఁ గాదు
జన్మపావనతకై స్మరణఁజేసెదఁ గాని - సరివారిలోఁ బ్రతిష్ఠలకుఁ గాదు
ముక్తికోసము నేనుమ్రొక్కి వేఁడెదఁ గాని - దండి భాగ్యము నిమిత్తంబుఁ గాదు
నిన్నుఁ బొగడఁగ విద్యనేర్చితినే కాని - కుక్షినిండెడి కూటికొఱకుఁ గాదు"	seesamu
"పారమార్థికమునకు నేఁ బాటుపడితిఁ - గీర్తికి నపేక్షపడలేదు కృష్ణవర్ణ!
భూషణవికాస! శ్రీధర్మపురనివాస! - దుష్టసంహార! నరసింహ దురితదూర!"	teytageethi
"శ్రవణ రంధ్రముల నీసత్కథల్‌ పొగడంగ - లేశ మానందంబు లేనివాఁడు
పుణ్యవంతులు నిన్నుఁబూజసేయఁగఁ జూచి - భావమం దుత్సాహపడనివాఁడు
భక్తవర్యులు నీ ప్రభావముల్‌ పొగడంగఁ - దత్పరత్వములేక తలఁగువాఁడు
తనచిత్తమందు నీ ధ్యానమెన్నఁడు లేక - కాలమంతయు వృథాగడుపువాఁడు"	seesamu
"వసుధలోనెల్ల వ్యర్థుండువాఁడె యగును - మఱియుఁ జెడుఁగాక యెప్పుడు మమతనొంది
భూషణవికాస! శ్రీధర్మపురనివాస! - దుష్టసంహార! నరసింహ దురితదూర!"	teytageethi
"గౌతమీస్నానానఁ గడతేఱుద మఁటన్న - మొనసి చన్నీళ్లలో మునుఁగలేను
తీర్థయాత్రలచేఁ గృతార్థుఁ డౌద మఁటన్న - బడలి నేమంబు లే నడుపలేను
దాన ధర్మముల సద్గతిని జెందుదమన్న - ఘనముగా నా యొద్ద ధనము లేదు
తపమాచరించి సార్థకత నొందుదమన్న - నిమిషమైన మనస్సు నిలుపలేను"	seesamu
"కష్టములకోర్వ నాచేతఁగాదు నిన్ను - స్మరణ చేసెద నా యథాశక్తి కొలఁది
భూషణవికాస! శ్రీధర్మపురనివాస! - దుష్టసంహార! నరసింహ దురితదూర!"	teytageethi
"అర్థివాండ్రకునీక హానిఁ జేయుటకంటెఁ - దెంపుతో వసనాభిఁ దినుట మేలు
ఆఁడుబిడ్డల సొమ్ములపహరించుటకంటె - బండఁ గట్టుక నూతఁ బడుట మేలు
పరులకాంతలఁ బట్టి బల్మిఁ గూడుటకంటె - బడబాగ్ని కీలలఁ బడుట మేలు
బ్రతుకఁ జాలక దొంగపనులు చేయుటకంటెఁ - గొంగుతో ముష్టెత్తుకొనుట మేలు"	seesamu
"జలజదళనేత్ర నీ భక్తజనులతోడి - జగడమాడెడు పనికంటెఁ జావు మేలు
భూషణవికాస! శ్రీధర్మపురనివాస! - దుష్టసంహార! నరసింహ దురితదూర!"	teytageethi
"గార్దభంబునకేల కస్తూరి తిలకంబు? - మర్కటంబునకేల మలయజంబు?
శార్దూలమునకేల శర్కరాపూపంబు? - సూకరంబునకేల చూతఫలము?
మార్జాలమునకేల మల్లెపువ్వులబంతి? - గుడ్లగూబకునేల కుండలములు?
మహిషానికేల నిర్మలమైన వస్త్రముల్‌? - బకసంతతికినేల పంజరంబు?"	seesamu
"ద్రోహచింతనఁ జేసెడు దుర్జనులకు - మధురమైన నీ నామమంత్రమేల?
భూషణవికాస! శ్రీధర్మపురనివాస! - దుష్టసంహార! నరసింహ దురితదూర!"	teytageethi
"పసరంబు పంజైనఁ బసులకాపరి తప్పు - ప్రజలు దుర్జనులైన ప్రభుని తప్పు
భార్య గయ్యాళైనఁ బ్రాణనాథుని తప్పు - తనయుఁడు దుష్టైన తండ్రి తప్పు
సైన్యంబు చెదరిన సైన్యనాథుని తప్పు - కూఁతురు చెడుగైన మాత తప్పు
అశ్వంబు చెడుగైన నారోహకుని తప్పు - దంతి దుష్టైన మామంతు తప్పు"	seesamu
"ఇట్టి తప్పు లెరుంగక యిచ్చవచ్చి - నటుల మెలఁగుదు రిప్పుడీ యవని జనులు
భూషణవికాస! శ్రీధర్మపురనివాస! - దుష్టసంహార! నరసింహ దురితదూర!"	teytageethi
"కోతికి జలతారుకుళ్లాయి యేటికి? - విరజాజి పూదండ విధవ కేల?
ముక్కిడితొత్తుకు ముత్తెంపు నత్తేల? - నద్ద మేమిటికి జాత్యంధునకును?
మాచకమ్మకు నేల మౌక్తికహారముల్‌? - క్రూరచిత్తునకు సద్గోష్ఠు లేల?
ఱంకుఁబోతుకు నేల బింకంపు నిష్ఠలు? - వావి యేటికి దుష్టవర్తనునకు?"	seesamu
"మాట నిలుకడ సుంకరిమోటు కేల? - చెవిటివానికి సత్కథాశ్రవణ మేల?
భూషణవికాస! శ్రీధర్మపురనివాస! - దుష్టసంహార! నరసింహ దురితదూర!"	teytageethi
"మాన్యంబులీయ సమర్థుఁ డొక్కఁడు లేఁడు - మాన్యముల్‌ చెఱుప సమర్థులంత
యెండిన యూళ్ల గోఁడెఱిఁగింపఁ డెవ్వఁడుఁ - బండిన యూళ్లకుఁ బ్రభువులంత
యితఁడు పేద యటంచు నెఱిఁగింపఁ డెవ్వఁడు - కలవారి సిరు లెన్నఁగలరు చాలఁ
దనయాలి చేష్టల తప్పెన్నఁ డెవ్వఁడు - బెఱకాంత ఱంకెన్నఁ బెద్దలంత"	seesamu
"యిట్టి దుష్టుల కధికారమిచ్చినట్టి - ప్రభువు తప్పులటంచును బలుకవలెను
భూషణవికాస! శ్రీధర్మపురనివాస! - దుష్టసంహార! నరసింహ దురితదూర!"	teytageethi
"తల్లిగర్భము నుండి ధనము తేఁ డెవ్వఁడు - వెళ్లిపోయెడినాఁడు వెంటరాదు
లక్షాధికారైన లవణ మన్నమె కాని - మెఱుఁగు బంగారంబు మ్రింగఁబోఁడు
విత్త మార్జనఁ జేసి విఱ్ఱవీఁగుటె కాని - కూడఁబెట్టిన సొమ్ము తోడరాదు
పొందుగా మఱుఁగైన భూమిలోపలఁ బెట్టి - దానధర్మము లేక దాఁచి దాఁచి"	seesamu
"తుదకు దొంగల కిత్తురో దొరల కవునో - తేనె జుంటీఁగ లియ్యవా తెరువరులకు?
భూషణవికాస! శ్రీధర్మపురనివాస! - దుష్టసంహార! నరసింహ దురితదూర!"	teytageethi
"లోకమం దెవఁడైన లోభి మానవుఁ డున్న - భిక్ష మర్థికిఁ జేతఁ బెట్టలేఁడు
తాను బెట్టకయున్న తగవు పుట్టదుగాని - యొరులు పెట్టఁగఁ జూచి యోర్వలేఁడు
దాత దగ్గఱఁ జేరి తన ముల్లె చెడినట్లు - జిహ్వతోఁ జాడీలు చెప్పుచుండు
ఫలము విఘ్నంబైన బలు సంతసమునందు - మేలు కల్గినఁ జాల మిడుకుచుండు"	seesamu
"శ్రీరమానాథ! యిటువంటిక్రూరునకును - భిక్షకుల శత్రువని పేరు పెట్టవచ్చు
భూషణవికాస! శ్రీధర్మపురనివాస! - దుష్టసంహార! నరసింహ దురితదూర!"	teytageethi
"తనువులోఁ బ్రాణముల్‌ తర్లిపొయ్యెడి వేళ - నీ స్వరూపమును ధ్యానించునతఁడు
నిమిషమాత్రములోన నిన్నుఁ జేరును గాని - యమునిచేతికిఁ జిక్కి శ్రమలఁ బడఁడు
పరమసంతోషాన భజనఁ జేసెడివారి - పుణ్య మేమనవచ్చు భోగిశయన
మోక్షము నీ దాసముఖ్యుల కగుఁ గాని - నరక మెక్కడిదయ్య నళిననేత్ర"	seesamu
"కమలనాభ నీ మహిమలు గానలేని - తుచ్ఛులకు ముక్తి దొరకుట దుర్లభంబు
భూషణవికాస! శ్రీధర్మపురనివాస! - దుష్టసంహార! నరసింహ దురితదూర!"	teytageethi
"నీలమేఘశ్యామ! నీవె తండ్రివి మాకు - కమలవాసిని మమ్ముఁగన్న తల్లి
నీ భక్త వరులంత నిజమైన బాంధవుల్‌ - నీ కటాక్షము మా కనేక ధనము
నీ కీర్తనలు మాకు లోక ప్రపంచంబు - నీ సహాయము మాకు నిత్యసుఖము
నీ మంత్రమే మాకు నిష్కళంకపు విద్య - నీ పద ధ్యానంబు నిత్యజపము"	seesamu
"తోయజాతాక్ష! నీ పాదతులసిదళము - రోగముల కౌషధము బ్రహ్మరుద్ర వినుత
భూషణవికాస! శ్రీధర్మపురనివాస! - దుష్టసంహార! నరసింహ దురితదూర!"	teytageethi
"బ్రతికినన్నాళ్లు నీభజన తప్పను గాని - మరణకాలమునందు మఱతునేమొ
యావేళ యమదూతలాగ్రహంబున వచ్చి - ప్రాణముల్‌ పెకలించి పట్టునపుడు
కఫ వాత పైత్యముల్‌ గప్పఁగా భ్రమచేతఁ - గంప ముద్భవమంది కష్టపడుచు
నా జిహ్వతో నిన్ను నారాయణా యంచుఁ - బిలుతునో శ్రమచేతఁ బిలువలేనో"	seesamu
"నాఁటి కిప్పుడె చేతు నీనామ భజన - తలఁచెదను జెవి నిడవయ్య! ధైర్యముగను
భూషణవికాస! శ్రీధర్మపురనివాస! - దుష్టసంహార! నరసింహ దురితదూర!"	teytageethi
"పాంచభౌతికము దుర్బలమైన కాయం బి - దెప్పుడో విడుచుట యెఱుకలేదు
శతవర్షములదాఁక మితముఁ జెప్పిరి గాని - నమ్మరాదా మాట నెమ్మనమున
బాల్యమందో మంచిప్రాయమందో లేక - ముదిమియందో లేక ముసలియందో
యూరనో యడవినో యుదకమధ్యముననో - యెప్పుడో విడుచుట యే క్షణంబొ"	seesamu
"మరణమే నిశ్చయము బుద్ధిమంతుఁడైన - దేహమున్నంతలో మిమ్ముఁదెలియవలయు
భూషణవికాస! శ్రీధర్మపురనివాస! - దుష్టసంహార! నరసింహ దురితదూర!"	teytageethi
"తల్లిదండ్రులు భార్య తనయు లాప్తులు బావ - మఱఁదు లన్నలు మేనమామ గారు
ఘనముగా బంధువుల్‌ గల్గినప్పటికైనఁ - దాను దర్లఁగ వెంటఁదగిలి రారు
యముని దూతలు ప్రాణమపహరించుక పోఁగ - మమతతోఁ బోరాడి మాన్పలేరు
బలగ మందఱు దుఃఖపడుట మాత్రమె కాని - యించుక యాయుష్యమియ్యలేరు"	seesamu
"చుట్టముల మీఁది భ్రమదీసి చూరఁ జెక్కి - సంతతము మిమ్ము నమ్ముట సార్థకంబు
భూషణవికాస! శ్రీధర్మపురనివాస! - దుష్టసంహార! నరసింహ దురితదూర!"	teytageethi
"ఇభరాజవరద! నిన్నెంతఁ బిల్చినఁగాని - మాఱు పల్కవదేమి మౌనితనమొ?
మునిజనార్చిత! నిన్నుమ్రొక్కి వేఁడినఁగాని - కనులఁ బడవదేమి గడుసుఁదనమొ?
చాల దైన్యమునొంది చాటు జొచ్చినఁగాని - భాగ్య మియ్యవదేమి ప్రౌఢతనమొ?
స్థిరముగా నీ పాదసేవఁ జేసెద నన్న - దొరకఁ జాలవదేమి ధూర్తతనమొ?"	seesamu
"మోక్షదాయక! యిటువంటి మూర్ఖజనుని - కష్టపెట్టిన నీకేమి కడుపునిండు
భూషణవికాస! శ్రీధర్మపురనివాస! - దుష్టసంహార! నరసింహ దురితదూర!"	teytageethi
"నీమీఁది కీర్తనల్‌ నిత్యగానముఁ జేసి - రమ్యమొందింప నారదుఁడఁగాను
సావధానముగ నీచరణ పంకజ సేవ - సలిపి మెప్పింపంగ శబరిఁగాను
బాల్యమప్పటి నుండి భక్తి నీయందునఁ - గలుగను బ్రహ్లాదఘనుఁడఁగాను
ఘనముగా నీమీఁద గ్రంథముల్‌ గల్పించి - వినుతిసేయను వ్యాసమునినిగాను"	seesamu
"సాధుఁడను మూర్ఖమతి మనుష్యాధముఁడను - హీనుఁడను జుమ్మి నీవు నన్నేలుకొనుము
భూషణవికాస! శ్రీధర్మపురనివాస! - దుష్టసంహార! నరసింహ దురితదూర!"	teytageethi
"అతిశయంబుగఁ గల్లలాడనేర్చితిఁగాని - పాటిగా సత్యముల్‌ పలుకనేర
సత్కార్య విఘ్నముల్‌ సలుప నేర్చితిఁగాని - యిష్ట మొందఁగ నిర్వహింపనేర
నొకరి సొమ్ముకు దోసిలొగ్గ నేర్చితిఁగాని - చెలువుగా ధర్మంబు సేయనేర
ధనము లియ్యంగ వద్దనఁగ నేర్చితిఁ గాని - శీఘ్ర మిచ్చెడునట్లు చెప్పనేరఁ"	seesamu
"బంకజాతాక్ష! నే నతిపాతకుఁడను - దప్పులన్నియు క్షమియింపఁ దండ్రి వీవె!
భూషణవికాస! శ్రీధర్మపురనివాస! - దుష్టసంహార! నరసింహ దురితదూర!"	teytageethi
"ఉర్విలో నాయుష్యమున్న పర్యంతంబు - మాయ సంసారంబు మఱగి నరుఁడు
సకల పాపములైన సంగ్రహించును గాని - నిన్నుఁ జేరెడి యుక్తినేర్వలేఁడు
తుదకుఁ గాలునియొద్ద దూత లిద్దఱు వచ్చి - గుంజుక చనివారు గ్రుద్దుచుండ
హింస కోర్వఁగలేక యేడ్చి గంతులువేసి - దిక్కు లేదని నాల్గుదిశలు చూడఁ"	seesamu
"దన్ను విడిపింప వచ్చెడి ధన్యుఁడేడి - ముందు నీ దాసుఁడైయున్న ముక్తి గలుగు
భూషణవికాస! శ్రీధర్మపురనివాస! - దుష్టసంహార! నరసింహ దురితదూర!"	teytageethi
"అధిక విద్యావంతులప్రయోజకులైరి - పూర్ణశుంఠలు సభాపూజ్యులైరి
సత్యవంతులమాట జనవిరోధంబాయె - వదరుఁబోతులమాట వాసికెక్కె
ధర్మవాదనపరుల్‌ దారిద్ర్యమొందిరి - పరమలోభులు ధనప్రాప్తులైరి
పుణ్యవంతులు రోగభూత పీడితులైరి - దుష్టమానవులు వర్ధిష్ణులైరి"	seesamu
"పక్షివాహన! మావంటిభిక్షుకులకు - శక్తిలేదాయె నిఁక నీవెచాటు మాకు
భూషణవికాస! శ్రీధర్మపురనివాస! - దుష్టసంహార! నరసింహ దురితదూర!"	teytageethi
"భుజబలంబునఁ బెద్దపులులఁ జంపఁగవచ్చు - పాము కంఠముఁ చేతఁబట్టవచ్చు
బ్రహ్మరాక్షసకోట్ల బాఱఁద్రోలఁగవచ్చు - మనుజుల రోగముల్‌ మాన్పవచ్చు
జిహ్వ కిష్టముగాని చేఁదు మ్రింగఁగవచ్చు - పదును ఖడ్గముచేత నదుమవచ్చుఁ
గష్టమొందుచు ముండ్లకంపలోఁ జొరవచ్చుఁ - దిట్టుఁబోతుల నోళ్లు కట్టవచ్చుఁ"	seesamu
"బుడమిలో దుష్టులకు జ్ఞానబోధ తెలిపి - సజ్జనులఁ జేయలేఁడెంత చతురుఁడైన
భూషణవికాస! శ్రీధర్మపురనివాస! - దుష్టసంహార! నరసింహ దురితదూర!"	teytageethi
"అవనిలోఁ గల యాత్రలన్ని చేయఁగవచ్చు - ముఖ్యుఁడై నదులందు మునుఁగవచ్చు
ముక్కుపట్టుక సంధ్యమొనసి వార్వఁగవచ్చు - దిన్నఁగా జపమాలఁ ద్రిప్పవచ్చుఁ
వేదాల కర్థంబువిఱిచి చెప్పఁగవచ్చు - శ్రేష్ఠ క్రతువులెల్లఁ జేయవచ్చు
ధనము లక్షలు కోట్లు దానమియ్యఁగవచ్చు - నైష్ఠికాచారముల్‌ నడుపవచ్చు"	seesamu
"జిత్త మన్యస్థలంబునఁ జేరకుండ - నీ పదాంభోజములయందు నిలుపరాదు
భూషణవికాస! శ్రీధర్మపురనివాస! - దుష్టసంహార! నరసింహ దురితదూర!"	teytageethi
"కర్ణయుగ్మమున నీకథలు సోఁకినఁజాలు - పెద్ద పోగుల జోళ్లుపెట్టినట్లు
చేతు లెత్తుచుఁ బూజసేయఁగల్గినఁజాలు - తోరంపు కడియాలు దొడిగినట్లు
మొనసి మస్తకముతోమ్రొక్కఁ గల్గినఁ జాలు - చెలువమైన తురాయిచెక్కినట్లు
గళము నొవ్వఁగ నిన్నుఁబలుకఁ గల్గినఁ జాలు - వింతగాఁ గంఠీలువేసినట్లు"	seesamu
"పూని నిన్నుఁ గొల్చుటే సర్వభూషణంబు - లితర భూషణముల నిచ్చగింపనేల?
భూషణవికాస! శ్రీధర్మపురనివాస! - దుష్టసంహార! నరసింహ దురితదూర!"	teytageethi
"భువనరక్షక! నిన్నుఁబొగడనేరని నోరు - ప్రజకు గోచరమైన పాడుబొంద
సురవరార్చిత! నిన్నుఁజూడఁగోరని కనుల్‌ - జలము లోపల నెల్లిసరపుగుండ్లు
శ్రీరమాధిప! నీకుసేవఁజేయని మేను - కూలి కమ్ముడువోని కొలిమితిత్తి
వేడ్కతో నీ కథల్‌వినని కర్ణములైనఁ - గఠినశిలాదులఁగలుగు తొలలు"	seesamu
"పద్మలోచన! నీ మీఁద భక్తిలేని - మానవుఁడు రెండుపాదాల మహిషమయ్య
భూషణవికాస! శ్రీధర్మపురనివాస! - దుష్టసంహార! నరసింహ దురితదూర!"	teytageethi
"అతివిద్యనేర్చుట యన్నవస్త్రములకే - పసుల నార్జించుట పాలకొఱకె
సతిని బెండ్లాడుట సంసారసుఖముకే - సుతులఁ బోషించుట గతులకొఱకె
సైన్యముల్‌ గూర్చుట శత్రుభయమునకే - సాము నేర్చుటలెల్ల చావుకొఱకె
దానమిచ్చుటయు ముందటి సంచితమునకే - ఘనముగాఁ జదువుట కడుపుకొఱకె"	seesamu
"యితర కామంబుఁ గోరక సతతముగను - భక్తి నీయందు నిలుపుట ముక్తికొఱకె
భూషణవికాస! శ్రీధర్మపురనివాస! - దుష్టసంహార! నరసింహ దురితదూర!"	teytageethi
"ధరణిలో వేయేండ్లు తనువు నిల్వఁగబోదు - ధన మెప్పటికి శాశ్వతంబు గాదు
దారసుతాదులు తనవెంట రాలేరు - భృత్యులు మృతినిఁ దప్పించలేరు
బంధుజాలము తన్ను బ్రతికించుకోలేదు - బలపరాక్రమ మేమి పనికిరాదు
ఘనమైన సకల భాగ్యం బెంతఁ గల్గిన - గోచిమాత్రంబైనఁ గొనుచుఁబోఁడు"	seesamu
"వెఱ్ఱికుక్కల భ్రమలన్ని విడిచి నిన్ను - భజనఁ జేసెడివారికిఁ బరమసుఖము
భూషణవికాస! శ్రీధర్మపురనివాస! - దుష్టసంహార! నరసింహ దురితదూర!"	teytageethi
"నరసింహ! నాకు దుర్ణయములే మెండాయె - సుగుణ మొక్కటి లేదు చూఁడ జనిన
నన్యకాంతల మీఁద యాశ మానఁగలేను - నొరుల క్షేమము చూచియోర్వలేను
ఇటువంటి దుర్బుద్ధులిన్ని నాకున్నవి - నేను జేసెడివన్ని నీచకృతులు
నావంటి పాపిష్ఠినరుని భూలోకాన - బుట్టఁ జేసితివేల భోగిశయన!"	seesamu
"అబ్జదళనేత్ర! నాతండ్రివైన ఫలము - నేరములు గాచి రక్షింపు నీవె దిక్కు
భూషణవికాస! శ్రీధర్మపురనివాస! - దుష్టసంహార! నరసింహ దురితదూర!"	teytageethi
"ధీరతఁ బరుల నిందింప నేర్చితి గాని - తిన్నఁగా నినుఁ బ్రస్తుతింపనైతిఁ
బొరుగు కామినులందు బుద్ధి నిల్పితిఁ గాని - నిన్ను సంతతము ధ్యానింపనైతిఁ
బెరికి ముచ్చటలైన మురిసి వింటిని గాని - యెంచి నీ కథ లాలకించనైతిఁ
గౌతుకంబునఁ బాతకము గడించితిఁ గాని - హెచ్చు పుణ్యము సంగ్రహింపనైతి"	seesamu
"నవనిలో నేను జన్మించినందుకేమి - సార్థకము గానరాదాయె స్వల్పమైన
భూషణవికాస! శ్రీధర్మపురనివాస! - దుష్టసంహార! నరసింహ దురితదూర!"	teytageethi
"అంత్యకాలమునందు నాయాసమున నిన్నుఁ - దలఁతునో తలఁపనో తలఁతు నిపుడె
నరసింహ! నరసింహ! నరసింహ! లక్ష్మీశ! - దానవాంతక! కోటిభానుతేజ!
గోవింద! గోవింద! గోవింద! సర్వేశ! - పన్నగాధిపశాయి! పద్మనాభ!
మధువైరి! మధువైరి! మధువైరి! లోకేశ! - నీలమేఘశరీర! నిగమవినుత!"	seesamu
"ఈ విధంబున నీనామమిష్టముగను - భజన సేయుచు నుందు నా భావమందు
భూషణవికాస! శ్రీధర్మపురనివాస! - దుష్టసంహార! నరసింహ దురితదూర!"	teytageethi
"ఆయురారోగ్య పుత్రార్థ సంపదలన్ని - కలుగఁజేసెడి భారకర్త వీవె
చదువు లెస్సఁగనేర్పి సభలో గరిష్ఠాధి - కార మొందించెడి ఘనుఁడ వీవె
నడక మంచిది పెట్టి నరులు మెచ్చెడునట్టి - పేరు రప్పించెడి పెద్ద వీవె
బలువైన వైరాగ్యభక్తిజ్ఞానములిచ్చి - ముక్తిఁ బొందించెడు మూర్తి వీవె"	seesamu
"అవనిలో మానవుల కన్నియాసలిచ్చి - వ్యర్థులను జేసి తెలిపెడివాఁడ వీవె
భూషణవికాస! శ్రీధర్మపురనివాస! - దుష్టసంహార! నరసింహ దురితదూర!"	teytageethi
"కాయ మెంత భయానఁ గాపాడిననుగాని - ధాత్రిలో నది చూడ దక్కఁబోదు
ఏవేళ నేరోగమేమరించునొ? సత్త్వ - మొందఁగఁ జేయునే చందమునను
ఔషధంబులు మంచివనుభవించినఁ గాని - కర్మక్షీణంబైనఁ గాని విడదు
కోటివైద్యులు గుంపుగూడివచ్చినఁ గాని - మరణ మయ్యెడు వ్యాధిమాన్పలేరు"	seesamu
"జీవుని ప్రయాణకాలంబు సిద్ధమైన - నిలుచునా దేహ మిందొక్క నిమిషమైన?
భూషణవికాస! శ్రీధర్మపురనివాస! - దుష్టసంహార! నరసింహ దురితదూర!"	teytageethi
"జందెమింపుగ వేసి సంధ్య వార్చిన నేమి - బ్రహ్మ మందక కాఁడు బ్రాహ్మణుండు
తిరుమణి శ్రీచూర్ణగురురేఖ లిడినను - విష్ణు నొందక కాఁడు వైష్ణవుండు
బూదిని నుదుటను బూసికొనిన నేమి - శంభు నొందక కాఁడు శైవజనుఁడు
కాషాయ వస్త్రాలుగట్టి కప్పిన నేమి - యాశ పోవక కాఁడు యతివరుండు"	seesamu
"ఎట్టి లౌకికవేషాలు గట్టుకొనిన - గురునిఁ జెందక సన్ముక్తి దొరకఁబోదు
భూషణవికాస! శ్రీధర్మపురనివాస! - దుష్టసంహార! నరసింహ దురితదూర!"	teytageethi
"నరసింహ! నే నిన్ను నమ్మినందుకుఁ జాల - నెనరు నాయందుంచు నెమ్మనమున
నన్ని వస్తువులు నిన్నడిగి వేసటపుట్టె - నింకనైనఁ గటాక్షమియ్యవయ్య
సంతసంబున నన్ను స్వర్గమందే యుంచు - భూమియందే యుంచు భోగిశయన!
నయముగా వైకుంఠనగరమందే యుంచు - నరకమందే యుంచు నళిననాభ!"	seesamu
"ఎచట నన్నుంచిననుగాని యెపుడు నిన్ను - మఱచి పోకుండ నీ నామస్మరణనొసఁగు
భూషణవికాస! శ్రీధర్మపురనివాస! - దుష్టసంహార! నరసింహ దురితదూర!"	teytageethi
"దేహ మున్నవఱకు మోహసాగరమందు - మునుఁగుచుందురు శుద్ధమూఢజనులు
సలలితైశ్వర్యముల్‌ శాశ్వతం బనుకొని - షడ్భ్రమలను మానఁజాల రెవరు
సర్వకాలము మాయసంసార బద్ధులై - గురుని కారుణ్యంబుఁ గోరుకొనరు
జ్ఞాన భక్తి విరక్తులైన పెద్దలఁ జూచి - నిందఁ జేయక తాము నిలువలేరు"	seesamu
"మత్తులైనట్టి దుర్జాతిమనుజులెల్ల - నిన్నుఁ గనలేరు మొదటికే నీరజాక్ష!
భూషణవికాస! శ్రీధర్మపురనివాస! - దుష్టసంహార! నరసింహ దురితదూర!"	teytageethi
"ఇలలోన నే జన్మమెత్తినప్పటినుండి - బహు గడించితినయ్య పాతకములు
తెలిసి చేసితిఁ గొన్ని తెలియఁజాలక చేసి - బాధ నొందితినయ్య పద్మనాభ!
అనుభవించెడు నప్పుడతి ప్రయాసంబంచుఁ - బ్రజలు చెప్పఁగఁ జాల భయము గలిగె
నెగిరి పోవుటకునై యే యుపాయంబైనఁ - జేసి చూతమఁటన్నఁ జేతఁగాదు"	seesamu
"సూర్యశశినేత్ర! నీ చాటుఁజొచ్చి నాను - కలుషములు ద్రుంచి నన్నేలు కష్టమనక
భూషణవికాస! శ్రీధర్మపురనివాస! - దుష్టసంహార! నరసింహ దురితదూర!"	teytageethi
"తాపసార్చిత! నేను పాపకర్ముఁడనంచు - నాకు వంకలఁ బెట్టఁబోకు సుమ్మి
నాఁటికి శిక్షలు నన్ను చేయుటకంటె - నేఁడు సేయుము నీవు నేస్తమనక
అతిభయంకరులైన యమదూతలకు నన్ను - నొప్పగింపకు మయ్య యురగశయన!
నీ దాసులను బట్టి నీవు దండింపంగ - వద్దు వద్దనరెంత పెద్దలైనఁ"	seesamu
"దండ్రివై నీవు పరపీడ దగులఁజేయ - వాసిగల పేరు కపకీర్తి వచ్చునయ్య
భూషణవికాస! శ్రీధర్మపురనివాస! - దుష్టసంహార! నరసింహ దురితదూర!"	teytageethi
"ధరణిలోపల నేను తల్లి గర్భమునందుఁ - బుట్టినప్పటినుండి పుణ్య మెఱుఁగ
నేకాదశీ వ్రతంబెన్నఁ డుండఁగ లేదు - తీర్థయాత్రలకైనఁ దిరుగలేదు
పారమార్థికమైన పనులు చేయఁగలేదు - భిక్ష మొక్కనికైనఁ బెట్టలేదు
జ్ఞానవంతులకైనఁ బూని మ్రొక్కఁగ లేదు - ఇతర దానములైన నియ్యలేదు"	seesamu
"నళినదళనేత్ర! నిన్ను నే నమ్మినాను - జేరి రక్షింపవే నన్ను శీఘ్రముగను
భూషణవికాస! శ్రీధర్మపురనివాస! - దుష్టసంహార! నరసింహ దురితదూర!"	teytageethi
"అడవిపక్షుల కెవ్వఁడాహార మిచ్చెను - మృగజాతి కెవ్వఁడు మేఁతఁబెట్టె
వనచరాదులకు భోజన మెవ్వఁ డిప్పించెఁ - జెట్లకెవ్వఁడు నీళ్లు చేదిపోసె
స్త్రీల గర్భంబున శిశువు నెవ్వఁడు పెంచె - ఫణుల కెవ్వఁడు పోసెఁ బరగఁ బాలు
మధుపాళి కెవ్వఁడు మకరంద మొనరించె - బసుల కెవ్వఁ డొసంగెఁ బచ్చిపూరి"	seesamu
"జీవకోట్లను బోషింప నీవెకాని - వేఱె యొక దాత లేఁడయ్య వెదకిచూడ
భూషణవికాస! శ్రీధర్మపురనివాస! - దుష్టసంహార! నరసింహ దురితదూర!"	teytageethi
"దనుజారి! నావంటి దాసజాలము నీకు - కోటి సంఖ్య గలరు కొదువ లేదు
బంట్లసందడివల్ల బహుపరాకై నన్ను - మఱచి పోకుము భాగ్యమహిమచేత
దండిగా భృత్యులు దగిలి నీకుండంగ - బక్క బంటే పాటి పనికి వచ్చు?
నీవు మెచ్చెడి పనుల్‌ నేను జేయఁగలేక - యింత వృథా జన్మమెత్తినాను"	seesamu
"భూజనులలోన నే నప్రయోజకుఁడను - గనుక నీ సత్కటాక్షంబు గలుగఁజేయు
భూషణవికాస! శ్రీధర్మపురనివాస! - దుష్టసంహార! నరసింహ దురితదూర!"	teytageethi
"కమలలోచన! నన్నుఁ గన్నతండ్రివి గాన - నిన్ను నేమఱకుంటి నేను విడక
యుదరపోషణకునై యొకరి నే నాశింప - నేర నా కన్నంబు నీవు నడుపు
పెట్టలేనంటివా పిన్న పెద్దలలోనఁ - దగవు కిప్పుడు దీయఁ దలఁచినాను
ధనము భారంబైనఁ దల కిరీటము నమ్ము - కుండలంబులు పైఁడిగొలుసు లమ్ము"	seesamu
"కొసకు నీ శంఖచక్రముల్‌ కుదువఁబెట్టి - గ్రాసము నొసంగి పోషించు కపటముడిగి
భూషణవికాస! శ్రీధర్మపురనివాస! - దుష్టసంహార! నరసింహ దురితదూర!"	teytageethi
"కువలయశ్యామ! నీకొలువు చేసిన నాకు - జీత మెందుకు ముట్టఁజెప్పవైతి
మంచిమాటలచేతఁ గొంచెమియ్యఁగలేవు - కలహమౌ నిఁకఁ జుమ్మి ఖండితముగ
నీవు సాధువు గాననింత పర్యంతంబు - చనవుచే నిన్నాళ్ళు జరుపవలసె
నిఁక నేసహింప నీవిపుడు నన్నేమైన - శిక్ష చేసినఁ జేయు సిద్ధమైతి"	seesamu
"నేఁడు కరుణింపకుంటివా నిశ్చయముగఁ - దెగఁబడితి చూడు నీ తోడ జగడమునకు
భూషణవికాస! శ్రీధర్మపురనివాస! - దుష్టసంహార! నరసింహ దురితదూర!"	teytageethi
"హరి! నీకుఁ బర్యంకమైన శేషుడు చాలఁ - బవనము భక్షించి బ్రతుకుచుండు
ననువుగా నీకు వాహనమైన ఖగరాజు - గొప్పపామును నోటఁ గొఱుకుచుండు
యదిగాక నీ భార్యయైన లక్ష్మీదేవి - దినము పేరంటంబు దిరుగుచుండు
నిన్ను భక్తులు పిల్చి నిత్యపూజలు చేసి - ప్రేమఁ బక్వాన్నముల్‌ పెట్టుచుండ్రు"	seesamu
"స్వస్థముగ నీకు గ్రాసము జరుగుచుండఁ - గాసు నీ చేతి దొకటైనఁ గాదు వ్యయము
భూషణవికాస! శ్రీధర్మపురనివాస! - దుష్టసంహార! నరసింహ దురితదూర!"	teytageethi
"పుండరీకాక్ష! నారెండు కన్నుల నిండ - నిన్నుఁ జూచెడి భాగ్యమెన్నఁడయ్య
వాసిగా నా మనోవాంఛ దీరెడునట్లు - సొగసుగా నీ రూపు చూపవయ్య
పాపకర్ముని కంటఁ బడకబోవుదమంచుఁ - బరుషమైన ప్రతిజ్ఞఁ బట్టినావె?
వసుధలోఁ బతిత పావనుఁడ వీ వంచు నేఁ - బుణ్యవంతుల నోటఁ బొగడ వింటి"	seesamu
"నేమిటికి విస్తరించె నీకింత కీర్తి - ద్రోహినైనను నా కీవు దొరకరాదె?
భూషణవికాస! శ్రీధర్మపురనివాస! - దుష్టసంహార! నరసింహ దురితదూర!"	teytageethi
"పచ్చి చర్మపుఁదిత్తి పసలేదు దేహంబు - లోపల నంతట రోయ రోఁత
నరములు శల్యముల్‌ నవరంధ్రములు రక్త - మాంసంబు కండలు మైల తిత్తి
బలువైన యెండ వానల కోర్వ దింతైనఁ - దాళలే దాఁకలి దాహములకు
సకల రోగములకు సంస్థానమై యుండు - నిలువ దస్థిరమైన నీటి బుగ్గ"	seesamu
"బొందిలో నుండు ప్రాణముల్‌ పోయినంతఁ - గాటికే గాని కొఱగాదు గవ్వకైన
భూషణవికాస! శ్రీధర్మపురనివాస! - దుష్టసంహార! నరసింహ దురితదూర!"	teytageethi
"పలురోగములకు నీపాదతీర్థమె కాని - వలపు మందులు నాకు వలదు వలదు
చెలిమిసేయుచు నీకు సేవఁ జేసెదఁ గాన - నీ దాసకోటిలో నిలుపవయ్య
గ్రహభయంబునకుఁ జక్రముఁ దలంచెదఁ గాని - ఘోరరక్షలు గట్టఁగోరనయ్య
పాముకాటుకు నిన్నుఁభజనఁ జేసెదఁ గాని - దాని మంత్రము నేను తలఁపనయ్య"	seesamu
"దొరికితివి నాకు దండి వైద్యుఁడవు నీవు - వేయికష్టాలు వచ్చిన వెఱవనయ్య
భూషణవికాస! శ్రీధర్మపురనివాస! - దుష్టసంహార! నరసింహ దురితదూర!"	teytageethi
"కూటికోసము నేఁ గొఱగాని జనులచేఁ - బలు గద్దరింపులు పడఁగ వలసె
దార సుత భ్రమ దగిలి యుండఁగఁ గదా - దేశ దేశము లెల్లఁ దిరుగవలసెఁ?
బెను దరిద్రత పైని బెనఁగి యుండఁగఁ గదా - చేరి నీచుల సేవ చేయవలసె?
నభిమానములు మదినంటి యుండఁగఁ గదా - పరులఁ జూచిన భీతి పడఁగవలసె?"	seesamu
"నిటుల సంసారవారధి నీఁదలేక - వేయి విధముల నిన్ను నే వేఁడుకొంటి
భూషణవికాస! శ్రీధర్మపురనివాస! - దుష్టసంహార! నరసింహ దురితదూర!"	teytageethi
"సాధు సజ్జనులతో జగడమాడినఁ గీడు - కవులతో వైరంబుఁ గాంచఁ గీడు
పరమ దీనులఁ జిక్కఁబట్టి కొట్టినఁ గీడు - భిక్షగాండ్రను దుఃఖపెట్టఁ గీడు
నిరుపేదలను జూచి నిందఁ జేసినఁ గీడు - పుణ్యవంతులఁ దిట్ట బొసఁగుఁ గీడు
సద్భక్తులను దిరస్కారమాడినఁ గీడు - గురుని ద్రవ్యము దోఁచుకొనినఁ గీడు"	seesamu
"దుష్టకార్యము లొనరించు దుర్జనులకు - ఘనతరంబైన నరకంబు గట్టిముల్లె
భూషణవికాస! శ్రీధర్మపురనివాస! - దుష్టసంహార! నరసింహ దురితదూర!"	teytageethi
"పరులద్రవ్యము మీఁద భ్రాంతి నొందినవాఁడు - పరకాంతల కపేక్ష పడెడువాఁడు
అర్థుల విత్తంబు లపహరించెడువాఁడు - దాన మియ్యంగ వద్దనెడివాఁడు
సభలలోపల నిల్చి చాడి చెప్పెడివాఁడు - పక్షపు సాక్ష్యంబు పలుకువాఁడు
విష్ణుదాసులఁ జూచి వెక్కిరించెడివాఁడు - ధర్మసాధులఁ దిట్టఁ దలఁచువాఁడు"	seesamu
"ప్రజల జంతుల హింసించు పాతకుండు - కాలకింకర గదలచేఁ గష్టమొందు
భూషణవికాస! శ్రీధర్మపురనివాస! - దుష్టసంహార! నరసింహ దురితదూర!"	teytageethi
"నరసింహ! నా తండ్రి నన్నేలు నన్నేలు - కామితార్థము లిచ్చి కావు కావు
దైత్యసంహార! చాల దయయుంచు దయయుంచు - దీనపోషక! నీవె దిక్కు దిక్కు
రత్నభూషితవక్ష! రక్షించు రక్షించు - భువనరక్షక! నన్నుఁ బ్రోవు బ్రోవు
మారకోటిస్వరూప! మన్నించు మన్నించు - పద్మలోచన! చేయి పట్టు పట్టు"	seesamu
"సురవినుత! నేను నీచాటుఁ జొచ్చినాను - నా మొఱాలించి కడతేర్చు నాగశయన!
భూషణవికాస! శ్రీధర్మపురనివాస! - దుష్టసంహార! నరసింహ దురితదూర!"	teytageethi
"నీ భక్తులను గనుల్‌ నిండఁ జూచియు రెండు - చేతుల జోహారు సేయువాఁడు
నేర్పుతో నెవరైన నీకథల్‌ చెప్పంగ - వినయమందుచుఁ జాల వినెడువాఁడు
తన గృహంబునకు నీదాసులు రాఁ జూచి -  పీటపైఁ గూర్చుండఁ బెట్టువాఁడు
నీ సేవకుల జాతినీతు లెన్నక చాల - దాసోహ మని చేరఁ దలఁచువాఁడు"	seesamu
"పరమభక్తుండు ధన్యుండు భానుతేజ! - వానిఁ గనుఁగొన్నఁ బుణ్యంబు వసుధలోన
భూషణవికాస! శ్రీధర్మపురనివాస! - దుష్టసంహార! నరసింహ దురితదూర!"	teytageethi
"పక్షివాహన! నేనుబ్రతికినన్ని దినాలు - కొండెగాండ్రను గూడి కుమతినైతి
నన్నవస్త్రము లిచ్చి యాదరింపుము నన్నుఁ - గన్నతండ్రివి నీవె కమలనాభ!
మరణ మయ్యెడినాఁడు మమతతో నీ యొద్ద - బంట్లఁ తోలుము ముందు బ్రహ్మజనక!
ఇనజభటావళి యీడిచి కొనిపోక - కరుణతో నా యొద్దఁ గావలుంచు"	seesamu
"కొసకు నీ సన్నిధికిఁ బిల్చుకొనియు నీకు - సేవకునిఁ జేసికొనవయ్య శేషశయన!
భూషణవికాస! శ్రీధర్మపురనివాస! - దుష్టసంహార! నరసింహ దురితదూర!"	teytageethi
"నిగమాదిశాస్త్రముల్‌ నేర్చిన ద్విజుఁడైన - యజ్ఞకర్తగు సోమయాజియైన
ధరణిలోపలఁ బ్రభాత స్నానపరుడైన - నిత్య సత్కర్మాది నిరతుఁడైన
నుపవాస నియమంబులొందు సజ్జనుఁడైనఁ - గావివస్త్రము గట్టు ఘనుఁడునైనఁ
దండిషోడశ మహాదానపరుండైన - సకల యాత్రలు సల్పు సరసుఁడైన"	seesamu
"గర్వమునఁ గష్టపడి నిన్నుఁ గానకున్న - మోక్షసామ్రాజ్య మొందఁడు మోహనాంగ!
భూషణవికాస! శ్రీధర్మపురనివాస! - దుష్టసంహార! నరసింహ దురితదూర!"	teytageethi
"పంజరంబునఁ గాకిఁ బట్టి యుంచిన లెస్స - పలుకునే వింతైన చిలుక వలెను?
గార్దభంబును దెచ్చి కళ్లెమింపుగ వేయఁ - దిరుగునే గుఱ్ఱంబు తీరుగాను?
ఎనుపపోతును మావటీఁడు శిక్షించిన - నడచునే మదవారణంబు వలెను?
పెద్దపిట్టను మేఁతఁబెట్టి పెంచినఁ గ్రొవ్వి - సాగునే వేఁటాడు డేఁగ వలెను?"	seesamu
"కుజనులను దెచ్చి నీ సేవ కొరకుఁ బెట్ట - వాంఛతోఁ జేతురే భక్తవరుల వలెను?
భూషణవికాస! శ్రీధర్మపురనివాస! - దుష్టసంహార! నరసింహ దురితదూర!"	teytageethi
"నీకు దాసుఁడ నంటి నిన్ను నమ్ముకయుంటిఁ - గాన నాపై నేఁడు కరుణఁజూడు
దోసిలొగ్గితి నీకు ద్రోహ మెన్నఁగఁబోకు - పద్మలోచన! నేను పరుఁడగాను
భక్తి నీపై నుంచి భజనఁ జేసెదఁ గాని - పరుల వేఁడను జుమ్మి వరము లిమ్ము
దండిదాతవు నీవు తడవు సేయక కావు - ఘోరపాతకరాశిఁ గొట్టివైచి"	seesamu
"శీఘ్రముగఁ గోర్కె లీడేర్చి చింత దీర్చు - నిరతముగ నన్ను బోషించు నెనరు నుంచు
భూషణవికాస! శ్రీధర్మపురనివాస! - దుష్టసంహార! నరసింహ దురితదూర!"	teytageethi
"విద్య నేర్చితి నంచు విఱ్ఱవీఁగఁగ లేదు - భాగ్యవంతుఁడ నంచు బలుక లేదు
ద్రవ్యవంతుఁడ నంచు దఱుచు నిక్కఁగ లేదు - నిరత దానములైన నెఱప లేదు
పుత్రవంతుఁడ నంచు బొగడించుకొన లేదు - భృత్యవంతుఁడ నంచు బొంగలేదు
శౌర్యవంతుఁడ నంచు సంతసించగ లేదు - కార్యవంతుఁడ నంచు గడపలేదు"	seesamu
"నలుగురికి మెప్పుగానైన నడువ లేదు - నళినదళనేత్ర! నిన్ను నే నమ్మినాను
భూషణవికాస! శ్రీధర్మపురనివాస! - దుష్టసంహార! నరసింహ దురితదూర!"	teytageethi
"అతి లోభులను భిక్షమడుగ బోవుట రోఁత - తన ద్రవ్య మొకరింట దాఁచ రోఁత
గుణహీనుఁడగు వాని కొలువుఁ గొల్చుట రోఁత - యొరుల పంచల క్రిందనుండ రోఁత
భాగ్యవంతులతోఁడ బంతమాడుట రోఁత - గుఱిలేని బంధులఁ గూడ రోఁత
ఆదాయములు లేక యప్పుదీయుట రోఁత - జార చోరులఁ గూడ చనుట రోఁత"	seesamu
"ఆదిలక్ష్మీశ! నీ బంటు నయితినయ్య - యింక నెడబాపు జన్మంబులెత్త రోఁత
భూషణవికాస! శ్రీధర్మపురనివాస! - దుష్టసంహార! నరసింహ దురితదూర!"	teytageethi
"వెఱ్ఱివానికి నేల వేదాక్షరంబులు? - మోటువానికి మంచిపాట లేల?
పసులకాఁపరి కేల పరతత్త్వబోధలు? విటకాని కేటికో విష్ణుకథలు?
వదరు శుంఠల కేల వ్రాఁత పుస్తకములు? - తిరుఁగు ద్రిమ్మరి కేల దేవపూజ?
ద్రవ్యలోభికి నేల దాతృత్వ గుణములు? - దొంగబంటుకు మంచిసంగ తేల?"	seesamu
"క్రూరజనులకు నీమీఁద గోరి కేల? - ద్రోహి పాపాత్మునకు దయాదుఃఖ మేల?
భూషణవికాస! శ్రీధర్మపురనివాస! - దుష్టసంహార! నరసింహ దురితదూర!"	teytageethi
"నాతండ్రి! నాదాత! నాయిష్టదైవమా! - నన్ను మన్నన సేయు నారసింహ!
దయయుంచు నామీఁద దప్పులన్ని క్షమించు - నిగమగోచర! నాకు నీవె దిక్కు
నే దురాత్ముఁడ నంచు నీ మనంబునఁ గోప - గింపఁ బోకుము స్వామి! యెంతకైన
ముక్తిదాయక నీకు మ్రొక్కినందుకు నన్నుఁ - గరుణించి రక్షించు కమలనాభ!"	seesamu
"దండిదొర వంచు నీ వెంటఁ దగిలినాను - నేఁడు ప్రత్యక్షమై నన్ను నిర్వహింపు
భూషణవికాస! శ్రీధర్మపురనివాస! - దుష్టసంహార! నరసింహ దురితదూర!"	teytageethi
"వేమాఱు నీకథల్‌ వినుచు నుండెడివాఁడు - పరుల ముచ్చటమీఁద భ్రాంతిపడఁడు
అగణితంబుగ నిన్నుఁ బొగడ నేర్చినవాఁడు - చెడ్డమాటలు నోటఁ జెప్పఁబోఁడు
ఆసక్తిచేత నిన్ననుసరించెడివాఁడు - ధనమదాంధుల వెంటఁ దగులఁబోఁడు
సంతసంబున నిన్ను స్మరణఁ జేసెడివాఁడు - చెలఁగి నీచులపేరుఁ దలఁపఁబోఁడు"	seesamu
"నిన్ను నమ్మిన భక్తుండు నిశ్చయముగఁ - గోరి చిల్లరవేల్పులఁ గొల్వఁబోఁఁడు
భూషణవికాస! శ్రీధర్మపురనివాస! - దుష్టసంహార! నరసింహ దురితదూర!"	teytageethi
"నే నెంత వేఁడిన నీకేల దయరాదు? - పలుమాఱు పిలిచినఁ బలుక వేమి?
పలికిన నీ కున్న పద వేమి బోవు? నీ - మోమైనఁ బొడచూపవేమి నాకు?
శరణుఁ జొచ్చినవాని సవరింపవలెఁ గాక - పరిహరించుట నీకు బిరుదు గాదు
నీ దాసులను నీవు నిర్వహింపక యున్నఁ - బరు లెవ్వ రగుదురు పంకజాక్ష!"	seesamu
"దాత దైవంబు తల్లియుఁ దండ్రి వీవె - నమ్మియున్నాను నీ పాదనళినములను
భూషణవికాస! శ్రీధర్మపురనివాస! - దుష్టసంహార! నరసింహ దురితదూర!"	teytageethi
"వేదముల్‌ చదివెడు విప్రవర్యుండైన - రణము సాధించెడు రాజులైన
వర్తక కృషికుఁడౌ వైశ్యముఖ్యుండైనఁ - బరిచరించెడు శూద్రవర్యుఁడైన
మెచ్చుఖడ్గముఁ బట్టిమెఱయు మ్లేచ్ఛుండైనఁ - బ్రజల కక్కఱపడు రజకుడైన
చర్మ మమ్మెడు హీన చండాలనరుఁడైన - నీ మహీతలమందు నెవ్వఁడైన"	seesamu
"నిన్నుఁ గొనియాడుచుండెనా నిశ్చయముగ - వాఁడు మోక్షాధికారి యీ వసుధలోన
భూషణవికాస! శ్రీధర్మపురనివాస! - దుష్టసంహార! నరసింహ దురితదూర!"	teytageethi
"సకలవిద్యలు నేర్చి సభ జయింపఁగవచ్చుఁ - శూరుఁడై రణమందుఁ బోరవచ్చు
రాజరాజై పుట్టి రాజ్య మేలఁగవచ్చు - హేమ గోదానంబు లియ్యగవచ్చు
గగనమం దున్న చుక్కల నెంచఁగావచ్చు - జీవరాశుల పేళ్లు చెప్పవచ్చు
నష్టాంగయోగము లభ్యసింపఁగవచ్చు - మేఁక రీతిగ నాకు మెసవవచ్చు"	seesamu
"తామరస గర్భ! హర పురందరులకైన - నిన్ను వర్ణింపఁ దరమౌనె నీరజాక్ష!
భూషణవికాస! శ్రీధర్మపురనివాస! - దుష్టసంహార! నరసింహ దురితదూర!"	teytageethi
"నరసింహ! నీవంటిదొరను సంపాదించి - సుమతి మానవుల నేఁ గొల్వఁజాల
నెక్కు వైశ్వర్యంబు లియ్యలేకున్నను - బొట్టకు మాత్రము పోయరాదె?
ఘనము గాదిది నీకు కరవునఁ బోషింపఁ - గష్ట మెంతటి స్వల్పకార్యమయ్య?
పెట్టఁ జాలక యేల భిక్షమెత్తించెదవు - నన్ను బీదను జేసినా వదేమి?"	seesamu
"అమల! కమలాక్ష! నేనిట్లు శ్రమపడంగఁ - గన్నులకుఁ బండువై నీకుఁ గానఁబడునె?
భూషణవికాస! శ్రీధర్మపురనివాస! - దుష్టసంహార! నరసింహ దురితదూర!"	teytageethi
"వనరుహనాభ! నీవంకఁ జేరితి నేను - గట్టిగా ననుఁ గావు కావు మనుచు
వచ్చినందుకు వేగ వరము లియ్యకకాని - లేవఁబోయిన నిన్ను లేవనియ్యఁ
గూర్చుండఁబెట్టి నీకొంగు గట్టిగఁ బట్టి - పుచ్చుకొందును జూడు భోగిశయన!
యీవేళ నీ కడ్డమెవరు వచ్చినఁ గాని - వారికైనను లొంగి వడఁకఁబోను"	seesamu
"గోపగాఁడను నీవు నా గుణము తెలిసి - యిప్పుడే నన్ను రక్షించి యేలుకొమ్ము
భూషణవికాస! శ్రీధర్మపురనివాస! - దుష్టసంహార! నరసింహ దురితదూర!"	teytageethi
"ప్రహ్లాదుఁ డేపాటి పైఁడి కానుక లిచ్చె? - మదగజం బెన్నిచ్చె మౌక్తికములు?
నారదుం డెన్నిచ్చె నగలు రత్నంబు? ల - హల్య నీకే యగ్రహారమిచ్చె?
ఉడుత నీ కేపాటి యూడిగంబులు చేసె? - ఘనవిభీషణుఁ డేమి కట్నమిచ్చె?
పంచపాండవు లేమి లంచ మిచ్చిరి నీకు? - ద్రౌపతి నీ కెంత ద్రవ్యమిచ్చె?"	seesamu
"నీకు వీరంద ఱయినట్లు నేను గాన? - యెందుకని నన్ను రక్షింప విందువదన?
భూషణవికాస! శ్రీధర్మపురనివాస! - దుష్టసంహార! నరసింహ దురితదూర!"	teytageethi
"వాంఛతో బలిచక్రవర్తి దగ్గర జేరి - భిక్షమెత్తితి వేల, బిడియపడక?
యడవిలో శబరి దియ్యని ఫలా లందియ్యఁ - జేతులొగ్గితి వేల, సిగ్గుపడక?
వేడ్కతో వేవేగ విదురునింటికి నేఁగి - విందుఁగొంటి వదేమి, వెలితిపడక?
నటుకు లల్పము కుచేలుఁడు గడించుక తేర - బొక్కసాగితి వేల, లెక్కగొనక?"	seesamu
"భక్తులకు నీవు పెట్టుట భాగ్యమౌను - వారి కాశించితివి తిండివాఁడ వగుచు
భూషణవికాస! శ్రీధర్మపురనివాస! - దుష్టసంహార! నరసింహ దురితదూర!"	teytageethi
"స్తంభమం దుదయించి దానవేంద్రునిఁ ద్రుంచి - కరుణతోఁ బ్రహ్లాదుఁ గాచినావు
మకరిచేఁ జిక్కి సామజము దుఃఖించంగఁ - గృపయుంచి వేగ రక్షించినావు
శరణంచు నా విభీషణుఁడు నీ చాటున - వచ్చినప్పుడె లంక నిచ్చినావు
ఆ కుచేలుఁడు చేరెఁడటుకు లర్పించిన - బహుసంపదల నిచ్చి పంపినావు"	seesamu
"వారివలె నన్నుఁ బోషింప వశముగాదె? - యింత వలపక్ష మేల శ్రీకాంత! నీకు?
భూషణవికాస! శ్రీధర్మపురనివాస! - దుష్టసంహార! నరసింహ దురితదూర!"	teytageethi
"వ్యాసుఁడే కులమందు వాసిగా జన్మించె? - విదురుఁడే కులమందు వృద్ధిఁ బొందెఁ?
గర్ణుఁడే కులమందు ఘనముగా వర్ధిల్లె? - నా వసిష్ఠుం డెందు నవతరించె?
నింపుగా వాల్మీకి యే కులంబునఁ బుట్టె? - గుహుఁ డను పుణ్యుఁడే కులమువాఁడు?
శ్రీశుకుఁ డెచ్చటఁ జెలఁగి జన్మించెను? - శబరి యే కులమందు జన్మమొందె?"	seesamu
"నే కులంబున వీరంద ఱెచ్చినారు? - నీ కృపాపాత్రులకు జాతినీతు లేల?
భూషణవికాస! శ్రీధర్మపురనివాస! - దుష్టసంహార! నరసింహ దురితదూర!"	teytageethi
"వసుధాస్థలంబున వర్ణహీనుఁడు గాని - బహుళ దురాచారపరుఁడు గాని
తడసి కాసియ్యని ధర్మశూన్యుఁడు గాని - చదువనేరని మూఢజనుఁడు గాని
సకలమానవులు మెచ్చని కృతఘ్నుఁడు గాని - చూడ సొంపును లేని శుంఠ గాని
అప్రతిష్ఠలకు లోనైన దీనుఁడు గాని - మొదటికే మెఱుఁగని మోటుగాని"	seesamu
"ప్రతిదినము నీదు భజనచేఁ బరఁగునట్టి - వానికే వంక లేదయ్య వచ్చు ముక్తి
భూషణవికాస! శ్రీధర్మపురనివాస! - దుష్టసంహార! నరసింహ దురితదూర!"	teytageethi
"ఇభకుంభములమీఁది కెగిరెడి సింగంబు - ముట్టునే కుఱచైన మూషికమును?
నవచూతపత్రముల్‌ నమలుచున్న పికంబు - గొఱుకునే జిల్లేడుకొనలు నోట?
అరవిందమకరంద మనుభవించెడి తేఁటి - పోవునే పల్లేరుపూల కడకు?
లలితమైన రసాలఫలముఁ గోరెడి చిల్క - మెసవునే భ్రమత నుమ్మెత్తకాయ?"	seesamu
"నిలను నీకీర్తనలు పాడనేర్చినతఁడు - పరులకీర్తనఁ బాడునే యరసి చూడ?
భూషణవికాస! శ్రీధర్మపురనివాస! - దుష్టసంహార! నరసింహ దురితదూర!"	teytageethi
"సర్వేశ! నీపాదసరసిజ ద్వయమందుఁ - జిత్త ముంపఁగలేను జెదరకుండ
నీవైన దయయుంచి నిలిచి యుండెడునట్లు - చేరి నన్నిపుడేలు సేవకుఁడను
వనజలోచన! నేనువట్టి మూర్ఖుఁడఁ జుమ్మి - నీ స్వరూపముఁ జూడ నేర్పు వేగ
తన కుమారుల కుగ్గు తల్లి వోసినయట్లు - భక్తిమార్గంబను పాలు పోసి"	seesamu
"ప్రేమతో నన్నుఁ బోషించి పెంచుకొనుము - ఘనత కెక్కించు నీ దాసగుణములోన
భూషణవికాస! శ్రీధర్మపురనివాస! - దుష్టసంహార! నరసింహ దురితదూర!"	teytageethi
"జీమూతవర్ణ! నీ మోముతో సరిరాక - కమలారి యతికళంకమునుఁ బడసె
సొగసైన నీ నేత్రయుగముతో సరిరాక - నళినబృందము నీళ్లనడుమఁ జేరెఁ
గరిరాజవరద! నీగళముతో సరిరాక - పెద్దశంఖము బొబ్బపెట్టఁ దొడఁగె
శ్రీపతి! నీ దివ్యరూపుతో సరి రాక - పుష్పబాణుఁడు నీకుఁ బుత్రుఁ డయ్యె"	seesamu
"నిందిరాదేవి నిన్ను మోహించి విడక - నీకుఁ బట్టమహిషి యయ్యె నిశ్చయముగ
భూషణవికాస! శ్రీధర్మపురనివాస! - దుష్టసంహార! నరసింహ దురితదూర!"	teytageethi
"హరిదాసులను నిందలాడకుండినఁ జాలు - సకలగ్రంథంబులు చదివినట్లు
భిక్ష మియ్యంగఁ దప్పింపకుండినఁ జాలుఁ - జేముట్టి దానంబు చేసినట్లు
మించి సజ్జనుల వంచించకుండినఁ జాలు - నింపుగా బహుమానమిచ్చినట్లు
దేవాగ్రహారముల్‌ దీయకుండినఁ జాలు - గనకకంబపు గుళ్లుగట్టినట్లు"	seesamu
"ఒకరి వర్షాశనము ముంచకున్నఁ జాలుఁ - బేరుకీర్తిగ సత్రముల్‌ పెట్టినట్లు
భూషణవికాస! శ్రీధర్మపురనివాస! - దుష్టసంహార! నరసింహ దురితదూర!"	teytageethi
"ఇహలోకసౌఖ్యము లిచ్చగించెద మన్న - దేహ మెప్పటికిఁ దా స్థిరత నొంద
దాయుష్యమున్న పర్యంతంబు పటుతయు - నొక్కతీరున నుండ దుర్విలోన
బాల్య యువత్వ దుర్బల వార్ధకము లను - మూఁటిలో మునిఁగెడి ముఱికికొంప
భ్రాంతితో దీనిఁ గాపాడుద మనుకొన్నఁ - గాల మృత్యువు చేతఁ గోలుపోవు"	seesamu
"నమ్మరాదయ్య! యిది మాయనాటకంబు - జన్మమిఁక నొల్ల నన్నేలు జలజనాభ!
భూషణవికాస! శ్రీధర్మపురనివాస! - దుష్టసంహార! నరసింహ దురితదూర!"	teytageethi
"వదనంబు నీనామభజన గోరుచునుండు - జిహ్వ నీ కీర్తనల్‌ సేయఁ గోరు
హస్తయుగ్మంబు నిన్నర్చింపఁ గోరును - గర్ణముల్‌ నీ మీఁద కథలు గోరుఁ
దనువు నీ సేవయే ఘనముగాఁ గోరును - నయనముల్‌ నీ దర్శనంబుఁ గోరు
మూర్ధమ్ము నీ పదమ్ముల మ్రొక్కఁగాఁ గోరుఁ - నాత్మ నీదై యుండు నరసి చూడ"	seesamu
"స్వప్నమున నైన నేవేళ సంతతమును - బుద్ధి నీ పాదములయందుఁ బూనియుండు
భూషణవికాస! శ్రీధర్మపురనివాస! - దుష్టసంహార! నరసింహ దురితదూర!"	teytageethi
"పద్మాక్ష! మమతచేఁ బరము నందెద మంచు - విఱ్ఱవీఁగుదుమయ్య వెఱ్ఱిపట్టి
మాస్వతంత్రంబైన మదము గండ్లకుఁ గప్పి - మొగము పట్టదు కామమోహమునను
బ్రహ్మదేవుండైనఁ బైడిదేహము గల్గఁ - జేసివేయక మమ్ముఁ జెఱిచె నతఁడు
తుచ్ఛమైనటువంటి తోలెమ్ముకల తోడి - ముఱికి చెత్తలు చేర్చి మూట కట్టె"	seesamu
"నీ శరీరాలు పడిపోవుటెఱుఁగ కేము - కాముకుల మైతిమిఁక మిమ్ముఁగానలేము
భూషణవికాస! శ్రీధర్మపురనివాస! - దుష్టసంహార! నరసింహ దురితదూర!"	teytageethi
"గరుడవాహన! దివ్యకౌస్తుభాలంకార! - రవికోటితేజ! సారంగవదన!
మణిగణాన్విత! హేమమకుటాభరణ! చారు - మకరకుండల! లసన్మందహాస!
కాంచనాంబర! రత్నకాంచీవిభూషిత! - సురవరార్చిత! చంద్రసూర్యనయన!
కమలనాభ! ముకుంద! గంగాధరస్తుత! - రాక్షసాంతక! నాగరాజశయన!"	seesamu
"పతితపావన! లక్ష్మీశ! బ్రహ్మజనక! - భక్తవత్సల! సర్వేశ! పరమపురుష!
భూషణవికాస! శ్రీధర్మపురనివాస! - దుష్టసంహార! నరసింహ దురితదూర!"	teytageethi
"పలుమాఱు దశ రూపములు ధరించితి వేల? - యేకరూపముఁ బొందవేల నీవు?
నయమున క్షీరాబ్ధి నడుమఁ జేరితి వేల? - రత్నకాంచన మందిరములు లేవె?
పన్నగేంద్రునిమీఁదఁ బవ్వళించితి వేల? - జలతారు పట్టెమంచములు లేరె?
ఱెక్కలు గల పక్షినెక్కసాగితి వేల? - గజతురంగాందోళికములు లేవె?"	seesamu
"వనజలోచన! యిటువంటివైభవములు - సొగసుగా నీకుఁ దోఁచెనో సుందరాంగ?
భూషణవికాస! శ్రీధర్మపురనివాస! - దుష్టసంహార! నరసింహ దురితదూర!"	teytageethi
"తిరుపతి స్థలమందుఁ దిన్నఁగా నే నున్న - వేంకటేశుఁడు మేఁతవేయలేఁడొ?
పురుషోత్తమమునకుఁ బోయినఁజాలు జ - గన్నాథుఁ డన్నంబుఁ గడపలేఁడొ?
శ్రీరంగమునకు నేఁ జేరఁబోయినఁ జాలు - స్వామి గ్రాసముఁ బెట్టి సాఁకలేఁడొ?
కాంచీపురములోనఁ గదిసి నేఁ గొలువున్నఁ - గరివరదుఁడు పొట్టఁ గడపలేఁడొ?"	seesamu
"యెందుఁ బోవక నేను నీ మందిరమున - నిలిచితిని నీకు నామీఁద నెనరు లేదు
భూషణవికాస! శ్రీధర్మపురనివాస! - దుష్టసంహార! నరసింహ దురితదూర!"	teytageethi
"తార్క్ష్యవాహన! నీవు దండిదాత వటంచుఁ - గోరి వేడుక నిన్నుఁ గొల్వవచ్చి
యర్థిమార్గమును నేననుసరించితినయ్య - లావైనఁ బదునాల్గులక్ష లైన
వేషముల్‌ వేసి నావిద్యాప్రగల్భతఁ - జూపసాగితి నీకు సుందరాంగ!
యానందమైన నేనడుగ వచ్చిన దెచ్చి - వాంఛఁ దీర్పుము నీలవర్ణ! వేగ"	seesamu
"నీకు నావిద్య హర్షంబుగాక యున్న - తేపతేపకు వేషముల్‌ దేను సుమ్మి
భూషణవికాస! శ్రీధర్మపురనివాస! - దుష్టసంహార! నరసింహ దురితదూర!"	teytageethi
"అమరేంద్రవినుత! నేనతి దురాత్ముఁడ నంచుఁ - గలలోన నైనను గనులఁ బడవు
నీవు ప్రత్యక్షమై నిలువకుండిన మానె - దొడ్డగా నొక యుక్తి దొరకెనయ్య!
గట్టికొయ్యను దెచ్చి ఘనముగా ఖండించి - నీ స్వరూపము చేసి నిలుపుకొందు
ధూప దీపము లిచ్చి తులసితోఁ బూజించి - నిత్యనైవేద్యముల్‌ నేమముగను"	seesamu
"నడుపుచును నిన్నుఁ గొలిచెదనమ్మి బుద్ధి - నీ ప్రపంచంబు గలుగు నాకింతె చాలు
భూషణవికాస! శ్రీధర్మపురనివాస! - దుష్టసంహార! నరసింహ దురితదూర!"	teytageethi
"భువనేశ! గోవింద! రవికోటిసంకాశ! - పక్షివాహన! భక్తపారిజాత!
యంభోజభవరుద్ర జంభారిసన్నుత! - సామగానవిలోల! సారసాక్ష!
వనధిగంభీర! శ్రీవత్స కౌస్తుభవక్ష! - శంఖచక్ర గదాసి శార్ఙ్గహస్త!
దీనరక్షక! వాసుదేవ! దైత్యవినాశ! - నారదార్చిత! దివ్యనాగశయన!"	seesamu
"చారు నవరత్నకుండల శ్రవణయుగళ! - విబుధవందిత పాదాబ్జ! విశ్వరూప!
భూషణవికాస! శ్రీధర్మపురనివాస! - దుష్టసంహార! నరసింహ దురితదూర!"	teytageethi
"నాగేంద్రశయన! నీనామమాధుర్యంబు - మూఁడుకన్నుల సాంబమూర్తి కెఱుక
పంకజాతాక్ష! నీ బలపరాక్రమ మెల్ల - భారతీపతి యైన బ్రహ్మ కెఱుక
మధుకైటభారి! నీ మాయాసమర్థత - వసుధలో బలిచక్రవర్తి కెఱుక
పరమాత్మ! నీదగు పక్షపాతిత్వంబు - దశశతాక్షుల పురందరుని కెఱుక"	seesamu
"వీరి కెఱుకగు నీకథల్‌ వింత లెల్ల - నరుల కెఱుకన్న నెవరైన నవ్విపోరె?
భూషణవికాస! శ్రీధర్మపురనివాస! - దుష్టసంహార! నరసింహ దురితదూర!"	teytageethi
"అర్థులేమైన నిన్నడుగ వచ్చెద రంచు - క్షీరసాగరమందుఁ జేరినావు
నీచుట్టు సేవకుల్‌ నిలువకుండుటకునై - భయద సర్పముమీఁదఁ బండినావు
భక్తబృందము వెంటఁబడి చరించెద రంచు - నెగసి పోయెడి పక్షినెక్కినావు
దాసులు నీ ద్వారమాసింపకుంటకు - మంచి యోధుల కావలుంచినావు"	seesamu
"లావు గలవాఁడ వైతి వేలాగు నేను - నిన్నుఁ జూతును నా తండ్రి నీరజాక్ష!
భూషణవికాస! శ్రీధర్మపురనివాస! - దుష్టసంహార! నరసింహ దురితదూర!"	teytageethi
"నీకథల్‌ చెవులలో సోఁకుట మొదలుగాఁ - బులకాంకురము మేనఁ బుట్టువాఁడు
నయమైన నీ దివ్యనామకీర్తనలోన - మగ్నుఁడై దేహంబు మఱచువాఁడు
ఫాలంబుతో నీదు పాదయుగ్మమునకుఁ - బ్రేమతోఁ దండ మర్పించువాఁడు
హా పుండరీకాక్ష! హా రామ! హరి! యంచు - వేడ్కతోఁ గేకలు వేయువాఁడు"	seesamu
"చిత్తకమలంబునను నిన్నుఁ జేర్చువాఁడు - నీదు లోకంబు నందుండు నీరజాక్ష!
భూషణవికాస! శ్రీధర్మపురనివాస! - దుష్టసంహార! నరసింహ దురితదూర!"	teytageethi
"నిగమగోచర! నేను నీకు మెప్పగునట్లు - లెస్సగాఁ బూజింపలేను సుమ్మి
నాకుఁ దోఁచిన భూషణములు పెట్టెదనన్నఁ - గౌస్తుభమణి నీకుఁ గలదు ముందె
భక్ష్యభోజ్యముల నర్పణముఁ జేసెద నన్న - నీవు పెట్టితి సుధ నిర్జరులకుఁ
గలిమికొలదిగఁ గానుకల నొసంగెద నన్న - భార్గవీదేవి నీ భార్యయయ్యె"	seesamu
"నన్ని గలవాఁడ వఖిల లోకాధిపతివి! - నీకు సొమ్ములు పెట్ట నేనెంతవాఁడ!
భూషణవికాస! శ్రీధర్మపురనివాస! - దుష్టసంహార! నరసింహ దురితదూర!"	teytageethi
"నవ సరోజదళాక్ష! నన్నుఁ బోషించెడు - దాతవు నీవంచు ధైర్యపడితి
నా మనంబున నిన్ను నమ్మినందుకుఁ దండ్రి! - మేలు నా కొనరింపు నీలదేహ!
భళిభళీ! నీ యంత ప్రభువు నెక్కడఁ జూడఁ - బుడమిలో నీ పేరు పొగడవచ్చు
ముందుఁ జేసిన పాపమును నశింపఁగఁ జేసి - నిర్వహింపుము నన్ను నేర్పుతోడఁ"	seesamu
"బరమ సంతోషమాయె నా ప్రాణములకు - నీ ఋణము దీర్చుకొననేర నీరజాక్ష!
భూషణవికాస! శ్రీధర్మపురనివాస! - దుష్టసంహార! నరసింహ దురితదూర!"	teytageethi
"ఫణుల పుట్టల మీఁదఁ బవ్వళించిన యట్లు - పులుల గుంపునఁ జేరఁబోయిన యట్లు
మకరి వర్గంబున్న మడుఁగుఁ జొచ్చినయట్లు - గంగ దాపున నిండ్లు గట్టినట్లు
చెదల భూమిని చెరగు చాఁప బఱచినయట్లు - ఓటిబిందెలఁ బాల నునిచినట్లు
వెఱ్ఱివానికిఁ బహువిత్త మిచ్చినయట్లు - కమ్మగుడిసె మందుఁ గాల్చినట్లు"	seesamu
"స్వామి నీ భక్తవరులు దుర్జనులతోడఁ - జెలిమిఁ జేసిన యట్లైనఁ జేటు వచ్చు
భూషణవికాస! శ్రీధర్మపురనివాస! - దుష్టసంహార! నరసింహ దురితదూర!"	teytageethi
"దనుజసంహార! చక్రధర! నీకు దండంబు - లిందిరాధిప! నీకు వందనంబు
పతితపావన! నీకు బహునమస్కారముల్‌ - నీరజాతదళాక్ష! నీకు శరణు
వాసవార్చిత! మేఘవర్ణ! నీకు శుభంబు - మందరధర! నీకు మంగళంబు
కంబుకంధర! శార్ఙ్గకర! నీకు భద్రంబు - దీనరక్షక! నీకు దిగ్విజయము"	seesamu
"సకలవైభవములు నీకు సార్వభౌమ! - నిత్యకల్యాణములు నగు నీకు నెపుడు
భూషణవికాస! శ్రీధర్మపురనివాస! - దుష్టసంహార! నరసింహ దురితదూర!"	teytageethi
"మత్స్యావతారమై మడుఁగులోపలఁ జొచ్చి - సోమకాసురుఁ ద్రుంచి చోద్యముగను
దెచ్చి వేదములెల్ల మెచ్చ దేవతలెల్ల - బ్రహ్మకిచ్చితి వీవు భళి! యనంగ
నా వేదముల నియ్య నాచారనిష్ఠల - ననుభవించుచు నుందు రవనిసురులు
సకలపాపంబులు సమసిపోవు నటంచు - మనుజులందఱు నీదు మహిమఁ దెలిసి"	seesamu
"యుందు రరవిందనయన! నీయునికిఁ దెలియు - వారలకు వేగ మోక్షంబు వచ్చు ననఘ!
భూషణవికాస! శ్రీధర్మపురనివాస! - దుష్టసంహార! నరసింహ దురితదూర!"	teytageethi
"కూర్మావతారమై కుధరంబు క్రిందను - గోర్కెతో నుండవా కొమరు మిగుల?
వరాహావతారమై వనభూములను జొచ్చి - శిక్షింపవా హిరణ్యాక్షు నపుడు?
నరసింహమూర్తివై నరభోజను హిరణ్య - కశిపునిఁ ద్రుంపవా కాంతి మీఱ?
వామనరూపమై వసుధలో బలిచక్ర - వర్తి నణంపవా వైర ముడిగి?"	seesamu
"యిట్టి పనులెల్లఁ జేయఁగా నెవరికేని - తగునె నరసింహ! నీ కిది దగును గాక!
భూషణవికాస! శ్రీధర్మపురనివాస! - దుష్టసంహార! నరసింహ దురితదూర!"	teytageethi
"లక్ష్మీశ! నీ దివ్యలక్షణ గుణముల - వినఁజాల కెప్పుడు వెఱ్ఱినైతి
నావెఱ్ఱిగుణములు నయముగా ఖండించి - నన్ను రక్షింపుమో నళిననేత్ర!
నిన్ను నే నమ్మితి నితరదైవముల నే - నమ్మలేదెప్పుడు నాగశయన!
కాపాడినను నీవె కష్టపెట్టిన నీవె - నీ పాదకమలముల్‌ నిరత మేను"	seesamu
"నమ్మియున్నాను నీ పాదనళినభక్తి - వేగ దయచేసి రక్షింపు వేదవిద్య!
భూషణవికాస! శ్రీధర్మపురనివాస! - దుష్టసంహార! నరసింహ దురితదూర!"	teytageethi
"అమరేంద్రవినుత! నిన్ననుసరించినవారు - ముక్తిఁ బొందిరి వేగ ముదముతోడ
నీ పాదపద్మముల్‌ నెఱ నమ్మియున్నాను - నాకు మోక్షంబిమ్ము నళిననేత్ర!
కాచి రక్షించు నన్‌ గడతేర్చు వేగమే - నీ సేవకునిఁ జేయు నిశ్చయముగఁ
గాపాడినను నీకుఁ గైంకర్యపరుఁడనై - చెలఁగి నీ పనులను జేయువాఁడ"	seesamu
"ననుచుఁ బలుమాఱు వేఁడెద నబ్జనాభ! - నాకుఁ బ్రత్యక్ష మగుము నిన్‌ నమ్మినాను
భూషణవికాస! శ్రీధర్మపురనివాస! - దుష్టసంహార! నరసింహ దురితదూర!"	teytageethi
"శేషప్ప యను కవిచెప్పిన పద్యముల్‌ - చెవుల కానందమై చెలఁగుచుండు
నే మనుజుండైన నెలమి నీ శతకంబు - భక్తితో విన్న సత్ఫలము గలుగుఁ
జెలఁగి యీ పద్యముల్‌ చేర్చి వ్రాసినవారు - కమలాక్షు కరుణను గాంతురెపుడు
నింపుగాఁ బుస్తకంబెపుడుఁ బూజించిన - దురితజాలంబులు దొలఁగిపోవు"	seesamu
"నిద్ది పుణ్యాకరం బనియెపుడు జనులు - గష్టమెన్నక పఠియింపఁ గలుగు ముక్తి
భూషణవికాస! శ్రీధర్మపురనివాస! - దుష్టసంహార! నరసింహ దురితదూర!"	teytageethi
"శ్రీకల్యాణగుణాభిరామ! విబుధశ్రేణీ కిరీటద్యుతి
వ్యాకీర్ణాంఘ్రి సరోరుహద్వయ! సహస్రాక్షస్తుతా! యచ్యుతా!
నాకుం బ్రాపును దాపు నీవె యగుచున్ నన్నేలుమీ రామభ
ద్రా! కారుణ్యసముద్ర! ధీర! రఘువీరా! జానకీనాయకా!"	saardulamu
"తారుణ్యోదయ! యొంటిమిట్టరఘునాథా! నీకు నేఁ బద్యముల్
నూఱుం జెప్పెద నూరుఁబేరు వెలయన్ నూత్నంబుగా; నంత నా
నోరుం బావన మౌను, నీ కరుణఁ గాంతున్, భక్తి నన్నందఱున్
రారమ్మందురు గారవించి రఘువీరా! జానకీనాయకా!"	saardulamu
"ఆ కర్ణాటకమండలాధిపతిచే నాస్థానమధ్యంబులో
నా కావ్యంబులు మెచ్చఁజేసితివి నానారాజులుం జూడఁగా
నీకుం బద్యము లిచ్చుచో నిపుడు వాణీదేవి నా జిహ్వకున్
రాకుంటెట్లు? వసించుఁగాక రఘువీరా! జానకీ నాయకా!"	saardulamu
"నీ కేలన్ దృణ మంది వైవ నదియున్ నిర్ఘాతపాతక్రియన్
గాకాకారనికారదానవుని లోకాలోకపర్యంత మీ
లోకంబుల్ పదునాల్గు త్రిప్పినది కాలున్మోపఁగానీక యౌ
రా! కాకుత్స్థ కులాగ్రగణ్య! రఘువీరా! జానకీనాయకా!"	saardulamu
"సకలామ్నాయములం బఠించు ఫల మబ్జాతాక్షు నామంబులం
దొక టేదైనఁ బఠింపఁ గల్గు నటువం టుత్కృష్ట పుణ్యప్రవ
ర్తకనామంబులు చక్రపాణికి సహస్రంబుండుఁ దత్తుల్య మ
ర్కకులా! నీ శుభనామ మౌర! రఘువీరా! జానకీనాయకా!"	mattebhamu
"కొంకం గారణ మేమి ధర్మములు పెక్కుల్ చేసి మర్త్యుండు నీ
వంకం జిత్తము నిల్పలేక పెరత్రోవల్ త్రొక్కినన్ సర్వముం
బొంకై పోవుఁ; గురంగనేత్ర తగునోముల్ వేయునున్ నోచి తా
ఱంకాడంగఁ దొడంగినట్లు రఘువీరా! జానకీనాయకా!"	saardulamu
"ఆ గౌరీశ్వరకీర్తనీయుఁ డగు ని న్నర్చింపఁగా లేనివా
రోగు ల్గారొకొ చాల యోగ్యులయినన్ యోగానుసంధాను లీ
మాగుల్గాన యథార్థమాడితిని నీమంత్రంబె మంత్రంబురా!
రాగద్వేషవిదూర! ధీర! రఘువీరా! జానకీనాయకా!"	saardulamu
"జగముల్ మూఁడు సృజింపఁబ్రోవఁ బిదపన్ సంహారముం జేయఁగాఁ
ద్రిగుణాకారముఁ దాల్చినట్టి వరమూర్తీ! వాసుదేవా! హరీ!
నిగమస్తుత్యపవిత్రగాత్ర! నృహరీ! నీలాభ్రవర్ణా! మహో
రగతల్పా! జనకల్పభూజ! రఘువీరా! జానకీనాయకా!"	mattebhamu
"నీ చారిత్రముఁ జెప్ప నద్భుతమగున్, నీ నామసంకీర్తనం
బాచండాలునకైన మోక్ష మొసఁగున్, హత్యాదిదోషంబులన్
వే చించున్ విదళించుఁ ద్రుంచుఁ దునుమున్ వేఁటాడు నంటంబడున్
రాచుం ద్రోచు నడంచు నొంచు రఘువీరా! జానకీనాయకా!"	saardulamu
"తేజం బొప్పఁగ నీవె కావె మొదలం ద్రేతాయుగాంతంబునన్
రాజై పుట్టితి వింక నీకలియుగాంత్యం బందునన్ రౌతవై
వాజిం దోలి విరోధులం దునుమ దేవా! నీవ యొండెవ్వఁ డా
రాజున్ రౌతును నీవె కావె రఘువీరా! జానకీనాయకా!"	saardulamu
"గాజుం బూస సురేంద్రనీలమణిగాఁ గల్పించు చందంబునన్
బాజుం జర్మము మీఁది బేగడపొరల్ బంగార మౌ రీతిగన్
నా జన్మంబు పవిత్రభాజనముగా నన్నేల రావేలరా
రాజీవాక్ష! కృపాకటాక్ష! రఘువీరా! జానకీనాయకా!"	saardulamu
"నా జన్మాంతర వాసనావశమునన్ నాపాలి భాగ్యంబునన్
నా జాడ్యంబులు పోవుకాలముతఱిన్ నా పుణ్యపాకంబునం
దీజన్మంబున నిన్నుఁ గొల్వఁ గలిగెన్, హీనుండఁ గా నింక, నే
రాజన్, నాకెదు రెవ్వ రుర్వి? రఘువీరా! జానకీనాయకా!"	saardulamu
"నేఁటం దీఱె ననేకజన్మములనుండి న్నన్ను వెంటాడుచున్
వాటంబై చనుదెంచు పాపములు; శ్రీవత్సాంక! యీవంక నీ
పాటల్ పాఠము సేయువారికి మఱిం బాపంబులం బాపుఁ గ
ర్ణాటాధీశ్వర! యొంటిమిట్ట రఘువీరా! జానకీనాయకా!"	saardulamu
"పటునిర్ఘాత కఠోరనాదము ఘనబ్రహ్మాండ భాండంబుఁ బి
క్కటిలం జేయుచు వచ్చునప్పు డితరుల్ గాండీవినామంబు లె
న్నుట మేలందురు; వైష్ణవుల్ తలఁప రన్యుం గోరి యెంతెంత దు
ర్ఘటముల్ వచ్చిన నిన్నెగాక రఘువీరా! జానకీనాయకా!"	mattebhamu
"కొడుకు ల్బ్రహ్మలు, కూఁతు రీశ్వరశిరఃకూటంబుపైఁ గాఁపురం,
బుడురాజుం దినరాజుఁ గన్ను, లహిరా జుయ్యాలమంచంబు, నీ
పడఁతుల్ శ్రీయు ధరిత్రియున్, సవతు చెప్పన్ లేరు నీకన్యు, లా
ఱడి మర్త్యు ల్గనలేరుగాక రఘువీరా! జానకీనాయకా!"	mattebhamu
"వడి మీఱంగ నమోఘమై నిగుడు నీ వాలమ్ము వాలమ్ముఁ దాఁ
కెడు నంచున్ మెడ యొడ్డినన్ జమరిపైఁ గీల్కొన్న కారుణ్య మే
ర్పడ మున్నేసిన యమ్ము వేఱె యొక నారాచమ్మునం ద్రుంచి పే
ర్పడి తౌరా విలుకాండ్రలోన రఘువీరా! జానకీనాయకా!"	mattebhamu
"చెడుగన్, గష్టుఁడ, దుష్టచిత్తుఁడఁ, బరస్త్రీలోలుఁడన్, బాలుఁడన్
జడుఁడన్, మూఢుఁడఁ, గొండెకాఁడను, దురాచారి, న్నిషిద్ధాత్ముఁడన్
గడుసంగాకరిఁ గల్ల గుల్లఁ గపటిన్ గర్విన్ ననుం గావు మూ
ఱడి యున్నాఁడను నీవె దిక్కు రఘువీరా! జానకీనాయకా!"	mattebhamu
"అడుగున్విద్యకు లోనుజేసితివి న న్నావంత నావంతలే
కడియాసల్ గొనుచున్ దురాత్మకుల నే నర్థించుచున్నాఁడ; నె
న్నఁడు రక్షించెదు, నీవు నన్ను బలె నెన్నం బేదవా? యేల యా
ఱడిఁ బెట్టంగ? రమావిహార! రఘువీరా! జానకీనాయకా!"	mattebhamu
"ప్రణుతింపన్ మృతదేహుఁ జూచి బ్రదికింపన్ బ్రహ్మరుద్రుల్ మరు
ద్గణనాథాదులు నోప, రద్భుతము గాఁగన్ నీదు భృత్యుండు ల
క్ష్మణు ప్రాణంబులు దెచ్చెఁ జచ్చినతఱిన్ సంజీవనీప్రక్రియన్
రణభూభాగములోనఁ దానె రఘువీరా! జానకీనాయకా!"	mattebhamu
"ఏ తాత్పర్యము గల్గి కొల్చెదవురా? యే నేల నిన్మెత్తురా?
నీతో నాకుఁ బనేమిరా? యనక మన్నింపం దగున్; మున్ను నీ
చేతన్ మోక్షముఁ గన్నవారి వినమా చిత్రంబుగా నిర్జరా
రాతిన్ నాతిని రాతిఁ దొల్లి రఘువీరా! జానకీనాయకా!"	saardulamu
"దాతల్ ద్రాతలు తల్లిదండ్రులు మఱిన్ దైవంబు లాప్తుల్ చెలుల్
భ్రాత ల్దక్కినవారు చుట్టములు మీపాదాలపై నాన నా
దాత ల్ద్రాతలు తల్లిదండ్రులు మఱిన్ దైవంబు లాప్తుల్ చెలుల్
భ్రాతల్ సర్వము నీవె కావె రఘువీరా! జానకీనాయకా!"	saardulamu
"శ్రుతిపాథోధి మథించి శాస్త్రమహిమ ల్శోధించి యష్టాదశ
స్మృతు లాలించి మహేతిహాసకథలుం జింతించి తా రొక్క స
మ్మతమై సన్మును లాచరించిన మహామార్గంబు నీసేవ; దు
ర్మతు లీమార్గముఁ గానలేరు రఘువీరా! జానకీనాయకా!"	mattebhamu
"మతి నూహింపరు కొంద ఱీసుకృత మేమార్గంబునం దున్న ను
గ్రతపోధ్యానము సామగానమును దీర్థస్నానమున్ దానమున్
గ్రతుసంధానము లేల? నేలఁ దులసిం గర్వయ్యెనో? యూర నీ
ప్రతిమ ల్లేవొ నమస్కరింప? రఘువీరా! జానకీనాయకా!"	mattebhamu
"సుతు లంచున్ హితు లంచు బంధుజను లంచుం దల్లులుం దండ్రులున్
సతులుం బౌత్రులు నంచు నెంచుకొనుచున్ సంసారమోహాబ్ధిలో
గతజన్మంబులఁ దేలుచున్ మునుఁగుచున్ గర్వించి యే ని న్ననా
రతముం గొల్వని మోస గల్గె రఘువీరా! జానకీనాయకా!"	mattebhamu
"క్షితిలోఁ దామును బ్రహ్మసృష్టికిఁ బునస్సృష్టిన్ వినిర్మించియున్
గ్రతువిఘ్నం బొనరించు దానవుల వీఁకం దోలఁగా లేక నాఁ
డతిబాలున్ నినుఁ దోడు తోడుకొనిపోఁడా గాధిసూనుండు నీ
ప్రతివీరాగ్రణి యెవ్వఁ డింక? రఘువీరా! జానకీనాయకా!"	mattebhamu
"క్షితిలో నల్పులమీఁదఁ జెప్పిన కృతుల్ ఛీఛీ నిరర్థంబులౌ
నుతిపాత్రమ్ములు గావు మేఁక మెడ చన్నుల్ నేతిబీఱల్సుమా
వితత ప్రౌఢిమ నీకుఁ జెప్పిన కృతుల్ వేదాలు శాస్త్రాలు భా
రత రామాయణముల్ దలంప రఘువీరా! జానకీనాయకా!"	mattebhamu
"సంతానంబును బారిజాతకమహీజాతంబు మందారమున్
జింతారత్నముఁ గామధేనువు సుధాసింధూత్తమంబున్ మదిన్
జింతింపన్ సరిగావు నీకు విజయశ్రీధామ! యో రామ! య
శ్రాంతత్యాగ వివేకపాక! రఘువీరా! జానకీనాయకా!"	saardulamu
"ఏ దైవాల వరాలకంటె సులభం బెవ్వారికైనన్ మదిన్
నీ దాతృత్వము చెప్పనేల శరణంటేన్ గాతు వింతేల నీ
పాదాంభోజరజంబు రాతికయినన్ బ్రాణంబు లీఁజాలు నౌ
రా! దిక్పూరితకీర్తిపూర! రఘువీరా! జానకీనాయకా!"	saardulamu
"విందున్ వేదపురాణశాస్త్రముల గోవిందున్ ముకుందున్ హరిన్
విందున్ వేల్పులలోన భక్తసులభున్ విశ్వంభరున్ సచ్చిదా
నందున్ నందుఁడు కన్న చిన్నశిశువున్ నాపాలి పాపాళిఁ బా
ఱం దోలంగ నృసింహు నిన్ను రఘువీరా! జానకీనాయకా!"	saardulamu
"సందిం బూసలలోన నీ కవచరక్షామంత్రరాజంబుఁ బెం
పొందన్ వ్రాసి ధరించినాతఁడు రిపువ్యూహంబులో నైన నే
కందుం బొందక వజ్రపంజరములోఁ గాఁపున్న చందానఁ బా
ఱం దోలుం బగవారి నౌర రఘువీరా! జానకీనాయకా!"	saardulamu
"వృథగా దెవ్వఁడు నిన్నుఁ గొల్చినఁ గృపన్ వీక్షించి వాఁ డేమనో
రథముల్ వేఁడిన నట్లె సేయుదువుగా రక్షావిధేయుండవై
కథగాదీ వచనంబు నిక్క మటులే కాదేని మున్నేల సా
రథివై తర్జునుతేరిఁ దోల రఘువీరా! జానకీనాయకా!"	mattebhamu
"ఘనసారంబును లోనికిం గొనిన శ్రీగంధంబుఁ బైఁ బూసినన్
దినమున్ మర్దనఁ జేసినం గడిగినన్ దిష్టంబులోనం దొలం
గని దుర్గంధము నైజ మీముఱికి డొక్కల్ నమ్మి ని న్గొల్వనే
రని మూఢాత్ముల నేమి చెప్ప రఘువీరా! జానకీనాయకా!"	mattebhamu
"ఇనుమా రాశ్రితు నిల్ప; వాడ వినుమా రేమాటయున్; సాయకం
బినుమా రాహవభూమిఁ బూన; విదిగా కింకొండు మేలంచు నీ
వినుమా రీ దురితాంధకారపటలం బేరీతి వీక్షింతు? వు
గ్రనిశాటాంతక! రామభద్ర! రఘువీరా! జానకీనాయకా!"	mattebhamu
"మును నే నెన్నఁడు వేదశాస్త్రపఠనంబుల్ రిత్తతీర్థాటనం
బును దానంబును జేయఁ బోను సతతంబున్ నిన్ను సేవించి కీ
ర్తనఁ జేయన్ మతిలేదు దానమున కర్థం బల్ప మింకెట్లు బో
రన నా దుష్కృతముల్ దొలంగు? రఘువీరా! జానకీనాయకా!"	mattebhamu
"విను నా కెన్నియొ దోసముల్ గలవు నొప్పిం బొందఁగా మ్రంద ర
మ్మని రౌద్రంబుగఁ గాలుబంటు లన నే రాఁపేరు? నా పేరుఁ బె
ట్టినవానిన్ బరలోకదూరుఁడని యండ్రే పొండు పొండంచు బో
రన సాయమ్మయి యడ్డగింపు రఘువీరా! జానకీనాయకా!"	mattebhamu
"అనఘంబైన దశాశ్వమేధకృత పుణ్యస్ఫూర్తి నీకొక్క మా
టు నమస్కారము సేయఁ గల్గునని విందున్; యాగధర్మంబులున్
గొనసాగున్; జననంబు లుక్కడఁగు నీకున్ మ్రొక్కెనేనిన్ బున
ర్జననంబేది దలంచి చూడ రఘువీరా! జానకీనాయకా!"	mattebhamu
"దనుజారి జ్వలనాంతకాసుర సముద్రస్వామి వాయు త్రిలో
చనమిత్రాభవ సూర్యసోమధరణీజాతాంబుజాత ద్విష
జ్జననాంగీరస శుక్రభానుతనయ స్వర్భానుకేతు ప్రవ
ర్తనముల్ నీ విభవంబులౌర రఘువీరా! జానకీనాయకా!"	mattebhamu
"కనుఁగొన్నప్పుడె గుప్పఁడే కుజనులం గాలుండు కాలుండు పొం
డనుచున్ రౌరవనారకాగ్నులఁ బడన్ హత్తించి, యయ్యగ్నుల
న్మునుఁగం జాలఁ బరేతరాజునకు న న్నొప్పింపఁగాఁ బోవ కు
గ్రనిశాటాంతక! రామభద్ర! రఘువీరా! జానకీనాయకా!"	mattebhamu
"నిను సేవించెద నంచుఁ గోరుకొనియున్నేన్ వానికిం బూర్వక
ర్మనిమిత్తంబులు కష్టముల్ గలుఁగఁగా మన్నించి నీవడ్డ మౌ
దని చెప్పంబడు, ద్రౌపదిం గరినిఁ బ్రహ్లాదున్ ధ్రువున్ మున్ను బో
రన రక్షించుట కల్దొ లేదొ రఘువీరా! జానకీనాయకా!"	mattebhamu
"అనిశంబున్ నినుఁ గొల్చు మానవులు ప్రాణాంతంబునన్ రోగబా
ధ నిమిత్తంబున రామరామ యనుచున్ దల్పంగ లేకుండినన్
జననాథాగ్రణి! నీవు వారి రసనాస్థానంబున న్నిల్చి బో
రన రామా! యనిపింతు వౌర! రఘువీరా! జానకీనాయకా!"	mattebhamu
"ఇనవంశోత్తమ! వేదశాస్త్రములలో నే వింటి నేవింటి వాఁ
డును నీకుం బ్రతిగాఁడు, నీకుఁ గల బంటు, న్నన్ను రక్షింపు; కా
లుని బంట్లన్ విదళింపఁగా వలయు, నాలో నుండుమీ గండుమీ
ఱ నమోఘాస్త్రము విల్లుఁ బూని రఘువీరా! జానకీనాయకా!"	mattebhamu
"జననాథాగ్రణి! నిన్నుఁ గొల్చునతఁ డాచండాలుఁడైనం బున
ర్జననం బొందక ముక్తిఁ గాంచు నొనరన్ సద్భక్తుఁడైనం దుదిన్,
జనుఁ జండాలకులంబులోన నుదయించం గోరి నీ నామకీ
ర్తన సేయ న్నిరసించెనేని రఘువీరా! జానకీనాయకా!"	mattebhamu
"జనకుం డెవ్వఁడు నీకు? నీ కడుపులో సర్వంబు నుండంగ నీ
యునికి స్థానము దుగ్ధవార్ధి నడుమన్ యోగీంద్రహృద్గేహ! యే
మని వర్ణింపుదు నీ మహత్త్వములు సర్వాశ్చర్యముల్ పుణ్య వ
ర్తన రాజన్యయశోవిహార రఘువీరా! జానకీనాయకా!"	mattebhamu
"జనకుండా జనకుండు నీ సతికిఁ, గౌసల్యా యహల్యాఘమో
చన!నిన్ గాంచిన తల్లి, పంక్తిరథుఁడా సర్వేశ! మీ తండ్రి, యే
మి నిమిత్తంబున నుద్భవించితివొ నెమ్మి న్నిట్టు లీపుట్టు వు
గ్రనిశాటాంతక! రామభద్ర! రఘువీరా! జానకీనాయకా!"	mattebhamu
"హనుమంతుం డొక యబ్ధి దాఁటె నని యేలా ప్రస్తుతుల్ సేయఁగా
దనుజారాతి! భవత్పదాబ్జములు హృత్పద్మంబున న్నిల్పు నా
ఘనపుణ్యుండు భవాంబురాశులు తృణీకారంబుగా దాఁటు బో
రన నెన్నైనను గొంకులేక రఘువీరా! జానకీనాయకా!"	mattebhamu
"నీ పాదోదక మక్షులం దదుముకొంటిం, గొంటి నాలోనికిన్,
నీ పళ్లెంబు ప్రసాదముం గుడిచితిన్, నీ పేరునుం బెట్టితిన్,
నీ పెన్ముద్రలు దాల్చితిన్ భుజములన్, నీవింక నన్నేగతిన్
బ్రాపై ప్రోచెదొ కాని పూని రఘువీరా! జానకీనాయకా!"	saardulamu
"తపముల్ చేసినఁ బోనిపాపములు మంత్రంబుల్ సమర్థంబుగా
జపముల్ చేసినఁ బోని దోషము నదీస్నానంబునం బోని ఘో
రపుఁ గర్మంబులు వాయు నొక్కమఱి శ్రీరామా యనే మాట క
ర్ణపుటం బించుక సోఁకెనేని రఘువీరా! జానకీనాయకా!"	mattebhamu
"కంపింతున్ మును దండధారికిని మత్కాయంబు వీక్షించి శం
కింపం గారణ మేమి నాకిఁక నినున్ గీర్తించుచున్నాఁడ; బల్
దుంపల్ గట్టిన ఘోరపాపముల సంధు ల్గోసివేయంగ బల్
ఱంపంబైనది నీ చరిత్ర రఘువీరా! జానకీనాయకా!"	mattebhamu
"నీ మంత్రంబు సదా సదాశివుఁడు పత్నీయుక్తుఁడై కాశిలో
నేమం బొప్ప జపించె నంచు శ్రుతులన్ని న్నిన్నె వర్ణింపఁగా
నేమా నిన్ను నుతించువార మయినన్ నిన్నెంతు నోరారఁగా
రామా! రాఘవ! రామభద్ర! రఘువీరా! జానకీనాయకా!"	saardulamu
"నీ మంత్రంబు జపించు మానవులకున్ నిశ్శ్రేయ మౌ నర్థముల్
హేమంబు ల్గొడుగుల్ తురంగములు మత్తేభంబు లాందోళికల్
గ్రామంబుల్ నగరంబులున్ విభవముల్ రాజ్యంబులున్ రత్నముల్
రామారత్నము లేమిలెక్క రఘువీరా! జానకీనాయకా!"	saardulamu
"గోమేధాధ్వర వాజిమేధశతముల్ గోదాన భూదానముల్
హేమాద్రుల్ తిలపర్వతంబులు సువర్ణేభాశ్వదానంబులున్
నీ మంత్రంబగు నక్షరద్వయముతో నే పుణ్యముల్ పోల వో
రామా! రాఘవ! రామభద్ర! రఘువీరా! జానకీనాయకా!"	saardulamu
"గోమాంసాశని, మద్యపాని, నగరిన్ గొండీఁడుఁ, చండాలుఁడున్
హేమస్తేయుఁడు, సోదరీరతుఁడు, గూ డేకాదశిన్ భుక్తిగొ
న్నామూఢాత్ముఁడు లోనుగాఁ గలుగు దుష్టాచారుఁడైనం దుదిన్
రామా! యన్నను ముక్తిఁ గాంచు రఘువీరా! జానకీనాయకా!"	saardulamu
"ఏమీ పాతకులార! మా పురికి రా రీపట్టునం దున్నత
శ్రీమైఁ బోయెద రెందుకన్న జమునిం గ్రేగన్నులం జూచుచున్
రామయ్యా! యిఁక నంచుఁ బల్కి యపవర్గస్థానమున్ జొత్తురో
రామయ్యా! నినుఁ గొల్చువారు రఘువీరా! జానకీనాయకా!"	saardulamu
"స్వామిద్రోహికిఁ దమ్ముఁడెట్లు? ఘనరాజ్యంబేల నీవిచ్చుటె?
ట్లామాటల్ విని కాదె నిన్నడుగ నత్యాసక్తి నాకున్న దొ
డ్డేమిన్ పల్మఱు వేసరింపఁ గవి నే నీరాదె నీ సీమలో
గ్రామం బొక్కటి చాలు నాకు రఘువీరా! జానకీనాయకా!"	saardulamu
"మామా యంచును మామ యంచు నెపుడే మా యల్లుఁ డుద్యద్గతిన్
హేమాద్రిప్రతిమానమైన యొక విల్లేపార మో పెట్టఁగా
సామర్థ్యంబున మేటి యీతఁడని నీ సత్త్వంబె వర్ణింతు నో
రామా! రాఘవ! రామభద్ర! రఘువీరా! జానకీనాయకా!"	saardulamu
"కమురం గ్రాఁగిన లోభివాని తల పున్కం, గుక్కమాంసంబు మ
ద్యముతో వండుచుఁ దిన్న మాలఁడయినం, దత్పాపకర్మంబులన్
యమకూపంబుల లోపలం బడఁడు జిహ్వాగ్రంబునన్ రామమం
త్రముఁ బేర్కొన్నను నొంటిమిట్ట రఘువీరా! జానకీనాయకా!"	mattebhamu
"యమకూపంబుల లోపలం బడి మహాహైన్యంబునుం బొందకుం
డ ముదంబారఁగ నన్నుఁ బ్రోచి కరుణన్ సాయుజ్యమిమ్మీ తుదిన్
గ్రిమిరూపుం దన రూపుగాఁ బెనిచి రక్షింపన్ విచారించునా
భ్రమరంబుం బలెఁ బాపదూర! రఘువీరా! జానకీనాయకా!"	mattebhamu
"మమకారంబున సర్వకాలమును నీ మంత్రంబు వాక్రుచ్చు డెం
దము నాకుం గలుగంగని మ్మటులయైనన్ మృత్యువక్త్రమ్ము దూ
ఱము; నిన్నున్ మతి దూఱ మంత నపవర్గస్వర్గమార్గంబు దూ
రము గాకుండును మాకుఁ జేర రఘువీరా! జానకీనాయకా!"	mattebhamu
"తమ గర్వంబునఁ దారు పొంగిపడుచున్ దైవంబు మంత్రంబుఁ దం
త్రములన్ వీడఁగ నాడుచున్ దిరుగు నిర్భాగ్యుల్ మహారాజులై
మము నూరింపఁగ నేము నిన్నెఱిఁగి నీ మంత్రం బెఱింగిన్ దరి
ద్రమతిన్ వేడఁగఁ బోవుటెట్లు రఘువీరా! జానకీనాయకా!"	mattebhamu
"హిమధామ ప్రతిమాన కాంతియుతులై యింద్రాది దిక్పాలకుల్
తములన్ స్తోత్రముచేయ నుండుదురు నీ దాసానుదాసుల్ సుర
ప్రమదాపల్లవపాటలాధర సుధాపానాది కేలీవిహా
రములన్ మీఱుచు మీరు చూడ రఘువీరా! జానకీనాయకా!"	mattebhamu
"మిమ్ముం గొల్చి తలంచి పాపముల నెమ్మిన్ సోఁక రానీక నే
నెమ్మిన్ సౌఖ్యముఁ బొందువాఁడ ననుచున్ నీ మూర్తి భావించెదన్
రమ్మా వీని తలంపు మేలని కృపన్ రక్షింప నాలోనికిన్
రమ్మా నన్నుఁ గృతార్థుఁ జేయ రఘువీరా! జానకీనాయకా!"	saardulamu
"ప్రమదారత్న మహల్య గౌతముని శాపప్రాప్తి పాషాణరూ
పముతోఁ బెక్కుయుగంబులుండఁగ హరబ్రహ్మాదులుం బాపలే
ని మహాపాపము పాపనోపినదిగా నీ పాదరేణుప్రకా
రము నేనేమని సన్నుతింతు రఘువీరా! జానకీనాయకా!"	mattebhamu
"నా యజ్ఞానముఁ బాపుమంచు మదిలో నానాప్రకారంబులన్
గూయం గూయ నదేమిరా యనవు నీకున్ మ్రొక్కనా? కుక్కనా?
చీ యంచేటికి రోఁతగించెదవు? నీచిత్తంబు రాకుండినన్
బ్రాయశ్చిత్తము నాకునెద్ది? రఘువీరా! జానకీనాయకా!"	saardulamu
"నియమంబొప్ప ననేకజన్మములనుండిన్ దాఁచుకొన్నట్టి సం
చయదోషంబుల మాటమాత్రమున దోఁచంబోవు చోరత్వ మె
న్ని యుపాయంబుల నభ్యసించినవియో నీ నామముల్ వేయు నా
రయ నిన్ను న్వివరించుటెట్లు రఘువీరా! జానకీనాయకా!"	mattebhamu
"సకృపాలోకన! నందగోపుని తనూజాతుండవై గొల్లవై
సకలక్షోణుల నేలినాఁడవఁట, మించం గశ్యపబ్రహ్మ గ
న్న కుమారుండన మిన్నుముట్టి కుఱుచై నాఁడేల నాడేల నే
రక దానంబుగ వేఁడుకొంటి రఘువీరా! జానకీనాయకా!"	mattebhamu
"చీరల్ దీయకు చన్నుగుబ్బల పయిం జీకాకుగాఁ గాకుగాఁ
జీరల్ దీయకు మందబోయఁడిదె వచ్చే బ్రొద్దు రావల్దు నా
జారా! మేలను జారలం గవయు కృష్ణా! యేకపత్నీవ్రత
ప్రారంభం బిపుడేల నీకు రఘువీరా! జానకీనాయకా!"	saardulamu
"తిరునామంబు ధరింపఁడేని నొసలన్ దిక్పూరితంబైన నీ
వరనామంబుఁ దలంపఁడేని మదిలో వాంఛించి నీ పాదపం
కరుహ శ్రీతులసీదళోదకముఁ ద్రాగండేని వాఁడేటి నే
ర్పరి వైకుంఠపురంబుఁ జేర రఘువీరా! జానకీనాయకా!"	mattebhamu
"శరణంబన్నను మాటమాత్రమున విశ్వద్రోహి తోఁబుట్టుకున్
గరుణాపూర్ణవిలోకనం బొదవ లంకారాజ్యసింహాసన
స్థిరపట్టం బొనరించినాఁడ వఁట యేదేవుండు నీసాటి యు
ర్వరలోనన్ భవరోగదూర! రఘువీరా! జానకీనాయకా!"	mattebhamu
"పరనారీ కుచకుంభపాలికలపైఁ బాదాబ్జయుగ్మంబుపైఁ
గరమూలంబులపైఁ గపోలతటిపైఁ గంఠంబుపైఁ గొప్పుపైఁ
బరువుల్ వాఱెడు నా తలంపులు మిమున్ భావింపఁగాఁ జేసి స
ర్వరసాధీశ్వర! నన్నుఁ బ్రోవు రఘువీరా! జానకీనాయకా!"	mattebhamu
"నరకుల్ క్రాఁగిన యిన్పకంబముల నంటంగట్టఁగాఁ గొట్టఁగాఁ
బొరలం బొర్లఁగఁ గక్కరాలఁ గొని వీఁపు ల్గోయఁగా వ్రేయఁగా
నరకావాసులలోన నుండుదురు నీ నామంబు వర్జించి దు
ర్మరణంబు ల్గని చన్నవారు రఘువీరా! జానకీనాయకా!"	mattebhamu
"పురసంహారుని చాపమున్ జివుకువంబున్ ద్రుంచి పోఁజూచినన్
బరశూదగ్రభుజుండు పోవిడుచునే భంజించుఁగాకంచు ని
ష్ఠురముల్ పల్కిన భార్గవున్ భుజబలాటోపంబు వారించి ని
ర్భరశాంతంబునఁ గాచితౌర రఘువీరా! జానకీనాయకా!"	mattebhamu
"స్మరసంహారుఁడు కోరి పొత్తున భుజింపన్ బిల్వ నే రాను, శ్రీ
హరినామంబులు  వేయునెన్నవలె నిత్యంబైన నోమన్న నో
యరవిందానన! వేయునేటికిని రామా యన్నఁ జాలన్న మం
త్రరహస్యంబుఁ దలంతు నేను రఘువీరా! జానకీనాయకా!"	mattebhamu
"బాలత్వంబునఁ గొంతకాలము వృథా పాపంపు దుర్బుద్ధినై
చాలన్ జవ్వనమందు గర్వమతినై సంసారినై దుష్క్రియా
జాలభ్రాంతిఁ జరింతుఁగాని నినుఁ గాంక్షం గొల్వలేదయ్య హే
రాళంబైనది చింత వంత రఘువీరా! జానకీనాయకా!"	saardulamu
"సాలగ్రామ శిలాశిలోచ్చయ గయాస్నాన ప్రయాగస్థలుల్
పోలం జూచెద నంచుఁ బోవఁదలఁతున్ బోలేను మీదాసులన్
బోలం గానఁగ బుద్ధిపుట్ట దిఁక నేఁ బుణ్యాత్ముఁ డౌటెట్లు? హే
రాళంబైనది చింత వంత రఘువీరా! జానకీనాయకా!"	saardulamu
"కొలువం జాలక మాన, నీ నుతులు పెక్కుల్ సేయుటన్ మాన, నిన్
దలఁపం జాలక మాన, నేఁ గలసి నీ దాసానువర్గంబుతో
నిలువం జాలక మానఁబో! కడపటన్ నీనామముల్ విన్నవా
రలకుం గల్గును మోక్షలక్ష్మి రఘువీరా! జానకీనాయకా!"	mattebhamu
"తలఁపం జిత్రము మీ మహత్త్వములు మీ దాసుల్ మహాభాగ్యవం
తులు త్రైలోక్యమునన్ బదస్థుఁడు ధ్రువుం డుండున్ నభోమండలిన్,
బలి పాతాళమునన్, విభీషణుఁడు భూభాగంబునం, బద్మజ
ప్రలయంబైనను బోవరౌర! రఘువీరా! జానకీనాయకా!"	mattebhamu
"చెలఁగన్ మర్త్యులు వేగి లేచి తమిచేఁ జేయంగఁ బాపంబు లీ
కలుషంబుల్ పెడఁబాయ నేదిగతి? యింకన్ ద్రోవ యొండెద్ది? పు
ర్వులగుంటం బడనీని పోకడయు నేర్పున్ బుద్ధియుం గల్గువా
రలు నీ సేవకు లౌట లెస్స రఘువీరా! జానకీనాయకా!"	mattebhamu
"కలకాలంబు వ్రతంబులుం దపములుం గావించి యన్యు ల్తుదిన్
గలకాలంబును బోలె నిర్జరపురీకాంతాకుచాలింగనం
బులఁ గొన్నాళ్లు సుఖించి క్రమ్మఱ నిలం బుట్టంగ నే మెచ్చ ని
ర్మలముక్తిన్ నినుఁ గొల్చి కాంతు రఘువీరా! జానకీనాయకా!"	mattebhamu
"నిలువెల్లం బులకాంకురంబు లొదవన్ నీపాదతీర్థంబుతోఁ
దులసీపర్ణ మొకించుకంత గొనినన్ దోషాలు ఖండించుఁ గా!
పొలపాకుల్ దినఁ గాననంబుల బడిన్ బోనేల మోక్షంబు కూ
రలను న్నారల నేల గల్గు? రఘువీరా! జానకీనాయకా!"	mattebhamu
"చెలువంబొప్ప సువర్ణముద్ర లితరుల్ చెల్లించుటే క్రొత్త, కా
కల నీ ముద్రలు చూడఁ జెల్లుబడి చక్రాలంచు వేయించుమం
డలనాథాగ్రణి క్రొత్త, నీ బలిమి నానావర్ణపుం దోలుము
ద్రలు చెల్లించితి విందు నందు రఘువీరా! జానకీనాయకా!"	mattebhamu
"ప్రళయాపాదిత కాలమృత్యువగు నీ రాకాసి రాకాశివా
దులు వారింపఁగ నేర రింక నెటఁ జొత్తుం జత్తుఁ గాకన్న సం
చలితుం గౌశికుఁ గాచి తాటక మహాస్త్రజ్వాలచేఁ ద్రుంచి దో
ర్బలశక్తిన్ విలసిల్లితౌర! రఘువీరా! జానకీనాయకా!"	mattebhamu
"చిలుకన్ ముద్దులు చిల్క బిల్చుతఱి రాజీవాక్షి యొక్కర్తు ని
చ్చలు రామా రఘురామ రావె యనినన్ సాలోక్యసాయుజ్యమున్
కొలఁదు ల్మీఱఁగ నిచ్చినాఁడవఁట నిన్నున్ బిడ్డపే రిడ్డవా
రల పుణ్యంబున కెద్దిమేర రఘువీరా! జానకీనాయకా!"	mattebhamu
"ఇల నిన్నుం దొలుబామునం దలఁప నే నీజన్మమందైన నా
తలఁపు ల్మీపదపంకజంబులపయిన్ దాపింతు నే నింక బు
ట్టలలోఁ జెట్టులలోన నంబువులఁ బుట్టం బుట్టఁగా నోపఁ గ
ర్మలతాబంధము మాపవయ్య! రఘువీరా! జానకీనాయకా!"	mattebhamu
"ఇల నీ మీఁదను జాలభక్తిగలవాఁ డేచెట్టవాఁడైన నే
ఖలుఁడైనం దుది నుత్తమోత్తముఁడగున్ గాదన్నఁ గొంగీడ్చెదన్
దెలుప న్నిల్చిన నాడుకొన్న పరవాదిన్ గెల్చెదన్ వేదశా
స్త్ర లసద్వాక్యనుత ప్రతాప! రఘువీరా! జానకీనాయకా!"	mattebhamu
"దేవా! నాదొక విన్నపంబు గల దేదీ యంటివా వింటివా
త్రోవం దండధరుండు దుర్గతులకై త్రోవన్ విచారించునో
యేవిఘ్నం బొనరించునో యెఱుఁగరా దే ముక్తికిం బోవుచో
రావే వెంబడి నింతనంత రఘువీరా! జానకీనాయకా!"	saardulamu
"గోవం దొల్తటి జన్మకాలముల నీకుం బంటఁ గానైతి నం
చీవక్రంబులె కాక నాకు నివి లక్షింపంగ జన్మంబులా
చావుం బుట్టువు మాన్పుకోవలయు నీ జన్మాన నీవాఁడనై
రావా నా మది కింకనైన రఘువీరా! జానకీనాయకా!"	saardulamu
"చావు ల్మర్త్యులకెల్లఁ గల్గుటలు నిస్సందేహముల్ దేహముల్
చేవ ల్గల్గిననాఁడె శ్రీగిరి గయా శ్రీవేంకటాహోబిల
గ్రావప్రాంతములందుఁ జేరవలెఁ; జేరంబోవ కేలబ్బు నా
ర్యావాణీస్తుత మోక్షలక్ష్మి? రఘువీరా! జానకీనాయకా!"	saardulamu
"త్రోవన్ మానవుఁ డొంటిఁబోవుతఱి నీస్తోత్రంబు వాక్రుచ్చినన్
నీవుం దమ్ముఁడుఁ దోడువత్తురటె నీ నెయ్యంబు తియ్యంబుగా
నీవంటాప్తుఁడు నిన్నుఁ బోలు హితుఁడున్ నీవంటి భక్తప్రియ
ప్రావీణ్యుండును లేఁడు చూడ రఘువీరా! జానకీనాయకా!"	saardulamu
"నవనీతంబుల కేల పాఱెదవురా నాయన్న! రా! యెన్నరా
యివి దూష్యంబులు గాఁగ గోపికలు? నీయింటం బదార్థంబు లె
య్యవి లే? వంచు వచించు నమ్మకడ కొయ్యంజేరు కైశోర చో
రవినోదంబులు నేఁ దలంతు రఘువీరా! జానకీనాయకా!"	mattebhamu
"వివిధబ్రహ్మల యంత్యకాలముల నేవే నిల్వ వావేళలన్
ధ్రువుఁడో యొండె విభీషణుండు బలి యుందుర్ వారు నీ దాసులై
న విశేషంబునఁ గాక తక్కొరుల కుండంబోలునే యింద్రరు
ద్రవిరించిస్తుత శౌర్యసార! రఘువీరా! జానకీనాయకా!"	mattebhamu
"చెవి నీనామము విందునో యని కడున్ సెంకించి కర్ణంబులన్
రవము ల్మీఱఁగ ఘంట లంటనిడి ఘంటాకర్ణుఁ డేతేరఁగా
నవి చూచిన్ వరమిచ్చినాఁడవఁట నీయంఘ్రిద్వయీసేవక
ప్రవరుం గాచుట యేమిలెక్క? రఘువీరా! జానకీనాయకా!"	mattebhamu
"రవిసూనుం బరిమార్చి యింద్రసుతునిన్ రక్షించినావందునో
రవిసూనుం గృపనేలి యింద్రసుతుఁ బోరం ద్రుంచినావందునో
యివి నీయందును రెండునుం గలవు; నీ కేదిష్ట మౌనో కదా
రవివంశాగ్రణి! తెల్పవయ్య రఘువీరా! జానకీనాయకా!"	mattebhamu
"దోసంబు ల్కులపర్వతంబుల కొలందుల్ గల్గినం గల్గనీ
మీ సంకీర్తన శబ్దమాత్రమున భస్మీభూతమైపోవవా
త్రాసు ల్కోటిసహస్రముల్ గలిగి యెత్తన్ రాని కార్పాసపున్
రాసు ల్సోఁకిన నిప్పువోలె రఘువీరా! జానకీనాయకా!"	saardulamu
"కసుమాలంబగు దేహిపుట్టువుల నీ కష్టంబులం బాపి ది
వ్యసుకాయం బొనరింతు వెవ్వఁడు నినున్ వాక్రుచ్చినన్ యోగిమా
నస గేహంబులనుండి; లోహము సువర్ణచ్ఛాయగాఁ జేయఁగా
రసవాదంబులు నేర్చితౌర రఘువీరా! జానకీనాయకా!"	mattebhamu
"పసులన్ గాచిన గొల్లవాఁడవనుచున్ భావింతు నిన్నున్ దుదిన్
ముసలిభ్రాత వటంచు నెంతు మదిలో మూర్తిత్రయాకార! నే
వసుధాధారుని నిన్ను నిక్క మెఱుఁగన్ వాంఛింతు నో సత్కృపా
రసపాథోనిధి! కావవయ్య రఘువీరా! జానకీనాయకా!"	mattebhamu
"పిసినిం జూచి మహాప్రదాతయనుచున్ బీభత్సకుత్సాంగునిన్
బ్రసవాస్త్ర ప్రతిమానరూపుఁడనుచున్ బందం బ్రియంబంద శ
త్రుసమూహాంతకుఁ డంచు నెప్పుడు నరస్తోత్రంబు గావించు నీ
రసుఁడన్ నిన్ను నుతింపనేర రఘువీరా! జానకీనాయకా!"	mattebhamu
"బహురూపాలు ధరించుకొంచును గ్రియాభాషాంగము ల్ముట్టఁగా
బహుకాలంబులనుండి యాడితి నిఁకం బ్రాల్మాలినట్లయ్యెడిన్
దహలంబెట్టక చాల్పురేయనుము నీత్యాగంబు నేనొల్ల సా
గ్రహ దైతేయ మదాపహార! రఘువీరా! జానకీనాయకా!"	mattebhamu
"మోక్షాపేక్ష జనించె నాకు నిదియేమో కాని యీజన్మమం
దక్షీణోదయ!ముక్తి కెవ్వఁ డొడయం డాపుణ్యునిం జెప్పెదో
దక్షారిస్తుత! నీవె కర్తవయినన్ దక్కేల నీవే ననున్
రక్షింతో యెఱుగంగఁ జెప్పు రఘువీరా! జానకీనాయకా!"	saardulamu
"అక్షీణాప్రతిమానదానవిభవాహంకారపారీణ! యో
రక్షోదైత్యమదాపహార విబుధా! త్రైలోక్యసంరక్షకా!
దక్షధ్వంసివధూటికావినుత! నీ దాసానుదాసుండ నన్
రక్షింపం గదవయ్య! రామ! రఘువీరా! జానకీనాయకా!"	mattebhamu
"చదువు ల్దొంగిలి సోమకాసురుఁడు భాషాభర్త కూపెట్టఁగా
నుదధుల్ సొచ్చినఁ బాఱిపట్టుటకు నుద్యోగించి మత్స్యంబవై
యదరంటన్ రిపుఁ ద్రుంచి వేదములు దేవా దేవ! శాండిల్యనా
రదకౌండిన్యనుత ప్రతాప! రఘువీరా! జానకీనాయకా!"	mattebhamu
"అమరుల్ రాక్షసనాయకుల్ కడఁకతో నత్యంతగర్వంబునన్
దమ సత్త్వంబుల మందరాచలముచేఁ దర్వంగ నంభోధిలో
రమణం దద్గిరి మోచి కాచిన జగత్త్రాణుండ! కూర్మావతా
ర మనంగా మఱి నీవెకావె రఘువీరా! జానకీనాయకా!"	mattebhamu
"దనుజాధీశులు నిర్జరాధిపతులున్ దామందఱున్ మందరున్
ఘనసత్త్వంబున నెత్తి వార్థి నహిపుం గవ్వంబుగాఁ ద్రచ్చుచో
మునుఁగం బాఱకయుండఁ గచ్ఛపమవై మున్నీటిలోనుండు వ
ర్తన మే నాత్మఁ దలంచుచుందు రఘువీరా! జానకీనాయకా!"	mattebhamu
"ధర కల్పాంతమునం గరంగఁబడి పాతాళంబులోనంటినన్
దొరయం దొల్లిటియట్ల కా నిలుప నుద్యోగించి క్రోడంబవై
పొరి నబ్భూతలమెత్తినట్టి ఘనదర్పున్ నిన్ను భావింతు ని
ర్భరకారుణ్య నిరూఢచిత్త! రఘువీరా! జానకీనాయకా!"	mattebhamu
"వడుగా! నీవడుగంగనేర విట నల్పంబైన దానంబు న
న్నడుగన్ వచ్చితి వన్నఁ గన్గొని బలీంద్రా! నాకు నీవిచ్చు మూఁ
డడుగు ల్మూఁడు జగంబులంచుఁ గొనవా యాద్యంతముల్ మాటమా
ర్పడ నాడన్ నుడికాఁడవౌర! రఘువీరా! జానకీనాయకా!"	mattebhamu
"ఏతుల్ గాక మురాంతకుండు గలఁడా యెందైన నిందైన నీ
నీతు ల్మాను మటంచుఁ దండ్రి సుతునిన్ నిట్రాతిలోఁ జూపరా
చూతున్ నాఁగ నృసింహరూపమున నచ్చో నుండవా చెండవా
రాతిం బోలిన దైత్యు మేను రఘువీరా! జానకీనాయకా!"	saardulamu
"సమరక్షోణులఁ బాఱఁ బాఱఁగ జరాసంధాదులం ద్రుంచి చం
డమదాభీలుని ధేనుకాసురుని చట్ట ల్చీరి ముష్టిప్రహా
రములన్ ముష్టికు నా ప్రలంబదనుజున్ మ్రందించి తౌ రేవతీ
రమణాకారముఁ దాల్చి యౌర! రఘువీరా! జానకీనాయకా!"	mattebhamu
"నిను నారాయణమూర్తిగాఁ దలఁచుచున్ నీ దండ నా దండకా
వన వాచంయము లెల్లఁ జేరి కొలువన్ వారిం గృపం జూచుటల్
వనధిం గట్టుట రావణుం దునుముటల్ వర్ణింతు రామావతా
ర నిరూఢాకృతి నిన్ను నౌర! రఘువీరా! జానకీనాయకా!"	mattebhamu
"అమరారాతివధూటికామణులచే నశ్వత్థనారాయణ
ద్రుమముం గౌఁగిటఁ జేర్పఁ జేసి వ్రతము ల్దూలించి బుద్ధావతా
రమునన్ రుద్రసహాయమై త్రిపురముల్ మ్రగ్గించి తౌరౌర! ధీ
ర! మునిస్తుత్య యశోవిహార! రఘువీరా! జానకీనాయకా!"	mattebhamu
"కలికాలాంతమునన్ గిరాతజనముల్ గర్వించినం దత్కిరా
తుల నెల్లన్ విదళించుచున్ గృతయుగోద్భూతంబుఁ గావింప నిం
పలరం గల్కివి గాఁగ నున్న హరి నిన్నశ్రాంతముం గొల్చువా
రలు పుణ్యాత్ము లగణ్యశూర! రఘువీరా! జానకీనాయకా!"	mattebhamu
"త్రేతా ద్వాపరసంధి నుద్ధతమదాంధీభూత ధాత్రీధవ
వ్రాతంబున్ జననీ ప్రతిజ్ఞకొఱ కిర్వైయొక్కమారుల్ బహు
ప్రీతిం ద్రుంచితి గాదె నీవు విలసద్వీర్యంబుమై ఘోరని
ర్ఘాతక్రూరకుఠారధార రఘువీరా! జానకీనాయకా!"	saardulamu
"కావం దొల్లిటి కాలజన్మముల నీకా బంటుఁ గానైతి నీ
సేవాకార్యములేమొ నాకు నవి లక్షింపంగ లేవయ్యె నీ
చావుం బుట్టువు మాన్పుకోవలయు నీ జన్మాన నీవాఁడనై
రావా నా మదిఁ గోర్కెఁ దీర్ప! రఘువీరా! జానకీనాయకా!"	saardulamu
"ఉండందెక్కడ నీవు లేక వెలియై యుండేది యెచ్చోటు బ్ర
హ్మాండంబుల్ లయమందు నీవు కనుమూయన్ లోకపర్వంబుగా
నండంబున్ బ్రభవించు నీకును వినోదార్థంబు నీ మాయ మా
ర్కండేయాదు లెఱుంగలేరు రఘువీరా! జానకీనాయకా!"	saardulamu
"జననీగర్భములందు నన్నిటు బడన్ జన్మిచ్చి బాల్యంబులన్
జనుబా లెందఱివైనఁ ద్రాపి యటు వేల్ సంబంధముల్గా పురా
తనకాలంబుననుండి యెంతగను యత్నంబున్న నిందాకఁ దీ
రని కర్మంబులు దీఱు టెట్లు? రఘువీరా! జానకీనాయకా!"	mattebhamu
"వెనుకం జేసిన దోషముల్గలుగ నుర్విన్ ముక్తికిం బోదురే
చనఁ బొయ్యే వని కాలుబంట్లె నుడువన్, సాక్షాత్తు నా బంటు వీ
నిని బట్టన్ గమకించు టొప్ప దనియున్ నీవే నివారించవా
ప్రణతాశేష శరణ్యచిత్త! రఘువీరా! జానకీనాయకా!"	mattebhamu
"నానాజీవమనోనివాస! త్రిజగన్నాథా! మురారీశ! గౌ
రీనాథస్తుత! కైటభాసురవిదారీ! చక్రి! నారాయణా!
యో నాళీకదళాయతాక్ష! కలుషవ్యూహాద్రి వజ్రాయుధా!
ప్రాణాపానసమానరూప! రఘువీరా! జానకీనాయకా!"	saardulamu
"నను నన్యుల్ గొనియాడ మే లనకయుండన్, నాకు నేనే మహా
ఘనుఁడన్ విద్యకు నేనె బ్రహ్మ ననుచున్ గర్వించి దుర్వాక్యముల్
విని మీ చిత్తమునందు రోయకుము నా వేసాలు గ్రాసాలకే
యని మన్నింతువుగాని నన్ను రఘువీరా! జానకీనాయకా!"	mattebhamu
"వినుమా యాశ్రితు నిల్పువాఁడ ననుమా వేయేల నీ భక్తునిం
గనుమా యాశ్రితరక్షణంబు ఘనమా కారుణ్యవారాశి య
య్యు నతార్తావనుఁడైన నీకు జగతీవ్యోమస్ఫురత్కీర్తి కొ
య్యన లక్ష్మీకమనీయవక్ష! రఘువీరా! జానకీనాయకా!"	mattebhamu
"కొమరౌ నాండ్రు పదాఱువేలు గొలువన్ గోపాలకృష్ణావతా
రమునన్ జాలక చొచ్చి గోపికల చీరల్ దీసి రాఁదీసి నె
య్యమునం బొందిన కొయ్యదేవరవు గావా నీవు కృష్ణావతా
రమునన్ లోకమనోభిరామ! రఘువీరా! జానకీనాయకా!"	mattebhamu
"కరుణానీరధి! నిన్ను వేడుకొనినన్ గాండీవికిం బోరిలో
నరదం బొప్పఁగ గొప్ప సారథివి గావా కావ నోదేవ! నీ
సరి యెవ్వారును లేరు శిష్టజనరక్షాదక్ష దీక్షామణీ!
ధరణీనాయకమౌళిరత్న! రఘువీరా! జానకీనాయకా!"	mattebhamu
"అతులప్రౌఢిమ మీఱ రాయకవి యయ్యల్‌రాజు సత్పుత్రుఁ డ
చ్యుతభక్తిం ద్రిపురాంతకుం డొనరిచెన్ శుద్ధంబుగా నాంధ్ర సం
గత పద్యంబుల నూటి నివ్వి వెలయుం గాతన్ రవీందుప్రచా
రత యెందాకనొ యంత దాక రఘువీరా! జానకీనాయకా!"	mattebhamu
"శ్రీమానినీమనోహర! 
సోమార్కవిశాలనేత్ర! సురనుతగాత్రా!
దామోదర నీలమణీ 
శ్యామా! ననుఁ బ్రోవు మన్న సంపఁగిమన్నా!"	kandamu
"పరమానందయతీంద్రుఁడఁ 
బరిపూర్ణుఁడ వైననీదుభక్తుఁడ నెలమిన్‌
విరచించెద నొకశతకము 
శరణాగతసుప్రసన్న! సంపఁగిమన్నా!"	kandamu
"నినుఁజెప్పనేర నైనను 
ఘన మగునుతి గనుక కూరగాయకవిత్వం
బనక కృపామతిఁ గైకొను 
సనకాదిమునిప్రసన్న! సంపఁగిమన్నా!"	kandamu
"జిలిబిలిమాటలఁ బలికెడి 
యలశిశువును దండ్రి ముద్దులాడెడుపగిదిన్‌
బలికెద నను మన్నింపుము 
సలలితకాంతిప్రసన్న! సంపఁగిమన్నా!"	kandamu
"తత్త్వజ్ఞానానంద మ
హత్త్వము రచియింతు నీదయన్‌భువిఁ గృతకృ
త్యత్త్వము నిత్యత్వముగా
సాత్త్వికపరయోగు లెన్న సంపఁగిమన్నా!"	kandamu
"తత్త్వము దా రెఱుఁగక బ్ర 
హ్మత్వ ముపచరించువారిమాటలు ధృతకో
శత్వములను నిలిచియు ని
స్సత్త్వము లగుఁ గన్న విన్న సంపఁగిమన్నా!"	kandamu
"వినవలె సద్గురువులచేఁ 
గనవలె నరచేతియుసిరికాయయుఁబలెఁ దా
మనవలె బ్రహ్మము దానై 
సనకాదిమునిప్రసన్న! సంపఁగిమన్నా!"	kandamu
"తాటాకులలో వ్రాసిన 
మాటలనా ముక్తి పాడిమర్మముఁ దెలియున్‌?
సూటి యగురాజమార్గము 
సాటి యగునె యెచట నున్న! సంపఁగిమన్నా!"	kandamu
"సన్న్యాసుల మని శాస్త్రో 
పన్యాసముసేయ నందు ఫలమేమి? మన
స్సన్న్యాసము దొరకని 
యాసన్న్యాసము కూటికన్న సంపఁగిమన్నా!"	kandamu
"గామువలె సంచరించినఁ 
బామువలెన్‌ గుహల నున్న బంధము తెగునా?
దీ మెఱిఁగి పరునిఁ గలసెడి 
సామర్థ్యము గూడకున్న సంపఁగిమన్నా!"	kandamu
"వాటమగురీతి ముక్తిక
వాటము భేదింప నెట్లు వశపడుఁ దనలో
నాటుకొనుమాయఁ దగ ను
చ్చాటన మొగిఁ జేయకున్న సంపఁగిమన్నా!"	kandamu
"ఎక్కటిచదువులు బోధలు 
మక్కువ ననుభవములేనిమాటలు వినఁగాఁ
బుక్కిటిపురాణములకై 
జక్కులసంతోష మెన్న సంపఁగిమన్నా!"	kandamu
"వాలాయము గురుకృపచే 
శ్రీలీలల రాజయోగ సిద్ధుఁడు గాఁగా
నేలా సంసారమునకు 
జాలింబడ సుప్రసన్న! సంపఁగిమన్నా!"	kandamu
"శ్రీరాజయోగవిద్యా 
పారీణున కబ్బుఁ గాక పరమసుఖం బీ
ధారణి హఠలయమంత్రవి
చారుల కది దొరక దన్న! సంపఁగిమన్నా!"	kandamu
"మాయాయోగతపంబుల 
నాయాసముతోడఁ జేయ నబ్బును దత్త్వం
బాయెన్ని కేలపెట్టన్‌ 
జాయలనా సుప్రసన్న! సంపఁగిమన్నా!"	kandamu
"ఒండొరులఁ గూడి గొణఁగుచు 
దండము లిడికొనుచు బోడితలలుం దామున్‌
నిండిరి మహి తత్త్వము నహి 
చండితనం బధిక మన్న సంపఁగిమన్నా!"	kandamu
"వానలు పస పైరుల కభి 
మానము పస వనితలకును మఱి యోగులకున్‌
ధ్యానము పస యామీఁదట 
జ్ఞానము పస సుప్రసన్న సంపఁగిమన్నా!"	kandamu
"మాయ యనఁగ వే ఱై యొక 
తోయము లే దయ్య తన్నుఁ దోఁపనిచోటే
మాయ! తా రోసినను జూ 
చాయం జెడిపోవు నన్న! సంపఁగిమన్నా!"	kandamu
"తామరసాక్షున కైనన్‌ 
శ్రీమించినసురల కైన సిద్ధుల కైన\న్‌
నీమాయఁ దెలియవశమా 
సామాన్యమె! కఠిన మెన్న సంపఁగిమన్నా!"	kandamu
"నిండికొను నిట్టిమాయ ప్ర 
చండగతిం గప్పుకొన్న సజ్జనుల బుధుల్‌
ఖండింప నేల మదపా 
షండులవాక్యములు విన్న సంపఁగిమన్నా!"	kandamu
"మండితపూర్ణసుధాకర 
మండలశతకోటికాంతిమహనీయుండై
నిండి తనలోన యోగి ప్ర
చండగతి న్వెలుఁగు నన్న సంపఁగిమన్నా!"	kandamu
"పేరుకొనుమంత్రవాదము 
భారం బది కుక్కనోటిపాఁతై రోఁతై
పోరై యారై దూఱై 
జాఱఁగవలె సుప్రసన్న! సంపఁగిమన్నా!"	kandamu
"బూటకములు వేషంబులు 
నాటకములు మంత్రతంత్రనటనలు మిథ్యా
పేటిక లవి యోగికి జం 
జాటము లివి యేటి కన్న! సంపఁగిమన్నా!"	kandamu
"చలపట్టియు హఠయోగముఁ 
దలపెట్టిన వట్టిగొడ్డుతాఁకట్టింతే
యలసిద్ధి దొరక దడియా 
సలుగా కిందేమియున్నె! సంపఁగిమన్నా!"	kandamu
"సంతతయోగానందా 
నంతసుఖాంభోధి నలరు నాతనిభాగ్యం
బింతింతనఁ దరమా ఘన 
సంతోషము జగతి నెన్న సంపఁగిమన్నా!"	kandamu
"నావయగు\న్‌ భవజలధికిఁ 
ద్రోవయగు\న్‌ ముక్తికాంతతోఁ గూడుటకు\న్‌
కేవలనిజదేశిక ర
క్షావహ మగుయోగ మెన్న సంపఁగిమన్నా!"	kandamu
"అభ్యుదయంబుగ నీయో
గాభ్యాసము సేయవలయు నతులితలీలన్‌
లభ్యుఁ డగుం బరమాత్ముఁడు 
సభ్యుల కది మార్గ మన్న! సంపఁగిమన్నా!"	kandamu
"వ్యక్తావ్యక్తపదం బఁట 
ముక్తఁట గురుసేవ తనకు మును లేదఁట యే
యుక్తిని గనుఁగొనవచ్చు న 
శక్తులకును సుప్రసన్న! సంపఁగిమన్నా!"	kandamu
"భావమునం గననేరని 
జీవుల కిది బీరకాయ చి క్కగుఁ దెలియం
గావశమే సద్గురు దీ 
క్షావిధి యొనఁగూడకున్న సంపఁగిమన్నా!"	kandamu
"బోధింపఁదగినగురువుల 
శోధించి తదంఘ్రిఁ జేరి సుస్థిరమతి యై
యాధేయము నాధారము 
సాధించిన ముక్తుఁడౌను సంపఁగిమన్నా!"	kandamu
"సాధింపఁగ నిరతులకున్‌ 
బోధింపఁగ నేర్పు గల్గుపుణ్యాత్ముల యా
యీధరఁ గల రొకకొందఱు 
సాధారణవిబుధు లెన్న సంపఁగిమన్నా!"	kandamu
"అనుభవము లేనిగురుచే 
వినునతనికి సంశయంబు వీడునె చిత్రా
ర్కునివలనఁ దమము వాయునె 
సనకాదిమునిప్రసన్న! సంపఁగిమన్నా!"	kandamu
"బరువఁట యెవరికి గురువో 
హరిహరి తనుఁ దెలియలేనియాతఁడు గురువా?
గురువనఁగా సిగ్గుగదే 
శరణాగతసుప్రసన్న! సంపఁగిమన్నా!"	kandamu
"నేరనిగురుబోధలు సం 
సారము లై కూనలమ్మసంకీర్తన లై
దూరము లై ముక్తికి ని 
స్సారములై పోవు నన్న! సంపఁగిమన్నా!"	kandamu
"బూటకపుయోగి నెఱుఁగక 
పాటింతురు డబ్బుఁ జూచి పస లేకున్న\న్‌
దాటో టని జగ మెల్లను 
జాటింతురు లోకు లెన్న సంపఁగిమన్నా!"	kandamu
"కల్ల యగుజ్ఞాన మేలా 
చెల్లనికా సెచట నైనఁ జెల్లనికాసే
తెల్లమిగఁ దెలుపునాతఁడు 
సల్లలితజ్ఞాని యెన్న సంపఁగిమన్నా!"	kandamu
"గాడిదవలె బూడిదఁ బొ 
ర్లాడుచుఁ గొక్కెరయుఁ బోలె ధ్యానము సే సే
బేడిదపుఁ గపటయోగుల 
జాడలు ఘను లెంచరన్న సంపఁగిమన్నా!"	kandamu
"కీడొసఁగెడు గురు డేలా 
గాడిదవాలంబుఁ బట్టి ఘననదు లీఁద\న్‌
గూడునె గుండెలు పగులఁగ 
జాడింపదె ఱొమ్ముఁ దన్ని సంపఁగిమన్నా!"	kandamu
"అంగం బెఱుఁగరు ముక్తి తె
ఱంగెఱుఁగరు కపటధూర్తరావణవేషుల్‌
దొంగలగురువులవారల 
సంగతి దుర్బోధ లెన్న సంపఁగిమన్నా!"	kandamu
"చేతోగతిఁ దము నెఱిఁగిన 
యాతద్‌జ్ఞులు భువిని జనుల నందఱ సరిగాఁ
జూతురు సమరసభావనఁ 
జాతుర్యధురీణు లెన్న సంపఁగిమన్నా!"	kandamu
"వచ్చినవాసనవెంబడి 
విచ్చలవిడి యోగివరుఁడు విహరించినవాఁ
డెచ్చట నేక్రియఁ జేసిన 
సచ్చిన్మయు నంట దన్న సంపఁగిమన్నా!"	kandamu
"విత్తమదమత్తు లాయత 
చిత్తభ్రమ లెఱుఁగలేరు చిత్పురుషుని దా
నుత్తముఁడితఁడని సన్ముని 
సత్తముఁడై యెఱుఁగు నన్న! సంపఁగిమన్నా!"	kandamu
"తనవాసనయెట్లుండిన 
ఘనయోగికి బంధవృత్తి గానేరదు వాఁ
డనుభవముకతన నిర్వా 
సనుఁ డై మరి పుట్టఁ డన్న సంపఁగిమన్నా!"	kandamu
"క్రమమున సుఖదుఃఖంబులు 
కమలిన నుతినింద లాదిగాఁ గలయవియా
యమివర్యుఁ డన్నిక్రియలం 
సముఁడై వర్తించు నన్న సంపఁగిమన్నా!"	kandamu
"తలకొని దుఃఖము రానీ 
వలనొప్పఁగ నిత్యసుఖము వచ్చిన రానీ
నలఁకువను బడనిమనుజుఁడు 
చలియింపఁడు బోధ గన్న సంపఁగిమన్నా!"	kandamu
"చాలా లోకులు నగనీ 
వాలాయము కీడు మేలు వచ్చిన రానీ
యేలా గైనను బురుషుఁడు 
జాలిం బడఁ డాత్మఁ గన్న సంపఁగిమన్నా!"	kandamu
"బాలుఁడుగానీ భోగ 
స్త్రీలోలుఁడుగాని విషయశీలుఁడు గానీ
మేలైనబోధ గలిగినఁ 
జాలదె ముక్తిని గనంగ సంపఁగిమన్నా!"	kandamu
"విత్తపరాయణుఁ డయినన్‌ 
మత్తచకోరాక్షులందు మగ్నుండైన\న్‌
సూత్తమపురుషుఁడె గాదా 
సత్తామాత్రంబు గనును సంపఁగిమన్నా!"	kandamu
"పంచావస్థలఁ దగిలియుఁ 
బంచావస్థలను గడచు ప్రాజ్ఞుండు జగ
ద్వంచకుఁ డై లోకులవలె 
సంచారము సేయు నన్న సంపఁగిమన్నా!"	kandamu
"పిప్పలర నాత్మసుఖముల 
తెప్పం దేలేటియోగిఁ దెలియక తమలో
నప్పురుషుం గని కర్ములు 
చప్పనఁగాఁ జూతు రన్న సంపఁగిమన్నా!"	kandamu
"నిత్యానిత్యము లెఱుఁగక 
నిత్యముఁ జేపట్టుబుధుల నిందించిన నా
మృత్యువుపా లౌ మర్తుఁడు 
సత్యం బిది వినగదన్న సంపఁగిమన్నా!"	kandamu
"వేసాలెల్లయు భువిలో 
గ్రాసాలకెకాక ముక్తికాంక్షకు నేలా
వాసిగలుగుయోగి యథే
చ్ఛాసంచారుఁడుగదన్న ఘనసంపన్నా!"	kandamu
"ఊరెఱిఁగిన బాపనికి 
వారక జన్నిదముఁ జూపవలెనా తద్‌జ్ఞుం
డేరీతి నున్న నిస్సం
సారిని ఘను లెంతు రన్న సంపఁగిమన్నా!"	kandamu
"అద్వైతభావ మెఱుఁగక 
విద్వాంసుల మనుచు నాత్మవేత్తలవలెనే
యద్వాతత్వము లాడుచు 
సద్వర్తన మెంచరన్న సంపఁగిమన్నా!"	kandamu
"వదలరు విషయము లెచటను 
మెదలరు సజ్జనులకడను మిధ్యాజ్ఞానుల్‌
చదివితి మని యజ్ఞులతోఁ 
జదువులుపచరింతు రన్న సంపఁగిమన్నా!"	kandamu
"జడివాన కురిసినట్టులు 
విడువక వాదింతు రాత్మవేత్తల మనుచున్‌
గుడియెడ మెఱుఁగనిమాటల 
జడమతు లిలఁ గొంద ఱన్న సంపఁగిమన్నా!"	kandamu
"మన సనఁగా నెఱుఁగక దా 
మనసునకును సాక్షి యనఁగ మఱి బేలనఁగా
ఘనతర శూన్యం బనఁగా 
జనులకు నిది వాద మన్న! సంపఁగిమన్నా!"	kandamu
"కొందఱు యోగం బనఁగాఁ 
గొందఱు జ్ఞానం బనంగఁ గొంద ఱఖండా
నందం బనంగ నందలి 
సందేహము లెట్లు తీరు సంపఁగిమన్నా!"	kandamu
"తుద మొద లెఱుగక బ్రహ్మం 
బిది యని యెఱుఁగంగ లేక యేర్పడ సభలన్‌
వదఱుచుఁ దిరిగెడియయ్యల 
చదువులపస లెన్న సున్న సంపఁగిమన్నా!"	kandamu
"చేతావాతాగొట్టెడి 
ఘాతుకు లవివేకు లనుచుఁ గని వారలతోఁ
నీతిపరు లడ్డ మాడరు 
చాతుర్యధురీణు లెన్న సంపఁగిమన్నా!"	kandamu
"తనలో నెప్పుడు నుండెడు 
తనుఁ దెలియఁగలేడు నిన్ను దరమా తెలియం
దనుఁ దెలియుట నినుఁ దెలియుటె 
సనకాదిమునిప్రసన్న! సంపఁగిమన్నా!"	kandamu
"దేహమె తా నై యున్నెడ 
దేహముతోఁగూడఁ గాలితేనే నిజమౌ
దేహాత్మవాదిమాటలు 
సాహసములు బొంకులన్న సంపఁగిమన్నా!"	kandamu
"దండకమండలులు శిరో
ముండనము ధరించి నంత మోక్షముగలదా?
మెండుకొనులోనిపగతుర 
చండిమఁ దెగటార్పకున్న సంపఁగిమన్నా!"	kandamu
"సన్న్యాసుల మని శాస్త్రో
పన్యాసముచేయు టెంతపాపము కాదా
యన్యోన్యాశ్రయ ముండిన 
సన్న్యాసము కూడదన్న సంపఁగిమన్నా!"	kandamu
"వాదుల నడఁచెడిపెద్దలఁ 
గాదనఁ గా నేల వట్టికలహం బింతే
ఖేదం బని చాలించిన 
సాదరమతి జాణఁ డన్న! సంపఁగిమన్నా!"	kandamu
"వాదము ఖేదముకొఱకౌ 
మేదినిఁ గలవిద్య లెల్ల మెతుకులకొఱకౌఁ
గా దది ముక్తిపథం బని 
సాదరమతిఁ దెలియ రన్న! సంపఁగిమన్నా!"	kandamu
"వాదము లనఁగా దాతృవి
వాదము మఱి యంత్రతంత్రవాదములును నీ
జూదము మేదిని మెత్తురె? 
సాదరమతు లెన్నరన్న! సంపఁగిమన్నా!"	kandamu
"ప్రేమమున నాత్మసుఖమం 
దేమియుఁ బస లేక తత్త్వ మెఱుఁగుదు మనుచున్‌
నేమములు విడిచి తిరిగెడి 
సాముల నేమందు మన్న! సంపఁగిమన్నా!"	kandamu
"చేతోగతినెఱిఁగినవా 
రేతీరున విధినిషేధ మెఱుఁగక యున్నన్‌
జూతురు సమరసభావనఁ 
జాతుర్యధురీణు లెన్న సంపఁగిమన్నా!"	kandamu
"ఎప్పుడు కర్మముఁ జేసెడి 
యప్పురుషుఁడు తన్నుఁ గన్న నది చాలించున్‌
చప్పిడిగాదా నోటికిఁ 
జప్పనియాపిప్పిఁ దిన్న సంపఁగిమన్నా!"	kandamu
"మునిఁగితి మందురు 
మునుఁగుట మనసో పంచేంద్రియములో మఱి జీవుండో
మునుఁగుట యెవరో తెలియదు 
సనకాదిమునిప్రసన్న! సంపఁగిమన్నా!"	kandamu
"తానైనం బరిశుద్ధుఁడు 
మేనైన న్మట్టి బొంకి మేనో తానో
పూనికఁ జేసెడితీర్థ
స్నానం బిఁక నెవరి కన్న సంపఁగిమన్నా!"	kandamu
"సూతకము వచ్చె ననుచును 
నాతలఁ బదినాళ్లు జరపినంతనె తెగునా?
సూతకమే కాదా తన 
జాతకము నెఱింగికొన్న సంపఁగిమన్నా!"	kandamu
"ముట్టున దొలఁగుదురేమో 
ముట్టుననే తనువుగాఁక మునుఁగుదు రేమో
ముట్టుకు వెలియైతే యొక 
చట్టా మఱిదేహ మెల్ల సంపఁగిమన్నా!"	kandamu
"కలలో నొక్కఁడు పులిఁ గని 
పులిచే నణఁగుటను దాను పులియుటబొంకా
కలవలెను జగమెల్లను 
సలలితభక్తిప్రసన్న! సంపఁగిమన్నా!"	kandamu
"భ్రమదృశ్యజాల మెల్లను 
భ్రమ లోకములెల్ల మిగుల భ్రమ కర్మంబున్‌
భ్రమమూలమె యీసర్వము 
సమరసమౌ దత్త్వ మెన్న సంపఁగిమన్నా!"	kandamu
"వంశము తన కెక్కడిది చి
దంశము లౌఁ గాకయున్నఁ గద జీవులకున్‌
సంశుద్ధి దొరకనేరదు 
సంశయములు విడువకున్న సంపఁగిమన్నా!"	kandamu
"తనమనసే తా నాయెను 
తనమనసే తన్నుఁ దెలియ దత్త్వం బయ్యెన్‌
మనసునకు సాక్షి మనసే 
సనకాదిమునిప్రసన్న! సంపఁగిమన్నా!"	kandamu
"మనసే జీవుం డనగను 
మనసే తనచేష్ట లుడిగి మఱితత్త్వమగున్‌
మనసుగలవాఁడె ముక్తుఁడు 
సనకాదిమునిప్రసన్న! సంపఁగిమన్నా!"	kandamu
"పురుషునకుఁ బ్రకృతి వేఱా 
సరిసమ మని తెలిసియుంట సహజము గాదా
పురుషవివర్తమె ప్రకృతియు 
శరణాగతసుప్రసన్న! సంపఁగిమన్నా!"	kandamu
"సత్తనఁ బరఁగును బురుషుఁడు 
సత్తనఁగాఁ బ్రకృతి తోఁచి సమసెడు కతనన్‌
సత్తునకే నిత్యత్వ మ
సత్తున కదిగూడ దన్న సంపఁగిమన్నా!"	kandamu
"సత్తును నెఱుఁగ దస త్తా
సత్తును నెఱుఁగంగలే దసత్తును నిఁక నీ
సత్తాసత్తలఁ దగ సద
సత్తైకను జీవుఁ డన్న సంపఁగిమన్నా!"	kandamu
"కనరా దన్నను శూన్యము 
కనవచ్చు నటన్న జడము గా దది వెలిగా
ననుభవవేద్యము బ్రహ్మము 
సనకాదిమునిప్రసన్న! సంపఁగిమన్నా!"	kandamu
"లక్షణ మెఱుఁగనియోగవ 
లక్షణ మను మతనిమాట లవి ప్రల్లదముల్‌
దక్షత నంతదృష్టి వి
చక్షణుఁడా కాఁడు సున్న సంపఁగిమన్నా!"	kandamu
"నష్టపదార్థం బగునీ 
సృష్టిని నుపసంహరించి చిన్మయ నంత
ర్దృష్టిని గనవలె జనులకు 
స్రష్టతనం బేటి కన్న సంపఁగిమన్నా!"	kandamu
"తోరంబై యోగీంద్రవిహా
రంబై విమలచిన్మయాకారం బై
ధీరంబై చిద్రూపము 
సారంబై వెలుఁగు నన్న సంపఁగిమన్నా!"	kandamu
"చింతించి యోగి మోక్షా
నంతసుఖం బొదువఁ జక్షురగ్రంబునఁ దా
నంతర్దృష్టిని గనవలె 
సంతతమును నాత్మఁ గన్న సంపఁగిమన్నా!"	kandamu
"తన కనుభవంబు చదువుల 
వినుకులనే కలుగు ననెడివెఱ్ఱియుఁ గలఁడే
యనుభవవేద్యము బ్రహ్మము 
సనకాదిమునిప్రసన్న! సంపఁగిమన్నా!"	kandamu
"కడుధీరుం డై యోగము 
తొడిబడ, ద న్నెవ్వరైన దూషించినఁ దా
నొడలికి నేపో టొదవిన 
జడియక సాధించు నన్న సంపఁగిమన్నా!"	kandamu
"తెఱచియుఁ దెఱవనికన్నులు 
మఱచియు మఱువనితలంపు మ్రాన్పడుమేనున్‌
పరమచిదాకాశస్థితిఁ 
చరితార్థుఁడు నిలుతునన్న! సంపఁగిమన్నా!"	kandamu
"నలుగురు నడచెడుత్రోవను 
బలిమిని లోకంబు నడచుఁ బ్రాజ్ఞుం డైనన్‌
నలువు రెఱుంగనిత్రోవలఁ 
జలియింపక నడచు నన్న! సంపఁగిమన్నా!"	kandamu
"మనసెక్కడ మాయెక్కడ? 
తనువెక్కడ? ముప్పదాఱుతత్త్వము లెచటన్‌
ఘనరాజయోగ మెఱిఁగిన 
జనునకు దాసప్రసన్న! సంపఁగిమన్నా!"	kandamu
"వెలిచూపును లోచూపును 
వెలిగాఁ దన్మధ్యమునను వెలిఁగెడితత్త్వం
బలవడఁ జూచినయతఁడే 
సలలితుఁ డగుముక్తుఁ డన్న! సంపఁగిమన్నా!"	kandamu
"ఇద్దఱు నొకటైనను గడ 
మిద్దఱుఁ దా మేకమగుచు నేకాంతముగా
నిద్దఱు నిద్దఱు నొకటై 
సద్దేమియు సేయ రన్న! సంపఁగిమన్నా!"	kandamu
"మిక్కిలి సంసారయినను 
నెక్కడియోగము రుచించు నెక్కుడుశైత్యం
బెక్కిననోటికిఁ జేఁదగు 
జక్కెరపొడిఁ దిన్న నెన్న సంపఁగిమన్నా!"	kandamu
"నాలుగుత్రోవలనడుమను 
శ్రీలీలను వ్రేలుచున్న చిహ్నంబులఁ దా
నాలోచించినబుద్ధివి
శాలుండౌ ముక్తుఁడన్న! సంపఁగిమన్నా!"	kandamu
"పందలగుచెనటిమనుజుల 
కందంబుగ రాజయోగ మలవడు నేలా
పందలకును గాడిదలకుఁ 
జందనగుణ మేటికన్న! సంపఁగిమన్నా!"	kandamu
"ఇప్పదవు లందనేరని 
మొప్పెలకుం దెలుప వశమె ముందఱగానే
తప్పులు పట్టుచు మఱి చేఁ 
జప్ప ట్లిడి నగుదురన్న! సంపఁగిమన్నా!"	kandamu
"కను జెదర మనసుఁ జెదరం
గను జెదరు న్సుఖము చెదరుఁ గాలియుఁ జెదరున్‌
గనుఁ జెదరక తనుఁ 
గనవలె సనకాదిమునిప్రసన్న! సంపఁగిమన్నా!"	kandamu
"పాళ్ళును బంపును దొడవులు 
నూళ్ళును మును చన్నవారు నూర్జితులై రా
యో ళ్ళరిగి రోళ్ళ వెంటనె 
సాళ్ళని ఘను లెన్న రన్న! సంపఁగిమన్నా!"	kandamu
"ముందు వెనుకెఱుఁగ కాటల 
సందడిఁ బడి మోక్షసుఖము సాధింపనియా
పందలవ్రతుకులు నిఁక నే 
చందంబో యెఱుఁగ మన్న! సంపఁగిమన్నా!"	kandamu
"వెలిచూపును లోచూపును 
గలయంగా నొక్కచూపుఁగా జూచిన యా
నిలుకడ గలయోగీంద్రుఁడె 
సలలితసుజ్ఞాని యన్న!సంపఁగిమన్నా!"	kandamu
"చిత్తమునం దమ్మెఱుఁగక 
తెత్తురు తమచేటు నత్త తిత్తు న్మత్తున్‌
మొత్తముగ నూడిపోయిన 
సత్తులవా? సుప్రసన్న!సంపఁగిమన్నా!"	kandamu
"సంపద లెఱుఁగక తామే 
సంపదగలవార మనుచు జడు లిలఁ దమలో
సంపదఁ గననేరక వెలి
సంపదలే చూతు రన్న! సంపఁగిమన్నా!"	kandamu
"నేరనిజనులను బట్టుక 
పోరాడఁగ నేల పల్కపోతారాటం
బేరీతిఁ దెల్ప గతికి వి
చారము మదిఁ బుట్టదన్న! సంపఁగిమన్నా!"	kandamu
"శోధింపరు తత్త్వజ్ఞులు 
నీధరఁ దమతోడిసరికి నీదుర్మనుజుల్‌
మేధావంతులు పెద్దలు 
సాధువు లని యెంతు రన్న! సంపఁగిమన్నా!"	kandamu
"పుత్రులు మిత్రులు బంధుక
ళత్రములనువారు ముక్తిలలనకు నరునిన్‌
బాత్రుని గానీయరు హిత
శత్రులుగా వార లెన్న! సంపఁగిమన్నా!"	kandamu
"సంకల్ప ముడిఁగి తా ని
స్సంకల్పుం డైనఁ జాలు సద్గతి తడవా
సంకల్పమె బంధము ని
స్సంకల్పమె మోక్ష మెన్న సంపఁగిమన్నా!"	kandamu
"జనుఁడుం జిదమృతరసవార్‌
థిని చెట్టునఁ గ్రీడ సల్పి తెప్పలఁ దేలున్‌
విను తుచ్ఛసుఖము లేలా 
సనకాది మునిప్రసన్న! సంపఁగిమన్నా!"	kandamu
"కీలెఱిఁగి జీవపదముల 
నోలిన్‌ సమరసము చేసి యోగానందుల్‌
బాలోన్మత్తపిశాచుల 
చాలుగ వర్తింతు రన్న! సంపఁగిమన్నా!"	kandamu
"సర్వావస్థల నడఁచియు 
సర్వావస్థల నెఱింగి సర్వసముం డై
సర్వముఁ దా నని తెలిసిన 
సర్వోత్తముఁ డాతఁ డన్న సంపఁగిమన్నా!"	kandamu
"తనవారి నెదుటివారిని 
దనవారిఁగఁ జూడనేర్చుధన్యులు చాలన్‌
ఘనకీర్తులచే మింతురు 
సనకాదిమునిప్రసన్న! సంపఁగిమన్నా!"	kandamu
"నిత్యానిత్యవివేకము 
సత్యనుపమశీలుఁ డెఱుఁగు నాతఁడు సుజన
స్తుత్యుఁడు జీవన్ముక్తుఁడు 
సత్యం బిది వినఁగదన్న? సంపఁగిమన్నా!"	kandamu
"కూడదు గతి సంసారికి 
బూడిదలో గచ్చకాయ పొరలినభంగి\న్‌
వాఁడును వీఁడును దానై 
జాడ యెఱిఁగి నడువ రన్న! సంపఁగిమన్నా!"	kandamu
"పాపపువాసనవిషయము 
కాపాడుచురాగ నరుఁడు గడఁవగఁగలఁడా?
యేపట్టున గుహ్యోదర 
చాపల్యము మానకున్న సంపఁగిమన్నా!"	kandamu
"సాధనచతుష్టయంబున 
సాధారణలీలఁ దనరి సర్వేంద్రియముల్‌
శోధించి నిజసమాధిని 
సాధించినముక్తుఁ డన్న సంపఁగిమన్నా!"	kandamu
"ఉద్యోగంబునఁ బురుషుఁడు 
సద్యోగముఁ జలుపవలయు సవిశేషముగా
విద్యానిధి యగునతఁడే 
సద్యోముక్తుఁడు గదన్న సంపఁగిమన్నా!"	kandamu
"బోధించినగురువులచే 
సాధింపను నేర్పు గలిగి సన్నుతు లగుచున్‌
శ్రీధరుఁ గలియుదు రపుడే 
సాధకమున బుధులు సుమ్ము సంపఁగిమన్నా!"	kandamu
"ఆతురుఁ డై తను నడిగిన 
యాతనికిం దెలుపవలయు నన్యులు వింటే
నా తలవంపులును సుహృ
జ్జాతులకే యోగ మెన్న సంపఁగిమన్నా!"	kandamu
"మందేహామందౌషధ 
మెందు న్సరిలేని దైవ మిలలో సత్యా
నందంబు జయమునందు త
మందఱము సుఖంబు లంది యలరుద మెలమిన్‌."	kandamu
"శ్రీకంఠుం బరమేశు నవ్యయు నిజశ్రీపాదదివ్యప్రభా-
నీకోత్సారితదేవతానిటలదుర్నీత్యక్షరధ్వాంతుఁ జి-
త్ప్రాకామ్యాంగు నపాంగమాత్రరచితబ్రహ్మాండసంఘాతు జం-
ద్రాకల్పుం బ్రణుతింతు నిన్ను మది నాహ్లాదింతు సర్వేశ్వరా!"	saardulamu
"ఒకమా టీసకలంబు నీ మయముగా నూహించుచు న్వెండి యొ-
క్కొకమాటింతయు నీవు గావనుచు నేయుక్తిం బ్రశంసింపనే-
రక వేదంబులు చిక్కుపడ్డవనినం బ్రవ్యక్తమై యుండు భా-
వకుఁడై నీ నిజరూప మిట్టిదన నెవ్వండోపు సర్వేశ్వరా!"	mattebhamu
"జ్ఞానాతీతుఁడవైన నీ మహిమఁ బ్రజ్ఞం బూని తర్కించు ట-
జ్ఞానాంగంబగు నైననుం దమ యథాశక్తిం బ్రశంసించి ది-
వ్యానందస్థితిఁ బొందువారిఁ గని భక్త్యావృత్తి నిన్నెట్టివాఁ-
డైనం బ్రస్తుతి సేయుచుండుఁ దనచే నైనంత సర్వేశ్వరా!"	saardulamu
"అమితాంభోజభవాండభాండనిలయంబైయుండు నీ యంతరం-
గము పట్టెంతయొ దానికింక బహిరంగం బెట్టిదో సూక్ష్మత-
త్త్వము దానంతకుమీఁద నేమివిధమో తానిట్టి నీ పెంపుమా-
ర్గము నీకైన నచింత్య మెట్లొరుఁ డెఱుంగం జాలు సర్వేశ్వరా!"	mattebhamu
"ఇన విఘ్నేశ్వర మాతృకాద్రుహిణ బ్రాహ్మీ స్కంద దుర్గా రమా
వనితాధీశ్వర భైరవుల్ బలిసి భాస్వద్భక్తిసంయుక్తి నీ-
కనిశంబుం బరివారభృత్యనికరంబైరన్న నిన్నింకం గొ-
ల్వనివారెవ్వ రజాండభాండములలో వర్ణింప సర్వేశ్వరా!"	mattebhamu
"ఏపారంగ నజాండభాండనికరం బేరూపులో బుట్టి యు-
ద్దీపించు న్మఱి రూపులెల్ల సమసుప్తిం బొంది యేరూపులో
లోపించుం గలయంగ నంతటికిఁ దా లోనై విజృంభించి యే
రూపం బవ్యయమై వెలుంగు నది నీ రూపంబు సర్వేశ్వరా!"	saardulamu
"జలజాతప్రభవాండబుద్బుదము లశ్రాంతంబునుం బుట్టుచుం
గలయం గ్రాఁగుచునుండు నీ పృథులలింగస్ఫారగర్భాబ్ధిలో-
పలఁ దద్బుద్బుదగర్భవాసులు హరిబ్రహ్మాది దేవాళియుం
గలదే వారికి నీ మహత్త్వ మెఱుఁగంగా శక్తి సర్వేశ్వరా!"	mattebhamu
"భవదున్మేషవిజృంభణంబు పరికింపంగా సరోజాతసం-
భవు జన్మంబు భవన్నిమేష మమితబ్రహ్మాండకల్పాంత భై-
రవసంక్షోభిత మన్నఁ దక్కిన భవత్ప్రారంభభూరిక్రియా-
నివహం బెవ్వరు నేర్తు రిట్టిదని వర్ణింపంగ సర్వేశ్వరా!"	mattebhamu
"పవనుండై హిమధాముఁడై యనలుఁడై పానీయమై యాత్మయై
రవియై యంబరమై మహీవలయమై రమ్యాష్టమూర్తిక్రియన్
భువనాండంబులు లక్షణాంగములుగాఁ బుట్టించు నత్యద్భుతో-
త్సవలీలావిభవంబుతోడ భవదాజ్ఞాశక్తి సర్వేశ్వరా!"	mattebhamu
"జలజాతప్రభవాండభాండములు దుశ్చారిత్రులం బాత్రులం
జెలువై యుండ యథాప్రమాణములుగా శిక్షింప రక్షింప ని-
శ్చలలీలం బ్రభవించు రాజు భవదాజ్ఞాశక్తిఁ గాకింత వ-
ట్టెలమిం జేకొని నిర్వహింప మఱి రాజెవ్వండు సర్వేశ్వరా!"	mattebhamu
"జ్ఞానజ్యోతి విజృంభమాణముగ నోజన్ విష్ణువిధ్యాది దే-
వానీకాత్మదశావళిం దవిలి నీవారంగ వారిం గళా-
జ్ఞానప్రౌఢులఁ జేయుటన్ వెలయఁగా సర్వజ్ఞశబ్దంబు దా
నీ నామాంకముగా విధించు నిగమానీకంబు సర్వేశ్వరా!"	saardulamu
"సురల న్మర్త్యసమూహిగా మనుజులన్ శోభిల్లు బృందారకో-
త్కరముంగా ఘను నల్పు నల్పుని ఘనుంగాఁ బుణ్యపాపాలిచేఁ
దిరుగ న్వైచుచు నీ మహామహిమ ప్రీతిం బద్మజుండంబునం
దరయన్ జీవుల నింద్రజాలములుగా నాడించు సర్వేశ్వరా!"	mattebhamu
"ఘనుఁడై యేచి దశాననుండు బలిమిం గైలాసశైలేంద్ర మె-
త్తినఁ దద్దానవనాథుఁ ద్రొక్క నతఁ డర్థి న్మ్రొక్కినం గాచి ప్రా-
క్తనశౌర్యాధికుఁ జేసె దుష్టు నణఁపంగా శిష్టు రక్షింప రం-
జనతో నెప్పుడు వేచియుండు భవదాజ్ఞాశక్తి సర్వేశ్వరా!"	mattebhamu
"తమకం బెత్తిన నాత్మజం గడు మదాంధవ్యాప్తి నేకాంతప-
క్షమునం దెవ్వరుఁ గానకుండఁ గవయంగాఁ బోయి నీ బాణఘా-
తమునం బద్మభవుండు ద్రెళ్లెననినం దాఁ దప్ప వర్తించి లో-
కమునం దెవ్వరికింక నిన్ను నెఱుఁగంగా వచ్చు సర్వేశ్వరా!"	mattebhamu
"పలుజన్మంబులఁ గూడఁబడ్డ భవశుంభద్ఘోరదుష్కర్మరా-
సులు పైఁ గూలి సమస్తజీవులు వెసన్ శోషించుచు న్బెద్దదు-
ర్బలురై చిక్కిన దద్భవాపహరణార్థం బొప్పఁ బద్మోద్భవ-
ప్రళయం బొక్కొకమాటు సేయుదు తుదిన్ భావింప సర్వేశ్వరా!"	mattebhamu
"సుమహత్పద్మభవాండపంక్తుల లయక్షోభప్రతాపంబుతో
నిమిషార్థంబునఁ గ్రాఁచి పెంపెసఁగు నీ నేత్రానలజ్యోతి య-
య్యమమీనాంకజలంధరత్రిపురదైత్యాలి న్విజృంభించి భ-
స్మముగాఁ జేయుట నిశ్చయింప నిది దా శౌర్యంబె సర్వేశ్వరా!"	mattebhamu
"అతిదక్షుండగు దక్షుఁ డీజగములో యాగంబు సల్లక్షణ-
స్థితిగాఁ జేయుచునుండి మిము మది నుద్దేశింపమిం జేసి తా
హతుఁడయ్యెం దుది నట్టికార్యములుఁ బొందై యుండునే కర్తస-
మ్మతితో జేయని దుర్మదుండు మనునే భావింప సర్వేశ్వరా!"	mattebhamu
"జగతీచక్రము పాదఘట్టనసదృశ్యంబై ప్రవర్తింపఁగా
గగనంబంతయు బాహుమండలసమగ్రవ్యాప్తులం దద్భుతం-
బుగ ఘూర్ణిల్ల నజాంత్యవేళల సముద్భూతాంగహారావళుల్
నిగుడం బొంగి నటింతు తాండవమహానృత్యంబు సర్వేశ్వరా!"	mattebhamu
"అమరేంద్రాబ్జభవాళి కెన్నఁ దుది నీ వాదిం బ్రసాదింప న-
ర్థము సిద్ధించుచునుండుఁగాని సురమాత్రుం గోరిన న్వీరి కా-
ర్యము సిద్ధింప దనేకమార్గములఁ బ్రారంభించిరే నిశ్చయా-
ర్థముగా నీవ సమస్తకర్త వగుటం దర్కింప సర్వేశ్వరా!"	mattebhamu
"అమరంగా స్ఫుటభక్తినాటకము భాషాంగక్రియాంగాభిర-
మ్యముగాఁ జూపిన మెచ్చి మీరిల బలే యన్నంతకున్ యోనిగే-
హములన్ రూపులు వన్నుకొంచును నటుండై వచ్చి సంసారరం-
గములోనం బహురూపమాడు వెలయంగా జీవి సర్వేశ్వరా!"	mattebhamu
"శ్రీవత్సాంకు రమావిశేషతయు వాక్ఛ్రీనాథు చాతుర్యమున్
దేవాధీశ్వరు వైభవోన్నతియు నా తిగ్మాంశు తేజంబు శ్రీ-
దేవీనందను రూపవిభ్రమము చింతింపంగ నీ భక్తిస-
ద్భావాత్ముండగు పుణ్యమూర్తికి దృణప్రాయంబు సర్వేశ్వరా!"	saardulamu
"ఇల సద్భక్తుల పాదధూళిపటలం బేమర్త్యుఫాలంబునం
జిలుకు న్వాఁ డపవర్గనాథుఁ డనినన్ సిద్ధంబుగా వారి ని-
ర్మలహస్తార్పితభూతిఁ బ్రీతి నొసలారం బూయు విశ్వాసికిన్
ఫలమూహించి విధించి యెవ్వరికిఁ జెప్పన్వచ్చు సర్వేశ్వరా!"	mattebhamu
"పలుతీర్థంబులఁ గ్రుంకుకంటె మహిలో భక్తాంఘ్రిపానీయముల్
తలమీఁదం జిలికించుకొన్న శుచితీర్థం బాడ భారంబు త-
త్ఫల మత్యల్పము భక్తపాదయుగళాంభఃస్పర్శ నిర్భారమై
యలరున్ శాశ్వతభుక్తిముక్తిఫలదంబై యుండు సర్వేశ్వరా!"	mattebhamu
"రమణన్ భక్తసమగ్రదర్శనము తీర్థశ్రేణి తద్గోష్ఠి తీ-
ర్థము తద్దివ్యదయావలోకనము తీర్థంబెన్నఁగా నిట్టి జం-
గమతీర్థాంబుధి నోలలాడక వివేకభ్రష్టులై పోయి లో-
కములోఁ దీర్థములంచు నేఱులు సొజంగానేల సర్వేశ్వరా!"	mattebhamu
"కమనీయంబగు సర్వతీర్థములు లింగంబున్నచో మూర్తిమం-
తములై యొప్పుచునుండు లింగమును దాత్పర్యంబుతో భక్తగా-
త్రములం దెప్పుడు నుండుఁ గాన మహిలోఁ దత్త్వార్థ మూహింపఁ దీ-
ర్థములందెల్లను దివ్యతీర్థము భవద్భక్తుండు సర్వేశ్వరా!"	mattebhamu
"ధరణిం దీర్థములాడుకంటె నతిమోదం బొప్ప యజ్ఞంబులం
బరగం జేయుటకంటె సువ్రతములొప్ప వేదశాస్త్రార్థత-
త్పరుఁడై యాదటఁ జల్పుకంటె మది నుత్సాహించి నీ భక్తిమ-
త్పురుషశ్రేష్ఠులఁ బూజసేయుట మహాపుణ్యంబు సర్వేశ్వరా!"	mattebhamu
"భవదీయామలతత్త్వనిర్ణయకళాప్రఖ్యాతసద్భక్తపుం-
గవగోష్ఠీసుఖవార్ధిలోనఁ గడువేడ్కం దేలినం గాక యీ
భువిలోఁ దీర్థజలంబులం గడగినం బోనేర్చునే ఘోరదు-
ర్భవసంఘాకలితాత్మతామసమహాపంకంబు సర్వేశ్వరా!"	mattebhamu
"ధరణిం బ్రాక్తనభక్తనిర్మితమహాస్థానంబులై యొప్పు శ్రీ-
గిరిముఖ్యంబగు దివ్యతీర్థములు భక్తిం జూచిరే వారి దు-
స్తరదోషంబులు వాయునన్న మఱి సాక్షాద్భక్తులం జూచినం
బరమార్థంబుగఁ బాయదే నరుల పాపంబెల్ల సర్వేశ్వరా!"	mattebhamu
"కని సద్భక్తుల కంత నంతఁ గడువేడ్కన్ హృత్ప్రణామంబు సే-
సినమాత్రం జెడు సర్వదోషములు తచ్ఛ్రీపాదము ల్ముట్టి మ్రొ-
క్కిన సర్వాంగసమగ్రశుద్ధియగు భక్తిన్ వారికిం బ్రీతిచే-
సినఁ ద్వద్దివ్యదయావలోకనఘనశ్రీ లొందు సర్వేశ్వరా!"	mattebhamu
"జలజాతప్రభవాచ్యుతాదులు మదిం జర్చించి చర్చించి నీ
కల రూపారయలేక చిక్కులఁ బడంగా నిన్ను హస్తార్పితా-
మలకవ్యాప్తికిఁ దెచ్చి యేర్పఱచి సంబంధించి చేకొన్న భ-
క్తుల శౌర్యం బుపమింప నెవ్వఁడు సమర్థుం డింక సర్వేశ్వరా!"	mattebhamu
"అమరన్ భక్తగణాత్మమధ్యమము లింగావాస మీ లింగ మ-
ధ్యమముం బద్మభవాండభాండనిలయంబై యుండుట భక్తతృ-
ప్తిమహాలింగము తృప్తియై మహిమ నుద్దీపించుఁ దల్లింగతృ-
ప్తిమహత్త్వంబున నీ సమస్తమును దృప్తిం బొందు సర్వేశ్వరా!"	mattebhamu
"అనురాగంబున నిన్నుఁ జూచుఁ దలపోయన్ జొక్కుఁ గాంక్షించు వ-
ర్ణన సేయం దమకించు సిగ్గు విరియన్ బ్రార్థించు శోషించు నం-
త నెదన్ ధ్యానము దాల్చుఁ దన్ను మఱచుం దానీ దశావస్థలం
దనరంగా మది నిన్ను డక్కఁ గొను సద్భక్తుండు సర్వేశ్వరా!"	mattebhamu
"ఎలమిన్ భక్తుఁడు వక్రుఁడై నడిచెనే నేపారఁగా దానికిం
గలుషింపం గలహింపఁ గింకిరిపడం గాదెట్టిచోనైన ని-
ర్మలగంగాపృథులప్రవాహ మరయం బ్రస్ఫూర్తిఁ దానెన్ని వం-
కలుగాఁ బాఱిన దాని నొండు వలుకంగాఁ జన్నె సర్వేశ్వరా!"	mattebhamu
"సికతాధామము నీకుఁ జేసి మదిలోఁ జెన్నొంది క్రీడించు బా-
లకు లింద్రాధికులన్న నీ గుడు లతిశ్లాఘ్యేష్టకాష్ఠాదులన్
సుకుమారంబుగ నెత్తి భూతలములో శోభిల్లు వంశప్రదీ-
పకు సౌభాగ్యము మాన మెవ్వరికిఁ జెప్పన్వచ్చు సర్వేశ్వరా!"	mattebhamu
"భవదభ్యర్చనవేళలన్ భవుల సంపద్భ్రాంతులన్ దీనమా-
నవులన్ విద్విషులన్ భవాతురుల సన్మానించుటల్ సౌఖ్యము-
ఖ్యవిహారేచ్ఛలు నీ మహత్త్వములు నిత్యానంద మూహించుచో
భువి నీ భక్తుల కాత్మలో విరసము ల్వుట్టించు సర్వేశ్వరా!"	mattebhamu
"కరుణం జేకొనిరేని రౌరవపదగ్రస్తాత్తు దేవేంద్రుఁగాఁ
బరగం జేయుదు రాత్మలో నలిగిరేఁ బర్జన్యు నా రౌరవో-
త్కరపంకప్రవిలీనకీటకముఁగాఁ గల్పింతు రన్నట్టిచో
నరయన్ భక్తుల శక్తి యెట్లు గుఱిసేయ న్వచ్చు సర్వేశ్వరా!"	mattebhamu
"రమణీయక్షితిపాలుఁ డింద్రుని చతుర్మాసక్రమాయుష్యుఁ డా
యమరేంద్రుం డజునాడికాద్వయమువాఁ డా బ్రహ్మ యుష్మన్నిమే-
షమువాఁ డంచును వీరినెల్ల నగు నీ సాలోక్యసామీప్యస-
త్తమరాజ్యస్థితిపట్టభద్రుఁ డగు సద్భక్తుండు సర్వేశ్వరా!"	mattebhamu
"ప్రకటింపంగ సమస్తపాతకములం బాపంగ నీ పూజయం-
దొక పుష్పాంశము చాలునన్న మహిలో నూహింపఁగా నీ పదా-
ర్చకు లేమార్గమునందు శుద్ధులు మదిం జర్చింపఁ దద్దుర్గుణ-
ప్రకరం బెన్నెడివాఁడు లోకములలోఁ బాపిష్ఠి సర్వేశ్వరా!"	mattebhamu
"తమ తేజంబుఁ దృణీకరించుచు సముద్యత్తేజులై మీఁదిలో-
కములందున్ జరియించు నీ యచలభక్తశ్రేష్ఠులం జూచి నె-
య్యమునం దారును దద్విధంబునను నిన్నర్చింప నూహించి మ-
ర్త్యమునం బుట్టఁగ వాంఛసేయుదు రమర్త్యశ్రేణి సర్వేశ్వరా!"	mattebhamu
"అమరన్ భక్తులకెల్ల నీవ హృదయంబై యుండుట న్వారి సౌ-
ఖ్యము నీ సౌఖ్యము వారి కూర్మియు సమగ్రంబైన నీ కూర్మిత-
త్త్వము భావింపఁగ వారి కోపము భవత్ప్రఖ్యాతరౌద్రప్రభా-
వము దా వారల వాక్యనిర్ణయము నీ వాక్యంబు సర్వేశ్వరా!"	mattebhamu
"అవనిం బెన్నిధి భాగ్యహీనునకుఁ బ్రత్యక్షంబు గాకప్పు డొం-
డవ భాండాకృతిఁ దాల్చి మాఁటువడి మాయావృత్తి నున్నట్లు దా
భవదీయప్రతిబింబమూర్తియగు సద్భక్తుండు సంసారదు-
ర్వ్యవయసాయాత్ముల కెల్లఁ గేవలనరుండై తోఁచు సర్వేశ్వరా!"	mattebhamu
"క్షితిపై శ్వేతమునీంద్రుఁ జంప నలుకం గీనాశుఁ డేతెంచి నీ
యతికోపోజ్జ్వలనాహుతి న్మడిసెఁ దథ్యం బేకనిష్ఠాసమ-
న్వితులం జేకొని భక్తవత్సలుఁడవై నీవెప్పుడు న్గావఁగాఁ
బ్రతిపక్షావలి కెట్లు వారి దెసఁ జేరన్వచ్చు సర్వేశ్వరా!"	mattebhamu
"కింకం దన్ను నదల్చి చక్రమునఁ దాఁ గృష్ణుండని న్వైచినం
బొంకంబొప్పఁగ దానిఁ దుత్తుఱుముగాఁ బోఁదట్టి యుప్పొంగె ని-
శ్శంకాత్ముండు దధీచి శాశ్వతులు నీ సద్భక్తు లూహింపఁగా
సంకల్పప్రభవప్రతాపవనభాస్వద్దావ సర్వేశ్వరా!"	saardulamu
"ఘటదుగ్ధంబులు పేరుఁగాక వెలయంగా నెంత తోడంటి న-
న్నట దుర్గాంబుధి పేరునే జగములో నల్పుండు దుస్సంగతిం
జటులాత్ముండగుఁ గాక యెయ్యెడల నీ సద్భక్తుఁ డేకార్య ము-
త్కటమై తాఁకిన నన్యచిత్తుఁడగునే తర్కింప సర్వేశ్వరా!"	mattebhamu
"సతి వేడ్కం దన ప్రాణవల్లభునితో సంయోగ మర్థించుఁ గా-
కతనిం బ్రార్థనసేసి సొమ్ముగొనిపో నఱ్ఱాడునే భక్తుఁ డీ-
క్షితి నీ భక్తియ వేఁడుఁ గాక మఱి నీ శ్రీపాదము ల్గొల్చి కు-
త్సితకామ్యార్థము లొండు వేఁడుకొనునే చింతింప సర్వేశ్వరా!"	mattebhamu
"భ్రమరధ్యానము దాల్చి కీటకము సద్భావాదిసంయుక్తిఁ దా
భ్రమరంబై ఖగవీథి నాడునని నన్బాటించి నిన్నాత్మ నె-
య్యముతో ధ్యానము సేయు మర్త్యుఁడును నీయట్లే పరవ్యో-
మతత్త్వమునం దవ్యయలీల నుండు టరుదే భావింప సర్వేశ్వరా!"	mattebhamu
"అమరశ్రేణులకు న్సుధామయకళౌఘాత్మీయసారంబు ర-
గ్యముగాఁ గ్రోలఁగ నిచ్చి తానొక కళామాత్రాంగుఁడై యున్న చం-
ద్రమునిం జూచి జగమ్ము మ్రొక్కుగతినారన్ భక్తపూజానిధి-
క్రమభారాకృశుఁ జూచి మ్రొక్కుదురు లోకంబెల్ల సర్వేశ్వరా!"	mattebhamu
"చెదరం బాఱు దశప్రభంజనములన్ శిక్షన్ సుషుమ్నంబునం
గుదియం బట్టి చలింపకుండ శశినర్కుం గట్టి భాస్వన్మన-
స్సదనస్థానమునందు నిన్నెలమి సంస్థాప్యంబుగాఁ జేసి తా
హృదయానందరసాబ్ధిఁ దేలు శివయోగీంద్రుండు సర్వేశ్వరా!"	mattebhamu
"వెలి వీక్షించిన నీ స్వరూపమె మహావిస్పష్టమై యాత్మలో-
పల భావించిన నీ స్వరూపమె మహాప్రవ్యక్తమై దృష్టులం
దలఁపం జేకొని యున్న నీ యచలితధ్యానంబునం జేసి తాఁ
గలనైన న్శివయోగి తన్ను జగముం గానండు సర్వేశ్వరా!"	mattebhamu
"భవదాకారమె కాంచు నీ స్తవకదంబశ్రేష్ఠసద్వాక్యముల్
చెవులార న్విను నిన్నె చెప్పు మది దుశ్శీలేంద్రియాటోపదు-
ర్వ్యవసాయాత్ములఁ గాంచుచో వినెడిచో వర్ణించుచోఁ జీఁకునుం
జెవిటి న్మూగయునై చరించు మహి నీ శీలుండు సర్వేశ్వరా!"	mattebhamu
"అతిలాలిత్యముగా నహర్నిశము నిన్నర్చింపగా వచ్చు సు-
వ్రతుఁడై యుండఁగవచ్చు నెల్లకళలం బ్రౌఢుఁడు గావచ్చు వా-
క్పతి గానైనను వచ్చుఁ గాని మఱి నీ భక్తుండు గారాదు సు-
స్థితిగా నీ దయ లేని మానవునకుం జింతింప సర్వేశ్వరా!"	mattebhamu
"భవికిన్ భక్తి మహత్త్వ మంకురితమై పాటిల్ల భక్తుండు బాం-
ధవమాత్రుండగు భక్తి పుష్పితముగాఁ దద్భక్తుఁ డాత్మేశుఁడై
సవిశేషస్థితిఁ దోఁచు భక్తి సఫలోత్సాహంబునుం బొందఁగా
నవికల్పస్థితి నంత భక్తుఁడును నీవై యుండు సర్వేశ్వరా!"	mattebhamu
"సుముఖుండై శివయోగి మోదము మదిన్ శోభిల్లఁ జేకొన్న భి-
క్షము విప్రోత్తమకోటిభోజనసదృక్షంబన్న సౌభాగ్యయో-
గమునం దారయ నమ్మహామహుఁడు వేడ్కం గోరి యారోగిణం-
బమరం జేసిన పుణ్యమెట్లు గుఱిసేయ న్వచ్చు సర్వేశ్వరా!"	mattebhamu
"ఎచ్చో నీ పదభక్తుఁ డుండు మది నింపెక్కం బ్రయత్నంబుతో
నచ్చో నీ వనిశంబు నుండుదు త్వదీయధ్యానచిన్మూర్తులై
యచ్చో సన్మునులెల్ల నుండుదురు మంత్రాంగాక్షరాయుక్తులై
యచ్చోఁ దీర్థములెల్ల నుండు నిది వేదార్థంబు సర్వేశ్వరా!"	saardulamu
"సత్యం బెప్పుడుఁ దప్పఁడేనియు దురాచారుండు గాఁడేని యౌ-
చిత్యం బేమఱఁడేని దుర్జనుల గోష్ఠిం బొందఁడే భక్తసాం-
గత్యం బాదటఁ బాయఁడేని మదనగ్రస్తుండు గాఁడేని నీ
భృత్యుం డాతఁడు మూఁడులోకములలోఁ బెంపొందు సర్వేశ్వరా!"	saardulamu
"పెంపన్ దల్లి యగున్ రుజాపటలదుష్పీడావిధి క్షోభ వా-
రింపన్ వైద్యుఁ డగుం గుమార్గవిధులం గ్రీడింపఁబోకుండ శి-
క్షింపన్ బల్లిదుఁడైన తండ్రి యగుచున్ శ్రీమంతుఁగా నెంతయున్
సంపద్వృద్ధి యొనర్ప దాతయగు నీ సద్భక్తి సర్వేశ్వరా!"	saardulamu
"ఉరుసంసారగజేంద్రదర్పదళన వ్యూఢప్రతాపోగ్రకే-
సరి దుష్ప్రాపశరీధబంధవిపులక్ష్మాజవ్రజచ్ఛేదవి-
స్ఫురితక్రూర కుఠారధార దురితప్రోద్భూతజీమూతదు-
స్తరసంఘాతవిఘాత మారుతము నీ సద్భక్తి సర్వేశ్వరా!"	mattebhamu
"అరివీరప్రకరంబు భీకరతరంబై తాఁకుచో సింహసిం-
ధురశార్దూలమృగోరగాది భయము ల్దోతెంచుచో ఘోరదు-
స్తరసంసారవికారవేదనలు మీఁదం బర్వుచో వజ్రపం-
జరమై చేకొని తన్ను నెత్తుకొను నీ సద్భక్తి సర్వేశ్వరా!"	mattebhamu
"కమలాప్తుం డుదయింపఁగా ననలనక్షత్రక్షపాధీశతే-
జములెల్లం బెడఁబాసిపోవు గతి నీ సద్భక్తిభావంబు చి-
త్తములోనం బ్రభవింపఁగా నితరమంత్రధ్యాన తద్దేవతా-
క్రమమాయాపటలంబు లన్నియును వీఁకం గ్రాఁగు సర్వేశ్వరా!"	mattebhamu
"చటులప్రాయగుణేంద్రియాత్ములకు వాంఛావృత్తి నీ భక్తి సం-
స్ఫుటమై యుండదు భక్తితత్పరులకుం బొల్పొందఁగాఁ జిత్త ము-
త్కటదుష్టేంద్రియవర్గతామసపరిగ్రస్తంబు గాదెట్లు చీ-
కటికిం దిగ్మమరీచికిం గలదె సాంగత్యంబు సర్వేశ్వరా!"	mattebhamu
"బలవంతుండును దుర్బలుండును మహాప్రౌఢుండు మూఢుండునుం
గులజుండుం గులహీనజాతుఁడు ఘనక్రూరుండు శాంతాతిని-
శ్చలచిత్తుండును నొక్కరూప మది నీ సద్భక్తి చిత్తంబులో-
పల వర్ధిల్లిన మీఁద నేవిధమునన్ భావింప సర్వేశ్వరా!"	mattebhamu
"కామోద్రేకవిజృంభణంబును సమగ్రక్రోధమున్ లోభమున్
వ్యామోహంబు మదంబు మచ్చరము దీవ్రంబైన పంచేంద్రియో-
ద్దామాటోపము గ్రాఁచి పెంపెసఁగు తత్త్వజ్ఞానికిం గాక తా
సామాన్యాత్ముల కేల నూలుకొను నీ సద్భక్తి సర్వేశ్వరా!"	saardulamu
"ఉరుపక్షంబులు వచ్చునంతకు నిరుద్యోగంబున న్వృక్షకో-
టరమధ్యంబుననుండు పక్షిగతి నిష్ఠం గోరి నీ భక్తి వి-
స్తర మాత్మం బ్రభవించు నంతకును నీ సంసారకారాగృహాం-
తరగేహంబున నుండి జీవుఁ డతివంతన్ బొందు సర్వేశ్వరా!"	mattebhamu
"లింగారాధన జంగమార్చనము లోలిన్ భక్తి కంగంబు ప్రా-
ణాంగవ్యాప్తియునై స్ఫురించు నిది తత్త్వార్థంబగుం గాన నా
యంగాభ్యర్చన జంగమాహితకరుండై చేసినం దా శవ-
శృంగారంబగు వాని భక్తి మదిఁ జర్చింపంగ సర్వేశ్వరా!"	saardulamu
"అరయన్ గర్మవిధావధానవిధివద్ధ్యానోత్తమజ్ఞానముల్
వరుసన్ బేర్కొన నాల్గుయోగములు తత్త్వంబెందు నీ భక్తి వి-
స్తరబాహ్యక్రియలెల్లఁ బొల్లులగుటం దద్భక్తియోగంబు తాఁ
బరగం దక్కిన మూఁడుయోగములకుం బ్రాణంబు సర్వేశ్వరా!"	mattebhamu
"అమరంగా ధనమిచ్చి కాతురు మహీయఃప్రీతిఁ బ్రాణంబుఁ బ్రా-
ణము నర్థంబును నిచ్చి కాతు రభిమానంబు న్విశేషించి మా-
నము బ్రాణంబు ధనంబునిచ్చి కడుసన్మానంబుగా నుత్తమో-
త్తమచారిత్రులు భక్తిఁ గాతురు ప్రమోదంబంది సర్వేశ్వరా!"	mattebhamu
"అనుబంధేంద్రియభూతవర్గము యమాద్యష్టాంగమంత్రోరుసా-
ధన నుచ్చాటన సేసి పాపి గురుసద్వాక్యప్రకాశోత్తమాం-
జనదృష్టిం బరికించి యేర్పఱిచి వాంఛం గోరి సాధించి చే-
కొను చిన్మూర్తికి గాని భక్తివిధి గీల్కోదెందు సర్వేశ్వరా!"	mattebhamu
"కనకంబందు ఘనీభవించిన కళంకంబెల్ల సువ్యక్తిగా
ననలాస్యంబునఁ దెఁగిపోవు గతి జీవాత్మం బ్రవేశించి చే-
కొని వర్తించిన దుర్మలత్రయపరిక్షోభంబు నీ భక్తిచే-
తను బాపంబడుఁ గాని యొండొకటి చేతం బోదు సర్వేశ్వరా!"	mattebhamu
"అమరంగా గురుమంత్రకార్ముకమునం దాత్మాస్త్రమష్టాంగయో-
గమహాముష్టి వివేకి యేయుటయుఁ దత్కాండం బజాండాది త-
త్త్వములెల్ల న్వడి నుచ్చిపాఱి భవదుద్యత్సూక్ష్మకైవల్యల-
క్ష్యమునం దద్భుతశక్తితోడఁ గమియంగా నాఁటు సర్వేశ్వరా!"	mattebhamu
"తనరం గాయవహిత్రమందు హృదయస్తంభాభిసంస్థానమై
చను నీ ధ్యానపటంబు నూల్కొలిపి భాస్వద్భక్తివాతాహతి-
న్వినుతజ్ఞానపథంబు చేకొని సముద్వేగంబుమై జీవుఁ డీ
ఘనసంసారమహార్ణవంబుఁ గడుపంగాఁ బాఱు సర్వేశ్వరా!"	mattebhamu
"అకలంకస్థిరభక్తి మున్సొగయ నిన్నశ్రాంతముం జూచి పా-
యక పూజించు మహామహుండు భవదభ్యర్చ్యుం డగుంగాక దా
సకలేచ్ఛావిషయంబులం బొగయుచుం జాపల్యతం జేయు నా
బకవేషార్చనలేల నిన్ను సొగయింపం జాలు సర్వేశ్వరా!"	mattebhamu
"సమదోత్సాహసుఖాభిలాషలును నీ సంసారమాయావినో-
దములు న్స్వర్గఫలాపవర్గఫలచిత్తభ్రాంతులుం బూజ్యరా-
జ్యమహాకాంక్షలు నెన్ని చూడ నివి నీ సద్భక్తి కత్యంతరా-
యములై మాటికిమాటి కడ్డుపడుఁ గార్యశ్రేణి సర్వేశ్వరా!"	mattebhamu
"మోహధ్వాంతములో మునింగిన మహామూఢుం డతిభ్రష్టుఁడై
సోహంబంచుఁ దొడంగి నీకుఁ గడు దూరాత్ముం డగుంగాని దు-
ష్టాహంకారగుణంబు మాని మది సొంపారంగ సద్భక్తి దా-
సోహంబన్న భవత్పదార్చకుఁడు నీవై యుండు సర్వేశ్వరా!"	saardulamu
"చావంబుట్టుచుఁ బుట్టఁజచ్చుచు మహాచండాలసంసారపా-
రావారంబునఁ గూలి తాఁ జెడుటకుం బ్రవ్యక్తిగా నాత్మలో-
నేవం బొందక యేను నీవనుట తా నేజ్ఞానమో శ్రీమహా-
దేవా యిట్టి కుతర్కముం గలదే చింతింపంగ సర్వేశ్వరా!"	saardulamu
"రసికుండై భవదంఘ్రిపద్మయుగ మారాధించుచో దుర్మద-
వ్యసనాటోపము చిక్కులం బొరలుచు న్వర్తించుచున్నట్టి పా-
లసు పూజావిభవం బదొప్పునె భువిన్ లక్షింప నారంభముం
గసవుం బెంచిన చేనుఁ బోలుఁ దలఁపంగా మీఁద సర్వేశ్వరా!"	mattebhamu
"అమితోత్సాహమునంది నీకుఁ దన సర్వార్థంబులుం గూర్చి నే-
మముతో నిచ్చుటకంటె శౌర్యగుణసామర్థ్యంబునం జేసి ప్రా-
ణము నీ కిచ్చుటకంటె దుస్తరభవోన్మాదంబు మర్దించి చి-
త్తము నీ కిచ్చుట పెక్కుభంగుల మహౌదార్యంబు సర్వేశ్వరా!"	mattebhamu
"ఘనవైరిప్రకరంబు ధాటి ననిలో ఖండించు కంటెన్ మృగేం-
ద్రుని జేపట్టుటకంటె వారినిధిలోఁ దోగాడుకంటెన్ మహా-
శనిఁ దా వ్రేయుటకంటె ఘోరభవదుశ్చారిత్ర వారించి రం-
జనతోఁ జిత్తము శిక్షసేయుట మహాశౌర్యంబు సర్వేశ్వరా!"	mattebhamu
"అమితామోదనవప్రసూనముల నిన్నర్చించుచో గద్యప-
ద్యము లూహించి నుతించుచో వివిధగీతవ్రాతము ల్పాడుచో
నమృతాహారము లిచ్చుచో నిపుణుఁడై యాటాడుచో నందుఁ జి-
త్తము సద్భక్తియె నీవు చేకొను పదార్థంబెల్ల సర్వేశ్వరా!"	mattebhamu
"కడుఁ జిత్రంబుగఁ జేయఁగా నొఱ సురంగంబయ్యెనే ఖడ్గమం-
దిడకున్నం జెడురూపదేమి గొఱ? దానిం బెక్కు పాటింపఁగా
నొడ లెబ్భంగుల నోపునే నియతితో నూహించి నిన్నాత్మలో
నిడకున్నం జనురూపు నేమికొఱ తా నీక్షింప సర్వేశ్వరా!"	mattebhamu
"జ్వరసంతాపవిశోషితాంగుఁడు సుధాసంకాశదివ్యాన్నపా-
నరసశ్రేణి భుజింప రోయుగతి నున్మాదేంద్రియధ్వాంతదు-
స్తరసంసారమదప్రమత్తుఁడు మహాసౌఖ్యోత్సవంబైన మీ
చరణారాధనయందు బుద్ధిఁ జొనుపం జాలండు సర్వేశ్వరా!"	mattebhamu
"కలయం గాష్ఠయుగంబుఁ గూర్చి తరువంగా బుట్టి తత్సాధనం-
బుల రెంటిన్ దహియించు వహ్నిగతిఁ దాఁ బొల్పొందఁ గాయంబు సం-
ధిల సత్కర్మముతో మథింపఁగ భవచ్చిద్భక్తి సద్వహ్ని యు-
జ్జ్వలమై కాయముఁ గర్మముం జెఱుచుఁ దత్త్వంబెన్న సర్వేశ్వరా!"	mattebhamu
"స్థిరబుద్ధిం దన సొమ్ము భక్తవరసుక్షేత్రంబులన్ బీజమై
పరగంగా వెదపెట్టి మీఁద నతిసంపన్నుండగుం గాక దా-
నరిషడ్వర్గము పాలుసేసి భవమాయాగ్రస్తుఁడై యిచ్చ నె-
వ్వరి వేఁడం జనువాఁడొకో విషయదుర్వ్యాపారి సర్వేశ్వరా!"	mattebhamu
"కాయంబన్నది వారిబుద్బుదసదృక్షం బందు రూపింప లేఁ-
బ్రాయంబన్నది శారదాంబుదతటిత్ప్రఖ్యంబగుం దత్సుఖ-
శ్రేయంబన్నది మాయ యిట్లెఱిఁగియు శీఘ్రంబ నీ ధ్యానసం-
స్థాయీభావనఁ బొందఁ డేమిటి కయో సంసారి సర్వేశ్వరా!"	saardulamu
"భవదీయస్థిరభక్తి లబ్ధియు భవద్భక్తైకగోష్ఠీమహో-
త్సవలీలావిభవంబు నీ యనుదినధ్యానానుమోదంబులౌ-
నివి నిత్యస్థితు లారయంగ విధిదేవేంద్రాది భూతాఖిలో-
త్సవభోగస్థితులెల్ల మిథ్యలవి తత్త్వంబెన్న సర్వేశ్వరా!"	mattebhamu
"తన యుక్తి న్భవదంఘ్రిసేవగల సద్భక్తుండు పాపంబు చే-
సినఁ బుణ్యంబగు భక్తిహీనుఁడు శ్రుతు ల్చేపట్టి పుణ్యంబు చే-
సినఁ బాపంబగు దీనికంతటికిఁ జర్చింపంగఁ జండేశ్వరుం
డును దక్షుండును సాక్షులెన్న నగరాట్కోదండ సర్వేశ్వరా!"	mattebhamu
"ప్రారంభించి చకోరపోతము మహీయజ్యోత్స్నయం దుత్సవ-
శ్రీ రంజిల్లుచు వేడ్కనుండు గతి నా చిత్తంబు నీ దివ్యశృం-
గారధ్యానమునం దహర్నిశముఁ జొక్కంజేయవే దేవ శ్రీ-
గౌరీలోచననర్తకీనటనరంగస్థాన సర్వేశ్వరా!"	saardulamu
"తరులం బువ్వులు పిందెలై యొదవి తత్తజ్జాతితోఁ బండ్లగున్
హర మీ పాదపయోజపూజితములై యత్యద్భుతం బవ్విరుల్
కరులౌ నశ్వములౌ ననర్హమణులౌఁ గర్పూరమౌ హారమౌఁ
దరుణీరత్నములౌఁ బటీరతరులౌఁ దథ్యంబు సర్వేశ్వరా!"	mattebhamu
"ఒకపుష్పంబు భవత్పదద్వయముపై నొప్పంగ సద్భక్తిరం-
జకుఁడై పెట్టిన పుణ్యమూర్తికిఁ బునర్జన్మంబు లేదన్నఁ బా-
యక కాలత్రితయోపచారముల నిన్నర్చించుచో బెద్దనై-
ష్ఠికుఁడై యుండెడువాఁడు నీవగుట దాఁ జిత్రంబె సర్వేశ్వరా!"	mattebhamu
"ఆనందంబును బొందునప్పుడును నత్యాశ్చర్యకార్యార్థభా-
వానీకంబులు దోఁచునప్పుడును రోగాపాయదుఃఖాతుర-
గ్లానిం బొంది చరించునప్పుడును సత్కార్యంబున న్నీవు నా
ధ్యానంబం దుదయింపుమయ్య దివిజేంద్రస్తుత్య సర్వేశ్వరా!"	saardulamu
"నానాశాస్త్రసముచ్చయాగమపురాణప్రౌఢులై తత్త్వవి-
జ్ఞానధ్యానసమాధివిద్య లతివిస్పష్టంబుగా నేర్చి రే
దాన న్నేర్పరులెల్ల నేరరు భవత్సద్భక్తివిద్యాసమా-
ధానప్రస్ఫుటశక్తి నీ కరుణచేతం గాని సర్వేశ్వరా!"	saardulamu
"ప్రకటింపంగ మదీయచిత్త మది దాఁ బంచేంద్రియోద్వృత్తమై
ప్రకటప్రాప్తిని సోలుఁగాని మఱి నీ పాదాబ్జసంసేవనం-
బొకవేళ భజియింప నొల్లదు నిజం బూహింపఁగా నట్ల యీఁ-
గకు దుర్గంధము గాక సహ్యమగునే కస్తూరి సర్వేశ్వరా!"	mattebhamu
"మలినాంగుం డగుటేమి కష్టము మనోమార్గంబు నీ భక్తిని-
ర్మలసౌభాగ్యనిధానదీపశిఖయై రంజిల్లదే భూషణో-
జ్జ్వలదేహుం డగుటేమి తేజము మనోవ్యావృత్తి దుర్మోహసం-
చలదుష్పంకముఁ బొంది పీడఁ బడఁగాఁ జర్చింప సర్వేశ్వరా!"	mattebhamu
"ఇల నా చిత్తము యోగసాధనలయం దీదాడఁగాఁ గొంతని-
శ్చలతం జేరఁగవచ్చు లేక తన వాంఛావృత్తిఁ బోనిచ్చినం
బొలుపై నీ దెసఁ జేర దట్టి దకటా భావించినం గాక కే-
వలసంబోధననేల నిల్చు ఋజువై వర్తింప సర్వేశ్వరా!"	mattebhamu
"ఉదకం బింకిన లావు మాలి కడుమై యష్ణింపఁగా రొంపిలోఁ
గదలం జాలని మీను వాన గురియం గ్రమ్మెక్కి పెన్నీటిలోఁ
బొదలం గన్న విధంబునన్ భవముతోఁ బోరాడు మర్త్యుండు దా
హృదయాబ్జంబున నిన్నుఁ గొల్వఁగనునే యింపొంద సర్వేశ్వరా!"	mattebhamu
"భవదీయార్చన సేయుచోఁ బ్రథమపుష్పంబెన్న సత్యంబు రెం-
డవ పుష్పంబు దయాగుణంబును విశిష్టం బేకనిష్ఠాసమో-
త్సవసంపత్తి తృతీయ పుష్పమది భాస్వద్భక్తిసంయుక్తియో-
గవిధానం బవిలేని పూజలు మదిం గైకోవు సర్వేశ్వరా!"	mattebhamu
"అమరేంద్రాద్రి శరాసనంబు హరి దివ్యాస్త్రంబు భూమండలం-
బమరంగా రథ మర్కచంద్రులు తదీయాంగంబులై యొప్పుఁ జి-
త్రము నీకుం బురలక్ష్య మేయునెడ నుద్యద్భాతి నత్యల్పకా-
ర్యములందైనను దా మహాఘనము నీ యత్నంబు సర్వేశ్వరా!"	mattebhamu
"దివిజేంద్రత్వముఁ బద్మజత్వము జగత్సేవ్యస్థిరానర్గళో-
త్సవరూపంబగు కేశవత్వమును నీ సద్భక్తి సంవృద్ధిలో
లవమాత్రస్థితు లెన్న భక్తిజనితోల్లాసావనోద్యత్సుఖా-
ర్జవసౌభాగ్యము మాన మెవ్వరికిఁ జెప్ప న్వచ్చు సర్వేశ్వరా!"	mattebhamu
"పరమార్థంబుగ నా మనంబున భవద్భక్తిప్రభావంబు వి-
స్తరమై పుట్టదు పుట్టినం బ్రబల దంతం గొంత వర్ధిల్లెనే
విరసంబై యటమీఁదఁ జిక్కువడుఁ భావింపంగ నెట్లన్న న-
స్థిరుఁడం గాన జడుండఁ గాన బకవేషిం గాన సర్వేశ్వరా!"	mattebhamu
"శ్రీకంఠాయ నమోనమో నతసురజ్యేష్ఠాయ రుద్రాయ లిం-
గాకారాయ నమోనమో విగతసంసారాయ శాంతాయ చం-
ద్రాకల్పాయ నమోనమో దురితసంహారాయ తే యంచు ని-
న్నాకాంక్షం బ్రణుతించు మానవుఁడు నీవై యుండు సర్వేశ్వరా!"	saardulamu
"భువనోత్పత్తి విధించుచో భవుఁడవై పొల్పొందఁగా దాని ను-
త్సవలీలం బ్రభవించుచో మృడుఁడవై సర్వంబుఁ గల్పాంతభై-
రవసంక్షోభ నటించుచో హరుఁడవై త్రైగుణ్యశక్తిం దుదిన్
శివనామాంకముఁ దాల్చు నీ మహిమ దాఁ జిత్రంబు సర్వేశ్వరా!"	mattebhamu
"కులశైలంబులు పాదు పెల్లగిలి దిక్కూలంబునం గూలినం
జలజాతప్రియశీతభానులు యథాసంచారము ల్దప్పినం
జలధు ల్మేరల నాక్రమించి సముదంచద్భంగి నుప్పొంగినన్
దలఁకం డుబ్బఁడు చొప్పుఁ దప్పఁడు భవద్భక్తుండు సర్వేశ్వరా!"	mattebhamu
"శూలస్థాపితుఁడైన మానవునకున్ శూలంబు దుర్వారవా-
త్యాలిం గంపము నొందకుండుట సుఖంబై తోఁచు మాడ్కిన్ భవా-
భీలజ్వాలలఁ గ్రాఁగు మానవునకున్ బింబాధరల్ హారవ-
స్త్రాలంకారము లించుకించుక సుఖంబై తోఁచు సర్వేశ్వరా!"	saardulamu
"ఆకాశానలచంద్రసూర్యపవమానాత్మాంబువిశ్వంభరా-
ప్రాకామ్యాంచితమూర్తి భేదముల నీ బ్రహ్మాండనానాఘటా-
నీకప్రాకట జీవభావవిలసన్నిర్మాణకర్మాద్భుతా-
స్తోకశ్రీకరమూర్తియై వెలుఁగు నీ స్థూలంబు సర్వేశ్వరా!"	saardulamu
"అతివాగ్జాలమునై యజాండనిలయంబై యాదిమధ్యాంతవ-
ర్జితమై నిర్గుణనిష్కలంకపదమై సిద్ధాంతమధ్యాత్మసం-
యుతమై కోటిరవిప్రకాశయుతమై యోంకారమంత్రాదిసం-
స్తుతమై యెంచ నచింత్యమై వెలుఁగు నీ సూక్ష్మంబు సర్వేశ్వరా!"	mattebhamu
"అజుఁడై సృష్టి యొనర్చు రాజసముచే నందంబుగాఁ దా నధో-
క్షజుఁడై వర్ధిలఁజేయు సాత్త్వికము సంప్రవ్యక్తిగా గోపతి-
ధ్వజుఁడై సంహృతిసేయుఁ దామసమునం దత్సర్వముం గూడఁగా
నిజవిస్ఫూర్తి వెలుంగుఁ దుర్యమగుచున్ నీ యాజ్ఞ సర్వేశ్వరా!"	mattebhamu
"సకలాధీశ్వరపట్టభద్రుఁడవు భిక్షాగామి వత్యంతశాం-
తకళాత్ముండవు రౌద్రమూర్తి వతిసౌందర్యాంబికాసంగమా-
ధికలోలుండవు దివ్యయోగివి మదిం దెల్లంబుగా నెట్టివా-
రికిఁ దా శక్యమే నీ నిజం బరసి వర్ణింపంగ సర్వేశ్వరా!"	mattebhamu
"భవదుఃఖార్ణవయానపాత్రము పరబ్రహ్మంబు యోగీంద్రహృ-
ద్భవనప్రస్ఫురితప్రదీపము నఘధ్వాంతార్కబింబం బతి-
శ్రవణానందకరంబు సన్మునిగణస్వాధ్యాయపాఠంబు మీ
శివనామాంకము భక్తపుంగవ సదా సేవ్యంబు సర్వేశ్వరా!"	mattebhamu
"అణిమాద్యష్టగుణప్రసిద్ధులు త్రిలోకారాధ్యు లుద్యద్వచో-
మణికోటిప్రతిమప్రభాపటలు లున్మాదేంద్రియధ్వాంతభీ-
షణదైత్యేంద్రవినాశకారణమహాశౌర్యోన్నతు ల్లోకర-
క్షణదక్తుల్ వినుతింప నీ ప్రమథసంఘాతంబు సర్వేశ్వరా!"	mattebhamu
"సకలాధీశ్వరులై గణాధిపతులై సర్వజ్ఞులై నిత్యులై
యకలంకాత్మకులై మహామహిములై యంభోజగర్భాండర-
క్షకులై యుండుదు రెల్లవారును భవత్సద్భక్తి నానాగణా-
ధికలీలావిధి నంతరంగముల వర్తింపంగ సర్వేశ్వరా!"	mattebhamu
"అమరేంద్రాబ్జభవాచ్యుతాదులకు నీ యాజ్ఞాప్రభావం బలం-
ఘ్యము నీకు భవదీయభక్తమహదాజ్ఞాపంబు నుద్యత్ప్రభా-
వము లోకంబులలో నలంఘ్యమగుట న్వర్ణింపఁగా నీ మహ-
త్త్వముకంటెం గడుఁ జెల్లు భక్తుల మహత్త్వంబెన్న సర్వేశ్వరా!"	mattebhamu
"శివసాహిత్యుల సత్కరస్థలము కాశీక్షేత్రమా హస్తదే-
శవిశాలోన్నతశాఖ లారయఁగఁ బంచక్రోశమా పాణిసం-
భవశోభాన్వితచిత్రరేఖలు మహాభాగీరథీతీర్థముల్
శివలింగం బల విశ్వనాథుఁ డరయన్ సిద్ధంబు సర్వేశ్వరా!"	mattebhamu
"వరుసం బైకొనివచ్చు కర్మములు మున్వారించి మాయామల-
జ్వరము ల్గూల్చి యపారఘోరతరసంసారాబ్ధి లంఘించి భీ-
కరసూక్ష్మాంగవిచిత్రకంచుకము వీఁకం బుచ్చి పోవైచి తాఁ
బరమవ్యోమము సొచ్చు నీ యచలసద్భక్తుండు సర్వేశ్వరా!"	mattebhamu
"పరమార్థంబగు తత్త్వమార్గమున నీ పాదాబబ్జసద్భక్తుఁ డొ-
క్కరుఁడుం దక్క సరోజజాద్యమరసంఘాతంబులోనెల్లఁ దా
నెరయం గాచికొనంగఁ జాలరు మహానిర్భీతుఁడున్ లేఁ డతి-
స్ఫురణం గాలుఁడు దన్ను వేచి వడిఁ గొంపోనుండ సర్వేశ్వరా!"	mattebhamu
"తన చారిత్రమె సన్నుతించు గురుభక్తశ్రేణి వర్ణింపఁగాఁ
దన చిత్తంబు భవత్పదస్మరణచేత న్నిన్ను మెప్పింపఁగా
ననుకూలస్ఫుటనిశ్చలత్వమున రా నభ్యంతరాంగస్థితి-
న్వినుతిం బొందిన తజ్ఞుఁ డీజగములో నీ మెచ్చు సర్వేశ్వరా!"	mattebhamu
"క్షితి నత్యుగ్రతపంబునందు జఠరాగ్నిం గాలఁగానేల మి-
మ్మతిభక్తిస్థితిఁ బూజసేయు మహనీయ త్వంబు తాఁ జాలదే
ప్రతిపక్షాలి నడంప రోగభయదుర్భారంబు వారింప న-
ద్భుతసౌఖ్యంబులుఁ బెంప దివ్యసుఖముం బొందింస సర్వేశ్వరా!"	mattebhamu
"శివవాక్యస్ఫురితాక్షరద్వయ సకృజ్జిహ్వాప్రదేశాత్ముఁడై
భవదుఃఖాంబుధి దాఁటజూచు తఱిఁ దత్పంచాక్షరీమంత్ర ము-
త్సవలీలం గడుశుద్ధుఁడై జపము వాంఛం జేయు భాస్వద్గుణా-
ర్ణవసౌభాగ్యము మానమెవ్వరికిఁ గాన న్వచ్చు సర్వేశ్వరా!"	mattebhamu
"ఏదేశంబున నేదిశాముఖమునం దేయూర నేవాడ మీ
పాదాభ్యర్చన సేయు నిర్మలుఁడు సద్భక్తుం డొకండుండె నా-
యాదేశంబును నాదిశాముఖమును న్నాయూరు నావాడ గం-
గాదిస్నాన నదీప్రవాహఫలదంబై యొప్పు సర్వేశ్వరా!"	saardulamu
"ఒనరం జిత్తము శుద్ధిలేని నరుఁ డుద్యోగంబునం గోరి చే-
సిన పూజావిభవంబు సువ్రతములున్ శీలంబులు న్మంత్రసా-
ధనముల్ తీర్థంబులుం దపంబులును మీఁదం జెట్టవాఁ డభ్యసిం-
చిన శస్త్రాస్త్రకళానిభంబులగుఁ జర్చింపంగ సర్వేశ్వరా!"	mattebhamu
"క్రమసంయుక్తి మనంబు బుద్ధియు నహంకారంబుఁ జిత్తంబు నా
యమలాంతఃకరణంబు నక్షరచతుష్కావాప్తిఁ గావించి పం-
చమవర్ణంబుగ నాత్మఁ గూర్చి కడువాంఛన్ యోగి పంచాక్షరీ-
సుమహామంత్రముతోడ నైక్యపదవిన్ శోభిల్లు సర్వేశ్వరా!"	mattebhamu
"భవదీయాననపంచకంబువలనం బంచాక్షరీమంత్ర ము-
ద్భవమై తత్పదవర్ణపద్ధతుల శుంభత్పంచభూతంబు లు-
ద్భవనంబై యఖిలంబుఁ బుట్టెను లసత్పంచాక్షరీమంత్ర మీ
భువనాండంబులం దల్లియై సఫలతం బొందించు సర్వేశ్వరా!"	mattebhamu
"పటుశాస్త్రాగమదృష్టి నివ్విధమునన్ భావించి వీక్షించి యు-
ద్భటవృత్తిన్ భవదీయభక్తినికరబ్రహ్మాండకుండైన నా-
దట లోఁ గాచుకొనంగవచ్చు విదితోద్దండప్రతాపోత్కట-
స్ఫుటకోపానలమూర్తియై యముఁడు గొంపోకుండ సర్వేశ్వరా!"	mattebhamu
"కలవారై మతిమంతులై రసికులై గంభీరులై ధీరులై
లలనామన్మథులై సముజ్జ్వలవచోలాలిత్యులై నిత్యులై
బలవిభ్రాజితులై యశోభరితులై భాసిల్లు భాగ్యోదయుల్
తొలిజన్మంబుల మిముఁ గొల్చిన మహాత్ముల్ వారు సర్వేశ్వరా!"	mattebhamu
"ఖలులై యాచకులై విరుద్ధవికటాకారాంగులై పంగులై
బలహీనాతురులై రుజాపటలతాపచ్ఛన్నులై ఖిన్నులై
చలనాందోళితచిత్తులై మలినులై జాత్యంధులై మందులై
తొలిజన్మంబున మిమ్ముఁ గొల్వని దురాత్ముల్ వారు సర్వేశ్వరా!"	mattebhamu
"ఏయేవేళల నేవయస్సున నరుం డేభూమి నేయూరిలో
నేయేకర్మము నాచరించు నశుభంబేని న్శుభంబేని దా
నాయావేళల నావయస్సున నరుం డాభూమి నాయూరిలో
నాయాకర్మములెల్లఁ దాఁ గుడుచుఁ దథ్యంబింత సర్వేశ్వరా!"	saardulamu
"ఆడంబోయినచోట బాలురు వినోదార్థంబు పాషాణముల్
గూడంబెట్టి శివాలయంబనుచుఁ బేర్కొన్నంతటం జేసి వా-
రాడంబోయి సురాంగనాకలితదివ్యారామచింతామణి
క్రీడాశైలవిహారులౌదురు మిముం గీర్తింప సర్వేశ్వరా!"	saardulamu
"సమయోద్దిష్టసహస్రపంకరుహపూజాపూరణార్థంబు నే-
త్రము విష్ణుండు సుభక్తి యేర్పడ భవత్పాదంబు లర్చించి చ-
క్రముఁ దాఁ గైకొని దైత్యకోటి ననిలో ఖండించెఁ దా నీ పద-
క్షమతాసేవ సమస్తదేవతలకు న్సత్త్వంబు సర్వేశ్వరా!"	mattebhamu
"అమర న్వేదపురాణశాస్త్రములు మున్నాకాంక్షఁ దత్త్వప్రభే-
దము రూపింపఁగ నేరవన్న మఱి యా తత్త్వంబులెట్లన్న ను-
త్తమసంతోషమె కోరునన్న నరుఁ డుత్సాహించి నీ భక్తస-
త్తమపూజారతి నేర్చునే నతఁడు తత్త్వజ్ఞుండు సర్వేశ్వరా!"	mattebhamu
"అమితోద్యద్భవదీయతత్త్వము మహీయస్తోత్రవాణీవిలా-
సములై యొప్పు సమస్తవేదములు శాస్త్రశ్రేణియున్ దివ్యవి-
భ్రమనాదంబులు నెన్ని చూడ నివి నీ పంచాక్షరీమంత్రభా-
వములైయుండు సమస్తలక్షణముల న్వర్ణింప సర్వేశ్వరా!"	mattebhamu
"సంకీర్ణాకలితాక్షరత్రయము భాస్వన్నాదబిందుక్రమా-
లంకారద్వితయంబుతోఁ గలిసి లీలన్ దివ్యయోగీంద్రహృ-
త్పంకోద్భూతములందు రూఢమగుచుం బంచాక్షరీమంత్ర మ-
య్యోంకారాత్మకమౌ లసన్మునిగణం బూహింప సర్వేశ్వరా!"	saardulamu
"అమలజ్ఞానవిభాసభాసురత నయ్యష్టాంగపూజావిధి
క్రమయోగంబుల నిన్ను నెల్లపుడు జోకం గొల్వగానేల ని-
క్కము నీ భక్తులగోష్ఠి చాలుఁ గడువీఁకన్ ఘోరసంసారదుః-
ఖములెల్లం బెడవాప నిన్ను వెలయంగాఁ జూప సర్వేశ్వరా!"	mattebhamu
"పరమార్థంబుగఁ దత్త్వము న్నెఱుఁగ నొప్పందీర్చి డెందంబు నీ
కరుణాస్థానముఁ జేర్పలేక తన వంకం బోవఁగానిచ్చిరే
నరకాబ్ధిం బడవైచుఁ దత్క్షణములోనం గానఁ దత్త్వక్షమం-
బరయం జిత్తము శూకలాశ్వము విభంబై యుండు సర్వేశ్వరా!"	mattebhamu
"భవదంఘ్రిద్వితయార్చనంబును బవత్ప్రఖ్యాతసద్భక్తపుం-
గవగోష్ఠీవిభవంబులు న్విమలసూక్ష్మధ్యానయోగంబు నా
నివి సంపూర్ణసుఖంబులెన్న మఱి దేవేంద్రాది భోగంబు లు-
త్సవసంబంధములెల్ల దుఃస్థితులు తథ్యంబెన్న సర్వేశ్వరా!"	mattebhamu
"తమ లింగార్చనకంటె జంగమము సౌందర్యంబుగాఁ గొల్చు టు-
త్తమభక్తిస్థితి లింగజంగమల సత్సామ్యంబుగాఁ జేఁత మ-
ధ్యమభక్తిస్థితి లింగపూజ నధికుండై జంగమోపాసనా-
క్షముఁడై యుండుట భక్తియం దది కనిష్ఠత్వంబు సర్వేశ్వరా!"	mattebhamu
"కరఢక్కారవవాద్య మింపొదవ గంగాతుంగరంగత్తరం-
గరవప్రస్ఫుటతాళసమ్మిళిత తత్కంజాతపుంజస్ఫుర-
ద్వరపుష్పంధయ మందరధ్వనులు గీతంబొప్ప తౌర్యత్రికం-
బిరవై యుండఁగ నీదు తాండవమహం బేపారు సర్వేశ్వరా!"	mattebhamu
"అజరుద్రాదులు మిమ్మెఱింగి నుతిసేయన్లేరు నేనెంతవాఁ-
డ జగద్రక్షణదక్ష నిన్నుఁ గొనియాడ న్నీస్వభావంబు దా-
సజనానుగ్రహనిశ్చితంబగుట నా జన్మంబు సాఫల్యమం-
ద జడుండంచు నిరాకరింపకఁ బ్రసన్నంబౌట సర్వేశ్వరా!"	mattebhamu
"బాలుం డాడెడు మాటలెల్ల నుపమింపం దండ్రికి బ్రౌఢభా-
వాలాపంబులకంటె మించుగతి నే నజ్ఞానభావంబునం-
దాలోచించి రచించినట్టి కృతి యింపారంగ నీకు న్మహా-
లాలిత్యస్తుతికంటెఁ గైకొనుఁగదా శ్లాఘ్యంబు సర్వేశ్వరా!"	saardulamu
"అభిరమ్యంబుగ దూదికొండ మహనీయారాధ్య సోమేశ్వర-
ప్రభు కారుణ్యవసంతసంజనిత మద్వాక్యప్రసూనావళి-
న్విభవం బొప్పఁగఁ గూర్చి యెంతయు లసద్విఖ్యాతి సంపత్సుఖ-
ప్రభవంబైన భవత్పదద్వయము నారాధింతు సర్వేశ్వరా!"	mattebhamu
"ధాత్రి న్భక్తజనానురంజనముగాఁ దత్త్వప్రకాశంబుగాఁ
జిత్రార్థాంచితశబ్దబంధురముగా సేవ్యంబుగా సజ్జన-
శ్రోత్రానందముగా శుభాంచితముగా శోధించి సర్వేశ్వర-
స్తోత్రం బన్నయ చెప్పె నిజ్జగములో శోభిల్ల సర్వేశ్వరా!"	saardulamu
"శాకాబ్దంబులు వార్ధిషట్కపురజిత్సంఖ్యం బ్రవర్తింప సు-
శ్లోకానందకరంబుగా మహిమతో శోభిల్ల సర్వేశ్వర-
ప్రాకామ్యస్తవ మొప్పఁ జెప్పె శుభకృత్ప్రవ్యక్తవర్షంబునన్
శ్రీకంఠార్పితమై వసుంధరపయిం జెన్నొంద సర్వేశ్వరా!"	saardulamu
"అరిషడ్వర్గబలంబులో మలసి మాయావృత్తి నాయం దతి-
స్ఫురణం జేసినవాఁడు మోహుఁ డతనిన్ బోఁద్రోచి నీ భక్తితో
బరగం గూర్చి వివేకిఁ జేసి నెరయం బాటించి నాయం దధీ-
శ్వరుఁడై యుండఁగదయ్య రౌప్యకుధరవ్యాపార సర్వేశ్వరా!"	mattebhamu
"అమలామ్నాయవిధిప్రబోధము లసంఖ్యాతంబులై యుండు నా-
గమమార్గోత్తమమంత్రతంత్రము లసంఖ్యాతంబులై యుండుఁ ద-
త్క్రమము ల్నాకవియేల నీవు మెఱయంగా నిన్ను సద్భక్తియో-
గమునం గొల్చి జయింపఁ జేయు మిదె మత్కామ్యంబు సర్వేశ్వరా!"	mattebhamu
"కానీ దారసమన్వితుండు మిగులం గానీఁడు కందర్పునిన్
గోనీ మానవకోటిలో మరులు పైకోనీఁడు మోహంబునున్
రానీ రాజితరాజ్యవైభవము పైరానీఁడు గర్వంబునున్
లో నీవైన మహాత్ముఁ డన్యమునకున్ బోనీఁడు సర్వేశ్వరా!"	saardulamu
"ఏ నిన్నే శరణందు బాంధవులు గానీ యెల్లవారుం బగే
కానీ మృత్యువు తలక్రిందువడనీ కాలుండు గీవెట్టనీ
నానాకర్మచయంబు గింజుకొననీ నాకేమి నేరాజ నిం-
తే నీ చాటున దాఁగియున్నపుడు బీతే యింక సర్వేశ్వరా!"	saardulamu
"జయశక్తిన్ రవిచంద్రతారకముగాఁ జల్పెన్ యథావాక్కులా-
న్వయసంజాతుఁడు నన్నమార్యుఁ డవని న్వర్ణించి నీ సత్కథా-
క్రియసంబోధన నీదు భక్తిని మహానిర్ణీతవిశ్రాంతిగా
భయవిభ్రాంతులు లేక యీ శతకముం బ్రఖ్యాతి సర్వేశ్వరా!"	mattebhamu
"శ్రీవిద్యుత్కలితాజవంజవ మహాజీమూతపాపాంబు ధా
రావేగంబున మన్మనోబ్జ సముదీర్ణత్వంబు గోల్పోయితిన్‌
దేవా! నీ కరుణా శరత్సమయమింతేఁ జాలు సద్భావనా
సేవం దామరతంపరై మనియెదన్‌ శ్రీకాళహస్తీశ్వరా!"	saardulamu
"వాణీవల్లభ దుర్లభంబగు భవద్ద్వారంబున న్నిల్చి ని
ర్వాణశ్రీఁ జెఱపట్టజూచిన విచారద్రోహమో నిత్యక
ల్యాణక్రీడలఁబాసి దుర్దశలపాలై రాజలోకాధమ
శ్రేణీద్వారము దూరఁజేసెదిపుడో శ్రీకాళహస్తీశ్వరా!"	saardulamu
"అంతామిథ్య తలంచిచూచిన నరుండట్లౌటెఱింగిన్‌ సదా
కాంతల్పుత్రులు నర్థమున్‌ తనువు నిక్కంబంచు మోహార్ణవ
భ్రాంతింజెంది చరించుఁగాని పరమార్థంబైన నీయందుఁ దాఁ
జింతాకంతయుఁ జింతనిల్పఁడు గదా శ్రీకాళహస్తీశ్వరా!"	saardulamu
"నీనా సందొడబాటు మాట వినుమా! నీచేత జీతంబునేఁ
గానింబట్టక సంతతంబు మదివేడ్కన్గొల్తు నంతస్సప
త్నానీకంబున కొప్పగింపకుము నన్నాపాటియే చాలుఁదే
జీనొల్లం గరినొల్ల నొల్లసిరులన్‌ శ్రీకాళహస్తీశ్వరా!"	saardulamu
"భవకేళీ మదిరామదంబున మహాపాపాత్ముఁడై వీఁడు న
న్ను వివేకింపఁడటంచు నేను నరకార్ణోరాశిపాలైనఁ బ
ట్టవు? బాలుండొకచోట నాటతమితోడన్నూతఁ గూలంగఁ దం
డ్రి విచారింపకయుండునా కటకటా! శ్రీకాళహస్తీశ్వరా!"	mattebhamu
"స్వామిద్రోహముఁజేసి యేనొకని గొల్వంబోతినో కాక నే
నీమాటన్విన నొల్లకుండితినో నిన్నేదిక్కుగాఁ జూడనో
యేమీ యిట్టి వృథాపరాధినగు నన్నీ దుఃఖవారాశి వీ
చీమధ్యంబున ముంచియుంపఁదగునా శ్రీకాళహస్తీశ్వరా!"	saardulamu
"దివిజక్ష్మారుహధేనురత్న ఘనభూతి ప్రస్ఫురద్రత్న సా
నువు నీ విల్లు, నిధీశ్వరుండు సఖుఁ, డర్ణోరాశి కన్యావిభుం
డు విశేషార్చకుఁ డింక నీకెన ఘనుండుం గల్గునే నీవు చూ
చి విచారింపవు లేమి నెవ్వఁడుడుపున్‌ శ్రీకాళహస్తీశ్వరా!"	mattebhamu
"నీతో యుద్ధముఁ జేయనోప, గవితా నిర్మాణశక్తిన్నినుం
బ్రీతుంజేయఁగలేను, నీకొఱకుఁ దండ్రిం జంపఁగాజాల నా
చేత న్రోకట నిన్ను మొత్త వెఱతుం జీకాకు నాభక్తియే
రీతి న్నాకిఁక నిన్నుఁ జూడఁగలుగున్‌ శ్రీకాళహస్తీశ్వరా!"	saardulamu
"ఆలుంబిడ్డలు దలిదండ్రులు ధనంబంచు న్మహాబంధనం
బేలా నామెడఁగట్టినాఁడవిఁక నిన్నేవేళఁ జింతింతు ని
ర్మూలంబైన మనంబులోనఁ గడుదుర్మోహాబ్ధిలోఁ గ్రుంకి యీ
సీలామాలపుఁజింత నెట్లుడిపెదో శ్రీకాళహస్తీశ్వరా!"	mattebhamu
"నిప్పై పాతకతూల శైలమడఁచు న్నీనామమున్మానవుల్‌
తప్పన్‌ దవ్వులవిన్న నంతకభుజాదర్పోద్ధత క్లేశముల్‌
తప్పుందారును ముక్తులౌదురని శాస్త్రంబుల్మహాపండితుల్‌
చెప్పంగాఁ దమకింక శంకవలెనా శ్రీకాళహస్తీశ్వరా!"	saardulamu
"వీడెంబబ్బినయప్పుడుం దమ నుతుల్విన్నప్పుడుం బొట్టలోఁ
గూడున్నప్పుడు శ్రీవిలాసములుపైకొన్నప్పుడుం గాయకుల్‌
పాడంగా వినునప్పుడు\న్‌ జెలగు దంభప్రాయవిశ్రాణన
క్రీడాసక్తుల నేమి చెప్పవలెనో శ్రీకాళహస్తీశ్వరా!"	saardulamu
"నినుసేవింపఁగ నాపదల్పొడమనీ, నిత్యోత్సవంబబ్బనీ
జనమాత్రుండననీ, మహాత్ముఁడననీ, సంసార మోహంబు పై
కొననీ, జ్ఞానముగల్గనీ, గ్రహగతుల్‌ గుందింపనీ, మేలు వ
చ్చిన రానీ యవి నాకు భూషణములో శ్రీకాళహస్తీశ్వరా!"	mattebhamu
"ఏ వేదంబుఁ బఠించె లూత, భుజగంబే శాస్త్రముల్చూచెఁ దా
నే విద్యాభ్యసనంబొనర్చెఁ గరి, చెంచే మంత్రమూహించె, బో
ధావిర్భావనిధానముల్‌ చదువులయ్యా! కావు! మీపాద సం
సేవాసక్తియె కాక జంతుతతికిన్‌ శ్రీకాళహస్తీశ్వరా!"	saardulamu
"కాయల్గాచె వధూనఖాగ్రములచేఁ గాయంబు వక్షోజముల్‌
రాయన్‌ రాపడెఱొమ్ము మన్మథ విహారక్లేశ విభ్రాంతిచే
బ్రాయంబాయెను బట్టగట్టెఁ దల చెప్ప\న్‌రోఁత సంసారమేఁ
జేయంజాల విరక్తుఁ జేయఁగదవే శ్రీకాళహస్తీశ్వరా!"	saardulamu
"నిన్నే రూపముగా భజింతుమదిలో, నీరూపుమోఁకాలొ, స్త్రీ
చన్నో, కుంచమొ, మేఁకపెంట్రికయొ, యీసందేహముల్మాన్పి నా
కన్నారన్భవదీయమూర్తి సగుణాకారంబుగాఁజూపవే
చిన్నీరేజవిహారమత్తమధుపా శ్రీకాళహస్తీశ్వరా!"	saardulamu
"నిను నావాఁకిలి గావుమంటినొ? మరున్నీలాలకభ్రాంతిఁ గుం
టెన పొమ్మంటినొ? యెంగిలిచ్చి తిను తింటేఁగాని కాదంటినో
నిను నెమ్మిందగ విశ్వసించు సుజనానీకంబు రక్షింపఁ జే
సిన నావిన్నపమేల గైకొనవయా! శ్రీకాళహస్తీశ్వరా!"	mattebhamu
"ఱాలన్‌ ఱువ్వఁగ జేతులాడవు కుమారా! రమ్మురమ్మంచునేఁ,
జాలన్‌ జంపఁగ నేత్రముల్దివియఁగా శక్తుండనేఁగాను, నా
శీలంబేమని చెప్పనున్నదిఁక నీ చిత్తంబు నాభాగ్యమో
శ్రీలక్ష్మీపతి సేవితాంఘ్రియుగళా శ్రీకాళహస్తీశ్వరా!"	saardulamu
"రాజుల్మత్తులు, వారిసేవ నరకప్రాయంబు, వారిచ్చు నం
భోజాక్షీ చతురంతయాన తురగీ భూషాదు లాత్మవ్యథా
బీజంబుల్‌, తదపేక్షచాలుఁ బరితృప్తింబొందితి\న్‌ జ్ఞానల
క్ష్మీ జాగ్రత్పరిణామ మిమ్ము దయతో శ్రీకాళహస్తీశ్వరా!"	saardulamu
"నీరూపంబు దలంపగాఁ దుదమొదల్‌ నేఁగాన నీవైననున్‌
రారా! రమ్మనియంచుఁ జెప్పవు వృథారంభంబు లింకేటికిన్‌
నీరన్ముంపుము, పాలముంపుమిఁక నిన్నేనమ్మినాఁడంజుమీ
శ్రీరామార్చిత పాదపద్మయుగళా శ్రీకాళహస్తీశ్వరా!"	saardulamu
"నీకున్మాంసము వాంఛయేని కఱవా? నీచేతలేడుండఁగాఁ
జోకైనట్టి కుఠారముండ ననలజ్యోతుండ, నీరుండఁగా
బాకం బొప్ప ఘటించి చేతి పునుకన్భక్షింప కా బోయచేఁ
జేకొంటెంగిలి మాంసమిట్లుదగునా? శ్రీకాళహస్తీశ్వరా!"	saardulamu
"రాజై దుష్కృతిజెందెఁ జందురుఁడు రారాజై కుబేరుండు దృ
గ్రాజీవంబునఁగాంచె దుఃఖము కురుక్ష్మాపాలుఁడామాటనే
యాజింగూలె సమస్త బంధువులతో నా రాజశబ్దంబు చీ,
చీ జన్మాంతరమందు నొల్లనుజుమీ శ్రీకాళహస్తీశ్వరా!"	saardulamu
"రాజర్థాతురుఁడైనచో నెచట ధర్మంబుండు నేరీతి నా
నాజాతి క్రియలేర్పడున్‌ సుఖము మాన్యశ్రేణి కెట్లబ్బు రూ
పాజీవాళికి నేది దిక్కు ధృతి నీభక్తుల్‌ భవత్పాదనీ
రేజంబుల్‌ భజియింతురే తెఱఁగునన్‌ శ్రీకాళహస్తీశ్వరా!"	saardulamu
"తరఁగల్‌ పిప్పల పత్త్రముల్‌ మెఱుఁగుటద్దంబుల్‌ మరుద్దీపముల్‌,
కరికర్ణాంతము లెండమావులతతుల్‌ ఖద్యోత కీట ప్రభల్‌
సురవీథీ లిఖితాక్షరంబు లసువుల్‌ జ్యోత్స్నాపయఃపిండముల్‌
సిరులందేల మదాంధులౌదురు జనుల్‌ శ్రీకాళహస్తీశ్వరా!"	mattebhamu
"నిన్ను న్నమ్మినరీతినమ్మనొరులన్‌, నీకన్న నాకెన్నలే
రన్నల్దమ్ములు తల్లిదండ్రులు గురుండాపత్సహాయుండు నా
యన్నా! యెన్నడు నన్ను సంస్కృతి విషాదాంభోధి దాఁటించి య
చ్ఛిన్నానంద సుఖాబ్ధిఁ దేల్చెదొ కదే శ్రీకాళహస్తీశ్వరా!"	saardulamu
"నీపంచం బడియుండఁగాఁ గలిగిన న్భిక్షాన్నమే చాలు ని
క్షేపంబబ్బిన రాజకీటముల నే సేవింపఁగా నోప నా
శాపాశంబులఁజుట్టి త్రిప్పకుము సంసారార్థమై బంటుగాఁ
జేపట్టం దయగల్గెనేని మదిలో శ్రీకాళహస్తీశ్వరా!"	saardulamu
"నీపేరున్‌ భవదంఘ్రితీర్థము భవన్నిష్ఠ్యూత తాంబూలముల్‌
నీ పళ్ళెంబు ప్రసాదముంగొనికదా నే బిడ్డఁడైనాఁడ న
న్నీ పాటిం గరుణింపు మోపనిఁక నేనెవ్వారికిం బిడ్డఁగాన్‌
జేపట్టందగుఁ బట్టి మానఁదగదో శ్రీకాళహస్తీశ్వరా!"	saardulamu
"""అమ్మా! యయ్య!"" యటంచునెవ్వరిని నేనన్నన్శివా! నిన్ను నే
సుమ్మీ నీ మదిఁ తల్లిదండ్రులనటంచు న్జూడఁగాఁబోకు నా
కిమ్మైఁ దల్లియు దండ్రియున్‌ గురుఁడు నీవేకాన సంసారపుం
జిమ్మంజీకటిఁగప్పిన\న్‌ గడుపు నన్‌ శ్రీకాళహస్తీశ్వరా!"	saardulamu
"కొడుకుల్‌ పుట్టరటంచు నేడ్తురవివేకు ల్జీవనభ్రాంతులై
కొడుకుల్‌ పుట్టరె కౌరవేంద్రున కనేకుల్‌ వారిచే నేగతుల్‌
వడసెం బుత్త్రులులేని యా శుకునకున్‌ బాటిల్లెనే దుర్గతుల్‌
చెడునే మోక్షపదం బపుత్త్రకునకున్‌ శ్రీకాళహస్తీశ్వరా!"	mattebhamu
"గ్రహదోషంబులు దుర్నిమిత్తములు నీ కల్యాణనామంబు ప్ర
త్యహముంబేర్కొను నుత్తమోత్తముల బాధంబెట్టగానోపునే
దహనుం గప్పఁగఁజాలునే శలభసంతానంబు నీ సేవఁజే
సి హతక్లేశులుగారుగాక మనుజుల్‌ శ్రీకాళహస్తీశ్వరా!"	mattebhamu
"అడుగంబోనిఁక నన్యమార్గరతులం బ్రాణావనోత్సాహినై,
యడుగంబోయినఁబోదు నీదు పదపద్మారాధకశ్రేణియు
న్నెడకున్నిన్ను భజింపఁగాఁ గనియు నాకేలా పరాపేక్ష కో
రెడిదింకేమి? భవత్ప్రసాదమె తగున్‌ శ్రీకాళహస్తీశ్వరా!"	mattebhamu
"అదమాతంగము లందలంబులు హరుల్మాణిక్యము ల్పల్లకుల్‌,
ముదితల్‌, చిత్రదుకూలము ల్పరిమళంబు ల్మోక్షమీఁజాలునేఁ
మదిలో వీని నపేక్ష సేసి నృపధామ ద్వారదేశంబుఁగా
చి దినంబుల్‌ వృథపుత్తురజ్ఞులకటా! శ్రీకాళహస్తీశ్వరా!"	mattebhamu
"రోసీరోయదు కామినీజనుల తారుణ్యోరుసౌఖ్యంబులన్‌
బాసీపాయదు పుత్త్రమిత్రజన సంపద్భ్రాంతి వాంఛాలతల్‌
కోసీకోయదు నా మనంబకట! నీకుం బ్రీతిగా సత్క్రియల్‌
చేసీచేయదు దీనిత్రుళ్ళణఁపవే శ్రీకాళహస్తీశ్వరా!"	saardulamu
"ఎన్నేళ్ళుండితి నేమిగంటినిఁక నే నెవ్వారి రక్షించెదన్‌
నిన్నే నిష్ఠ భజించెద న్నిరుపమోన్నిద్రప్రమోదంబు నా
కెన్నండబ్బెడు నెంతకాలమిఁక నేనిట్లున్న నేమయ్యెడిం
జిన్నంబుచ్చక నన్ను నేలుకొనవే శ్రీకాళహస్తీశ్వరా!"	saardulamu
"చావంకాలము చేరువౌటెఱిఁగియుం జాలింపఁగా లేక త
న్నేవైద్యుండు చికిత్సఁబ్రోవగలఁడో? యేమందు రక్షించునో?
యే వేల్పుల్‌కృపఁజూతురో?యనుచు నిన్నింతైనఁ జింతింపఁడా
జీవచ్ఛ్రాద్ధముఁజేసికొన్న యతియున్‌ శ్రీకాళహస్తీశ్వరా!"	saardulamu
"దినముంజిత్తములో సువర్ణముఖరీతీరప్రదేశామ్ర కా
ననమధ్యోపల వేదికాగ్రమున నానందంబునం బంకజా
సననిష్ఠన్నినుఁ జూడఁగన్న నదివో సౌఖ్యంబు లక్ష్మీవిలా
సిని మాయానటనల్‌ సుఖంబులగునే శ్రీకాళహస్తీశ్వరా!"	mattebhamu
"ఆలంచున్మెడఁగట్టి దానికి నపత్యశ్రేణి గల్పించి త
ద్బాల వ్రాతము నిచ్చిపుచ్చుకొను సంబంధంబుగావించి యా
మాలర్కంబున బాంధవంబనెడి ప్రేమం గొందఱం ద్రిప్పఁగా
సీలన్సీల యమర్పినట్లొసంగితో శ్రీకాళహస్తీశ్వరా!"	saardulamu
"తనువే నిత్యముగానొనర్చు మది లేదా, చచ్చి జన్మింపకుం
డ నుపాయంబు ఘటింపు, మీ గతుల రెంటన్నేర్పు లేకున్న లే
దని నాకిప్పుడెచెప్పు; చేయఁగల కార్యంబున్న సంసేవఁజే
సి నినుంగాంచెదఁగాక కాలముననో శ్రీకాళహస్తీశ్వరా!"	mattebhamu
"పదునాల్గేలె మహాయుగంబులొక భూపాలుండు, చెల్లించె న
య్యుదయాస్తాచలసంధినాజ్ఞ నొకఁడాయుష్మంతుఁడై వీరి య
భ్యుదయంబెవ్వరు చెప్పఁగా వినరొ? యల్పుల్మత్తులై యేల చ
చ్చెదరో రాజులమంచు నక్కటకటా! శ్రీకాళహస్తీశ్వరా!"	mattebhamu
"రాజన్నంతనెపోవునా కృపయు ధర్మంబాభిజాత్యంబు వి
ద్యాజాత క్షమ సత్యభాషణము విద్వన్మిత్ర సంరక్షయున్‌
సౌజన్యంబు కృతంబెఱుంగుటయు విశ్వాసంబుగాకున్న దు
ర్బీజ శ్రేష్ఠులుగా గతంబుగలదే శ్రీకాళహస్తీశ్వరా!"	saardulamu
"మును నీచే నపవర్గ రాజ్యపదవీమూర్ధాభిషేకంబు గాం
చిన పుణ్యాత్ములు నేను నొక్కసరివో చింతించి చూడంగ నె
ట్లనినం గీటఫణీంద్రపోతమదవేదండోగ్ర హింసావిచా
రినిఁగాఁగా నినుఁగానఁగాక మదిలో శ్రీకాళహస్తీశ్వరా!"	mattebhamu
"పవమానాశన భూషణప్రకరము ల్భద్రేభచర్మంబు నా
టవికత్వంబు ప్రియంబులై భుజగశుండాలాటవీచారులన్‌
భవదుఃఖంబులఁ బాపుటొప్పుఁ చెలఁదిం బాటించి కైవల్యమి
చ్చివినోదించుట కేమి కారణమయా శ్రీకాళహస్తీశ్వరా!"	mattebhamu
"అమరస్త్రీలరమించినంజెడదు మోహంబింతయు\న్‌, బ్రహ్మప
ట్టము సిద్ధించిన నాసదీఱదు నిరూఢక్రోధము\న్‌ సర్వలో
కములన్మ్రింగిన మానదిందుఁగల సౌఖ్యంబొల్ల నీ సేవఁజే
సి మహాపాతకవారిరాశిఁగడతు\న్‌ శ్రీకాళహస్తీశ్వరా!"	mattebhamu
"చనువారిం గని యేడ్చువారు జముఁడా సత్యంబుగా వత్తు మే
మనుమానంబిఁకలేదు నమ్మమని తారావేళ నా రేవునన్‌
మునుఁగంబోవుచు బాససేయుటసుమీ ముమ్మాటికింజూడఁగాఁ
జెనఁటుల్గానరు దీని భావమిదివో శ్రీకాళహస్తీశ్వరా!"	mattebhamu
"భవదుఃఖంబులు రాజకీటముల నేఁ బ్రార్థించినం బాయునే
భవదంఘ్రిస్తుతి చేతఁగాక, విలసద్బాల క్షుథాక్లేశ దు
ష్ట విధుల్మానునె? చూడ మేఁకమెడచంటం దల్లి కారుణ్యదృ
ష్టి విశేషంబుననిచ్చు చంటబలెనో శ్రీకాళహస్తీశ్వరా!"	mattebhamu
"పవి పుష్పంబగు, నగ్ని మంచగు, నకూపారంబు భూమిస్థలం
బవు, శత్రుండతిమిత్రుఁడౌ, విషము దివ్యాహారమౌ నెన్నఁగా
నవనీమండలి లోపలన్‌ శివశివేత్యాభాషణోల్లాసికి\న్‌
శివ! నీనామము సర్వవశ్యకరమౌ శ్రీకాళహస్తీశ్వరా!"	mattebhamu
"లేవో కానలఁ గందమూలఫలముల్‌ లేవో గుహల్‌ తోయముల్‌
లేవో యేఱులఁ బల్లవాస్తరణముల్‌ లేవో సదాయాత్మలో
లేవో నీవు విరక్తులన్మనుప జాలింబొంది భూపాలుర\న్‌
సేవల్సేయఁగఁ బోదురేలొకొ జనుల్‌ శ్రీకాళహస్తీశ్వరా!"	saardulamu
"మును నేఁ బుట్టిన పుట్టులెన్నిగలవో మోహంబుచే నందుఁ జే
సిన కర్మంబుల ప్రోవులెన్నిగలవో చింతించినం గాన నీ
జననంబే యని యున్నవాఁడ నిదియే చాలింపవే నిన్నుఁగొ
ల్చినపుణ్యంబునకుం గృపారతుఁడవై శ్రీకాళహస్తీశ్వరా!"	mattebhamu
"తనువెందాఁక ధరిత్రినుండు నను నందాఁక న్మహారోగదీ
పన దుఃఖాదులఁ బొందకుండ ననుకంపాదృష్టి వీక్షించి యా
వెనుక న్నీపదపద్మముల్దలఁచుచు న్విశ్వప్రపంచంబుఁ బా
సిన చిత్తంబుననుండఁజేయ గదవే శ్రీకాళహస్తీశ్వరా!"	mattebhamu
"మలభూయిష్ఠ మనోజధామము సుషుమ్నాద్వారమో? యారు కుం
డలియో? పాదకరాక్షియుగ్మములు షట్కంజంబులో? మోముదా
జలజంబో? నిటలంబు చంద్రకళయో, సంగంబు యోగంబొ? గా
సిలిసేవింతురు కాంతల\న్‌ భువి జనుల్‌ శ్రీకాళహస్తీశ్వరా!"	mattebhamu
"జలకంబుల్‌, రసముల్‌, ప్రసూనములు, వాచాబంధముల్‌, వాద్యము
ల్కలశబ్దధ్వను లంచితాంబరమలంకారంబు దీప్తుల్మెఱుం
గులు నైవేద్యము మాధురీమహిమగాఁ గొల్తున్నినున్‌ భక్తిరం
జిల దివ్యార్చన గూర్చినేర్చిన క్రియన్‌ శ్రీకాళహస్తీశ్వరా!"	mattebhamu
"ఏలీలన్నుతియింపవచ్చు నుపమోత్ప్రేక్షా ధ్వనివ్యంగ్యశ
బ్దాలంకార విశేషభాషల కలభ్యంబైన నీరూపముం
జాలుంజాలుఁ గవిత్వమున్నిలుచునే సత్యంబు వర్ణించుచో,
చీ! లజ్జింపరుగాక మాదృశకవుల్‌ శ్రీకాళహస్తీశ్వరా!"	saardulamu
"పాలుంబువ్వయుఁ బెట్టెదం గుడువరా పాపన్న రా! యన్న లే
లే లెమ్మన నరంటిపండ్లుఁగొని తేలేకున్న నే నొల్లనం
టే లాలింపరె తల్లిదండ్రులపుడట్లే తెచ్చి వాత్సల్య ల
క్ష్మీ లీలావచనంబులం గుడుపరా శ్రీకాళహస్తీశ్వరా!"	saardulamu
"కలలంచు న్శకునంబులంచు గ్రహయోగంబంచు సాముద్రికం
బులటంచుం దెవులంచు దిష్టియనుచు న్భూతంబులంచున్విషా
దులటంచు న్నిమిషార్ధజీవనములందుం బ్రీతిఁబుట్టించి యీ
సిలుగుల్‌ ప్రాణుల కెన్నిచేసితివయా శ్రీకాళహస్తీశ్వరా!"	mattebhamu
"తలమీఁదం గుసుమప్రసాద మలికస్థానంబుపై భూతియున్‌
గళసీమంబున దండ నాసికతుదన్గంధప్రసారంబు లో
పల నైవేద్యముఁజేర్చు నే మనుజుఁడాభక్తుండు నీ కెప్పుడుం
జెలికాడై విహరించు రౌప్యగిరిపై శ్రీకాళహస్తీశ్వరా!"	mattebhamu
"ఆలుంబిడ్డలు మిత్రులున్‌ హితులు నిశ్టార్థంబు లీనేర్తు రే
వేళ న్వారిభజింపఁ జాలిపడ కావిర్భూత మోదంబునం
గాలంబెల్ల సుఖంబు నీకు నిఁక భక్తశ్రేణి రక్షింపకే
శ్రీ లెవ్వారికిఁ గూడఁబెట్టెదవయా శ్రీకాళహస్తీశ్వరా!"	saardulamu
"సులభుల్మూర్ఖు లనుత్తమోత్తములు రాజుల్గల్గి యేవేళన
న్నలఁతం బెట్టిన నీ పదాబ్జములఁ బాయంజాల నేమిచ్చినం
గలధౌతాచల మేలుటంబునిధిలోఁ గాపుండుటబ్జంబుపైఁ
జెలువొప్పన్సుఖియింపఁ గాంచుటసుమీ శ్రీకాళహస్తీశ్వరా!"	mattebhamu
"కలధౌతాద్రియు నస్థిమాలికయు గోగంధర్వమున్బున్నయుం,
బులిలోలున్భసితంబుఁ బాపతొడవుల్పోకుండఁ దోఁబుట్లకై,
తొలినేవారలతోడఁబుట్టగఁ గళాదుల్గల్గె మేలయ్యె నా
సిలువుల్దూరము చేసికొంటెఱిగియే శ్రీకాళహస్తీశ్వరా!"	mattebhamu
"శ్రుతులభ్యాసముచేసి శాస్త్రగరిమల్శోధించి తత్త్వంబులన్‌
మతినూహించి శరీరమస్థిరము బ్రహ్మంబెన్నసత్యంబు గాం
చితిమంచున్‌ సభలన్‌ వృథావచనముల్చెప్పంగనేకాని, ని
ర్జిత చిత్తస్థిరసౌఖ్యముల్‌ దెలియరో శ్రీకాళహస్తీశ్వరా!"	mattebhamu
"గతినీవంచు భజించువార లపవర్గంబొందఁగానేల సం
తతముం గూటికినై చరింప వినలేదా ""యాయురన్నం ప్రయ
చ్ఛతి"" యంచున్మొఱవెట్టఁగా శ్రుతులు సంసారాంధకారాభిదూ
శిత దుర్మార్గులు గానఁ గానఁబడవో శ్రీకాళహస్తీశ్వరా!"	mattebhamu
"రతిరాజుద్ధతి మీఱనొక్క మఱి గోరాజాశ్వునిన్‌ నొక్కఁబో
నతఁడా దర్పకు వేగ నొత్తఁ గవయం బాఁబోతునుందాఁకి యు
గ్రతఁ బోరాడఁగ నున్న యన్నడిమి లేఁగల్వోలె శోకానల
స్థితిపాలై మొఱపెట్టినన్‌ మనుపవే శ్రీకాళహస్తీశ్వరా!"	mattebhamu
"అంతా సంశయమే శరీర ఘటనంబంతా విచారంబె లో
నంతా దుఃఖపరంపరాన్వితమె మేనంతా భయభ్రాంతమే
యంతానాంత శరీరశోషణమె దుర్వ్యాపారమే దేహికిన్‌
జింతన్నిన్నుఁ దలంచి పొందరు నరుల్‌ శ్రీకాళహస్తీశ్వరా!"	saardulamu
"సంతోషించితిఁ జాలుఁజాలు రతి రాజద్వార సౌఖ్యంబులన్‌
శాంతిం బొందితిఁ జాలుఁజాలు బహురాజద్వార సౌఖ్యంబులన్‌
శాంతిం బొందెదఁ జూపు బ్రహ్మపద రాజద్వార సౌఖ్యంబు ని
శ్చింత న్శాంతుఁడనౌదు నీ కరుణచే శ్రీకాళహస్తీశ్వరా!"	saardulamu
"స్తోత్రంబన్యులఁ జేయనొల్లని వ్రతస్థుల్వోలె వేసంబుతోఁ
బుత్త్రీపుత్త్ర కళత్రరక్షణ కళాబుద్ధిన్‌ నృపాలాధమున్‌
బాత్రంబంచు భజింపఁబోదు రిదియున్భావ్యంబె యెవ్వారి చా
రిత్రంబెన్నఁడు మెచ్చనెంత మదిలో శ్రీకాళహస్తీశ్వరా!"	saardulamu
"అకలంకస్థితి నిల్పి నాదమను ఘంటారావమున్‌ బిందు దీ
పకళా శ్రేణి వివేక సాధనములొప్పన్బూని యానందతా
రక దుర్గాటవిలో మనోమృగము గర్వస్ఫూర్తి వారించు వా
రికిఁగా వీడు భవోగ్రబంధలతికల్‌ శ్రీకాళహస్తీశ్వరా!"	mattebhamu
"ఒకయర్థంబును నిన్ను నే నడుగఁగా నూహింప నెట్లైన బొ
మ్ము కవిత్వంబులు నాకు జెందవని యేమోయంటివా నాదు జి
హ్వకు నైసర్గిక కృత్యమింతయు సుమీ ప్రార్థించుటే కాదు కో
రికల న్నిన్నును గాన నాకు వశమా శ్రీకాళహస్తీశ్వరా!"	mattebhamu
"శుకముల్కింశుకపుష్పము ల్గని ఫలస్తోమంబటంచు న్సము
త్సుకతం జేరఁగఁబోవ నచ్చట మహాదుఃఖంబు సిద్ధించుఁ గ
ర్మకళాభాషలకెల్లఁ బ్రాపులగు శాస్త్రంబుల్విలోకించు వా
రికి నిత్యత్వమనీష దూరమగునో శ్రీకాళహస్తీశ్వరా!"	mattebhamu
"ఒకరింజంపి పదస్థులై బ్రదుకఁ దామొక్కొక్కరూహింతురే
లొకొ తామెన్నఁడు జావరో? తమకుఁ బోవో సంపదల్‌? పుత్త్రమి
త్రకళత్రాదులతోడ నిత్యసుఖమందంగందురో? యున్నవా
రికి లేదో మృతి యెన్నఁడుం గటకటా! శ్రీకాళహస్తీశ్వరా!"	mattebhamu
"నీ కారుణ్యముఁ గల్గినట్టి నరుఁడే నీచాలయంబుం జొరం
డే కార్పణ్యపు మాటలాడనరుగం డెవ్వారితో వేషముల్‌
గైకోఁ డేమతముల్భజింపఁడిల నే కష్టప్రకారంబులన్‌
జీకాకై చెడిపోఁడు జీవనదశన్‌ శ్రీకాళహస్తీశ్వరా!"	saardulamu
"జ్ఞాతుల్ద్రోహులు! వాండ్రు సేయు కపటేర్ష్యాది క్రియాదోషముల్‌
మా తండ్రాన సహింపరాదు ప్రతికర్మంబించుకేఁ జేయగాఁ
బోతే దోషముగాన మాని యతినై పోఁగోరినన్‌ సర్వదా
చేతఃక్రోధము మానదెట్లు నడుతున్‌ శ్రీకాళహస్తీశ్వరా!"	saardulamu
"చదువుల్నేర్చిన పండితాధములు స్వేచ్ఛాభాషణ క్రీడలన్‌
వదరన్‌ సంశయ భీకరాటవులఁ ద్రోవల్దప్పి వర్తింపఁగా
మదనక్రోధకిరాతులందుఁ గని భీమప్రౌఢిచేఁ దాఁకినం
చెదరుంజిత్తము చిత్తగింపఁగదవే శ్రీకాళహస్తీశ్వరా!"	mattebhamu
"రోసిందేఁటిది రోఁతలేఁటిది మనోరోగస్థుఁడై దేహి తాఁ
బూసిందేఁటిది పూఁతలేఁటివి మదాపూతంబులీ దేహంబుల్‌
మూసిందేఁటిది మూఁతలేఁటివి సదా మూఢత్వమే కాని తాఁ
జేసిందేఁటిది చేఁతలేఁటివి వృథా శ్రీకాళహస్తీశ్వరా!"	saardulamu
"శ్రీశైలేశు భజింతునో యభవుఁ గాంచీనాథు సేవింతునో
కాశీవల్లభుఁ గొల్వఁబోదునొ మహాకాళేశుఁ బూజింతునో
నా శీలంబణువైన మేరువనుచున్‌ రక్షింపవే నీ కృపా
శ్రీ శృంగార విలాసహాసములచే శ్రీకాళహస్తీశ్వరా!"	saardulamu
"అయవారై చరియింపవచ్చుఁ దనపాదాంభోజ తీర్థంబులన్‌
దయతోఁ గొమ్మనవచ్చు సేవకుని నర్థప్రాణదేహాదుల
న్నియు నా సొమ్మనవచ్చుఁగాని నరులన్నిందించి నిన్నాత్మ ని
ష్క్రియతం గానఁగరాదు పండితులకున్‌ శ్రీకాళహస్తీశ్వరా!"	mattebhamu
"మాయాజాండ కరండకోటిఁ బొడిగా మర్దించిరో విక్రమా
జేయుం గాయజుఁ జంపిరో కపటలక్ష్మీమోహముం బాసిరో
యాయుర్దాయ భుజంగమృత్యువు ననాయాసంబునన్‌ గెల్చిరో
శ్రేయోదాయకులౌదు రెట్టులితరుల్‌ శ్రీకాళహస్తీశ్వరా!"	saardulamu
"చవిగాఁజూడ వినంగ మూర్కొనఁ దనూసంఘర్షణాస్వాద మొం
ద వినిర్మించెదవేల జంతువుల నేతత్క్రీడలే పాతక
వ్యవహారంబులు సేయనేమిటికి మాయావిద్యచేఁ బ్రొద్దుపు
చ్చి వినోదింపగఁ దీన నేమిఫలమో శ్రీకాళహస్తీశ్వరా!"	mattebhamu
"వెనుకంజేసిన ఘోరదుర్దశలు భావింపంగ రోఁతయ్యెడున్‌
వెనుకన్ముందటవచ్చు దుర్మరణముల్వీక్షింప భీతయ్యెడున్‌
నను నేఁజూచియు నావిధుల్దలఁచియున్నాకే భయంబయ్యెడుం
జెనకుంజీకటినాయెఁ గాలమునకున్‌ శ్రీకాళహస్తీశ్వరా!"	mattebhamu
"పరిశీలించితి మంత్రతంత్రములు చెప్పన్వింటి సాంఖ్యాది యో
గరహస్యంబులు వేదశాస్త్రములు వక్కాణించితిన్‌ శంకవో
దరయం గుమ్మడికాయలోను యవగింజంతైన నమ్మించి సు
స్థిరవిజ్ఞానము త్రోవఁ జూపగదవే శ్రీకాళహస్తీశ్వరా!"	mattebhamu
"మొదలంజేసిన వారి ధర్మములు నిర్మూలంబుగాఁ జేసి దు
ర్మదులై యిప్పుడు వారధర్మములొనర్పం దమ్ము దైవంబు న
వ్వదె? రానున్న దురాత్ములెల్ల దమ త్రోవంబోవరే యేలచే
సెదరో మీఁదు దలంచి చూడకధముల్‌ శ్రీకాళహస్తీశ్వరా!"	mattebhamu
"కాసంతైన సుఖంబొనర్చునొ మనఃకామంబు లీడేర్చునో
వీసంబైనను వెంటవచ్చునొ జగద్విఖ్యాతిఁ గావించునో
దోసంబుల్పెడఁబాపునో వలసినందోడ్తో మిముంజూపునో
ఛీ! సంసారదురాశలేలుడుపవో శ్రీకాళహస్తీశ్వరా!"	saardulamu
"ఒకపూఁటించుక కూడు తక్కువగునే నోర్వంగలేఁ డెండకో
పక నీడన్వెదకుం జలికింజడిసి కుంపట్లెత్తుకోఁ జూచు వా
నకు నిల్లిల్లును దూఱు నీతనువు దీనన్వచ్చు సౌఖ్యంబు రో
సి కడాసింపరుగాక మర్త్యులకటా! శ్రీకాళహస్తీశ్వరా!"	mattebhamu
"కేదారాదిసమస్త తీర్థములు కోర్కింజూడఁ బోనేఁటికిం
గాదా ముంగిలి వారణాసి కడుపే కైలాసశైలంబు మీ
పాదధ్యానము సంభవించునపుడే భావింప నజ్ఞాన ల
క్ష్మీదారిద్ర్యులుగారె లోకు లకటా! శ్రీకాళహస్తీశ్వరా!"	saardulamu
"తమకంబొప్పఁ బరాంగనాజన పరద్రవ్యంబులన్‌ మ్రుచ్చిలం
గ మహోద్యోగము సేయు నెమ్మనము దొంగంబట్టి వైరాగ్యపా
శములంబట్టి బిగించి నీదు చరణస్తంభంబున\న్‌ గట్టివై
చి ముదంబెప్పుడుఁ గల్గజేయఁగదవే శ్రీకాళహస్తీశ్వరా!"	mattebhamu
"వేధం దిట్టఁగరాదు గాని భువిలో విద్వాంసులం జేయనే
లా ధీచాతురిఁ జేసిఁ జేసిన గులామాపాటునే పోక క్షు
ద్బాధాదుల్‌ కలిగింపనేల యదికృత్యంబైన దుర్మార్గులన్‌
ఛీ! ధాత్రీశులఁ జేయనేఁటి కకటా! శ్రీకాళహస్తీశ్వరా!"	saardulamu
"పుడమిన్నిన్నొక బిల్వపత్త్రమున నేఁ బూజించి పుణ్యంబునుం
బడయన్నేరక పెక్కుదైవములకుం బప్పుల్‌ ప్రసాదంబులుం
గుడుముల్‌ దోసెలు సారెసత్తులడుకుల్‌ గుగ్గిళ్లునుం బెట్టుచుం
జెడి యెందుం గొఱగాకపోదురకటా! శ్రీకాళహస్తీశ్వరా!"	mattebhamu
"విత్తజ్ఞానము పాడుచిత్తము భవావేశంబు రక్షాంబువుల్‌
మత్తత్త్వంబు తదంకురం బనృతముల్‌ మాఱాకులత్యంత దు
ర్వృత్తుల్‌ పువ్వులు పండ్లు మన్మథ ముఖావిర్భూత దోషంబులుం
జిత్తాభ్యున్నత నింబభూజమునకున్‌ శ్రీకాళహస్తీశ్వరా!"	saardulamu
"నీపై గావ్యము చెప్పుచున్నయతఁడు న్నీపద్యముల్‌ వ్రాసియి
మ్మా పాఠంబొనరింతు నన్నయతఁడున్‌ మంజుప్రబంధంబు ని
ష్టాపూర్తింబఠియించుచున్న యతఁడున్‌ సద్బాంధవుల్‌గాక చీ
చీ పృశ్ఠాగత బాంధవంబు నిజమా శ్రీకాళహస్తీశ్వరా!"	saardulamu
"సంపద్వర్గముఁ బాఱఁదోలి రిపులన్‌ జంకించి యాకాంక్షలన్‌
దంపుల్వెట్టి కళంకముల్నఱికి బంధక్లేశ దోషంబులం
జింపుల్చేసి వయోవిలాసములు సంక్షేపించి భూతంబులం
జెంపల్వేయక నిన్నుఁ గాననగునా? శ్రీకాళహస్తీశ్వరా!"	saardulamu
"రాజశ్రేణికి దాసులై సిరులఁ గోరం జేరఁగా సౌఖ్యమో
యీ జన్మంబు తరింపఁజేయఁగల మిమ్మే ప్రొద్దు సేవించు ని
ర్వ్యాజాచారము సౌఖ్యమో తెలియలేరో మానవు ల్బాపరా
జీజాతాది మదాంధ బుద్ధులగుచున్‌ శ్రీకాళహస్తీశ్వరా!"	saardulamu
"నిన్నం జూడరొ మొన్నఁజూడరో జనుల్‌ నిత్యంబుఁజావంగ నా
పన్నుల్గన్న నిధానమయ్యెడి ధనభ్రాంతి న్విసర్జింపలే
కున్నా రెన్నఁడు నిన్ను గందురిక మర్త్యుల్‌ గొల్వరేమో నిను
న్చిన్నంబుచ్చక ప్రోవకుండునెడలన్‌ శ్రీకాళహస్తీశ్వరా!"	saardulamu
"వన్నేయేనుఁగు తోలుదుప్పటము బువ్వా కాలకూటంబు చే
గిన్నే కపాల ముగ్రమగు భోగే కంఠహారంబు మే
ల్నిన్నీలాగున నుంటయుందెలిసియు న్నీపాదపద్మంబు చే
ర్చెన్నారాయణుఁడెట్లు మానసముఁ దా శ్రీకాళహస్తీశ్వరా!"	saardulamu
"ద్వారద్వారములందుఁ గంచుకిజన వ్రాతంబు దండంబులన్‌
దోరంతస్స్థలి బగ్గనంబొడుచుచున్‌ దుర్భాషలాడన్మఱిన్‌
వారింబ్రార్థనచేసి రాజులకు సేవల్సేయగాఁ బోరు ల
క్ష్మీ రాజ్యంబునుగోరి నీ పరిజనుల్‌ శ్రీకాళహస్తీశ్వరా!"	saardulamu
"ఊరూరం జనులెల్ల భిక్షమిడరో యుండం గుహల్గల్గవో
చీరానీకము వీథులందొరకదో శీతామృత స్వచ్ఛవాః
పూరంబేఱులఁబాఱదో తపసులంబ్రోవంగ నీవోపవో
చేరంబోవుదురేల రాజుల జనుల్‌ శ్రీకాళహస్తీశ్వరా!"	saardulamu
"దయ సేయుండని గొందఱాడుదురు నిత్యంబున్నినుంగొల్చుచున్‌
నియమంబెంతొ ఫలంబునంతియగదా నీవీయ పిండెంతొ యం
తియకా యెప్పటికిం దళం బశనబుద్ధిం జూడనేలబ్బు స
త్క్రియలన్నిన్ను భజింప కిష్టసుఖముల్‌ శ్రీకాళహస్తీశ్వరా!"	mattebhamu
"ఆరావంబుదయించెఁ దారకముగా నాత్మాభ్రవీధిన్మహా
కారోకారమకార యుక్తమగునోంకారాభిధానంబు చె
న్నారు న్విశ్వమనంగఁ దన్మహిమచే నా నాదబిందుల్సుఖ
శ్రీ రంజిల్లఁగడంగు నీవదె సుమీ శ్రీకాళహస్తీశ్వరా!"	saardulamu
"నీ భక్తుల్పదివేల భంగుల నినున్సేవింపుచున్‌ వేఁడఁగా
లోభంబేఁటికి వారి కోర్కులు కృపాళుత్వంబుఁనం దీర్పరా
దా భవ్యంబు దలంచిచూడు పరమార్థంబిచ్చి పొమ్మన్న నీ
శ్రీ భాండారములోఁ గొఱంతపడునా శ్రీకాళహస్తీశ్వరా!"	saardulamu
"మొదలన్భక్తులకిచ్చినాఁడవు గదా మోక్షంబు నేఁడేమయా
ముదియంగా ముదియంగఁబుట్టె ఘనమౌ మోహంబు లోభంబున
న్నది సత్యంబు కృపందలంప వొక పుణ్యాత్ముండు నిన్నాత్మ గొ
ల్చి దినంబున్మొఱవెట్టఁగా గటకటా! శ్రీకాళహస్తీశ్వరా!"	mattebhamu
"కాలద్వార కవాటబంధనము దుష్కాల ప్రమాణక్రియా
లీలాజాలక చిత్రగుప్త ముఖవల్మీకోగ్ర జిహ్వాద్భుత
వ్యాళ వ్యాళవిరోధి మృత్యుముఖదంష్ట్రాహార్య వజ్రంబు ది
క్చేలాలంకృత! నీదు నామ మరయన్‌ శ్రీకాళహస్తీశ్వరా!"	saardulamu
"పదివేలైనను లోకకంటకులచేఁ బ్రాపించు సౌఖ్యంబు నా
మదికిం బథ్యముగాదు సర్వమునకున్‌ మధ్యస్థుఁడై సత్యదా
న దయాదుల్గల రాజు నా కొసఁగు మెన్నన్వాని నీయట్ల చూ
చి దినంబున్ముద మొందుదుం గడపటన్‌ శ్రీకాళహస్తీశ్వరా!"	mattebhamu
"తాతల్‌ తల్లియుఁ దండ్రియున్‌ మఱియు బెద్దల్చావగాఁ జూడరో
భీతింబొందఁగనేల చావునకుఁగాఁ బెండ్లాము బిడ్డల్హిత
వ్రాతంబున్బలవింప జంతువులకు న్వాలాయమై యుండఁగాఁ
జేతోవీధి నరుండు నిన్గొలువఁడో శ్రీకాళహస్తీశ్వరా!"	saardulamu
"జాతుల్సెప్పుట సేవసేయుట మృషల్‌ సంధించు టన్యాయవి
ఖ్యాతింబొందుట కొండెకాడవుట హింసారంభకుండౌట మి
థ్యాతాత్పర్యము లాడుటన్నియుఁ బరద్రవ్యంబు నాశించి యీ
శ్రీ తానెన్నియుగంబు లుండఁగలదో శ్రీకాళహస్తీశ్వరా!"	saardulamu
"చెడుగుల్‌ కొందఱు కూడి చేయఁగఁ బనుల్‌ చీకట్లు దూఱంగఁ బా
ల్పడితింగాని చరింపరాని నిను నొల్లంజాలుఁ బొమ్మంచు ని
ల్వెడలం ద్రోచినఁజూరువట్టుకొని నే వ్రేలాడుదుం గోర్కిఁగో
రెడి యర్థంబులు నాకు వే గలుగవో శ్రీకాళహస్తీశ్వరా!"	mattebhamu
"భసితోద్ధూళన ధూసరాంగులు జటాభారోత్తమాంగుల్‌ తపో
వ్యసనుల్‌ సాధితపంచవర్ణరసనుల్‌ వైరాగ్యవంతుల్‌ నితాం
తసుఖస్వాంతులు సత్యభాషణ సముద్యద్రత్నరుద్రాక్షరా
జిసమేతుల్‌ తుదనెవ్వరైనఁ గొలుతున్‌ శ్రీకాళహస్తీశ్వరా!"	mattebhamu
"జలజశ్రీగల మంచినీళ్ళు గలవా చట్రాతిలో బాపురే!
వెలివాడన్మఱి బాఁపనిల్లు గలదా వేసాలు గాకక్కటా!
నలి నారెండుగుణంబులెంచి మదిలో నన్నేమి రోయంగ నీ
చెలువంబైన గుణంబు లెంచుకొనవే శ్రీకాళహస్తీశ్వరా!"	mattebhamu
"గడియల్‌ రెంటికొ మూఁటికో గడియకో కాదేని నేఁడెల్లియో
కడనేఁడాదికొ యెన్నడో యెఱుఁగ మీ కాయంబు లీ భూమిపైఁ
బడఁగా నున్నవి ధర్మమార్గమొకటిం బాటింపరీ మానవుల్‌
చెడుగుల్‌ నీ పదభక్తిం దెలియరో శ్రీకాళహస్తీశ్వరా!"	mattebhamu
"క్షితిలో దొడ్డతురంగసామజములే చిత్రమ్ము లాందోళికా
తతులే లెక్క విలాసినీజన సువస్త్రవ్రాత భూషాకలా
ప తనూజాదికమేమి దుర్లభము నీ పాదమ్ము లర్చించుచో
జితపంకేరుహ పాదపద్మయుగళా శ్రీకాళహస్తీశ్వరా!"	mattebhamu
"సలిలమ్మున్జుళుకప్రమాణ మొక పుష్పమ్మున్భవన్మౌళి ని
శ్చల భక్తిప్రపత్తిచే నరుఁడు పూజల్సేయఁగా ధన్యుఁడౌ
నిల గంగానదిఁ జంద్రఖండమును దా నిందుం దుదింగాంచు నీ
చెలువంబంతయు నీ మహత్త్వమిదిగా శ్రీకాళహస్తీశ్వరా!"	mattebhamu
"తమ నేత్రద్యుతిఁ దామెచూడ సుఖమై తాదాత్మ్యమున్గూర్పఁగా
విమలమ్ము ల్కమలాభము ల్జితలసద్విత్యుల్లతాలాస్యముల్‌
సుమనోబాణజయప్రదమ్ములనుచు న్జూచున్‌ జనంబూని హా
రిమృగాక్షీనివహమ్ము కన్నుఁగవలన్‌ శ్రీకాళహస్తీశ్వరా!"	mattebhamu
"పటవద్రజ్జుభుజంగవద్రజత విభ్రాంతి స్ఫురచ్ఛుక్తివ
ద్ఘటవ చ్చంద్రశిలాజపాకుసుమ రుక్సాంగత్యవత్తంచు వా
క్పటిమల్నేర్తురు చిత్సుఖంబనుభవింపన్‌ లేక దుర్మేధసుల్‌
చిటుకన్నం దలపోయఁజూతురధముల్‌ శ్రీకాళహస్తీశ్వరా!"	mattebhamu
"నిను నిందించిన దక్షుపైఁ దెగవో వాణీనాథు శాసింపవో
చనునా నీ పదపద్మ సేవకులఁ దుచ్ఛంబాడు దుర్మార్గునిం\న్‌
బెనుపన్నీకును నీదు భక్తతతికిన్‌ భేదంబు గానంగ వ
చ్చెనో లేకుండిన నూఱకుండఁగలవా శ్రీకాళహస్తీశ్వరా!"	mattebhamu
"కరిదైత్యున్బొరిగొన్న శూలము కరగ్రస్తంబుగాదో రతీ
శ్వరునిన్‌ గాల్చిన ఫాలలోచన శిఖావర్గంబు చల్లాఱెనో
పరనిందాపరుల న్వధింపవిదియున్‌ భావ్యంబె వారేమి చే
సిరి నీకున్బరమోపకార మరయన్‌ శ్రీకాళహస్తీశ్వరా!"	mattebhamu
"దురము న్దుర్గము రాయబారము మఱిన్‌ దొంగర్కమున్‌ వైద్యమున్‌
నరనాథాశ్రయమోడ బేరమును బెన్మంత్రంబు సిద్ధించినన్‌
అరయన్‌ దొడ్డఫలంబుగల్గునదిగాకా కార్యమే తప్పినన్‌
సిరియుంబోవును బ్రాణహానియు నగున్‌ శ్రీకాళహస్తీశ్వరా!"	mattebhamu
"తనయుం గాంచి ధనంబు వాడి దివిజస్థానంబు గట్టించి వి
ప్రున కుద్వాహముఁ జేసి సత్కృతికిఁ బాత్రుండై తటాకంబు నే
ర్పునఁ ద్రవ్వించి వనంబు బెట్టి మననీ పోలేఁడు నీ సేవజే
సిన పుణ్యాత్ముఁడు పోవు లోకమునకున్‌ శ్రీకాళహస్తీశ్వరా!"	mattebhamu
"క్షితినాథోత్తమ! సత్కవీశ్వరుఁడు వచ్చెన్‌ మిమ్ములంజూడఁగా
నతఁడే మేటి కవిత్వ వైఖరిని? సద్యఃకావ్యనిర్మాత త
త్ప్రతిభ ల్మంచివి తిట్టుపద్యములు చెప్పండాతఁడైనన్‌ మముం
గ్రితమే చూచెను బొమ్మటంచురథముల్‌ శ్రీకాళహస్తీశ్వరా!"	mattebhamu
"నీకుంగాని కవిత్వమెవ్వరికి నేనీనంచు మీఁదెత్తితిన్‌
జేకొంటిన్‌ బిరుదంబు కంకణము ముంజేగట్టితిం బట్టితిన్‌
లోకుల్‌ మెచ్చ వ్రతంబు నా తనువుకీలున్‌ నేర్పులుంగావు ఛీ
ఛీ కాలంబుల రీతి దప్పెడు జుమీ శ్రీకాళహస్తీశ్వరా!"	saardulamu
"నిచ్చల్‌ నిన్ను భజింప చిన్మయమహా నిర్వాణ పీఠంబుపై
రచ్చల్సేయక యార్జవంబు కుజనవ్రాతంబుచేఁగ్రాఁగి భూ
భృచ్చండాలురఁ గొల్చి వారు దను గోపింపన్‌ బుధుండార్తుఁడై
చిచ్చాఱం జమురెల్లఁ జల్లుకొనునో శ్రీకాళహస్తీశ్వరా!"	saardulamu
"దంతంబుల్పడనప్పుడే తనువునన్‌ దార్ఢ్యంబు నున్నప్పుడే
కాంతాసంఘము రోయనప్పుడె జరాక్రాంతంబు గానప్పుడే
వింతల్మేనఁ జరించనప్పుడె కురుల్వెల్వెల్ల గానప్పుడే
చింతింపన్‌వలె నీ పదాంబుజములన్‌ శ్రీకాళహస్తీశ్వరా!"	saardulamu
"ఊరూరన్‌ బవినీని కాండ్లు కవులై యొక్కొక్కచోఁ గొందఱన్‌
కేరే మీరును బాణకాదురనుచున్‌ గీతాలు బోధింపఁగా
సారాసారమెఱుంగలేక మిగులంజౌకయ్యెగా పద్యముల్‌
జేరంజోటికనేది సత్కవులకున్‌ శ్రీకాళహస్తీశ్వరా!"	saardulamu
"దొప్పెండెంగిలి దెచ్చియిచ్చినను గండూషాంబుధారావళిన్‌
దొప్పం దోఁగిన చెప్పుగాల తలపై ద్రొక్కంగ నట్లైనఁ గ
న్నప్పం బాత్రుని జేసితింతటికి సన్మానంబు దీపింపఁగా
చెప్పన్నేరము నీ విహార మహిమల్‌ శ్రీకాళహస్తీశ్వరా!"	saardulamu
"అల యేకార్ణవ వేళ నీవు వటపత్రాకారమై యుండఁగా
చెలువంబొప్పఁగ మాధవుండు గలిగెన్‌ జేరంగఁజోటంచుదా
నెలమిం దామరతంపరై బ్రతికి నాఁడింతాకు పై నుండియే
సిలుగుల్‌ పొందక నీ కతంబునగదా శ్రీకాళహస్తీశ్వరా!"	mattebhamu
"శ్రీ రాముని దయ చేతను
నారూఢిగ సకల జనులు నౌరా యనఁగా
ధారాళమైన నీతులు
నోరూఁరఁగ జవులు పుట్ట నుడివెద సుమతీ!"	kandamu
"అక్కఱకు రాని చుట్టము
మ్రొక్కిన వరమీని వేల్పు మోహరమునఁ దా
నెక్కినఁ బాఱని గుఱ్ఱము
గ్రక్కున విడువంగ వలయుఁ గదరా సుమతీ !"	kandamu
"అడిగిన జీతం బియ్యని
మిడిమేలపు దొరను గొల్చి మిడుకుట కంటెన్‌
వడి గల యెద్దులఁ గట్టుక
మడి దున్నుక బ్రతుక వచ్చు మహిలో సుమతీ!"	kandamu
"అడియాస కొలువుఁ గొలువకు
గుడిమణియము సేయఁబోకు, కుజనులతోడన్‌
విడువక కూరిమి సేయకు
మడవినిఁ దోడరయ కొంటి నరుగకు సుమతీ!"	kandamu
"అధరము గదలియుఁ గదలక
మధురములగు భాషలుడిగి మౌనవ్రతుఁడౌ
నధికార రోగపూరిత
బధిరాంధక శవముఁ జూడఁ బాపము సుమతీ!"	kandamu
"అప్పుగొని చేయు విభవము
ముప్పునఁ బ్రాయంపుటాలు మూర్ఖుని తపము\న్‌
దప్పరయని నృపురాజ్యము
దెప్పరమై మీఁదఁ గీడు దెచ్చుర సుమతీ!"	kandamu
"అప్పిచ్చు వాఁడు వైద్యుఁడు
నెప్పుడు నెడతెగక పాఱు నేఱును ద్విజుఁడున్‌
జొప్పడిన యూర నుండుము 
చొప్పడ కున్నట్టి యూరుఁ జొరకుము సుమతీ!"	kandamu
"అల్లుని మంచితనంబును
గొల్లని సాహిత్యవిద్య కోమలి నిజము\న్‌
బొల్లున దంచిన బియ్యముఁ
దెల్లని కాకులును లేవు తెలియర సుమతీ!"	kandamu
"ఆఁకొన్న కూడె యమృతము
తాఁకొంకక నిచ్చు వాఁడె దాత ధరిత్రి\న్‌
సోఁకోర్చు వాఁడె మనుజుఁడు
తేఁకువ కల వాఁడె వంశతిలకుఁడు సుమతీ!"	kandamu
"ఆఁకలి యుడుగని కుడుపును
వేఁకటియగు లంజ పడుపు విడువని బ్రతుకు\న్‌
బ్రాఁకొన్న నూతి యుదకము
మేఁకల పాఁడియును రోఁత మేదిని సుమతీ!"	kandamu
"ఇచ్చునదె విద్య రణమునఁ
జొచ్చునదే మగతనంబు సుకవీశ్వరులున్‌
మెచ్చునదె నేర్పు, వాదుకు 
వచ్చునదే కీడు సుమ్ము వసుధను సుమతీ!"	kandamu
"ఇమ్ముగఁ జదువని నోరును
'నమ్మా' యని పిలిచి యన్న మడుగని నోరు\న్‌
దమ్ములఁ బిలువని నోరును
గుమ్మరి మను ద్రవ్వినట్టి గుంటర సుమతీ!"	kandamu
"ఉడుముండదె నూఱేండ్లును
బడియుండదె పేర్మిఁ బాము పదినూఱేండ్లున్‌
మడువునఁ గొక్కెర యుండదె
కడు నిలఁ బురుషార్థపరుఁడు గావలె సుమతీ!"	kandamu
"ఉత్తమ గుణములు నీచున
కెత్తెఱఁగున గలుగ నేర్చు నెయ్యెడలం దా
నెత్తిచ్చి కఱఁగి పోసిన
నిత్తడి బంగారమగునె యిలలో సుమతీ!"	kandamu
"ఉదకము ద్రావెడు హయమును
మదమున నుప్పొంగుచుండు మత్తేభంబున్‌
మొదవు కడనున్న వృషభముఁ
జదువని యా నీచుఁ జేరఁ జనకుర సుమతీ!"	kandamu
"ఉపకారికి నుపకారము
విపరీతము గాదు సేయ వివరింపంగా
నపకారికి నుపకారము 
నెపమెన్నక సేయువాఁడు నేర్పరి సుమతీ!"	kandamu
"ఉపమింప మొదలు తియ్యన
కపటం బెడనెడను జెఱకు కైవడి నేపో
నెపములు వెదకును గడపటఁ
గపటపు దుర్జాతి పొందు గదరా సుమతీ!"	kandamu
"ఎప్పటి కెయ్యది ప్రస్తుత
మప్పటి కా మాటలాడి యన్యుల మనముల్‌
నొప్పింపక తానొవ్వక
తప్పించుక తిరుగువాఁడు ధన్యుడు సుమతీ!"	kandamu
"ఎప్పుడుఁ దప్పులు వెదకెడు
నప్పురుషునిఁ గొల్వఁగూడ దది యెట్లన్నన్‌
సర్పంబు పడగ నీడను
గప్ప వసించిన విధంబు గదరా సుమతీ!"	kandamu
"ఎప్పుడు సంపద కలిగిన
నప్పుడె బంధువులు వత్తురది యెట్లన్నన్‌
దెప్పలుగఁ జెఱువు నిండినఁ
గప్పలు పదివేలు చేరుఁగదరా సుమతీ!"	kandamu
"ఏఱకుమీ కసుగాయలు
దూఱకుమీ బంధుజనుల దోషము సుమ్మీ
పాఱకుమీ రణమందున 
మీఱకుమీ గురువులాజ్ఞ మేదిని సుమతీ!"	kandamu
"ఒకయూరికి నొక కరణము
నొక తీర్పరియైనఁ గాక నొగిఁ దఱచైనన్‌
గకవికలు గాకయుండునె
సకలంబును గొట్టువడక సహజము సుమతీ!"	kandamu
"ఒల్లని సతి నొల్లని పతి
నొల్లని చెలికాని విడువ నొల్లని వాఁడే
గొల్లండు కాక ధరలో
గొల్లండును గొల్లఁడౌనె గుణమున సుమతీ!"	kandamu
"ఓడల బండ్లును వచ్చును
ఓడలు నాబండ్లమీఁద నొప్పుగ వచ్చున్
ఓడలు బండ్లును వలెనే 
వాడంబడుఁ గలిమి లేమి వసుధను సుమతీ!"	kandamu
"కడు బలవంతుండైనను
బుడమినిఁ బ్రాయంపుటాలిఁ బుట్టినయింటన్‌
దడవుండ నిచ్చెనేనియుఁ
బడుపుగ నంగడికిఁ దానె పంపుట సుమతీ!"	kandamu
"కనకపు సింహాసనమున 
శునకముఁ గూర్చుండఁబెట్టి శుభ లగ్నమునం
దొనరఁగఁ బట్టము గట్టిన
వెనుకటి గుణమేల మాను వినరా సుమతీ!"	kandamu
"కప్పకు నొరగాలైనను
సర్పమునకు రోగమైన సతి తులువైనన్‌
ముప్పున దరిద్రుఁడైనను
దప్పదు మఱి దుఃఖమగుట తథ్యము సుమతీ!"	kandamu
"కమలములు నీటఁ బాసినఁ
గమలాప్తుని రశ్మి సోఁకి కమలిన భంగిన్‌
దమ తమ నెలవులు దప్పినఁ
దమ మిత్రులు శత్రులౌట తథ్యము సుమతీ!"	kandamu
"కరణముఁ గరణము నమ్మిన
మరణాంతకమౌను గాని మనలేఁడు సుమీ
కరణము దన సరి కరణము
మఱి నమ్మక మర్మమీక మనవలె సుమతీ!"	kandamu
"కరణముల ననుసరింపక
విరసంబునఁ దిన్నతిండి వికటించుఁ జుమీ
యిరుసునఁ గందెనఁ బెట్టక
పరమేశ్వరు బండియైనఁ బాఱదు సుమతీ!"	kandamu
"కరణము సాధై యున్నను
గరి మదముడిఁగినను బాము గఱవకయున్నన్‌
ధరఁ దేలు మీటకున్నను
గర మరుదుగ లెక్కఁగొనరు గదరా సుమతీ!"	kandamu
"కసుగాయఁ గఱచి చూచిన
మసలక దనయొగరు గాక మధురంబగునా?
పసగలుగు యువతు లుండగఁ
బసిబాలలఁ బొందువాఁడు పసరము సుమతీ!"	kandamu
"కవిగాని వాని వ్రాఁతయు
నవరసభావములులేని నాతుల వలంపున్‌
దవిలి చను పందినేయని
వివిధాయుధకౌశలంబు వృథరా సుమతీ!"	kandamu
"కాదుసుమీ దుస్సంగతి
పోదుసుమీ కీర్తికాంత పొందినపిదపన్‌
వాదుసుమీ యప్పిచ్చుట
లేదుసుమీ సతులవలపు లేశము సుమతీ!"	kandamu
"కాముకుఁడు దనిసి విడిచిన
కోమలిఁ బరవిటుఁడు గవయ గూడుటయెల్లన్‌
బ్రేమమునఁ జెఱకుపిప్పికి
జీమలు వెస మూఁగినట్లు సిద్ధము సుమతీ!"	kandamu
"కారణము లేని నగవును
బేరణమును లేని లేమ పృథివీస్థలిలోఁ
బూరణము లేని బూరెయు
వీరణములు లేని పెండ్లి వృథరా సుమతీ!"	kandamu
"కులకాంత తోడనెప్పుడుఁ
గలహింపకు వట్టితప్పు ఘటియింపకుమీ
కలకంఠికంట కన్నీ
రొలికిన సిరి యింటనుంట నొల్లదు సుమతీ!"	kandamu
"కూరిమిగల దినములలో
నేరము లెన్నఁడును గలుగ నేరవు మఱి యా
కూరిమి విరసంబైనను
నేరములే తోఁచుచుండు నిక్కము సుమతీ!"	kandamu
"కొంచెపు నరు సంగతిచే
నంచితముగఁ గీడు వచ్చు నది యెట్లన్నన్‌
గించిత్తు నల్లి కుట్టిన
మంచమునకుఁ జేటువచ్చు మహిలో సుమతీ!"	kandamu
"కొక్కోకమెల్లఁ జదివినఁ
జక్కనివాఁడైన రాజ చంద్రుండైనన్‌
మిక్కిలి రొక్కంబీయక
చిక్కదురా వారకాంత సిద్ధము సుమతీ!"	kandamu
"కొఱగాని కొడుకు పుట్టినఁ
గొఱగామియె కాదు తండ్రి గుణములఁ జెఱచున్‌
జెఱకు తుద వెన్ను పుట్టినఁ
జెఱకునఁ దీపెల్లఁ జెఱచు సిద్ధము సుమతీ!"	kandamu
"కోమలి విశ్వాసంబును
బాములతోఁ జెలిమి యన్యభామల వలపున్‌
వేముల తియ్యఁదనంబును
భూమీశుల నమ్మికలును బొంకుర సుమతీ!"	kandamu
"గడనగల మగనిఁ జూచిన
నడుగడుగున మడుఁగులిడుదు రతివలు తమలోఁ
గడనుడుగు మగనిఁ జూచిన
నడపీనుఁగు వచ్చెననుచు నగుదురు సుమతీ!"	kandamu
"చింతింపకు గడచినపని
కింతులు వలతురని నమ్మ కెంతయు మదిలో
నంతఃపురకాంతలతో
మంతనములుమాను మిదియె మతముర సుమతీ!"	kandamu
"చీమలు పెట్టిన పుట్టలు
పాముల కిరవైనయట్లు పామరుఁడు దగన్‌
హేమంబుఁ గూడఁ బెట్టిన
భూమీశుల పాలఁ జేరు భువిలో సుమతీ!"	kandamu
"చుట్టములు గాని వారలు
చుట్టములము నీ కటంచు సొంపు దలిర్పన్‌
నెట్టుకొని యాశ్రయింతురు
గట్టిగ ద్రవ్యంబు గలుగఁ గదరా సుమతీ!"	kandamu
"చేతులకుఁ దొడవు దానము
భూతల నాథులకుఁ దొడవు బొంకమి ధరలో
నీతియ తొడవెవ్వారికి
నాతికి మానంబు తొడవు నయముగ సుమతీ!"	kandamu
"తడవోర్వక యొడలోర్వక
కడువేగం బడచిపడినఁ గార్యంబగునే
తడవోర్చిన నొడలోర్చినఁ
జెడిపోయిన కార్యమెల్లఁ జేకుఱు సుమతీ!"	kandamu
"తన కోపమె తన శత్రువు
తన శాంతమె తనకు రక్ష దయ చుట్టంబౌఁ
దన సంతోషమె స్వర్గము
తన దుఃఖమె నరకమండ్రు తథ్యము సుమతీ!"	kandamu
"తన యూరి తపసితనమును
దన పుత్త్రుని విద్య పెంపుఁ దన సతి రూపున్‌
దన పెరటిచెట్టు మందును
మనసున వర్ణింపరెట్టి మనుజులు సుమతీ!"	kandamu
"తన కలిమి యింద్ర భోగము
తన లేమియె సర్వలోక దారిద్ర్యంబు\న్‌
దన చావు జగత్ప్రళయము
తను వలచినదియె రంభ తథ్యము సుమతీ!"	kandamu
"తన వారు లేని చోటను
జనువించుక లేని చోట జగడము చోటన్‌
అనుమానమైన చోటను
మనుజునకును నిలువఁదగదు మహిలో సుమతీ!"	kandamu
"తమలము సేయని నోరును
విమతులతోఁ జెలిమిసేసి వెతఁబడు తెలివిన్‌
(రమణుల చనుమొనలమీఁద రాయని మేనున్‌)
గమలములు లేనికొలఁకును
హిమధాముఁడు లేని రాత్రి హీనము సుమతీ!"	kandamu
"తలనుండు విషము ఫణికిని
వెలయంగాఁ దోఁక నుండు వృశ్చికమునకున్‌
తల తోఁక యనక యుండును
ఖలునకు నిలువెల్ల విషము గదరా సుమతీ!"	kandamu
"తలపొడవు ధనముఁ బోసిన
వెలయాలికి నిజములేదు వివరింపఁగాఁ
దల దడవి బాసఁజేసిన
వెలయాలిని నమ్మరాదు వినరా సుమతీ!"	kandamu
"తలమాసిన నొలుమాసిన
వలువలు మాసినను బ్రాణవల్లభునైనన్‌
గులకాంతలైన రోఁతురు
తిలకింపఁగ భూమిలోనఁ దిరముగ సుమతీ!"	kandamu
"తాననుభవింప నర్థము
మానవపతిఁ జేరుఁ గొంత మఱి భూగతమౌఁ
గానల నీఁగలు గూర్చిన
తేనియ యొరుఁజేరునట్లు తిరముగ సుమతీ!"	kandamu
"దగ్గఱ కొండెము చెప్పెడు
ప్రెగ్గడ పలుకులకు రాజు ప్రియుఁడై మఱి తా
నెగ్గుఁ బ్రజ కాచరించుట
బొగ్గులకై కల్పతరువుఁ బొడుచుట సుమతీ!"	kandamu
"ధనపతి సఖుఁడై యుండియు
నెనయంగా శివుఁడు భిక్ష మెత్తఁగవలసెన్‌
దనవారి కెంత కలగినఁ
దనభాగ్యమె తనకుఁగాక తథ్యము సుమతీ!"	kandamu
"ధీరులకుఁ జేయు మేలది
సారంబగు నారికేళ సలిలము భంగిన్‌
గౌరవమును మఱి మీఁదట
భూరి సుఖావహము నగును భువిలో సుమతీ!"	kandamu
"నడువకుమీ తెరువొక్కటఁ
గుడువకుమీ శత్రునింటఁ గూరిమి తోడన్‌
ముడువకుమీ పరధనముల
నుడువకుమీ యొరుల మనసు నొవ్వఁగ సుమతీ!"	kandamu
"నమ్మకు సుంకరి జూదరి
నమ్మకు మగసాలివాని నటు వెలయాలిన్‌
నమ్మకు మంగడివానిని
నమ్మకుమీ వామహస్తు నవనిని సుమతీ!"	kandamu
"నయమునఁ బాలుం ద్రావరు
భయమున విషమ్మునైన భక్షింతురుగా
నయమెంత దోసకారియొ
భయమే చూపంగ వలయు బాగుగ సుమతీ!"	kandamu
"నరపతులు మేరఁ దప్పినఁ
దిర మొప్పగ విధవ యింటఁ దీర్పరియైనన్‌
గరణము వైదికుఁడయినను
మరణాంతకమౌను గాని మానదు సుమతీ!"	kandamu
"నవరస భావాలంకృత
కవితా గోష్ఠియును మధుర గానంబును దా
నవివేకి కెంతఁ జెప్పినఁ
జెవిటికి సంకూదినట్లు సిద్ధము సుమతీ!"	kandamu
"నవ్వకుమీ సభ లోపల
నవ్వకుమీ తల్లిదండ్రి నాథుల తోడన్‌
నవ్వకుమీ పరసతితో
నవ్వకుమీ విప్రవరుల నయమిది సుమతీ!"	kandamu
"నీరే ప్రాణాధారము
నోరే రసభరితమైన నుడువులకెల్లన్‌
నారియె నరులకు రత్నము
చీరయె శృంగారమండ్రు సిద్ధము సుమతీ!"	kandamu
"పగ వలదెవ్వరి తోడను
వగవంగా వలదు లేమి వచ్చిన పిదపన్‌
దెగనాడవలదు సభలను
మగువకు మనసీయవలదు మహిలో సుమతీ!"	kandamu
"పతికడకుఁ దన్నుగూర్చిన
సతికడకును వేల్పుకడకు సద్గురుకడకున్‌
సుతుకడకు రిత్తచేతుల
మతిమంతులు చనరు నీతి మార్గము సుమతీ!"	kandamu
"పనిచేయు నెడల దాసియు
ననుభవమున రంభ మంత్రి యాలోచనలన్‌
దన భుక్తియెడలఁ దల్లియు
ననఁ దన కులకాంత యుండ నగురా సుమతీ!"	kandamu
"పరనారీసోదరుఁడై
పరధనముల కాసపడక పరులకు హితుఁడై
పరులు దనుఁ బొగడ నెగడియు
పరులలిగిన నలుగనతఁడు పరముఁడు సుమతీ!"	kandamu
"పరసతి కూటమిఁ గోరకు
పరధనముల కాసపడకు పరునెంచకుమీ
సరిగాని గోష్ఠి సేయకు
సిరి చెడిఁ జుట్టంబుకడకుఁ జేరకు సుమతీ!"	kandamu
"పరసతుల గోష్ఠినుండిన
పురుషుడు గాంగేయుఁడైన భువి నిందబడున్‌
బరసతి సుశీలయైనను
బరుసంగతి నున్న నిందపాలగు సుమతీ!73"	kandamu
"పరు నాత్మఁ దలఁచు సతి విడు
మఱుమాటలు పలుకు సుతుల మన్నింపకుమీ
వెఱపెఱుఁగని భటు నేలకు
తఱచుగ సతిఁ గవయఁబోకు తగదుర సుమతీ!"	kandamu
"పరుల కనిష్టము సెప్పకు
పొరుగిండ్లకుఁ బనులులేక పోవకుమెపుడున్‌
బరుఁ గవిసిన సతి గవయకు
మెఱిఁగియు బిరుసైన హయమునెక్కకు సుమతీ!"	kandamu
"పర్వముల సతులఁ గవయకు
ముర్వీశ్వరు కరుణ నమ్మి యుబ్బకు మదిలో
గర్వింప నాలిఁ బెంచకు
నిర్వహణము లేనిచోట నిలువకు సుమతీ!"	kandamu
"పలు దోమి సేయు విడియము
తల గడిగిన నాఁటినిద్ర తరుణుల తోడన్‌
బొల యలుక నాఁటి కూటమి
వెల యింతని చెప్పరాదు వినురా సుమతీ!"	kandamu
"పాటెఱుగని పతికొలువును
గూటంబున కెఱుకపడని కోమలి రతియున్‌
బేఁటెత్తఁజేయు చెలిమియు
నేటికి నెదురీఁదినట్టు లెన్నర సుమతీ!"	kandamu
"పాలను గలసిన జలమును
బాల విధంబుననె యుండుఁ బరికింపంగాఁ
బాల చవిఁ జెఱచుఁ గావున
బాలసుఁడగువాని పొందు వలదుర సుమతీ!"	kandamu
"పాలసునకైన యాపద
జాలింబడి తీర్పఁదగదు సర్వజ్ఞునకున్‌
దేలగ్నిఁ బఁడగఁ బట్టిన
మేలెఱుఁగునె మీటుఁగాక మేదిని సుమతీ!"	kandamu
"పిలువని పనులకుఁ బోవుట
కలయని సతిరతియు రాజుగానని కొలువున్‌
బిలువని పేరంటంబును
వలవని చెలిమియును జేయవలదుర సుమతీ!"	kandamu
"పురికిని బ్రాణము కోమటి
వరికిని బ్రాణంబు నీరు వసుమతి లోన\న్‌
గరికిని బ్రాణము తొండము
సిరికిని బ్రాణంబు మగువ సిద్ధము సుమతీ!"	kandamu
"పులిపాలు తెచ్చి యిచ్చిన
నలవడఁగ గుండెగోసి యఱచే నిడినన్‌
దల పొడుగు ధనముఁ బోసిన
వెలయాలికిఁ గూర్మి లేదు వినురా సుమతీ!"	kandamu
"పెట్టిన దినములలోపల
నట్టడవులకైన వచ్చు నానార్థములున్‌
బెట్టని దినములఁ గనకపు
గట్టెక్కిన నేమి లేదు గదరా సుమతీ!"	kandamu
"పొరుగునఁ బగవాఁడుండిన
నిరవొందఁగ వ్రాఁతగాఁడె యేలికయైన\న్‌
ధరఁ గాఁపు కొండెమాడినఁ
గరణాలకు బ్రతుకులేదు గదరా సుమతీ!"	kandamu
"బంగారు కుదువఁ బెట్టకు
సంగరమునఁ బాఱిపోకు సరసుఁడవైనన్‌
నంగడి వెచ్చము లాడకు
వెంగలితోఁ జెలిమి వలదు వినురా సుమతీ!"	kandamu
"బలవంతుఁడ నాకేమని
పలువురతో నిగ్రహించి పలుకుట మేలా?
బలవంతమైన సర్పము
చలి చీమల చేతఁ జిక్కి చావదె సుమతీ!"	kandamu
"మండలపతి సముఖంబున
మెండైన ప్రధానిలేక మెలఁగుట యెల్లన్‌
గొండంత మదపుటేనుఁగు
తొండము లేకుండినట్టు దోఁచుర సుమతీ!"	kandamu
"మంత్రిగలవాని రాజ్యము
తంత్రము చెడకుండ నిలచుఁ దఱచుగ ధరలో
మంత్రివిహీనుని రాజ్యము
జంత్రపుఁ గీలూడినట్లు జరుగదు సుమతీ!"	kandamu
"మాటకుఁ బ్రాణము సత్యము
కోటకుఁ బ్రాణంబు సుభటకోటి ధరిత్రిన్‌
బోటికిఁ బ్రాణము మానము
చీటికిఁ బ్రాణంబు వ్రాలు సిద్ధము సుమతీ!"	kandamu
"మానఘనుఁ డాత్మధృతిఁ జెడి
హీనుండగువాని నాశ్రయించుట యెల్లన్‌
మానెఁడు జలములలోపల
నేనుఁగు మెయి దాఁచినట్టు లెఱుగుము సుమతీ!"	kandamu
"రాపొమ్మని పిలువని యా
భూపాలునిఁ గొల్వ భుక్తి ముక్తులు గలవే?
దీపంబు లేని యింటను
జేపుణికిళ్ళాడినట్లు సిద్ధము సుమతీ!"	kandamu
"రూపించి పలికి బొంకకు
ప్రాపగు చుట్టంబు నెగ్గు పలుకకు మదిలోఁ
గోపించు రాజుఁ గొల్వకు
పాపపు దేశంబు సొరకు పదిలము సుమతీ!"	kandamu
"లావు గలవాని కంటెను
భావింపఁగ నీతిపరుఁడు బలవంతుఁడౌ
గ్రావంబంత గజంబును
మావటివాఁడెక్కినట్లు మహిలో సుమతీ!"	kandamu
"వఱదైన చేను దున్నకు
కఱవైనను బంధుజనుల కడ కేఁగకుమీ
పరులకు మర్మము సెప్పకు
పిఱికికి దళవాయితనముఁ బెట్టకు సుమతీ!"	kandamu
"వరిపంట లేని యూరును
దొరయుండని యూరు తోడు దొరకని తెరువున్‌
ధరను బతిలేని గృహమును
నరయంగా రుద్రభూమి యనఁదగు సుమతీ!"	kandamu
"వినఁదగు నెవ్వరు సెప్పిన
వినినంతనె వేగపడక వివరింపఁదగున్‌
గని కల్ల నిజముఁ దెలిసిన
మనుజుఁడె పో నీతిపరుఁడు మహిలో సుమతీ!"	kandamu
"వీడెము సేయని నోరును
జేడెల యధరామృతంబుఁ జెందని నోరున్‌
బాడంగరాని నోరును
బూడిద కిరవైన పాడు బొందర సుమతీ."	kandamu
"వెలయాలివలనఁ గూరిమి
గలుగదు మఱిఁ గలిగెనేని కడతేరదుగా
పలువురు నడిచెడు తెరువునఁ
బులు మొలవదు మొలిచెనేని బొదలదు సుమతీ!"	kandamu
"శుభముల నొందని చదువును
నభినయమును రాగరసము నందని పాటల్‌
అభిలాష లేని కూటమి
సభమెచ్చని మాటలెల్లఁ జప్పన సుమతీ!"	kandamu
"సరసము విరసము కొఱకే
పరిపూర్ణసుఖంబు లధిక బాధల కొఱకే
పెరుఁగుట విరుఁగుట కొఱకే
ధరతగ్గుట హెచ్చుకొఱకె తథ్యము సుమతీ."	kandamu
"మేలెంచని మాలిన్యుని
మాలను నగసాలివాని మంగలి హితుగా
నేలిన నరపతి రాజ్యము
నేలఁ గలసిపోవుఁగాని నెగడదు సుమతీ."	kandamu
"స్త్రీలయెడ వాదులాడకు
బాలురతోఁ జెలిమి సేసి భాషింపకుమీ
మేలైన గుణము విడువకు
యేలినపతి నిందసేయ కెన్నడు సుమతీ."	kandamu
"సిరిదా వచ్చిన వచ్చును
సలలితముగ నారికేళ సలిలము భంగిన్‌
సిరి దాఁ బోయిన బోవును
కరిమ్రింగిన వెలగపండు కరణిని సుమతీ."	kandamu
"మది నొకని వలచియుండఁగ
మది చెడి యొక క్రూరవిటుఁడు మానక తిరుగున్‌
అది చిలుకఁ బిల్లిపట్టినఁ
జదువునె యాపంజరమున జగతిని సుమతీ."	kandamu
"పుత్త్రోత్సాహము తండ్రికి
బుత్త్రుఁడు జన్మించినపుడే పుట్టదు జను లా
పుత్త్రునిఁ గనుఁగొని పొగడఁగఁ
బుత్త్రోత్సాహంబు నాఁడు పొందుర సుమతీ."	kandamu
"వెలయాలు సేయు బాసలు
వెలయఁగ నగసాలిపొందు వెలమల చెలిమియున్‌
గలలోనఁ గన్న కలిమియు
విలసితముగ నమ్మరాదు వినురా సుమతీ."	kandamu
"వేసరఁపు జాతి గానీ
వీసముఁ దాఁ జేయనట్టి వెంగలి గానీ
దాసికొడుకైనఁ గానీ
కాసులు గలవాఁడె రాజు గదరా సుమతీ."	kandamu
"శ్రీలలరంగఁ జంద్రకళ చెల్వున లేనునునవ్వువెన్నెలల్
గీలుకొనంగ నంగజశిలీముఖరీతిఁ జెలంగుచున్న నీ
లీల కనుంగొనంగ నవలీల నఖండసమస్తభూతలం -
బేలినకన్న సౌఖ్యమని యెంతుఁ జుమా మది సుందరీమణీ!"	vutpalamaala
"నినుఁ దొలునాఁటికూటమిని నేరుపుఁతో జెలులెల్ల మెల్లమె-
ల్లనె పడకింటిలోని కొకలాగునఁ దెచ్చిననాఁటి సిగ్గుతో
నెనసిన యోరచూపులిఁక నేమననాఁటను గల్వదండలో
యన వెలుఁగొందె నేఁటి కెదనంటిన ముల్కులు సుందరీమణీ!"	champakamaala
"ముసిముసినవ్వుతోఁ జిగురుమోవి కదల్పుచుఁ జన్నుదోయి నె-
న్నొసలు చమర్చఁగా ననుఁ గనుంగొని నానమరల్చు జూపులఁ-
య్యసమశరుండు మున్ను యెదనంటఁగ గ్రుచ్చి పెగల్చు పూవునా-
రసములనంగఁ దోఁచఁగ దరంబులె యోర్వఁగ సుందరీమణీ!"	vutpalamaala
"సరసములాడు నేర్పు కనుసైగలు సేసెడు నేర్పు నా మనం-
బెఱిఁగెడు నేర్పు నెమ్మది నొకించుక గోపము సేయు నేర్పు క్ర-
మ్మఱ మురిపెంబుతోడ బ్రతిమాలెడు నేర్పు మనోజకేళిలోఁ
గరఁగెడు నేర్పు నీకె తగుఁగాదె తలంపఁగ సుందరీమణీ!"	champakamaala
"పాపటదీర్చి నెన్నొసటిపై నునుపై యసియాడు చేయుచు-
క్కాపయిఁ గూర్చి గుబ్బలనొయారపు జాఱుపయంట చేర్చి వాల్
జూపుల నాదు మానసము చూఱఁగొనన్ సొగసైన రత్నపుం
దీపములాగ నా యెదుర నిల్చుట యెన్నడొ సుందరీమణీ!"	vutpalamaala
"క్రొమ్ముడివీడ గబ్బిచనుగుబ్బల పేరులు చింద నత్తుము-
త్యమ్ము చలింపఁ గేలు కడియమ్ముల చప్పుడు లుప్పతిల్ల లేఁ
జెమ్మట మేను గ్రమ్మ మగఁసేతలు సేయుచు మోవితేనె తే-
తెమ్మని చెక్కు గొట్టుదువె, దిట్టతనమ్మున సుందరీమణీ!"	vutpalamaala
"పదకటకంబు ఘళ్లురనఁ బైకిఁ జివాలున వ్రాలి గుబ్బలుం
గదుములు కట్ట ఱొమ్మదిమి గంటుగవాతెఱ నొక్కి మైగగు-
ర్పొదవఁగఁ బయ్యెఁదం జెమటలొత్తుచుఁ గేరుచుఁ గ్రిందుమీదుగాఁ
బొదువుచు నీవె నన్ గవయు పోడుములెన్నఁడు సుందరీమణీ!"	champakamaala
"అలిగినవేళనైన మొగమారసి నవ్వక మానలేవు కౌఁ-
గిలి వదలంగలేవు తమిగీల్కొనఁగా నిదురించునప్పుడుం
గలయికనైన నే నలయఁగా గని పైకొన కోర్వలేవు, నీ
చెలిమి దలంచి, యే కరణిఁ జెందెద ధైర్యము సుందరీమణీ!"	champakamaala
"తళుకుల దొంతి! పూవిలుతుదంతి! కడాని శలాక! కెంపురా-
మొలక! మెఱుంగుఁదీవ! నునుముత్తెమ! చక్కఁదనాలకుప్ప! యొ-
ప్పులగని! ముద్దుగుమ్మ! యని పొంగుచు నే వెయినోళ్లచేత నీ
చెలువము మెచ్చికొందుఁ దమి చిత్తములోపల సుందరీమణీ!"	champakamaala
"మును కనుఱెప్ప వేయు క్షణమున్ యుగరీతిని దోఁచునట్టి నే
నిను నెడఁబాయఁ బ్రాణములు నిల్చె, నిదేమని కొంతసేపు నె-
మ్మనమునఁ జింత చేసి వినుమా పరికించితి నంతలోనె నీ
ఘనమధురాధరామృతము కారణమౌనని సుందరీమణీ!"	champakamaala
"బంగరుతీఁగెవంటి మెయి పట్టెఁడు గుబ్బలు, చేరెఁ డేసి క-
న్నుంగలువల్ కనన్ మినుమినుక్కను కౌన్ బలుమేల్‍పిఱుందు జం-
కుం గళలుల్లసిల్ల నిటకున్ సిరిచుక్క యనంగ వచ్చి మా
ముంగల నిల్చుటెన్నఁడొకొ ముచ్చట దీరఁగ సుందరీమణీ!"	vutpalamaala
"తమ మధురత్వసంపదగదా యిది దొంగిలెనంచు మోద న-
య్యమృతపుబిందువోయనఁగ నందమునం దగు ముక్కునత్తుము-
త్యము నునుమోవి మాటికిని దాకుచునుండఁగఁ బూరుషాయిత-
క్రమమున నుండు నిన్ దలఁపఁగాఁ గరఁగున్ మది సుందరీమణీ!"	champakamaala
"చెలఁగుచు మీఱి నీదు నునుజెక్కులు గోరుల నొక్కకున్న మె-
చ్చులుగల నీదు మోవి చవిచూడకయుండిన నీదు పల్కులూ-
హలఁ గొనకున్న నీ తళుకు లందము నీ గుజరాతికెంపు లీ
చిలుకలు నేల నే గణన సేతునె వీనిని, సుందరీమణీ!"	champakamaala
"అలుక యిదేమిరా! వెగటులాడకురా! దయతోడ జూడరా!
పలుక విదేలరా! గడుసు పల్కులెఱుంగని చిన్నదానరా!
చెలిమిఁ దలంపరా! మనవి చేకొనరా వినరా మనోహరా!
చెలువుఁడ యన్న నీ నెనరు చిత్తము వాయదు సుందరీమణీ!"	champakamaala
"తల లొకయింత యెత్తి నునుదళ్కులుపై వెదజల్లి గొంటుపోఁ
కలవలెనుండి బంతులయి గట్టితనంబున కౌళ్లుగట్టి చెం-
తల నెఱనిండె నాంతరసుధాకలశంబులఁ గేరు నీ కుచం-
బులఁ బవళించి, నేఁ దనివి పొందుట యెన్నఁడొ సుందరీమణీ!"	champakamaala
"రతిఁ జిగురాకువంటి యధరంబు చుఱుక్కునఁ బంటనొక్కి సీ-
త్కృతి యొనరించి, బొమ్మముడి దేరఁగ నోరగఁజూచి, నీకు నీ
గతి నొనరించనేర్తునని, గంటుగ నా నునుమోవి నొక్కి నొ-
చ్చితివే యటంచుఁ గేలఁ బరిశీలన చేతువె సుందరీమణీ!"	champakamaala
"చెలఁగి కికాకిక న్నగుచుఁ జిల్కలమంచముమీఁదఁ గేరుచున్
గులుకుమెఱుంగుగబ్బిచనుగుబ్బ లురమ్మునఁ గూర్చి రేపవల్
తెలియక యుండువేళ సుదతీ! నిను నన్నెడబాపినట్టి యా
నలువకుఁ బూజ లేదుగద! నాఁటికి నేటికి, సుందరీమణీ!"	champakamaala
"చిలుకలకొల్కి! నీ నగవుచిల్కెడు నెమ్మొగ మొక్కమాఱు క-
న్నులఁ గనుఁగొన్ననాఁడు మదనుండు ననుం గరుణించుగాక! యో
చెలి, నినుఁ బాసి వ్యర్థగతిఁ జెందిననాఁ డకటా! మరుండు కే-
వలమతి కర్కశాస్త్రముల వంచును నొంచును సుందరీమణీ!"	champakamaala
"కాటుకకంటి నిగ్గులెసఁగం బొసఁగంగను నీ కటాక్షమై
నాటెను ఱొమ్ము తాళఁగలనా లలనా? యిదిగాక కప్రపున్
వీటి యొసంగుచుం బికిలిపిట్ట వగం, గవ గన్ననాటి నీ
కూటము లెన్న గుండె కరఁగుఁన్ జరగున్ ధృతి సుందరీమణీ!"	vutpalamaala
"సొలయక నీవు పౌరుషముఁ జూపుచుఁ గంతురణం బొనర్ప నే-
నలకలు గోళదువ్వి, తెలనాకుల చుట్టలొసంగి, తాని పు-
వ్వుల సురటీల వీవ, నునుపుంగవు నల్లన బిగ్గఁబట్టి, నీవు యిం-
పులఁ బరిచర్య సేఁత దలపోయుదొ లేదొకొ సుందరీమణీ!"	champakamaala
"మించు ధర న్నటించె లత మేదినిపైఁ జరియించె నేమొకో
యంచుఁ దలంచుచున్న తరి నచ్చపుబంగరుబొమ్మరీతి మ-
త్కాంచనసౌధసన్నిధిని గాంచి మదీయతపఃఫలంబె కా-
నెంచెద నన్ను నమ్మము రతీశుని సాక్షిగ సుందరీమణీ!"	vutpalamaala
"చక్కెరబొమ్మ! నీ మొగము చక్కదనంబు పిఱుందునంద మా
చెక్కుల చెక్కు పల్వరుస చెల్వము నూరుల తీరు లయ్యరే!
యెక్కడఁజూడ నీవె కృప నించుక చూడకయున్న మానునే,
చక్కెరవింటిదంట సుమసాయక మేయక? సుందరీమణీ!"	vutpalamaala
"నేటికి నిండె నా తపము నిక్కమటంచు సుఖించి యుంటి, స-
య్యాటల నాటపాటల నొయారపుదేటల ముద్దుమాటలన్
గూటమి నేలు నిన్నుఁ గని కోమలి! నిన్నెడబాసి యుంటి నీ-
నాఁటికి నేది మున్నెడ నొనర్చితినో యిట సుందరీమణీ!"	vutpalamaala
"బహుతరలజ్జఁ గన్ను లొక పాళముగా ముకుళించి, నీ యురో-
రుహముల నీవిపైఁ గరసరోజములుంచి, తొడల్ బిగించ నే
రహి వలువెల్లఁ బాపఁగఁ బిరాలునఁ దొల్తటికూటమిన్ స్వయం-
గ్రహణ మొనర్చినట్టి యుపకారిణి వౌదువె సుందరీమణీ!"	champakamaala
"అందెల నాదు చొప్పణఁచి, యల్లన మెల్లన వచ్చి కేళికా-
మందిరశయ్య నిద్ర గనుమాడ్కి వసించిన నాదు చెక్కులిం-
పొందఁగ ముద్దు పెట్టుకొనుచుండఁగ నేఁ జిఱునవ్వు నవ్వ, ల-
జ్జం దగు నిన్ను గేళి నెకసక్కెము చేయుదు సుందరీమణీ!"	vutpalamaala
"ఎటులిఁకఁ దెల్లవాఱె సెలవీయర నీదు కరంబు నాదు సం-
దిట నిడినావు నా పదము నీ పదమున్ మెలవైచి తేమొకో
చిటిపొటిచేత చేసెదవె! సిగ్గుల చేటిపు డేమటంచుఁ గౌఁ-
గిటఁ బతిమాలు నిన్ బలిమిఁ గేళి యొనర్తును సుందరీమణీ!"	champakamaala
"చెమ్మటనంటు ముంగురులు చిందిన కస్తురిబొట్టు నిద్దురం
గ్రమ్మెడు కన్నులున్ జెదరు కాటుకయున్ నెలవంకలున్ వినో-
దమ్మగు తళ్కుఁజెక్కులు రదక్షతలక్షితమైన మోవిచే
నిమ్మగు నీ మొగంబు గనుటెన్నఁడు ప్రొద్దున సుందరీమణీ!"	vutpalamaala
"వాడిన మోముతోఁ దొగరువాతెఱఁ బలుగెంపుగుంపుతో
వీడిన కొప్పుతో సొలపువింతలతో ననుఁ బాసిఁపోవఁ గా-
ళ్లాడనియట్లు తొట్రువడు నందపు నెన్నడతోడఁ బ్రొద్దునన్
వేడుకఁ గేళిమందిరము వెల్వడుచుందువు సుందరీమణీ!"	vutpalamaala
"సోయగ ముప్పతిల్ల ననుఁ జూచి కిసాలున నవ్వి లేచి, రా-
రా! యని కౌగిలింపుచుఁ బిరాలున శయ్యకు వ్రాలి గుబ్బలన్
నా యురమాని మోవి రదనంబున నొక్కుచుఁ జొక్కిచొక్కి యూ-
హూ! యని సైఁగ నన్ బలుకకుండ నదల్తువె సుందరీమణీ!"	vutpalamaala
"పాయఁగలేని మోహమున బంతులవంటి కుచద్వయంబు చే-
దోయి నమర్చి, కేళితమి తోరపుఁ గామశతాంగచక్రపుం
జాయలపైకి దొర్లి నను శయ్యకు వ్రాల్చి పరాకటంచు వీ-
రాయితలీల మెచ్చుగొను నద్భుతశీలవె సుందరీమణీ!"	vutpalamaala
"మించెడు వేడ్కఁ బైకొని రమించెడుచోఁ గటిమీఁద వేణి న-
ర్తించుట యొప్పు రాచిలుకతేజిమనోజుఁడు చౌపటాలి ద్రొ-
క్కించుచుఁ జిత్రభంగి దుమికింపుచు నీలకశాహతిం దుటా-
యించిన లాగు నా సొగసు లెన్నఁగ శక్యమే, సుందరీమణీ!"	vutpalamaala
"మోహముమీఱఁ బంచశరుమోహర మొగ్గినవేళఁ గుల్కు నీ
సాహస మేమనన్ బయికిఁ జంగున దాఁటి చెలంగి కేళిలో
నీ హొనరెల్ల నేర్పఱుపు నేర్పరి వౌదువు విస్ఫురద్వరా-
రోహ యటన్న పేరు దగు రూఢిగ నీయెడ సుందరీమణీ!"	vutpalamaala
"అలితతి మ్రోఁతకున్ శుకపికావళి కూఁతకు మంటమారిపూ-
విలుతుని కత్తికోతఁకు నవీనసమీరకుమారు నేఁతకున్
బొలుపుఁగ జంద్రు పెళ్లుడుకపోఁతకుఁ క్రొవ్విరిమల్లె పూతఁకున్
జలనమునొంది గుండె ఝలుఝల్లుమనెం గదె సుందరీమణీ!"	champakamaala
"జడ కటి సంచరింప, బురుసాపనిచీరె పయిన్ మెఱుంగుపా-
వడ తళుకుల్ నటింప, బిగివట్రువగుబ్బల రత్నహారముల్
తడఁబడి సందడింప, మరుతంత్రము లందియ లుగ్గడింపఁగాఁ,
బడకకు వచ్చు నీ సొబగు భావముఁ బాయదు సుందరీమణీ!"	champakamaala
"కొదమమిటారి చన్నుఁగవ గోరుల పోటు మెఱుంగు వాతెఱన్
గుదిరిన పచ్చికాటుకనుఁ గోనల నిద్దురపాటు చెమ్మటల్
కదలెడు మేనునీటు పదకంజములన్ దడఁబాటు, జారుప-
య్యెఁద యెదమాటు, నీవు పడకిల్ వెడలం దగు సుందరీమణీ!"	champakamaala
"నీ కడకంటి చూపు, బలునిద్దపు నీ చనుదోయి ప్రాపు, నన్
బైకొను కోపు, నీ జిలుగుబంగరు మై నునుతాపు, నీ సుధా-
స్తోక రదాంశుకంబు చవి చూపు, దయామతి దాపు, నీవే నన్
జేకొను కోపు లేక గడెసేపు రుచించదు సుందరీమణీ!"	vutpalamaala
"చిలుకహుమావజీరు విరిసింగిణిఁగూర్చిన కొత్తవింత పూ-
జిలుకవు నా పయిం గరుణ చిల్క విదేమి మెఱుంగురత్నపుం
బలుకవు, కప్పురంబులిక పల్కవిదేమి యటంచు నిన్న నే-
నలిగినవేళ వేఁడుకొను టాత్మఁ దలంపవె సుందరీమణీ!"	champakamaala
"కోపము మానవే, నెనరుగూర్చిన చల్లనిచూపువెన్నెలల్
నాపయిఁ జల్లవే చలము నాయమె బిగ్గఱఁ గౌఁగిలింపవే
యో పువుఁబోఁడి! యో రమణి! యో చెలి! నీ యధరామృతంబునం
దాపము దీర్చవే యనుచుఁ దద్దయుఁ బల్కుదు సుందరీమణీ!"	vutpalamaala
"అతులితచిత్రవస్తుసముదంచితదర్పణనూత్నకాంతి న-
ప్రతిమపుఁ గేళిసౌధమున బంగరుసౌధపుఁ జప్పరంపు మేల్
రతనపుఁ గోళ్లమంచమున రంజిలు పూసలసెజ్జయందు నేఁ
గుతుకముమీఱ నిన్నుఁ గవగూడుట యెన్నడొ సుందరీమణీ!"	champakamaala
"ఇంచుక నొక్కనాఁడు పడకింట సమున్నతదర్పణాప్తి నై-
జాంచితమూర్తిఁ గన్గొని పరాంగనలౌ యని యల్గిపోవ వా-
రించుచు నీడఁజూచి బెదరేవని నవ్వుచు మోము ద్రిప్పి నీ-
క్షించుమనన్ గ్రహించి దయ సేతువుగా నను సుందరీమణీ!"	vutpalamaala
"పలుచనిమేనితోఁ జిలుకపల్కులతోఁ జిఱునవ్వుమోముతో
కులుకుకడానిడాల్‍పొగరుగుబ్బలతో నసియాడుకౌనుతో
బలువుపిఱుందుతోఁ దరుణపల్లవజిచ్చరణద్వయంబుతో
తమము చెంత నిల్చి పరితాపము దీర్పవె సుందరీమణీ!"	champakamaala
"కిలకిల నవ్వు నవ్వి, గిలిగింతలు వింతలు చేసిచేసి, గు-
బ్బల నెద గ్రుమ్మిక్రుమ్మి, నునుపల్మొనవాతెఱ నొక్కినొక్కి, రా-
చిలుకహుమావజీరు విలసిల్లు లడాయి బడాయి చూపు నిన్
దలఁచిన గుండెలో దిగులు దైవమెఱుంగును సుందరీమణీ!"	champakamaala
"కొదమమిటారిచన్నుఁగవ గొప్పపిఱుందు మెఱుంగుఁజెక్కు లొ-
ప్పిదమగు కన్ను లబ్బురపుఁ బెన్నెఱు లొప్ప వయఃప్రపూర్ణమై
మదనునిదంతిలాగు నను మక్కువ దక్కఁ బెనంగుచుండు నిన్
వదలఁకయున్న నబ్బు వహవా సహవాసము సుందరీమణీ!"	champakamaala
"గడి యెడబాసి చిత్రఫలకంబున నా నునుచూపు వ్రాసి న-
ల్గడలును జూచి మోహమున కన్నులనద్దుక చన్నుదోయిపై
నిడికొని జంకుకొంకునెడ నేఁ గనుగొందు పిఱుందపొంచి బ-
ల్వెడవిలుకాఁడు కత్తి ఝళిపించెను కోయను సుందరీమణీ!"	champakamaala
"చనుగవ మున్ను నొక్కుదునొ చక్కని చెక్కిలి ముద్దుగొందునో
మును నునుమోవి గ్రోలుదునొ? తొల్తఁ గవుంగిట జేర్చుకొందునో
యని యనురాగమొంది మనసారగ నువ్విళులూరుచుండఁగాఁ
దనువులు రెండు నొక్కటగఁ దార్కొనఁజేతువె సుందరీమణీ!"	champakamaala
"చిత్తము రంజిలంగ నల చిత్తజుపట్టపుదంతివై ???
వత్తువు వచ్చి చిత్రితమ??? యిబ్బడి నుండెడు నన్ను కేళిలో
మెత్తువొ మెచ్చి నా సొలపు మేన్ వెదదీరగ మోవినానకన్
బిత్తువొ, నీ ఋణంబు లిక యెన్నడు దీర్తును సుందరీమణీ!"	vutpalamaala
"మంతనమంచు వచ్చి పలుమారు కపోలము చుంబనంబు గా-
వింతువె పువ్వుదండ మెడవేసెదనంచు నురంబునందు నా-
టింతువె చన్మొ... ... ... ... ... ... ... ... రదంబు మోవి సం-
ధింతువె నీ వినోదము నుతింపగ శక్యమే సుందరిమణీ!"	vutpalamaala
"... ... ... ... వత్తు నలివేణి దయన్ ... ... మ్మటంచు మో-
హమ్మున కౌఁగలించుకొన నక్కున జేర్చి ... ... .. ... ... ...
... ... ... సిల్లుగతి కన్నుల నశ్రులు కమ్మ ... ... ... ... ... ...
... ... .. ... ... ... ... ... ... దైన్యము లెంచుదు సుందరీమణీ!"	vutpalamaala
"కనకపుబొమ్మ నిన్ను కను కన్నులు కన్నులు, నీదు చాతురీ-
వినయవచోగతుల్ వినెడు వీనులు వీనులు, నీ తనూలతం
బెనగెడు మేను మేను, తమి నిన్నెపుడున్ మరుకేళిలోన రం-
జన మొనరించకాఁ గలుగు జన్మము జన్మము సుందరీమణీ!"	champakamaala
"కులుకుచుఁ గేళిసౌధమునకున్ వెస నీ వరుదెంచి, నాదు క-
న్నులు వడిమూయ నే నిను గనుంగొను లాగు మోము గు-
బ్బలు వళులుల్కవేసి పిరుదు పల్మరు నంటుచు నీవె లాగినన్
భళిభళి! యంచు నవ్వుదువు పక్కను పైఁబడి సుందరీమణీ!"	champakamaala
"మదనుఁడు డాసెఁ బూవిలుతు మర్మములంటఁగ నేసె నక్కటా
హృదయము దూసె దానిపయి నిందుఁడు వెన్నెలఁ గాసెఁ గోకిలల్
చెదరక కూసెఁ జిల్క రొఁద చేసె నళుల్ వడి మ్రోసె నెట్టులో-
ర్చెద విధి నిన్ను నన్నెడలఁజేసె దురాత్మత సుందరీమణీ!"	champakamaala
"హా తరళాక్షి! హా రమణి! హా చెలి! నీవును నేను మేడలోఁ
గౌతుకమందు నున్‍హవుసు ఖానపు వారము చింద మల్లికా-
నూతనశయ్యపై మరువినోదములొందు మజా దలంచితే
రాతిరి కంటికిన్ నిదురరాదిక నెట్లొకొ సుందరీమణీ!"	vutpalamaala
"ముద్దులగుమ్మ! నీ కులుకు ముద్దుమొగం బిటువంటిదంచు నే-
నద్దముఁ జూచుకొందు కమలాఖ్యఫలంబులు చేతనుంతు నీ
నిద్దపుఁ జంటిపోలికని నీ యధరోపమమంచుఁ గొందు నం-
చద్దయఁ దీయమామిడిరసం బొకగ్రుక్కెడు సుందరీమణీ!"	vutpalamaala
"దీపములున్ మతాబులును దివ్వటులున్ కొరవియున్ శశాంకుడున్
దీపితులై వెలింగినను నీమెయి వెన్నెల నీ యొయారపుం
జూపు మెఱుంగు తామరల సొంపును గన్గొనకున్నఁ జిత్తవి-
క్షేపమునొంది రేపగలు చీకటియౌఁ గదె సుందరీమణీ!"	vutpalamaala
"మారెడు బంటసోయగము మారెను నీ చనుగుబ్బదోయిపై
గోరెడు బంటనొక్కి మదిఁ గోరెడు నీ నునుమోవి గ్రోల నో-
రూరెడు నేమిసేతు మరుఁ డూరట జెందకయుండు; మీఁది మ-
న్నారెడు పూవు మోదినను నారెడు బెట్టెదు సుందరీమణీ!"	vutpalamaala
"భావము పల్లవింపఁ బువుబానుపుపై వసియించి వేడుకన్
నీవును నేను ముచ్చటలు నేరుపుమీఱఁగ నాడుకొంచు నెం-
తో వగమీఱ మించుతమితో నెపుడుంటిమొ యా దినంబులిం-
కేవిధి వచ్చునో తెలియదే మది కిప్పుడు సుందరీమణీ!"	vutpalamaala
"కాంతుని తీవ్రబాణముల కాకకుఁ దాళగలేక నీవె నే-
నింత తపింప నేపయిన నింపగు కల్పన జేసె బ్రహ్మ క-
ల్పాంతసహస్రకల్పనములయ్య ... ... లక్కటక్కటా
యెంతని యోర్తు ... ... లేదు నేమి యొనర్తును సుందరీమణీ!"	vutpalamaala
"ఎన్నఁడు నిన్ను గన్గొనుదు నెన్నఁడు కౌగిటఁ జేర్చుకొందు నిం-
కెన్నఁడు ముచ్చటాడి సుఖియించెద నెన్నఁడు వేడ్క మించెదన్
క్రొన్నలరారు మేకపయి క్రొన్ననవిల్తునికేళి దేల య-
భ్యున్నతలీల నే తనివినొందుట యెన్నడు? సుందరీమణీ!"	vutpalamaala
"నీ కటిపెంపుచేత ధరణీతలమున్ వశమయ్యె కోమలీ
నీ కుచకుంభయుగ్మమున నిర్జితమయ్యె సురాలయం బహో
చేకొనఁగల్గె నీదు జడచే నహిధామము నిన్నుఁ గూడి ము-
ల్లోకము లేలినట్లు మదిలో ముదమందుదు సుందరీమణీ!"	vutpalamaala
"ఓ తరళాక్షి! మంచుతరలూఁతగఁ బొక్కిలి కందుకంబు నెం-
తో తమి నంతరించి చెలువొందెడు నీ వలిగబ్బిగుబ్బ చ-
క్రాతి ... ... నఖాగ్రమున రాయిడి చేసి చెలంగి డాసి చే-
చేతనె పుచ్చుకొందు కద, చిత్తజు ప్రాపున సుందరీమణీ!"	vutpalamaala
"అంగన నన్నుఁ గూడి చతురంగములాడఁగ నోరఁజూపు క-
న్నుంగవ నీటుపొంగెడు చనుంగవ నీటుమెఱుంగు చక్కటిన్
సంగతినుంచు హస్తజలజాతము నీటఁ దలంచుకొన్న న-
న్నంగజుఁ డీరుబారుగ సుమాసిని వ్రేసెడు సుందరీమణీ!"	vutpalamaala
"పంతము మీఱ నీదు చనుబంతుల ప్రాపున లెక్కసేయఁ గొం-
డంతటి కార్యమైన భవదంచితసాంద్రకటాక్షయుక్తి కే
కంతుని బాణపంక్తి నట కట్లను గట్టుదు నీదు పల్కు వి-
న్నంతనె యింద్రుఁడైన గణనా యనుకొందును సుందరీమణీ!"	vutpalamaala
"వెలదిరొ! కొంతసిగ్గు విడివీడని కాలమునందుఁ గేళి నే
చెలఁగుచుఁ బూరుషాయితము చేయుమటన్న నెఱుంగనంచు లోఁ
గులుకుచునున్న బాహువులు గొబ్బునఁ జేకొని పైకి లాగి, చె-
క్కిలి గిలిగింతగొల్పి యుబికించుట యెంతును సుందరీమణీ!"	champakamaala
"చెలఁగుచు జాఫరారసపుఁ జిమ్మనగ్రోవులఁ జిమ్ములాట డా-
ల్కలరతనాలమేడగదులం గడు దాఁగుడుమూతలాట వే-
డ్కలఁ దగు గంజిఫాట, సొగటాల్ చదరంగములాట మున్నుగా
నలరెడు నన్ని చోద్యములు నాడుదుమో తమి సుందరీమణీ!"	champakamaala
"కపురపుఁ దావి గుబ్బలను గల్పగుళుచ్ఛములిచ్చి, మాటలో
నపరిమితామృతం బొసఁగి యబ్బురపున్ సురతాప్తి గూర్చి సౌ-
ఖ్యపురతి సొంపుగొల్పు నిను నక్కడనే కనుఱెప్ప వేయ కె-
ల్లపుడును జూడకుండ నహహా! విధి చేసెను సుందరీమణీ!"	champakamaala
"చిలుకకు నాదు పేర విలసిల్లెడు పద్యము చెప్పుచుండ నా
యలుకుడుగాగ నూరకె విహారము చేసెడు రీతినుండఁగా
చెలియలు సైఁగలున్ బరిహసించిన కోపపుఁజూపుచేత బొ-
మ్మలముడి యొప్పు శేషరతి మారధనుర్గతి సుందరీమణీ!"	champakamaala
"నీ జగజంపుఁ జూపులును నీ చనుగుబ్బలు నీ మహోరు లెం-
తో జత మీఱ నన్నును నెదుర్కొనునో యన గప్పురంపు నీ-
రాజనదీపిక ల్కనకరాజతకుంభము లంటిబోదియల్
రాజిలు ద్వారమార్గమున రాఁ గనుటెన్నడు సుందరీమణీ!"	vutpalamaala
"హారములల్లనన్ గుచములందుఁ జరింపగ వచ్చునట్టి యొ-
య్యారము నోరచూపుల యొయారము నవ్వుచుఁ జెంతనిల్చు నొ-
య్యారము శయ్య చెందెడు నొయారము కేళికిఁ దార్పఁగల్గు నొ-
య్యారము నాదు మానసమునం దెడబాయవు సుందరీమణీ!"	vutpalamaala
"కాంచనగంధి రాచిలుకకైవడి నీ వల దొండపండు మె-
ప్పించెడు వేళ నిన్ను మరపింపఁగ నే నల చిల్కచేతఁ ది-
ట్టించిన దానిపైఁ బ్రతిఘటించి తొలంగఁగ జేయ దొండపం-
డంచును మోవినొక్కి పరిహాసమొనర్తును సుందరీమణీ!"	vutpalamaala
"మాటలు తేనెజాలు చనుమట్టులు బంగరుబొంగరాలు కన్
తేటలు గండుమీలు నును నెమ్మెయి మించుల నేలు వాహవా
కూటమి నేలు మేలుగల కోపుల లీల దలంచుకొన్న హా
పూటకుఁ గోటివేలు పడిపోవుచునున్నవి సుందరీమణీ!"	vutpalamaala
"హారములొత్తునంచుఁ బరిహార మొనర్చి కవుంగిలించి వ్యా-
హారముదంబునన్ రతివిహారము సల్పి మనోజబాధ సం-
హారము చేసి, నాదు వ్యవహారము నిల్వకయున్న నిద్ర వ్యా-
హారము గాంతునే నను మహారముఁడందురె సుందరీమణీ!"	vutpalamaala
"బోటిరొ వానచే వెడలిపోవఁగలే కొకనాఁడటుండి యే-
ర్పాటుగ నిద్రవోవ నెఱపయ్యెద దీపము త్రెంచి వచ్చి, స-
య్యాటలు మాటలున్ బెనఁకులాటలు సీత్కృతు లేమి లేక నన్
గూటమి నేలుటల్ దలచుకొందువొ లేదొకొ సుందరీమణీ!"	vutpalamaala
"అనుపమమైన వేళ సకలాభరణంబులు దాల్చి బేజుమా-
లొనరిచి మానికంపుటొరను౦చిన మారుకటారివంటి నిన్
గనుఁగవ నిండ నేను గనఁగా వెఱతుం గదె దృష్టి తాఁకునో
యని యిక నెన్నఁడేను మనసారఁగ జూచెద సుందరీమణీ!"	champakamaala
"వేడిమి మాను చంద్ర! నిను వేఁడెదఁ జల్లనిరాజ వీవు నీ
వాడను నే నటంచు బహువారము దూరిన నీ మొగంబునున్
జూడక యేఁచుచుండె జడ చొప్పడ నల్లుము నీదు కొప్పుచే
వీడదె రాహువం చడలి వెల్వడు దెన్నఁడు సుందరీమణీ!"	vutpalamaala
"తమ్ముల నెమ్మొగమ్ము నును దళ్కుఁ జనుంగవచే నశోకగు-
చ్ఛమ్ముల మావిలేఁజిగురుఁ జక్కనివాతెఱ చేత మల్లెలున్
నెమ్మెయి తావిఁ గన్నుఁగవ నీటునఁ గల్వల గెల్చినావు క్రొ-
త్తమ్ము లెటుండివచ్చె మరుఁ డాచక వ్రేసెడు సుందరీమణీ!"	vutpalamaala
"నునుమునిపంటఁ గ్రొంబెదవి నొక్కి యనంగునికేళి నీదు మై
పెనఁగొని నొక్కి క్రిక్కిరిసి పెక్కువ నెక్కువ పిక్కటిల్లఁ జ-
క్కని చనుగుబ్బలంటి బిగికౌఁగిటఁ జిక్కిననాఁడె జన్మమె-
త్తిన ఫలమబ్బె నేమయిన దిట్టము మాకిక సుందరీమణీ!"	champakamaala
"కమలదళాక్షి నీవొకప్రకారముగాఁ బొలయల్కచే ముఖా-
బ్జము వెడసేయ నే నెనరుపల్కులు పల్కి, పయంట లాగి హ-
స్తము గదియించిన న్వడి విదల్చి ససీత్కృతితో నురోజమ-
ధ్యమమున నాదు చే యిఱికెనన్న హసింతువు సుందరీమణీ!"	champakamaala
"నను నల నవ్వుటాలకయినన్ బొలయల్కల జేసియైననున్
నను గలలోననై నను క్షణం బెడబాయకజాలవంచు నో
వనజదళాక్షి నీకొఱకె వంతలనొందెద వెట్టులోర్తువే
నునుచలిగాలి వేడికి మనోజుని దాఁడికి సుందరీమణీ!"	champakamaala
"నీ కడకంటిచే హరిణి నీ కనుసైగలఁ జిత్రరేఖయున్
నీ కళ చేత హేమగతి నీ లలితోరుల కాంతి రంభ నీ
శ్రీకరబాలలీల శశిరేఖయు నీరసవృత్తిఁ జెందుటన్
నీ కెనరారు దేవతరుణీమణులయినను సుందరీమణీ!"	vutpalamaala
"భామిని నిన్న రే నిదుర పట్టక పట్టక పట్టినంతలో
కామునికేళిలో మనము కౌతుకమంది పెనంగులాడి యే-
మేమొ వినోదముల్ సలుప, నెక్కడి పాపపుకోడి కూసెనో
స్వామికటాక్ష మట్లలరె స్వప్నమునందును, సుందరీమణీ!"	vutpalamaala
"నెల పయనం బటన్న విని నీవడలొందుదువంచు నింతలో
నెలతరొ వత్తునంచు వెస నిన్నొక సమ్మతి చేసివచ్చి క్రొ-
న్నెలలకు వేఁడివెన్నెలకు నిద్దపుఁ బూవిలుకాని కాఱుచి-
న్నెలలకుఁ దాళలేనయితి నీవెటులోర్తువె సుందరీమణీ!"	champakamaala
"నీ జటపై జవాదిపస నిద్దపు నెమ్మెయిఁ గుల్క దావకో-
రోజమృగీమదాంకితపు ఱొమ్ముదుడై తగ నీదు కన్నులన్
రాజిలు కాటుకంటు నధరంబు వెలింగెడు నన్నుఁ జూచి యా-
లీజనులెల్ల నవ్వ, దరిలేని ముదంబగు సుందరీమణీ!"	vutpalamaala
"అలరులశయ్యఁ బండి, మనమవ్వలిమోములు చేసి యల్కచే
పలుకక యుండి యొండొరులఁ బల్మరుచూడక యుండఁ జూచుచో
నెలమి నొకింత సేపటికి నిద్దరిచూపులుఁ దారసిల్లినన్
కిలకిలనే కవుంగిళులఁ గేరుచునుందువు సుందరీమణీ!"	champakamaala
"వింతగ నన్ను నీవు బదివేలవిధంబుల నవ్వులాట కొ-
ట్టింతువు మాటల న్నెదఘటింతువు చన్గవ యల్కసేయ న-
వ్వింతువు పల్కుఁ గప్పురపు వీడె మొసంగి మనోజరాజ్య మే-
లింతువు నీ గతుల్ పొగడలేము గదే మది సుందరీమణీ!"	vutpalamaala
"తొలఁగక చెంతనున్న ననుఁ దొంగిలి రెప్పలఁ జూచిచూడన-
ట్టులు వగగుల్కియుండెడు గడున్ బయనం బరుగంగ వేఁగి వి-
చ్చలవిడి సౌధవీథిపయి చాయలఁ జూచెద వోరగంటనే
పొలమున వెళ్లు నీ బెళుకుఁబొంకపుఁ జూపులు సుందరీమణీ!"	champakamaala
"నను నెడబాసి యుండిన దినంబుల లెక్కలఁ గొంతసేపు, నా
మునుపటి కేళిలో మెలఁగి ముచ్చటలాడుట కొంతసేపు, నా
కనుగుణమైన వస్తువుల నంపెడు సందడిఁ గొంతసేపు, నొ-
య్యన పవలెల్ల నోర్చి నిశియం దెటులోర్తువొ సుందరీమణీ!"	champakamaala
"పెనిమిటి కాంచలేఁడనియుఁ బిల్చినఁ బల్కవటంచుఁ దోడి జ-
వ్వను లెకసక్కెమాడ నొకవైఖరిఁ బల్కుచు నొంటి బాగులే-
దని వెత నిద్రయోగిరమునందక కుందుచు నూపిరెల్ల ము-
క్కుననిడి యుంటివంచు విని గుండెలు నిల్వవు సుందరీమణీ!"	champakamaala
"రతి మును గేలిసోలి నడురాతిరి మేల్కని నేను నిన్ బునా-
రతమతిఁ గౌఁగిలించినఁ బిరాలున నవ్వలికేఁగి రాక య-
ద్భుతపడి నేను బిల్వ విని ప్రొద్దిక నెంతని పల్కి సిగ్గుతో
ఋతుమతివౌట తెల్పకయె యేర్పడఁ దెల్పుదు సుందరీమణీ!"	champakamaala
"పటుగతిఁ బూవుబంతి చనుబంతులపై గురిచేసి వ్రేయగా
తటుకున నొడ్డి పుచ్చుకొని తక్కుచు నీ పనికేమి తాళుమం-
చిటునటు చూచిచూచి వలయింపుచు నవ్వుచు మూఁడునాళ్లు ము-
చ్చటలనె తెల్లవాఱఁ బలుసందడి నుందువు సుందరీమణీ!"	champakamaala
"గొదగొని మోవులానుచును గొంకక నేఁ బయికొందునంచు మైఁ
బొదలి పెనంగులాడి చలవొంది వచించఁగరాని చేష్టలన్
మదనుని కేళిలో మెలఁగు నాలవనాఁటి గతుల్ తలంచితే
హృదయము జల్లుజల్లుమను నెంతని యోర్చెద సుందరీమణీ!"	champakamaala
"ఏ గతినోర్తునే జలరుహేక్షణ! నే క్షణమైనఁ బాయగా
లేఁ గదవే సువర్ణకదళీసదళీనకరోరుయుగ్మ య-
య్యో గురిదప్పకుండ మరుఁ డుల్లము జల్లెడతూంట్లు చేసెనే
యో గజయాన! యో రమణి! యో జగదద్భుతసుందరీమణీ!"	vutpalamaala
"కన్నియ యిప్పుడేల కడకట్ట ప్రయాణము దీర్చివచ్చి నిన్
గన్నులఁ జూచి సంతసిలఁగల్గెడు పోఁడిమి పట్టినంతలో
నెన్నిదినంబు లుంటివని యెంతయుఁ గోపముమాని బిగ్గఱన్
నన్నుఁ గవుంగలించుకొని నా వెత దీర్పవె సుందరీమణీ!"	vutpalamaala
"కురులకుఁ గృష్ణభావమును గుబ్బల కచ్యుతరీతి కర్ణవై-
ఖరికల శ్రీవరప్రతిభ కౌనునకున్ హరిమంగళాకృతుల్
కరముఁ జెలంగు నీకు; కలకాలము నిన్ను దలంచఁ బాయు దు-
ష్కరపరితాపమెల్ల నవసారసలోచన సుందరీమణీ!"	champakamaala
"అలికులవేణి నీ కొరకు నన్నలఁ దమ్ములఁ బాసి వస్తి నీ
కులుకుమిటారిగబ్బిచనుగుబ్బల నొత్తుచుఁ గౌఁగిలించవే
కలికిరొ నీకు గుండె బలుకట్టిఁడి దైవము రాయి చేసెనే
చెలియరొ నీకు నా యుసురు చెందక మానునె సుందరీమణీ!"	champakamaala
"తే వదనస్య చంద్రరుచిధిక్కరణప్రతిభాస్తు; తే దృశో-
భావభవోత్పలాంబురుహబాణకదంబజయోస్తు సంతతం
తే వచనస్య కోకిలతతిప్రవరాయసకృద్విధోస్తటం-
చే వినుతింతు నీకు శుభమీయఁగ దేవుని సుందరీమణీ!"	vutpalamaala
శ్రీకృష్ణు నెవ్వరు సేవించుచుందురో వైకుంఠపురమున వారు ఘనులుకమలనాభుని జిత్తకమలంబులో నిల్పి వసుధలో మెలగెడువాడు రాజుధనము మెండుగ గూర్చు ధన్యులెందరునైన స్వామిభక్తులతోటి సాటిగారుహరినామకీర్తన లతిభక్తి చేసినవారి దుష్కర్మముల్ వదలిపోను	seesamu
గలియుగమునం దొనర్చు నఘంబులెల్ల | బాసిపో గాక వెంబడి బడియు రావుకల్లగాదయ్య శ్రీతాడిమళ్ళవాస | రాజగోపాల నీ పూజ తేజమయ్యె.	teytageethi
నాథుండు బహుమంది నాటకస్త్రీలతో గలిసియున్నాడని కబురువింటిమగువలతోగూడి మఱచియున్నాడట రాధపై గృప యేల రాకపోయెబిలిచి చిన్నప్పుడు ప్రీతిజేసినవాడె యతివరో యిపుడేల యలిగినాడునెలతరో నావల్ల నేరమేమున్నది మాటాడమని నీవు మందలించి	seesamu
గట్టిగా కృష్ణు నిప్పుడు బట్టి తెచ్చి | మనసుదీర్పవే యీవేళ మళ్ళిరావెతరుణి నీవేగి యిచటికి తాడిమళ్ళ | రాజగోపాలు దేగదే రాజవదన.	teytageethi
నాథుని కస్తూరినామంబు గన్గొని కలికి యెవ్వతె వాని గౌగిలించెదక్కుచు నా యింటి దగ్గర రాకుండ మాటున బెట్టిన మగువ యెవతెప్రియుని నా పనుల కొప్పించిన దెవ్వతె దానికి నా యుసుర్తగులుగాకదోషమంచెన్నక దుడుకులాడెవ్వతె మన్నన రావించి మరులుకొల్పె	seesamu
దాని కోరిక లీడేర్చు దైవమిప్పు- | డెంత యాసక్తితోనున్న నింతె గదవెతరుణి నీవేగి యిచటికి తాడిమళ్ళ | రాజగోపాలు దేగదే రాజవదన.	teytageethi
కౌస్తుభమణిహారకంకణంబుల జూచి రానియ్యదయ్యె నా రమణి యెవతినాసాగ్రమందున్న నవమౌక్తికము జూచి వలచిన దెవ్వతె నాడు వల్ల-భుని హరిచందనము మేన నలదికొన్నది చూచి పరిమళగంధి యెవతె పక్కజేర్చెశంఖచక్రములున్న పొంక మెవ్వతె చూచి బలవంతమున వాని భ్రమలు గొల్పె	seesamu
నతివ యెవ్వతె దారిలో నడ్డగించి | పొదల కనుగొనిపోయె నాదు వల్లభునితరుణి నీవేగి యిచటికి తాడిమళ్ళ | రాజగోపాలు దేగదే రాజవదన.	teytageethi
సన్నజాజుల సొబగెన్ననేమిటికి నా పతి నన్ను విడనాడి పల్కనపుడురమణిరో కృష్ణుడు రాడాయెనని మది తళ్కు చీరయు గట్ట దలంపురాదువనితరో నా యేడువారాల సొమ్ముల బరిణె విప్పను నాకు భ్రాంతి లేదుఆభరణాలంకృతాంగినై యేనున్న ఫలమేమి కృష్ణుడు వలచిరాడు	seesamu
ఎన్ని సొగసులు గలిగిన నేమిఫలము | కలికి కృష్ణుడు వచ్చుట గాదె సొమ్ముతరుణి నీవేగి యిచటికి తాడిమళ్ళ | రాజగోపాలు దేగదే రాజవదన.	teytageethi
కృష్ణ నీతోడను గ్రీడింప మది గోరి పడతి రాధిక నన్ను బంపెనయ్యజోడుగా నినుగూడి జూదమాడుటకు సోలుచు బ్రతిజాము చొక్కునయ్యచందురుకాకకు సఖియ తాళగలేక యస్సురుస్సురు మనుచుండునయ్యమదనుండు శరములు మానక వేయగ మగువ నీపై చింత మానదయ్య	seesamu
యనుచు బోధించి యీ మాటలన్ని చెప్పి | సొరిది కృష్ణుని దేవమ్మ సుందరాంగితరుణి నీవేగి యిచటికి తాడిమళ్ళ | రాజగోపాలు దేగదే రాజవదన.	teytageethi
పద్మగర్భుని వ్రాత బరిహార మొనరింప వశమటే యెంతటివారికైనబగతుడై యా బ్రహ్మ బలవంతమున నన్ను గుత్సితునకు నొనగూర్చెనమ్మవేషధారికి నేను వెలదినై యుండగ సుదతిరో సంసారసుఖమెఱుంగమును నీవీ రీతులనన్నియు జూచిన యప్పుడే కాదని చెప్పనైతి	seesamu
ననుచు నీవేళ నామాటలడిగి రా- | దలంచి రమ్మని నిను బిలిపించితింతెతరుణి నీవేగి యిచటికి తాడిమళ్ళ | రాజగోపాలు దేగదే రాజవదన.	teytageethi
వ్రేపల్లెవాడలో గాపైన కృష్ణుని గూర్చిన నీకిత్తు గుండ్లపేరుచెలియరో యీవేళ జెలికాని దెచ్చిన సఖియరో నా బన్నసరములిత్తువగకాని నీవేళ వదలక తెచ్చిన కలికిరో పౌజుల కమ్మలిత్తుమొగమిచ్చి నాతోను ముచ్చటాడించిన ముత్యాలసరములు ముదిత యిత్తు	seesamu
నెన్ని సొమ్ములునైన నేనిత్తు నీకు | నా పతిని జూచినంతనె నయముమీఱతరుణి నీవేగి యిచటికి తాడిమళ్ళ | రాజగోపాలు దేగదే రాజవదన.	teytageethi
సఖియరో నా పతి సంశయమ్ములు మాని రాడేమిసేయుదు రాజవదనకోమలి నా మీద గోపమింతేలనే దన సిగ్గు దానేల దాచడాయెనా యీడువారిలో నన్ను గుందించుట కూడదు తనకిది గుణముగాదుయేమి సేయుదును నేనేలాగు నోర్తునే విరహవేదనచేత విసికినాను	seesamu
మదనబాణాగ్ని యేలాగు మానిపోను | చెలియ నా వెతలేమని చెప్పుకొందుతరుణి నీవేగి యిచటికి తాడిమళ్ళ | రాజగోపాలు దేగదే రాజవదన.	teytageethi
పగతుడై మదనుండు బాణముల్సంధించి చురచురక్కున సేయజూచెనమ్మబాల యాతని వేడిబాణముల్ దాకక తప్పించుకొనగ నా తరముగాదుయో సఖి నిమిషంబు నూరకుండనుగాదు వెడవిలుకాడు నా వెంటనంటిజాముజామున లేపి లేమరో నా పైని తన శరంబులు చేర్చి దాకునమ్మ	seesamu
బుట్టి వెతలకు లోనయి యెట్టులుందు | మంచిపనిగాదు రమ్మని మందలించితరుణి నీవేగి యిచటికి తాడిమళ్ళ | రాజగోపాలు దేగదే రాజవదన.	teytageethi
పసులగాపరియైన పద్మనాభుని కేను పడతినెట్లయితినే బాల్యముననుఉట్టి పెట్టిన వెన్న దుట్టగా మెక్కిన చోరునికేలనే సుదతినైతి గడెగడెకును వేసగాడంచు దెలియక వెఱ్ఱిగొల్లనికేల వెలదినైతి నవతారమూర్తి యంచాసనొందితికాని దైత్యసంహరుడంచు దలచనైతి	seesamu
నతివ యావేళ రుక్మిణీపతిని గాంచి | విసికియున్నది రమ్మని వేగిరంబతరుణి నీవేగి యిచటికి తాడిమళ్ళ | రాజగోపాలు దేగదే రాజవదన.	teytageethi
కలికిరో నా పతి కరుణించి యీవేళ వచ్చి నా కౌగిట జొచ్చునేమొఊహించి నీచేత నుత్తరంబంపిన ప్రేమతో రమ్మని పిలుచునేమొ యేనుజేసిన పూజ యిత్తరి ఒకవేళ దరుణి నాపయి భ్రాంతి గలుగునేమొసుదతి నా పల్కులు చోద్యమై తోచిన వడివడి నొకవేళ వచ్చునేమొ	seesamu
పడతిరో నాదు కౌగిట పంజరమున | జేర్పబొసగదె యెటులైన జెలిమికానితరుణి నీవేగి యిచటికి తాడిమళ్ళ | రాజగోపాలు దేగదే రాజవదన.	teytageethi
బాగుగా శేషాహిపానుపుపై బవళించితినంచు గర్వింపదగునెపంతగించుట గొల్లభామలయిండ్లలో బొంచియుండుట దన కంచితంబెనాతిరో తనవంటి నాథుని నమ్మిన జింతతో బవళింపం జెల్లునటనెగొల్లవానికి రాజుకూతురునియ్య మా తల్లిదండ్రులకిది ధర్మమగునె	seesamu
పసులగాపరి కీలాగు పడతిజేసి | కూర్చె గద నన్ను దైవంబు కుటిలబుద్ధితరుణి నీవేగి యిచటికి తాడిమళ్ళ | రాజగోపాలు దేగదే రాజవదన.	teytageethi
సఖియరో యాతని సంప్రదాయంబెల్ల విను చెప్పెదను నీకు విశదముగనుదన తల్లిగుణములు దక్కించి చూచిన బుత్రుల గని చంపు పుణ్యశాలితన యక్కగుణములు దరమటే యెంచను నైదుగురికి రాణియైన గరితతన యన్నగుణములు దానె యెఱుంగును దున్నుక బ్రతికెడి దుక్కిముచ్చు	seesamu
ఇంత బహిరంగమాతని యింటిగుట్టు | కడకు దన కెట్టు సుగుణంబు గలుగునమ్మతరుణి నీవేగి యిచటికి తాడిమళ్ళ | రాజగోపాలు దేగదే రాజవదన.	teytageethi
విరులు సరంబులు వింతగా సవరించి క్రొమ్ముడిలో జేర్చుకొన్నదనవెజిగివన్నె బంగారుచీరలు రత్నాలు దాపిన రవికయు దాల్చెననవెసఖియ పున్నమనాటి చందురుకన్నను మిన్నయై మెఱయుచున్నదనవెనీమీద ప్రేమతోనిండార నేవేళ దైవము బ్రార్థించు తరుణి యనవే	seesamu
నీవు రాకున్న నిక నొక్కనిమిషమైన | నెలత యుసురులు తనువున నిల్వదనవెతరుణి నీవేగి యిచటికి తాడిమళ్ళ | రాజగోపాలు దేగదే రాజవదన.	teytageethi
చెలియ నన్నీలాగు నలయింపగా నీకు లేస్సగా దనిమందలింపుమపుడుఅతివరో నన్నిటులారడి సేయుట దగదనిచెప్పు మాతనికినీవుభయమేమి వానితో బరుషో కులకునై, ననిపుడేలరావని యెలమినడుగుమతనికి గరుణరా నర్మిలి మాట్లాడియీ వేళ తోడి తెమ్మింతినీవు	seesamu
జాగు సేయక రాగదే జాములోన | నానవాలందుకొని వేగనతనికడకుతరుణి నీవేగి యిచటికి తాడిమళ్ళ | రాజగోపాలు దేగదే రాజవదన.	teytageethi
తరుణి నా యధరామృతముగోరు నా పతికిప్పుడు విసము నేనెట్టులైతినతనికి నా నేస్త మతిదూరమేయుండ నెవ్వతె చేసెనో యెఱుగనైతిమగువ చిన్నప్పటిమాటలో చోద్యముల్ గలుగు నాకెపుడని గర్వపడితిబడతి నన్నందఱి పాటిగా నెంచక యెక్కువ లాలించు టెఱుగనైతి	seesamu
నలరువిల్తుని బారికి నప్పగించి | చెలియ నన్నిప్పుడీరీతి జేసినాడుతరుణి నీవేగి యిచటికి తాడిమళ్ళ | రాజగోపాలు దేగదే రాజవదన.	teytageethi
అతనికి నేమేమి యానవాలంటివా వేణువు దనచేత బూనువాడు రహినొప్ప శంఖచక్రంబులు గలవాడు సఖియ శ్రీవత్సలాంఛనమువాడుకోమలి నవరత్నకుండలంబులవాడు కస్తూరితిలకము గలుగువాడునలినాక్షి స్త్రీలతో నవ్వుచుండెడువాడు కమనీయ జీమూతకాంతివాడు	seesamu
యిన్ని సొగసులు గలిగిన వన్నెకాడు | దెలిపి నా వర్తమానము దేటపఱచితరుణి నీవేగి యిచటికి తాడిమళ్ళ | రాజగోపాలు దేగదే రాజవదన.	teytageethi
కమలాక్షి యడవిలో గాయు వెన్నెలరీతి నాతడు సరసము లాడడాయెగూరిమి నాయొద్ద గూర్చున్నయపుడైన నింతి నాకొక్క ముద్దియ్యడాయెబడతి నే రమ్మని బతిమాలినపుడైన నగరుగంధమ్ము మేనలదడాయెనో రాధికా యని యూహించి యెపుడైన బ్రీతితో నన్ను తా బిల్వడాయె	seesamu
నరయ నా మది చింతచే నడలజేసె | మానితంబుగ గృష్ణుని మనసురాదుతరుణి నీవేగి యిచటికి తాడిమళ్ళ | రాజగోపాలు దేగదే రాజవదన.	teytageethi
చెలగి నాతో జెల్మి సేయుచున్నప్పడు దూరపుజర్చకు దొడరనైతి నతివవాదము సేయడంచు దోచెనుగాని యిటు మాయకాడౌట యెఱుగనైతివేగమె కర్పూరవిడెము మెక్కితి గాని యతివ భోగాలు చే నందనైతిభామ పూపాన్పుపై పవ్వళించితి కాని కూరిమితో వాని గూడనైతి	seesamu
వెలది నా వెతలెంతని విన్నవింతు | నతని దయరాదు నేనెంత యడరియున్నతరుణి నీవేగి యిచటికి తాడిమళ్ళ | రాజగోపాలు దేగదే రాజవదన.	teytageethi
చెంగల్వకొలనులో శృంగారముగ జలక్రీడ చేడియలతో నాడువానిసిగ్గులేకను వారి చీరలన్నియు గొని తక్కక పొన్న మ్రానెక్కువానినెక్కడి చోరకుం డెత్తుకపోయెనో యనుచు వ్రేతల నలయించువానికొలనులో సిగ్గుచే గొంకెడు వనితల చలువలిచ్చెదనని వచ్చువాని	seesamu
బైట రండిత్తునని వారి భ్రమలఁ బెట్టి | హస్తములు రెండు నెత్తుడంచనెడువానితరుణి నీవేగి యిచటికి తాడిమళ్ళ | రాజగోపాలు దేగదే రాజవదన.	teytageethi
లంచమియ్యకను రానంచు బొమ్మనువాని నప్పుడే యేమైన నడుగనైతిమొలకనవ్వుల ముద్దుమోము జూచినయంత నాతని గుణము లే నరయనైతిమా తల్లిదండ్రుల మాటలాలింపక కుటిలబుద్ధిని గూడి కోలుపోతివేగిరపడి నేను వేడుకొంటిని గాని సవతిపోరనుచు నే జడియనైతి	seesamu
కొమ్మ నా బుద్ధి కేమనుకొందునమ్మ | వలపు ఘనమాయె యోర్వ నా వశముగాదుతరుణి నీవేగి యిచటికి తాడిమళ్ళ | రాజగోపాలు దేగదే రాజవదన.	teytageethi
విరహతాపంబాయె విభుడిటు రాడాయె మది తాల్మి లేదాయె మందయానవెన్నెలాతపమాయె విరిసరుల్ వెగటాయె నిదుర లేదాయెనే నీలవేణి హ-ర్షంబు లేదాయె నాడికల్ ఘనమాయె నిద్దరి కెడమాయె నిందువదనకలికి పెట్టినమందు తలకెక్కి యిపుడైనచేడె నా యిలు తొంగిచూడడాయె	seesamu
పగలు రేయును దానింట బండనాయె | నెలక నాపొందుమదిలోన నెన్నడాయెతరుణి నీవేగి యిచటికి తాడిమళ్ళ | రాజగోపాలు దేగదే రాజవదన.	teytageethi
బాణజాలంబుల పాలు సేయగనేల కాముడా నీ రూపు కాలిపోనుచెవులు చిందరగొన జెలగి కూయగనేల కోకిల నీ యుల్లు గూలిపోనుప్రళయాగ్నిరూపమై పట్టుగా విసరెడు పవనుడ నినుఁ ద్రాచుపాము మ్రింగవెన్నెల గురిపించి వేడి చూపగనేల చంద్రుడా నీ రూపు సమసిపోను	seesamu
వలచి వలపించి నా ప్రాణవల్లభుండు | రాడనుచు వీరలందఱు గూడికొనిరితరుణి నీవేగి యిచటికి తాడిమళ్ళ | రాజగోపాలు దేగదే రాజవదన.	teytageethi
దశరథనందన ధాత్రీశయచ్యుత దైతేయహర మీకు దండమయ్యగౌతమాంగనశాపకలుషంబు బాపిన ధర్మాత్మ హరి మీకు దండమయ్యవనచరవందిత వారిధిబంధన దశకంఠసంహార దండమయ్యగోపాలసేవిత గోపీమనోహర తాపసనుత మీకు దండమయ్య	seesamu
జానకీనాథ రాఘవచక్రహస్త | రఘుకులోత్తమ దశరథరామచంద్ర................................. | రాజగోపాల రావయ్య రమణి గూడ.	teytageethi
చల్లగ వర్ధిల్లు సరససద్గుణమణి సౌభాగ్యమే నీకు సత్యభామయారోగ్యమే నీకు నతివ చక్కనిలేమ దీర్ఘాయువే నీకు తెరవ సుమతిమంగళమే నీకు మహనీయగుణవతి సాఫల్యమే నీకు సరసిజాక్షిశ్రీరస్తు నీకును శీతాంశుముఖమణి కల్యాణమే నీకు కంబుకంఠి	seesamu
నీవు కోరిన కోర్కెలు నిత్యముగను | సఫలమాయెను బోగదే సత్యభామతరుణి నీవేగి యిచటికి తాడిమళ్ళ | రాజగోపాలు దేగదే రాజవదన.	teytageethi
ఏమిరా కృష్ణ నీకెంత గర్వంబురా పిలిచిన పలుకవు పిరికితనముఆలకాపరివాడ పతిభీతితనమైన గనిపెట్టి గోవుల గాయవలదెచీకటియిండ్లలో బ్రాకులాడుచు వెన్నపాలు దావుట నీకు భయముగాదెదూరి పొరుగిండ్లలో దొంగిలి దినకుండ చోరుడవై స్త్రీల జేరదగునే	seesamu
యింత చక్కనితనము నీ సంతసమున | గనెనె మీ తల్లి తన వరగర్భముననుతరుణి నీవేగి యిచటికి తాడిమళ్ళ | రాజగోపాలు దేగదే రాజవదన.	teytageethi
పసులగాపరియంచు బలుకులాడెదవేమి నా బిరుదెఱుగవా నాతి నీవుకలికిరో నా నాభికమలమందున బ్రహ్మ చాతుర్ముఖంబుతో జననమాయెపాలకడలిని బుట్టి పద్మాక్షి బెండ్లాడి మన్మథు గంటినే మగువ నాడుఆదికాలమునా డవతారమెత్తిన మత్స్యావతారము మహిమ వినవె	seesamu
యుగయుగంబుల పలువిధముగ జనించు- | వాడనని నీవెఱుంగవె వనిత పోవేతరుణి నీవేగి యిచటికి తాడిమళ్ళ | రాజగోపాలు దేగదే రాజవదన.	teytageethi
మత్స్యావతారమై మడుగులో జొచ్చియు జేపవై పుట్టుట జన్మమేమికుటిలబుద్ధిని నీవు కూర్మావతారమై తాబేలవైనది తప్పుగాదెవరహావతారమై వాంఛ పడితివిగాని యతినీచమనుచు నెఱిగినావయావెన్క నారసింహావతారంబెత్తి మఱుగుజ్జువాడవై మల్లినావు	seesamu
వేషధారికి యా బ్రహ్మ వెఱ్ఱియగుచు | గూర్చినందుకు నేమనుకొందునింకతరుణి నీవేగి యిచటికి తాడిమళ్ళ | రాజగోపాలు దేగదే రాజవదన.	teytageethi
అర్జునుకోసమై యవతారమెత్తిన కృష్ణావతారంబు గుణము వినుమువాయుపుత్రునితోడ వాదించి యర్జును డంపశయనము గట్టినట్టినప్పు-డా విల్లుజెడకున్న నా క్షణంబునను దా గేరుచు హనుమంతు గూల్చినాడుపదునొకండక్షోహిణి బలముల జంపించి యర్జును గాచితి నతివ నాడు	seesamu
ధరణిలోపల నా విల్లు విఱుగనీక | పట్టి బరువును నాపైని బెట్టుకొంటితరుణి నీవేగి యిచటికి తాడిమళ్ళ | రాజగోపాలు దేగదే రాజవదన.	teytageethi
వాదించుచును నీవు వద్దను గూర్చుండి తగులాట బెట్టుట తగవుగాదువారు వీరనుకొన్న వట్టిమాటలగూర్చి చాడీలు చెప్పుట సమముగాదుచిన్నవాడవుగాదు తన్నులాడించను బాల్యమా యిది నీకు బాగుగాదుపదియేండ్లలోపల బాలుడవై యుండి గోవర్ధనాద్రిని గొడుగుగాను	seesamu
బట్టి గోగోపకుల వెతల్పెట్టినావు | సురవరుడు ఱాళ్ళవానను గురియు తరినితరుణి నీవేగి యిచటికి తాడిమళ్ళ | రాజగోపాలు దేగదే రాజవదన.	teytageethi
అంబుజాక్షిరో వామనావతారుండనై బలిచక్రవర్తిని బాధలిడగబూని మూడడుగుల భూమి నే నడుగగ నతడు గైకొమ్మని యంబువోయభూమి నాకాశంబు బొత్తిగా గొలిచిన బాదద్వయంబయ్యె బడతి నాకుమూడవ పాదంబు మోపు చోటేదన భీతిల్లి తన నెత్తి బెట్టుమనియె	seesamu
నంత నాతని నే బట్టి యడగదొక్కి | తిరిగి యవతారమున మల్లి దేలినానుతరుణి నీవేగి యిచటికి తాడిమళ్ళ | రాజగోపాలు దేగదే రాజవదన.	teytageethi
అవతారమెత్తుచు హతము సేయుటగాని గొనసాగనీయవు గొల్లబిరుదువంచించి మరి గొల్లవారల నందఱ చిక్కుబెట్టుచు నీవు చెలగినావుబలిచక్రవర్తిని బంధించితివిగాని పాపమెఱుంగవు పడుచవగుచుసుఖము నెరుంగగా సూటివౌదువెకాని బిరుదైన చక్కని పేరు గనవు	seesamu
మర్మమొచ్చిన యీలాగు మంచిఘనులు | సంహరించుట సరసమా సమరసమునతరుణి నీవేగి యిచటికి తాడిమళ్ళ | రాజగోపాలు దేగదే రాజవదన.	teytageethi
సూర్యవంశమునందు శూరుడై వెలసిన దశరథరాజుకు దనయుడైతిగౌసల్య నన్నును గర్భంబులో మోసి గన్నది మరి దైవఘటనచేతభరతశత్రుఘ్నులు పరగంగ లక్ష్మణు లనుజులు దొడ్డవా రవని గలరురహి లంకలోనున్న రావణాసురు గెల్వ రాజెవ్వడును లేడు రాజ్యమందు	seesamu
నందుకోసము నే వచ్చి యవతరించి | సిరుల వరలితి నిక వేయి జెప్పనేలతరుణి నీవేగి యిచటికి తాడిమళ్ళ | రాజగోపాలు దేగదే రాజవదన.	teytageethi
ఎనమండ్రు పట్టపుటింతుల విడనాడి నలినాక్ష విరహివైనావు గావపదియారువేల యా పడతులకోసమై నరకాసురుని గొట్టినావు గావభూపతివై పుట్టి బోరజొచ్చితిగాని యాద్యవతారమై యలరినావమకరిని చాటున మదమడంచితిగాని సమముగా జగడము సలిపినావ	seesamu
చోరుడై వచ్చి యీపాటి ధీరవరుల | గొట్టవచ్చునె పదికోట్ల గుంపులోనతరుణి నీవేగి యిచటికి తాడిమళ్ళ | రాజగోపాలు దేగదే రాజవదన.	teytageethi
జనకుడన్ బహుశాంతశాలి సముఖమ్మున విఱువరానట్టి విల్విరచినానుయవనిపుత్రిక సీత నతివేగముగ నేను గెల్చుకొంటిని భూమికీర్తికొఱకుజోడుగా భూపుత్రికూడ వేడుక లలరంగ నయ్యోధ్యాపురంబు జేరితల్లిదండ్రుల నన్నదమ్ముల మెలగుచు రారాజునైతి నో రమణి నేను	seesamu
సుదతి యీవేళ నన్నింత చుల్కచేసి | మాటలాడుట యిది నీకు మంచిదటనేతరుణి నీవేగి యిచటికి తాడిమళ్ళ | రాజగోపాలు దేగదే రాజవదన.	teytageethi
రహి లక్ష్మణుండను రాజును గాపిడి సీతను చెరసాల చేసివావుమారీచుడని నీవు మర్మంబుగానక గాసిల్ల నమ్మున నేసినావుహా లక్ష్మణా యని యా మృగంబటు గూయ వడిగ నీకోసమె వచ్చినాడురథమెక్కి యత్తరి రావణుం డరుదెంచి సీతను భీతిల్లజేసినాడు	seesamu
యింత నగుబాటువాఁడవు సంతసమునఁ | బ్రజ్ఞలాడెదు నాయొద్ద ప్రకటితముగతరుణి నీవేగి యిచటికి తాడిమళ్ళ | రాజగోపాలు దేగదే రాజవదన.	teytageethi
తప్పక లక్ష్మణుఁ దడయక గాపిడి యేగి మృగమ్మును నేయుతరినిహా లక్ష్మణా యని యా మృగమటు గూయ మగువకు దుఃఖమై మరిది నంపెమారీచు మాటయే మా యన్న గాదని భావించి తమ్ముడు బాసచేసెనాడగూడని మాటలాడగా దలపెట్ట వనితరో తమ్ముడు వచ్చినాడు	seesamu
రమ్యమైనట్టి ముల్లోకరక్షకుఁడగు | సుదతి దశరథరాజుకు సుతువుగాడెతరుణి నీవేగి యిచటికి తాడిమళ్ళ | రాజగోపాలు దేగదే రాజవదన.	teytageethi
ధరణిలో గృష్ణావతారమెత్తిననాడు తల్లిమాటకు మేఱ దప్పినావుఆ తల్లి నిన్నెంతో యాసక్తి బెంపగా దుందుడుకై చాల దూకినావుగద్దఱీవని తల్లి పెద్దరోటను గట్ట మద్దులఁ బడద్రోసి మళ్ళినావుమగుడి యావెంటను మఱి బుద్ధరూపమై చెలుల వ్రతంబులఁ జెఱచినావు	seesamu
చెడ్డవాఁడవు నీచెంతఁ జేరరాదు | స్త్రీల నీలాగు సేయుట మేలుగాదుతరుణి నీవేగి యిచటికి తాడిమళ్ళ | రాజగోపాలు దేగదే రాజవదన.	teytageethi
చెంగల్వకొలనిలో శృంగారసతులెల్ల జలక్రీడలాడిన జాడ గంటిసిగ్గులేకను బట్టుచీరలన్నియు విప్పిపెట్టిన జాడ నేనట్టె గంటి మగువరోయా చీరమడతలన్నియు గొని చెలియరో యా పొన్నచెట్ల నిడితి భామఅందఱు గూడి బట్టబైలను నిల్చి ముమ్మారు మ్రొక్కిరి ముద్దుగాను	seesamu
తగనెఱుంగవె కృష్ణావతార మహిమ | యింతవాడని నా గుణ మెఱుగలేవెతరుణి నీవేగి యిచటికి తాడిమళ్ళ | రాజగోపాలు దేగదే రాజవదన.	teytageethi
ఓలలాడుచునున్న స్త్రీలయొద్దకు బోయి సిగ్గుమాలిన పేర్మి జెప్పవలెనుతప్పక నీ దుష్టతనము నింపాయకాని పాయక యా పనుల్సేయదగునెవావివర్తనలేక వరించుచును నీవు కోరిన మేనత్తను గూడదగునెపాపమౌననకను బడఁతుల వంచించి చెయియూత లొదవింప జేయదగునె	seesamu
మొగ్గలంబాయె నీదగు మగతనంబు | సిగ్గులేకను నాతోడఁ జెప్పినపుడెతగవులున్నది మనమధ్య తాడిమళ్ళ | రాజగోపాల రావయ్య తేజముగను.	teytageethi
ఘనుడు సత్రాజిత్తుకన్య వేడుకతోను బెండ్లాడివచ్చిన బిరుదు వినవెనీలాపనిందలు నిశ్చయంబుగఁ గొంత నా మీదఁ బల్క నే నాతియుతుఁడగానఁ జంద్రుడు పాలలో గనపడినట్లు జాడ కొంచముగంటి జాములోనబడతి నేనొక భాద్రపదశుద్ధచౌతిని దనరంగ శశిబింబదర్శనంబు	seesamu
గాగ నా మార్గమున వచ్చి కలసి నాతో | సంపదల బొందియుండవె సత్యభామతరుణ నా యూరి పేర్విను తాడిమళ్ల | రాజగోపాలు డందురే రమణి నన్ను.	teytageethi
జగడ మన్యాయమై జాంబవంతుని గెల్చె కానుక దెచ్చిచ్చిగాదు బిరుదుఎంతమాత్రంబైన నీ యతిశయముచే మిక్కిలి మఱియేమి మేలులేదుబాల్యమందున రామభద్రుండవై యుండి వెలయ వనమునకు వెళ్ళినావుపదునాలుగేడులు పరగ దమ్ముడు నీవు నెలమి సీతతోఁ జరియించినావు	seesamu
గాన నీదు ప్రభావముఁ గానఁబడియె | మర్మమెఱిగితి నీ కీర్తిమహిమఁ గంటితగవులన్నియు మనమధ్య తాడిమళ్ళ | రాజగోపాల రావయ్య రమణి గూడ.	teytageethi
సుప్రసేనుఁడు మణి సూటిగా దాల్చుక వేటాడ నడవికి వెడలివచ్చి-నంతట నొకసింహ మాతని వధియించి మణి గొంచుబోవ నమ్మార్గముననుగని జాంబవంతుండు ఖండించి దానిని దనచేత బట్టుక దర్లిపోయె-నంత సత్రాజిత్తు డనుజుఁడు రాకున్న శ్రీకృష్ణుండీ మాయ చేసెననుచు	seesamu
వనిత నామీద గట్టితే వట్టినింద | దెలిసి యావెన్క నామణి దెచ్చినానెమా యూరి పేర్విను తాడిమళ్ళ | రాజగోపాలుడందురే రమణి నన్ను.	teytageethi
శ్యామలవర్ణ నీకేమని యిచ్చునో జాంబవతిని నీకె జాగులేక నీ శాంతవంతంబు నీ గుణంబెఱుగక పడతిని నీవెంట బంపినాడుపేరిమి నిను తల్లి పెంచిన మొదలుగా నుగ్గుపాలు నెఱుంగ వొక్కనాడుతలిదండ్రులొకచోట తపియించుచుండగా పెఱిగిన వెఱుగవు వెఱపులేక	seesamu
ఆతతాయివి నీవిటు లవతరించి | పూతనాయంతకుడవగు పుణ్యమూర్తిదగవులున్నది మనమధ్య తాడిమళ్ళ | రాజగోపాల రావయ్య రమణి గూడ.	teytageethi
మా తండ్రి దశరథమహరాజుగారికి భార్యలు ముగ్గురు పడతి వినవెమువురిలో కైక యన్యాయమ్ముగ నను బరగ వనమునకును బంపదలచెరథమెక్కి దశరథరాజుతో నా కైక వనములో మును రెండువరములడిగెభరతుని సామాజ్యపట్టాభిషిక్తుగా నడవి శ్రీరాముల ననుపుటయును	seesamu
నిట్టి రెండువరమ్ములు బట్టియపుడు | వెలదిగోనన్ను నడవికి వెడలుమనిరినా యూరి పేర్విను తాడిమళ్ళ | రాజగోపాలుడందురే రమణి నన్ను.	teytageethi
తండ్రిపంపున నీవు తగ వనంబున కేగి చేడెకైనను గల్లలాడదగునెవనితతో వనవాసమొనరింప నత్తఱి చుప్పనాతికి ముక్కుచక్కజేయనా చుప్పనాతియు నన్నతో బోరాడి మారీచు బంపెను మాయజేసిమారీచు మాయలు మది నెఱుంగక నీవు విల్లుచేతను బట్టి వెళ్ళినావు	seesamu
దనుజు దునుమాడి వచ్చుచో వనమునందు | సీత గానక మనలోన చింతపడేవెతగవులున్నది మనమధ్య తాడిమళ్ళ | రాజగోపాల రావయ్య రమణి గూడ.	teytageethi
లక్షశత్రులుగల లంకేశ్వరునితోడ జగడాని కెవ్వరు చాలగలరె నెలతరో మఱి యారునెలలకు లేచెడి కుంభకర్ణు నెవరు గూల్పగలరె మిన్నుననున్నట్టి యా మేఘనాథుని బట్టి యతివ యెవ్వరణచగలరెజలధిలోపలను శిల్వల నొప్ప దేలించి వారిధిఁ గట్టించువారు గలరె	seesamu
నారి యెరుఁగవు రామావతార మహిమ | యింతవాడని నా గుణమెంచనేలనా యూరి పేర్విను తాడిమళ్ళ | రాజగోపాలుడందురే రమణి నన్ను.	teytageethi
నిర్మింపగలవాడు నీలుఁడుండఁగ గదా వారిధి బంధించి వచ్చినావుబడలికచే నిద్ర భ్రమసియుండఁగ గదా కుంభకర్ణుని నేల గూల్చినావుదైవగతికి దప్పు దనుజులనందఱ సంహరించను నీవు చాలినావుయింతటివాఁడవై యింద్రజిత్తుని నాగపాశముచే జిక్కి బడలినావు	seesamu
నేనెరుఁగుదు నీదు మహాత్మ్యమిపుడు | నవ్వరే నిన్ను విన్నవారెవ్వరయినదగవులున్నది మనమధ్య తాడిమళ్ళ | రాజగోపాల రావయ్య రమణి గూడ.	teytageethi
మగువరో కాళిందిమడువులోపల గ్రుంకి ఫణిగర్వ మే నెడబాపినానువనిత నరయబోయి వాలి నా క్షణమందు గురిబెట్టి దెబ్బను గూల్చినానువనజాక్షిరో ఱాళ్ళవానలు గురియగా బలుకొండ గొడుగుగా బట్టినానుపశువులతో చిన్నిబాలుఁడనయియుండి గోవుల పాల్వెన్న గ్రోలినాను	seesamu
ముదితరో యిట్టి యవతారమూర్తినైన | నన్ను దూషింప నిది నీకు న్యాయమటనెనా యూరి పేర్విను తాడిమళ్ల | రాజగోపాలుఁడందురే రమణి నన్ను.	teytageethi
చెలగుచు నీ వొక్క చెట్టుచాటుననుండి వాలిని నేయుట వరుస గాదుఊరక పడియున్న యురగంబుపై నీవు పాదంబు మోపుట ప్రజ్ఞ గాదువానకోసము నీవు వలి బట్టియుండగా బర్వతమెత్తుట బరువు గాదుమందగొల్లలతోన బొందుగా మెలఁగుచు బాలన్ని గ్రోలుట లీల గాదు	seesamu
గాన నీయొక్క ప్రజ్ఞలు గట్టిపెట్టి | రాజసముతోడ నుండుడు తేజమలరతగవులున్నది మనమధ్య తాడిమళ్ళ | రాజగోపాల రావయ్య రమణి గూడ.	teytageethi
రాచకులముఁ బుట్టి రాజునై యుండగా రాజసముండదే రమణి నాకునతివరో యటుగాక యన్యులకెందైన రాజసంబబ్బునే రమణి వినవెనాతిరో విను పదునాలులోకంబులు నోరన నా కుక్షి నుంచికొనుచుజిన్నతనమ్మునఁ జిన్నెలుజూపిన నింతిరో నీవది యెఱుఁగవటవె	seesamu
యాడుదానవు గనుక నీ యర్థమెల్ల | దెలిసి తెలియనితనమెల్ల దేటపడియెనా యూరి పేర్విను తాడిమళ్ళ | రాజగోపాలుడందురే రమణి నన్ను.	teytageethi
చిన్నతనమ్మున జిన్నవాండ్రను గూడి బాగుగానుందువే పరమపురుషయవతారమూర్తివం చలివేణులందరున్ భ్రాంతిచేతను నిన్ను బ్రస్తుతింపనా లక్ష్మితోడుత నానందముగ గూడి పొందుగా నుంటివే సుందరాంగరమణులందఱు గూడి రవ్వలు బెట్టిన చెట్ల నెక్కుట నీకు చెల్లమగునె	seesamu
యౌర కృష్ణావతారము నతిశయంబు- | లింతయేకాని మఱి మిక్కిలి లేమిలేదుతగవులున్నది మనమధ్య తాడిమళ్ళ | రాజగోపాల రావయ్య రమణి గూడ.	teytageethi
కృష్ణావతారము గుణము నెంచగనేల మగువ నా యవతారమహిమ వినవెరమణిరో మునులెల్ల రామావతారమం దాలింగనము సేయ నలరుచుండకోరిన వరములు కృష్ణావతారమునందు మీకబ్బెడునంచు బలుకనా వరమునులు కృష్ణావతారంబున రమణులై కలసిరి క్రమముతోడ	seesamu
మగువరో నాదు అవతారమహిమలెల్ల | దెలియజెప్పితి నీకునుఁ దేటపడగనా యూరి పేర్విను తాడిమళ్ళ | రాజగోపాలుడందురే రమణి నన్ను.	teytageethi
పాముమీఁదను జేరి సాము జేసినవాఁడవగుట సద్గుణమెట్లు వచ్చు నీకుపాలీయవచ్చిన పడతి జంపినవాఁడ చెలులపై నెనరేల గలుగు నీకుమేనమామను గంసు మీఱి త్రుంచినవాడ నెనరుమాటల నేమి నీకు ఘనతపసులగాపరివాండ్ర పలుకులు వినువాడ భావజు రతి నేమి భ్రాంతి నీకు	seesamu
జూడు నీ మర్మమెన్నెద సొగసుగాను వాడవాడల నీ సాటివారిలోనతగవులున్నది మనమధ్య తాడిమళ్ళ | రాజగోపాల రావయ్య రమణి గూడ.	teytageethi
పాముమీఁదను జేరి సాము జేసితివంటె విషమైన జంతువు విడువనగునెపాలీయవచ్చిన పడతి జంపితివంటె దగవుమాలినయట్టి ధర్మమగునెమేనమామను గంసు మీఱి ద్రుంచితివంటె దుష్టనిగ్రహము నదోషమగునుపసులగాపరివాండ్ర పలుకులు వినకుంటె లీలావినోదంపు కేళియగునె	seesamu
మిగుల తలపులు సేతురే మగువలెల్ల | గుట్టు బైటను వేసిన కొదవ కాదేనా యూరి పేర్విను తాడిమళ్ళ | రాజగోపాలుడందురే రమణి నన్ను.	teytageethi
నాదు మేలెఱింగించి నా ప్రాణవల్లభుఁ గూర్చి రక్షింపరే కొమ్మలారననువొందగా వాని న్యాయంపుపూటల దయబుట్ట నాడరే తరుణులారకలికిపల్కుల వాని కాఠిన్యహృదయంబు గరుగంగ జేయరే కాంతలారదయగల చెలులైన తఱిదీపు పుట్టించి వేగమాతని దేరె వెలదులార	seesamu
వేసరక మీరు నా మాట విన్నవించి | యబల తన నేమిజేసె నింకనుచు బలికివెలదు లెవ్వరైన ద్వారకానిలయుడైన | చిన్నికృష్ణుని దేరమ్మ చెలియలార.	teytageethi
పతి నన్ను గూర్చరే రతికరువు దీర్చరే మదితాప మార్చరే మగువలారచాన మేలెంచరే జాగు చాలించరే నన్ను లాలించరే కన్యలారకపటంబు వీడరే కరుణతో జూడరే కోరికల దీర్చరే కొమ్మలారవిభు దార్చి గావరే వేడుకల్ సేయరే యిదివేళ బ్రోవరే యింతులార	seesamu
మదనశతకోటిలావణ్యమహితుడైన | చిన్నికృష్ణుని దేరమ్మ చెలియలారమన్మథుని గన్న శ్రీతాడిమళ్ళవాస | రాజగోపాల రావన్న రమణి గూడ.	teytageethi
కమలాక్ష నీతోడ రమియించుటకు వేగ ముదిత రమ్మనినీకు మ్రొక్కెనన్నవెలది నీ భ్రాంతిపై విస్తరించిన యింత విరహాగ్నిజ్వాలల విసికెనన్నమంచముపై బవళించి నిద్రింపక సుదతి నీ రాకను జూచునన్నతడవాయె నెడఁబాసి నేగుచున్నానని పనిబూని నన్నిటు బంపెనన్న	seesamu
కమలనాభుండ నామీదఁ గరుణయుంచి | వేగ నిను రమ్మనుచు విన్నవించెనన్నతరుణి నీవేగి యిచటికి తాడిమళ్ళ | రాజగోపాలు దేగదే రాజవదన.	teytageethi
ఘనముగా నలివేణి కరుణించి యింతైన నా పలుకాలించి నేలవమ్మనాయందు బలికిన న్యాయంబుగా నిప్పు డతియసహ్యంబయ్యె నరసిచూడరాధయు రుక్మిణీరమణీయ నాతని రానివ్వరైరిగా రట్టుజేసిసారసనేత్రుని శ్యామలాంగుని బలభద్రానుజుని నాదు ప్రాణసఖుని	seesamu
నెపుడు కనులార గనుగొందు నెపుడు వాని | జెలిమితో నాదు కౌగిటఁ జేర్చుకొందుతరుణి నీవేగి యిచటికి తాడిమళ్ళ | రాజగోపాలు దేగదే రాజవదన.	teytageethi
కమలాక్షిరో నన్ను గరుణింపుమని వేడ నమ్మరే నా పల్కు నమ్మలారఅదిగొ చంద్రోదయంబాయె నీకేలాగు విరహము సైరింతు వెలదులారమానక క్రూరుడై మదనుండు శరముల వేయదొడంగెనే వెలదులారపంచబాణుని కెంత పగగల్గి యుండెనో సాధించెనిప్పుడు సఖియలార	seesamu
కరుణతోడుత మీరింక గపటముడిగి | నన్ను మన్నించి నా ప్రాణనాథు కడకుఁత్వరితముగ నెమ్మి యీవేళ తాడిమళ్ళ | రాజగోపాలు దోడ్తేరె రమణులార.	teytageethi
ఉదయమునం బూర్వ మొగి నిద్ర మేల్కొని సదయుడ నిన్ను నే స్మరణసేతుసూర్యోదయంబున సూటి నే దప్పక దైవముగా నిను దలతునెపుడునా స్వామి నన్నేల న్యాయంబు దప్పక కరుణతో బ్రోవుము కమలనయనవిరహవేదనచేత వేడెద నేనిట్లు పాలింపుమిక నన్ను పద్మనేత్ర	seesamu
నిత్యమును నిన్ను బ్రార్థింతు నీలవర్ణ | నాదు కోరిక లీడేర్చు నళిననాభతరుణి నీవేగి యిచటికి తాడిమళ్ళ | రాజగోపాలు దేగదే రాజవదన.	teytageethi
మత్స్యావతార సన్మహితకచ్ఛపగాత్ర వరహరూపా నీకు వందనంబునారసింహా వామనశరీర జమదగ్నివరతనయా నీకు వందనంబురఘువంశతిలక యో రాజీవదళనేత్ర బలరామ నీకు నా వందనంబుబౌద్ధావతారసంభావితా గజవరద కల్క్యవతార నా వందనంబు	seesamu
వందనము నీకు సతతము యిందిరేశ | నందనందన శ్రీధర కుందరదనతరుణి నీవేగి యిచటికి తాడిమళ్ళ | రాజగోపాలు దేగదే రాజవదన.	teytageethi
ఏలరా నే తాళజాలరా యిక జాలు చాలురా పంతంబు జలజనయనయిందు రావైతి నేమందురా యే నాతిమందు తలకెక్కెనొ మదనజనకయేమిరా యిటు వేరుసేతురా మరుబారి ద్రోతురా యెందైన దోయజాక్షవీడరా కపటంబు గూడరా నను దయ జూడరా యీవేళ సుందరాంగ	seesamu
యనుచు బెక్కువిధంబుల నార్తిజెందు | నతివ విడనాడగా నీకు సరసమగునెతరుణి నీవేగి యిచటికి తాడిమళ్ళ | రాజగోపాలు దేగదే రాజవదన.	teytageethi
వైకుంఠవాసాయ వారిజనేత్రాయ ద్విజరాజసుముఖాయ తే నమోస్తుజలధరదేహాయ శంఖచక్రధరాయ మానితభర్గాయ తే నమోస్తుపాలితసుజనాయ భావజజనకాయ దీనార్తిహరణాయ తే నమోస్తుసామజవరదాయ శాత్రవహరణాయ దేవకీతనయాయ తే నమోస్తు	seesamu
అని ప్రణామము లొనరించి యతని మదిని | గనికరము దోచునట్టుల గారవించితరుణ మిదియని తెలిపి శ్రీ తాడిమళ్ళ | రాజగోపాలుఁ దోడ్తేరె రమణులార.	teytageethi
"వేమననగ యోగి వెలసె లోకములోనఁ

బూజలిడుఁడు, పుణ్య పురుషులార

పూజలిడిన యంత, భుక్తి ముక్తుల నిచ్చు

విశ్వదాభిరామ వినర వేమ."	aataveladi
"పలుకుమన్న నేల పలుకక యున్నావు

పలుకుమయ్య నాతో ప్రబలముగను

పలుకుమయ్య! నీదు పలుకు నేనెఱిఁగెద

విశ్వదాభిరామ వినర వేమ."	aataveladi
"ఆత్మశుద్ధి లేని యాచారమది యేల

భాండ శుద్ధి లేని పాక మేల

చిత్త శుద్ధి లేని శివపూజ లేలరా

విశ్వదాభిరామ వినర వేమ."	aataveladi
"నిక్కమైన మంచి నీల మొక్కటి చాలు

తళుకు బెళుకు రాళ్లు తట్టె డేల?

చదువఁ బద్య మరయఁ జాలదా యొక్కటి

విశ్వదాభిరామ వినర వేమ."	aataveladi
"నిన్నుఁ జూచె నేని తన్నుఁ దా మఱచును

తన్నుఁ జూచె నేని నిన్ను మఱచు;

నే విధమున జనుఁడు నెఱుగు, నిన్నును దన్ను?

విశ్వదాభిరామ వినర వేమ."	aataveladi
"మురియు వాఁ డెవండు? మురియని దెవ్వఁడు?

పాటు జేసి చూడ బట్ట బయలు;

సొరిది జల ఘటమున సూర్యుని చందంబు

విశ్వదాభిరామ వినర వేమ."	aataveladi
"గాజు కుప్పె లోన కడఁగుచు దీపంబు

యెట్టు లుండు, జ్ఞాన మట్టు లుండుఁ

దెలిసినట్టి వారి దేహంబు లందును

విశ్వదాభిరామ వినర వేమ."	aataveladi
"కల్ల గురుఁడు గట్టు, నెల్ల కర్మంబుల

మధ్య గురుఁడు గట్టు మంత్ర చయము

నుత్తముండు కట్టు, యోగ సామ్రాజ్యంబు

విశ్వదాభిరామ వినర వేమ."	aataveladi
"పెట్టి పోయ లేని వట్టి నరులు భూమి

పుట్ట నేమి? వారు గిట్ట నేమి?

పుట్టలోనఁ జెదలు పుట్టదా గిట్టదా?

విశ్వదాభిరామ వినర వేమ."	aataveladi
"తాము గన్న వారు తముఁ గన్న వారును

చచ్చు టెల్ల, తమకు సాక్షి గాదె?

బ్రతుకు టెల్ల తమకు బ్రహ్మ కల్పంబులా?

విశ్వదాభిరామ వినర వేమ."	aataveladi
"ఎరుక మాలు వాఁడు యేమేమి చదివినఁ

జదివినంత సేపె సద్గుణి యగు

కదసి తామరందుఁ గప్ప గూర్చున్నట్లు

విశ్వదాభిరామ వినర వేమ."	aataveladi
"కూటికి నెడఁ బాసి కూర్చున్న మనుజుఁడు

వెలఁదులఁ గనుగొన్న వెతలఁ జిక్కు

చెలఁగి యగ్నిఁ జూచు శలభంబు చాడ్పున

విశ్వదాభిరామ వినర వేమ."	aataveladi
"కసువుఁ బసికిఁజేసె, గాలి ఫణికిఁ జేసె;

మన్నెఱలకుఁ జేసె, మఱవ కెట్లు;

కుంభిని జనులకును కూడట్లు చేసెరా

విశ్వదాభిరామ వినర వేమ."	aataveladi
"ఎవ్వరి గుణములును యేమన్న మానవు

చక్కఁజేయ రాదు కుక్క తోఁక

గడుసురాలు మగని గంపఁ బెట్టమ్మురా

విశ్వదాభిరామ వినర వేమ."	aataveladi
"వేరు పురుగు చేరి వృక్షంబు జెఱుచును

చీడ పురుగు చేరి చెట్టుఁ జెఱుచు

కుత్సితుండు చేరి, గుణవంతుఁ జెఱచురా

విశ్వదాభిరామ వినర వేమ."	aataveladi
"ఉప్పు కప్పురంబు నొక్కపోలికనుండుఁ

జూడఁ జూడ రుచుల జాడ వేఱు

పురుషులందు పుణ్య పురుషులు వేఱయా

విశ్వదాభిరామ వినర వేమ."	aataveladi
"జీవి పోక ముందె జీవ వస్తువు లిచ్చి

జీవి నిలుప వలయు జీవనముగ

జీవి తొలఁగు వెనుక జీవ వస్తువు లేల?

విశ్వదాభిరామ వినర వేమ."	aataveladi
"కల్ల నిజము రెండు కఱకంఠుఁ డెరుగును

నీరు పల్ల మెఱుఁగు నిజముగాను

తనయుని జననంబు తల్లిఁదా నెరుగును

విశ్వదాభిరామ వినర వేమ."	aataveladi
"అంగ మెల్ల వదలి, యటు దంతములు నూడి

తనువు ముదిమిచేతఁ దఱుచు వడక

ముప్పు తిప్పలఁ బడి మోహంబు విడువడు

విశ్వదాభిరామ వినర వేమ."	aataveladi
"ఆడు వారిఁ గన్న నర్థంబు పొడఁ గన్న

సారమైన రుచుల చవులు గన్న;

నయ్యగాండ్ర కైన నాశలు బుట్టవా?

విశ్వదాభిరామ వినర వేమ."	aataveladi
"అనువు గాని చోట నధికుల మనరాదు

కొంచె ముండు టెల్ల కొదువ గాదు

కొండ యద్దమందుఁ గొంచమై యుండదా?

విశ్వదాభిరామ వినర వేమ."	aataveladi
"తన మదిఁ గపటము గలిగిన

తనవలెనే కపట ముండు, తగ జీవులకు\న్‌

తన మది కపటము విడిచినఁ

దన కెవ్వడు కపటి లేఁడు ధరలో వేమా!"	kandamu
"చంపఁదగిన యట్టి శత్రువు తన చేతఁ

జిక్కెనేని కీడు సేయ రాదు

పొసఁగ మేలు జేసి పొమ్మనుటే చాలు!

విశ్వదాభిరామ వినర వేమ."	aataveladi
"తామసించి సేయఁదగ దెట్టి కార్యంబు

వేగిరింప నదియు విషమ మగును

పచ్చి కాయ దెచ్చి పడవేయ ఫలమౌనె?

విశ్వదాభిరామ వినర వేమ."	aataveladi
"నీళ్లలోన నోడ నిగిడి తిన్నగఁ బ్రాకు

బైట మూరెడైనఁ బ్రాక లేదు

నెలవు దప్పు చోట నేర్పరి కొఱ గాడు!

విశ్వదాభిరామ వినర వేమ."	aataveladi
"_x000D_
నీళ్ళ లోన మొసలి నిగిడి యేనుఁగుఁ బట్టు
_x000D_
బైట కుక్క చేత భంగ పడును
_x000D_
స్థాన బలిమి గాని తన బలిమి కాదయా
_x000D_
విశ్వదాభిరామ వినర వేమ."	aataveladi
"_x000D_
కులము లో నొకండు గుణవంతు డుండెనా
_x000D_
కులము వెలయు వాని గుణముచేత
_x000D_
వెలయ వనము లోన మలయజంబున్నట్లు
_x000D_
విశ్వదాభిరామ వినర వేమ."	aataveladi
"_x000D_
పంది పిల్ల లీనుఁ బదియు నైదింటిని
_x000D_
కుంజరంబు యీను కొదమ నొకటి
_x000D_
యుత్తమ పురుషుండు నొక్కఁడు జాలడా
_x000D_
విశ్వదాభిరామ వినర వేమ."	aataveladi
"_x000D_
ఎఱుఁగు వాని దెలుప నెవ్వఁడయిననుఁ జాలు
_x000D_
నొరుల వశము గాదు వోగుఁ దెల్ప
_x000D_
యేటి వంక దీర్ప నెవ్వరి తరమయా?
_x000D_
విశ్వదాభిరామ వినర వేమ."	aataveladi
"_x000D_
అల్పుఁ డెపుడు బల్కు నాడంబరము గాను
_x000D_
సజ్జనుండు బలుకుఁ జల్లగాను
_x000D_
కంచు మ్రోగునట్లు కనకంబు మ్రోగునా?
_x000D_
విశ్వదాభిరామ వినర వేమ."	aataveladi
"_x000D_
ఓగు నోగు మెచ్చు నొనరంగ నజ్ఞాని
_x000D_
భావ మిచ్చి మెచ్చు పరమ లుబ్ధు
_x000D_
పంది బురద మెచ్చుఁ బన్నీరు మెచ్చునా?
_x000D_
విశ్వదాభిరామ వినర వేమ."	aataveladi
"_x000D_
గంగ పారు చుండు కదలని గతి తోడ
_x000D_
ముఱికి కాల్వ పారు మ్రోఁత తోడ
_x000D_
దాత యోర్చునట్లధము డోర్వఁగా లేఁడు
_x000D_
విశ్వదాభిరామ వినర వేమ."	aataveladi
"_x000D_
కాని వాని చేత కాసు వీసము లిచ్చి
_x000D_
వెంటఁ దిరుగు టెల్ల వెఱ్ఱి తనము
_x000D_
పిల్లిఁ బట్ట కోడి పిలిచినఁ బలుకునా?
_x000D_
విశ్వదాభిరామ వినర వేమ."	aataveladi
"_x000D_
పిసిని వాని యింట పీనుఁగు వెడలిన
_x000D_
కట్ట కోలలకును కాసు లిచ్చి
_x000D_
వెచ్చ మాయె నంచు వెక్కి వెక్కేడ్చురా
_x000D_
విశ్వదాభిరామ వినర వేమ."	aataveladi
"_x000D_
కష్ట లోభి వాని కలిమికి నాశించి
_x000D_
బడుగు వాఁడు దిరిగి పరిణమించు
_x000D_
తగరు వెంట నక్క దగిలిన చందంబు
_x000D_
విశ్వదాభిరామ వినర వేమ."	aataveladi
"_x000D_
లోభి వానిఁ జంప లోకంబు లోపల
_x000D_
మందు వలదు; వేఱె మతము గలదు
_x000D_
పైక మడుగఁ జాల భగ్గున పడి చచ్చు
_x000D_
విశ్వదాభిరామ వినర వేమ."	aataveladi
"_x000D_
మాట లెల్ల కల్ల, మన సెల్ల దొంగకె
_x000D_
నేటి ప్రాణ మింక నేటి బ్రతుకు?
_x000D_
మాట సత్యమైన మఱి శతాయుష్యంబు
_x000D_
విశ్వదాభిరామ వినర వేమ."	aataveladi
"_x000D_
కలిమి నాఁడు నరుఁడు కానఁడు మదమున
_x000D_
లేమి నాఁడు మొదలె లేదు పెట్టఁ
_x000D_
గలిమి లేమి లేని కాలంబు గలుగునా?
_x000D_
విశ్వదాభిరామ వినర వేమ."	aataveladi
"_x000D_
కనియుఁ గాన లేఁడు కదలింపఁ డానోరు
_x000D_
వినియు వినగ లేఁడు విస్మయమున
_x000D_
సంపద గల వాఁడు సన్నిపాతక మది
_x000D_
విశ్వదాభిరామ వినర వేమ."	aataveladi
"_x000D_
తీర్ప నార్ప లేని తీర్పరితన మేల?
_x000D_
కూర్ప విప్ప లేని నేర్ప దేల?
_x000D_
పెట్టి పొయ్య లేని వట్టి బీరము లేల?
_x000D_
విశ్వదాభిరామ వినర వేమ."	aataveladi
"_x000D_
తాను గుడువలేఁడు, తగ వేది యాప్తుల
_x000D_
జేర నివ్వఁడ ట్టి చెనటి గోవు
_x000D_
చేని లోన బొమ్మఁ జేసి కట్టిన యట్లు
_x000D_
విశ్వదాభిరామ వినర వేమ."	aataveladi
"_x000D_
పూర్వ జన్మమందుఁ బుణ్యంబు సేయని
_x000D_
పాపి ధనము కాశ పడుట యెల్ల
_x000D_
విత్త మఱచి కోయ వెదకిన చందంబు
_x000D_
విశ్వదాభిరామ వినర వేమ."	aataveladi
"_x000D_
చమురు గలుగు దివ్వె సరవితో మండును
_x000D_
చమురు లేని దివ్వె సమసి పోవు
_x000D_
తనువు తీఱె నేని తలపు తోడనె తీరు
_x000D_
విశ్వదాభిరామ వినర వేమ."	aataveladi
"_x000D_
భూపతి కృప నమ్మి భూమి జెఱుచు వాఁడు
_x000D_
ప్రజల యుసురు దాకి పడును పిదప
_x000D_
యెగర వేయ బంతి యెందాక నిల్చురా
_x000D_
విశ్వదాభిరామ వినర వేమ."	aataveladi
"_x000D_
పాప మనఁగ వేఱె పరదేశమున లేదు
_x000D_
తనదు కర్మములను దగిలియుండు
_x000D_
కర్మ తంత్రిగాక, గనుకని యుంటొప్పు
_x000D_
విశ్వదాభిరామ వినర వేమ."	aataveladi
"_x000D_
నక్క వినయములను నయగారములఁ బల్కి
_x000D_
కుడువకెల్ల ధనము కూడఁ బెట్టు
_x000D_
కుక్క బోను వాతఁ గూడు చల్లిన రీతి
_x000D_
విశ్వదాభిరామ వినర వేమ."	aataveladi
"_x000D_
వెళ్లి వచ్చు నాఁడు మళ్లి పోయెడు నాఁడు
_x000D_
వెంట రాదు; ధనము కొంచఁ బోఁడు;
_x000D_
తానదేడఁ బోనొ ధన మేడఁ బోవునో?
_x000D_
విశ్వదాభిరామ వినర వేమ."	aataveladi
"_x000D_
పుట్టు బిత్తలి వలె పోవు బిత్తలి వలె;
_x000D_
తిరుగు బిత్తలి వలె, దేహి ధరణి
_x000D_
యున్న నాటి కైన నుపకారి గాలేఁడు
_x000D_
విశ్వదాభిరామ వినర వేమ."	aataveladi
"_x000D_
కాశి బోదు ననుచు గడకట్టగా నేల?
_x000D_
కాశి తీర్థమునకు గదలనేల?
_x000D_
దోషకారి కెట్లు దొరుకురా యాకాశి
_x000D_
విశ్వదాభిరామ వినర వేమ."	aataveladi
"_x000D_
ఇనుము విఱిగె నేని యినుమాఱు ముమ్మాఱు
_x000D_
కాచియతుక నేర్చు కమ్మరీడు
_x000D_
మనసు విఱిగెనేని మఱియంట నేర్చునా?
_x000D_
విశ్వదాభిరామ వినర వేమ."	aataveladi
"_x000D_
పరనారీ దూరగుడై
_x000D_
పరధనముల కాసపడక పరహితదారై
_x000D_
పరులలిగిన దానలుగక
_x000D_
పరులెన్నగ బ్రతుకువాఁడు ప్రాజ్ఞుఁడు వేమా."	kandamu
"_x000D_
అజ్ఞానమె శూద్రత్వము
_x000D_
సుజ్ఞానము బ్రహ్మమౌట శ్రుతులను వినరా
_x000D_
యజ్ఞాన ముడిగి వాల్మీకి
_x000D_
సుజ్ఞానపు బ్రహ్మమొందెఁ జూడర వేమా."	kandamu
"_x000D_
నీళ్లలోనిచేప నెఱమాంస మాశకు
_x000D_
గాలమందుఁజిక్కి కూలినట్లు
_x000D_
ఆశపుట్టి మనుజుఁ డారీతి జెడిపోవు
_x000D_
విశ్వదాభిరామ వినర వేమ."	aataveladi
"_x000D_
బొంది యెవరిసొమ్ము పోషింపఁ బలుమారు
_x000D_
ప్రాణ మెవరిసొమ్ము భక్తిసేయ
_x000D_
ధనమ దెవరి సొమ్ము ధర్మమే తనసొమ్ము
_x000D_
విశ్వదాభిరామ వినర వేమ."	aataveladi
"_x000D_
నమశివ యనవచ్చు నారాయ ణనవచ్చు
_x000D_
మేలువారి నమ్మి మెచ్చవచ్చు
_x000D_
కొంగుకాసు విడిచి గొబ్బున నీరాదు
_x000D_
విశ్వదాభిరామ వినర వేమ."	aataveladi
"_x000D_
మేడిపండు చూడ మేలిమైయుండును
_x000D_
బొట్టవిచ్చి చూడఁ బురుగులుండుఁ
_x000D_
బెరుకువాని మదిని బింక మీలాగురా
_x000D_
విశ్వదాభిరామ వినర వేమ."	aataveladi
"_x000D_
ఉసురు లేనితిత్తి యిసుమంత నూదిన
_x000D_
పంచలోహములును భస్మమౌను
_x000D_
పెద్ద లుసురుమన్న పెనుమంట లెగయవా
_x000D_
విశ్వదాభిరామ వినర వేమ."	aataveladi
"_x000D_
మందుదినఁ బోటు మానును
_x000D_
మందు దినగ జేయఁ బొలఁతి మహిలో వలచు\న్‌
_x000D_
మందుదిన కుదురు రోగము
_x000D_
మందుదినం గలదు పుష్టి మహిలో వేమా."	kandamu
"_x000D_
తలను పాగ పైని తగుపచ్చడము బొజ్జ
_x000D_
చెవులపోగు లరసి చేరు నర్థి
_x000D_
శుద్ధపశువు లౌట బుద్ధిలో నెఱుగురా
_x000D_
విశ్వదాభిరామ వినర వేమ."	aataveladi
"_x000D_
స్త్రీలసుఖముఁ జూచి చిత్తంబు నిలుకడ
_x000D_
సేయని మనుజుండు చెడు నిజంబు
_x000D_
ఏటికట్టు మ్రాని కెప్పుడు చలనంబు
_x000D_
విశ్వదాభిరామ వినర వేమ."	aataveladi
"_x000D_
కూలినాలిచేసి గుల్లాముపనిచేసి
_x000D_
తెచ్చిపెట్ట నాలు మెచ్చనేర్చు
_x000D_
లేమిఁజిక్కువిభుని వేమాఱు దిట్టును
_x000D_
విశ్వదాభిరామ వినర వేమ."	aataveladi
"_x000D_
ఇంద్రియ పరవశుఁ డధముం
_x000D_
డింద్రియ పరవశుఁడు భక్తియెడ మధ్యముంఁడౌ
_x000D_
నింద్రియజయుఁ డుత్తముఁ జి
_x000D_
తేంద్రియసుతుఁడు విన మహేశుఁడు వేమా."	kandamu
"_x000D_
తన గుణము తనకు నుండఁగ
_x000D_
నెనయంగా నొరునిగుణము నెంచును మదిలో
_x000D_
తన గుణముఁదాను దెలియక
_x000D_
పనరి యొరుని ననెడువాఁడు భ్రష్టుఁడు వేమా."	kandamu
"_x000D_
వెఱ్ఱివాని కయిన వేషధారికయిన
_x000D_
రోగికైన పరమయోగికైన
_x000D_
స్త్రీలఁజూచినపుడె చిత్తంబు రంజిల్లు
_x000D_
విశ్వదాభిరామ వినర వేమ."	aataveladi
"_x000D_
తావసించుచోటఁ దగనల్గు డాయెనా
_x000D_
సౌఖ్యభూమి కపుడు జరుగవలయు
_x000D_
కొలఁకు లింకెనేని కొంగ లందుండునా
_x000D_
విశ్వదాభిరామ వినర వేమ."	aataveladi
"_x000D_
భూమిలోనఁ బుణ్యపురుషులు లేకున్న
_x000D_
జగములేలనిల్చు సమయుఁగాక
_x000D_
నంత దఱచుదొరక రాడ నాడనెగాని
_x000D_
విశ్వదాభిరామ వినర వేమ."	aataveladi
"_x000D_
చిత్తశుద్ధిగల్గి చేసినపుణ్యంబు
_x000D_
కొంచెమయిన నదియు గొదువ కాదు
_x000D_
విత్తనంబు మఱ్ఱివృక్షంబునకు నెంత
_x000D_
విశ్వదాభిరామ వినర వేమ."	aataveladi
"_x000D_
చెడ్డవాని మిగులఁ జెఱుచును దైవంబు
_x000D_
అడ్డపడదు వాని కాపదయిన
_x000D_
చెడినచేనుఁ జూచి యొడయఁడు మెచ్చునా
_x000D_
విశ్వదాభిరామ వినర వేమ."	aataveladi
"_x000D_
ఎక్కడయినయాశ లినుమడియుండఁగా
_x000D_
తిక్కపట్టి నరుఁడు తిరుగుచుండు
_x000D_
కుక్కవంటి యాశ కూర్చుండ నీయదు
_x000D_
విశ్వదాభిరామ వినర వేమ."	aataveladi
"_x000D_
అరయఁ దఱచుకల్ల లాడెడు వారిండ్ల
_x000D_
వెడలకేల లక్ష్మి విశ్రమించు
_x000D_
నీరు నోటికుండ నిలువని చందాన
_x000D_
విశ్వదాభిరామ వినర వేమ."	aataveladi
"_x000D_
గుణవతి యగు యువతి గృహము చక్కగనుండు
_x000D_
చీకటింట దివ్వె చెలఁగురీతి
_x000D_
దేవియున్న యిల్లు దేవార్చన గృహంబు
_x000D_
విశ్వదాభిరామ వినర వేమ."	aataveladi
"_x000D_
ఇంటియాలు విడిచి యిల జారకాంతల
_x000D_
వెంటఁ దిరుగువాఁడు వెఱ్ఱివాఁడు
_x000D_
పంటచేను విడిచి పరిగ యేరినయట్లు
_x000D_
విశ్వదాభిరామ వినర వేమ."	aataveladi
"_x000D_
రాజవరుల కెపుడు రణరంగముల చింత
_x000D_
పరమ మునులకెల్ల పరముచింత
_x000D_
యల్పనరుల కెల్ల నతివలపై చింత
_x000D_
విశ్వదాభిరామ వినర వేమ."	aataveladi
"_x000D_
తల్లిదండ్రిమీద దయలేని పుత్రుండు
_x000D_
పుట్టనేమివాఁడు గిట్టనేమి
_x000D_
పుట్టలోనఁ జెదలు పుట్టదా గిట్టదా
_x000D_
విశ్వదాభిరామ వినర వేమ."	aataveladi
"_x000D_
ముందరి పోటుల మాన్పను
_x000D_
మందెందును గలదుగాని మహిలోపల నే
_x000D_
నిందల పోటులు మాన్పెడు
_x000D_
మందెచ్చట నైనఁ గలదె మహిలో వేమా."	kandamu
"_x000D_
తత్వ మెఱుఁగువాడు దైవంబు నెఱుఁగును
_x000D_
సర్వసారములను జావఁ జేయు
_x000D_
కదళిమ్రింగునట్లు గరళంబు మ్రింగునా
_x000D_
విశ్వదాభిరామ వినర వేమ."	aataveladi
"_x000D_
నీళ్లమీద బుగ్గ నిలచిన యప్పుడు
_x000D_
తళ్లువేగవచ్చి తాకుఁ గాక
_x000D_
విడెడుకుండకింత విభ్రాంతి పడుదురు
_x000D_
విశ్వదాభిరామ వినర వేమ."	aataveladi
"_x000D_
హేమకారవిద్య నెఱిఁగిన వారెల్ల
_x000D_
వెతలఁ బడనియట్లు విద్యచేతఁ
_x000D_
దత్వమెఱుఁగు వెనుక తనకుఁ జింతేలరా
_x000D_
విశ్వదాభిరామ వినర వేమ."	aataveladi
"_x000D_
జీవభావ మెఱుగఁ జెడ దెన్నటికి మది
_x000D_
దైవమును నెఱుంగఁ దనరుబుద్ధి
_x000D_
తేజ ముదయమందఁ దిమిరంబు నిలువదు
_x000D_
విశ్వదాభిరామ వినర వేమ."	aataveladi
"_x000D_
ఆశచేత మనుజు లాయువుగలనాళ్లు
_x000D_
దిరుగుచుంద్రు భ్రమను ద్రిప్పలేక
_x000D_
మురికిభాండమందు ముసరు నీఁగలభంగి
_x000D_
విశ్వదాభిరామ వినర వేమ."	aataveladi
"_x000D_
పరుస మినుముసోకి బంగారమైనట్లు
_x000D_
కప్పురంబు జ్యోతిఁ గలసినట్లు
_x000D_
పుష్పమందు దావి పొసఁగినట్లగు ముక్తి
_x000D_
విశ్వదాభిరామ వినర వేమ."	aataveladi
"_x000D_
కుండ పగిలెనేని క్రొత్తది కొనవచ్చు
_x000D_
భూతలంబునందు బొందుగాను
_x000D_
కూలబడిన నరుఁడు కుదురుట యరుదయా
_x000D_
విశ్వదాభిరామ వినర వేమ."	aataveladi
"_x000D_
సతము బాహ్యపూజ చాలఁ జేసినపిదప
_x000D_
కపటము విడలేక కష్టనరులు
_x000D_
ముక్తి నొందలేక మునిగిరి తమమున
_x000D_
విశ్వదాభిరామ వినర వేమ."	aataveladi
"_x000D_
ఊర్ధ్వలోకమందు నుచితక్రమంబున
_x000D_
రూప మేమి లేక రూఢితోను
_x000D_
పరమయోగి చూచు పరమాత్ముఁ డితఁడని
_x000D_
విశ్వదాభిరామ వినర వేమ."	aataveladi
"_x000D_
సత్య మమరియుండ జ్ఞాన మమరియుండు
_x000D_
జ్ఞాన మమరియుండ సత్యముండు
_x000D_
జ్ఞానసత్యములును సమమయిన ద్విజుఁడగు
_x000D_
విశ్వదాభిరామ వినర వేమ."	aataveladi
"_x000D_
దాన మొసఁగుకన్నఁ దేజంబు మఱిహెచ్చు
_x000D_
తేజ మొసఁగుకన్నఁ దెలివి హెచ్చు
_x000D_
తెలివికన్న నాసఁ దెగ వేయునది హెచ్చు
_x000D_
విశ్వదాభిరామ వినర వేమ."	aataveladi
"_x000D_
దొంగమాటలాడ దొరుకునె మోక్షంబు
_x000D_
చేతగానికూత చెల్ల దెపుడు
_x000D_
గురువుపద్దు గాదు గుణహీన మగుఁగాక
_x000D_
విశ్వదాభిరామ వినర వేమ."	aataveladi
"_x000D_
గాలిలేని దీపకళిక చందంబున
_x000D_
నలలుసుళ్లులేని జలధిరీతి
_x000D_
నిశ్చలాత్మయున్న నిర్వికారంబున
_x000D_
ముక్తియండ్రు దాని మొగిని వేమ."	aataveladi
"_x000D_
మంటలోహమునలు మ్రాను చీలలయందు
_x000D_
పటముగోడలందుఁ బరగ నిసుక
_x000D_
బెట్టనంటునట్ల పెనఁగు దేహముజీవి
_x000D_
విశ్వదాభిరామ వినర వేమ."	aataveladi
"_x000D_
కలుషమెల్లఁ దెలియఁ దలవంపులకు మూల
_x000D_
మరయఁదత్వ మెల్ల నాత్మఁబుట్టు
_x000D_
తెలిసినందుకు మఱిధీరుఁడు గావలె
_x000D_
విశ్వదాభిరామ వినర వేమ."	aataveladi
"_x000D_
అనఁగ ననగ రాగ మతిశయిల్లుచునుండు
_x000D_
తినఁగ దినఁగ వేము దీయనుండు
_x000D_
సాధనమున బనులు సమకూరు ధరలోన
_x000D_
విశ్వదాభిరామ వినర వేమ."	aataveladi
"_x000D_
స్థూలము కనుగ్రుడ్డు సూక్ష్మంబు కన్పాప
_x000D_
కంటిపాప నుండు కారణంబు
_x000D_
కారణమున బ్రహ్మకళ నెఱుంగఁగవలె
_x000D_
విశ్వదాభిరామ వినర వేమ."	aataveladi
"_x000D_
తేనెతెరలజాడ తేనెటీఁగ యెఱుంగు
_x000D_
సుమరసంబుజాడ భ్రమర మెఱుఁగు
_x000D_
పరమయోగి జాడభక్తుం డెఱుంగును
_x000D_
విశ్వదాభిరామ వినర వేమ."	aataveladi
"_x000D_
అడవి దిరుగ లేదు ఆకసమున లేదు
_x000D_
అవనిఁ దీర్థయాత్రలందు లేదు
_x000D_
ఒడలు సిద్ధిఁజేసి యొడయని జూడరా
_x000D_
విశ్వదాభిరామ వినర వేమ."	aataveladi
"_x000D_
కప్పురంబు మనసు గాంక్షించుయోగికి
_x000D_
జ్ఞానదీపశిఖయుఁ దానటించుఁ
_x000D_
గానవచ్చు నాత్మ క్రమమాణమై నిచ్చ
_x000D_
విశ్వదాభిరామ వినర వేమ."	aataveladi
"_x000D_
నీ వాడిన నే నాడుదు
_x000D_
నీవుండిన నేను నుందు నిర్విణ్ణుఁడనై
_x000D_
నీవు తలంచినఁదలఁపుదు
_x000D_
నీవు నగిన నేను నగుదు నిజముగ వేమా."	kandamu
"_x000D_
నీరు కార మాయె కారంబు నీరాయె
_x000D_
కారమైన నీరుకార మాయె
_x000D_
కారమందు నీరు కడురమ్యమైయుండు
_x000D_
విశ్వదాభిరామ వినర వేమ."	aataveladi
"_x000D_
శివుని యనుభవంబు సృష్టిలోపల లేక
_x000D_
సంశయంబు చెడదు సాధకులకు
_x000D_
చెలగుఁదివ్వె లేక చీఁకటిపాయునా?
_x000D_
విశ్వదాభిరామ వినర వేమ."	aataveladi
"_x000D_
ఇంద్రియములచేత నెగ్గొందుచుండెడు
_x000D_
వెఱ్ఱిమనుజుఁ డేల వెదకు శివుని?
_x000D_
ఇంద్రియముల రోసి యీశునిఁ జూడరా
_x000D_
విశ్వదాభిరామ వినర వేమ."	aataveladi
"_x000D_
కడుపునిండ సుధను గ్రమముతోఁ ద్రావిన
_x000D_
బాలమీఁద నేల పాఱు మనసు?
_x000D_
తత్వ మెఱుఁగువెనుక తన్వంగు లేటికో?
_x000D_
విశ్వదాభిరామ వినర వేమ."	aataveladi
"_x000D_
ఉత్తమోత్తముండు తత్వజ్ఞుఁ డిలమీద
_x000D_
మహిమఁజూపువాఁడు మధ్యముండు
_x000D_
వేషధారి యుదరపోషకుఁడధముండు
_x000D_
విశ్వదాభిరామ వినర వేమ."	aataveladi
"_x000D_
హృదయమందు నున్నయీశుని దెలియక
_x000D_
శిలలనెల్ల మ్రొక్కుజీవులార
_x000D_
శిలల నేమియుండు జీవులందే కాక
_x000D_
విశ్వదాభిరామ వినర వేమ."	aataveladi
"_x000D_
గంగగోవుపాలు గరిటెడైనను జాలు
_x000D_
కడివెడైననేమి ఖరముపాలు
_x000D_
భక్తిగలుగుకూడు పట్టెడైనను జాలు
_x000D_
విశ్వదాభిరామ వినర వేమ."	aataveladi
"_x000D_
బండమీఁద చెలమ పాటించిత్రవ్విన
_x000D_
నలయి కెక్కుడౌను నాశలేదు
_x000D_
గుంటపట్టు చెలమ కులముద్ధరించురా
_x000D_
విశ్వదాభిరామ వినర వేమ."	aataveladi
"_x000D_
కాకిగూటిలోన కోకిల మున్నట్లు
_x000D_
భ్రమర మగుచుపురుగు బ్రతికినట్లు
_x000D_
గురుని గొల్చువెనుక గురువు తా నౌనయా
_x000D_
విశ్వదాభిరామ వినర వేమ."	aataveladi
"_x000D_
మాట దిద్దవచ్చు మఱియెగ్గు లేకుండ
_x000D_
దిద్దవచ్చు ఱాతిఁదిన్నగాను
_x000D_
మనసు దిద్దరాదు మహి నెంతవారికి
_x000D_
విశ్వదాభిరామ వినర వేమ."	aataveladi
"_x000D_
మనసునందు ముక్తిమలయుచు నుండంగ
_x000D_
మనసు లెఱుఁగలేక మనుజులెల్ల
_x000D_
మనసు నంటలేక మాయమై పోదురు
_x000D_
విశ్వదాభిరామ వినర వేమ."	aataveladi
"_x000D_
మనసు ముక్తియనుచు మది నెఱుంగఁగలేరు
_x000D_
మనసుచేతఁ దగిలి మాయమైరి
_x000D_
మనసు తానయైన మర్మజ్ఞుడగు యోగి
_x000D_
విశ్వదాభిరామ వినర వేమ."	aataveladi
"_x000D_
మదినెఱిఁగినవాని మహిఁగాన నెందును
_x000D_
మది నెఱుంగువాఁడు మహిని నరుఁడు
_x000D_
వెదకి తనువులోన వేడ్కతో నినుఁజూచు
_x000D_
విశ్వదాభిరామ వినర వేమ."	aataveladi
"_x000D_
బ్రహ్మమును నెఱుఁగవు భావమందుండిన
_x000D_
తనువు గుడిగఁ జేసి తన్ను నిలిపి
_x000D_
లోకబుద్ధివిడిచి లోఁజూపు చూడరా
_x000D_
విశ్వదాభిరామ వినర వేమ."	aataveladi
"_x000D_
నిన్నుఁజూచుచుండ నిండును దత్వంబు
_x000D_
తన్నుఁ జూచుచుండఁ దగులు మాయ
_x000D_
నిన్ను నెఱిఁగినపుడె తన్నుఁదా నెఱుఁగును
_x000D_
విశ్వదాభిరామ వినర వేమ."	aataveladi
"_x000D_
గాలి గాలి గలసె గగనంబు గగనంబు
_x000D_
మన్ను మన్ను గలసె మంట మంట
_x000D_
నీరు నీటఁ గలసె నిర్మలంబయి యుండె
_x000D_
విశ్వదాభిరామ వినర వేమ."	aataveladi
"_x000D_
వెదక వెదకఁ దొఱకు వేదాంతవేద్యుండు
_x000D_
వెదకువానిఁ దాను వెదకుచుండు
_x000D_
వెదకనేర్చునట్టి వెరవరుల్‌ గలరొకో
_x000D_
విశ్వదాభిరామ వినర వేమ."	aataveladi
"_x000D_
తను వలచినఁదా వలచును
_x000D_
దను వలవక యున్నఁదన్ను దా వలవడిల\న్‌
_x000D_
దనదు పటాటోపంబులు
_x000D_
తనమాయలు పనికిరావు ధరలో వేమా."	kandamu
"_x000D_
స్వానుభూతిలేక శాస్త్రవాసనలచే
_x000D_
సంశయంబు చెడదు సాధకునకుఁ
_x000D_
జిత్రదీపమునకు జీఁకటి చెడనట్లు
_x000D_
విశ్వదాభిరామ వినర వేమ."	aataveladi
"_x000D_
శాంతమున సకలకార్యము
_x000D_
సంతోషంబునను బొందు సత్యము జయమౌ
_x000D_
పంతము చెల్లును ధర్మజుఁ
_x000D_
డెంతేసి ప్రయాసముల జయించెను వేమా."	kandamu
"_x000D_
ఉర్విజనులు పరమయోగీశ్వరునిఁ జూచి
_x000D_
తెగడువారె గాని తెలియలేరు
_x000D_
అమృతస్వాదురుచులహస్త మేమెఱుఁగును
_x000D_
విశ్వదాభిరామ వినర వేమ."	aataveladi
"_x000D_
పురుషుఁడెన్నిగతులఁబుట్టువు మొదలుగఁ
_x000D_
బాపచింతఁజేయు జాపలమున
_x000D_
మహిని కుంటినక్క మాంసముదిన్నట్లు
_x000D_
విశ్వదాభిరామ వినర వేమ."	aataveladi
"_x000D_
అంకి లెఱిఁగి మాట లాడనేర్చినపుడె
_x000D_
పిన్న పెద్దతనము లెన్నలేల
_x000D_
పిన్న చేతిదివ్వె పెద్దగా వెలుఁగదా
_x000D_
విశ్వదాభిరామ వినర వేమ."	aataveladi
"_x000D_
మొదటఁ బోయునీవు మొగిబీజముల కెక్కి
_x000D_
మొదటి కుఱుకువేగ మొలక లెత్తు
_x000D_
మొలక పృథివిఁ బెరిగి వెలయును వృక్షంబు
_x000D_
విశ్వదాభిరామ వినర వేమ."	aataveladi
"_x000D_
మగనికాలమందు మగువ కష్టించిన
_x000D_
సుతుల కాలమందు సుఖముఁ బొందు
_x000D_
కలిమి లేములెందుఁ గలవెంతవారికి
_x000D_
బలిమి పుత్రబలిమె బలిమి వేమ."	aataveladi
"_x000D_
ఆఱురుచులు వేఱు సారంబు నొక్కటి
_x000D_
సత్యనిష్ఠ వేఱు సత్యమొకటి
_x000D_
పరమఋషులు వేఱు భావ్యుఁ డొక్కండురా
_x000D_
విశ్వదాభిరామ వినర వేమ."	aataveladi
"_x000D_
తారకంబుఁ జూచుదారి వేఱుగఁగల్గు
_x000D_
సమముగాను జూడఁ జక్కఁబడును
_x000D_
వెఱ్ఱిగాను జూడ వెలుగెల్ల బాఱురా
_x000D_
విశ్వదాభిరామ వినర వేమ."	aataveladi
"_x000D_
సజ్జనముల చెలిమి చాలింపఁగా రాదు
_x000D_
ప్రకృతి నెఱుఁగకున్న భక్తిలేదు
_x000D_
పలువ లెట్టిరీతి భక్తి సల్పుదురయా
_x000D_
విశ్వదాభిరామ వినర వేమ."	aataveladi
"_x000D_
ఇట్టికనుల బ్రహ్మ మెట్లు చూడఁగవచ్చుఁ
_x000D_
జూచుకనులువేఱు చూపువేఱు
_x000D_
చూపులోనమరిచి చూడంగవలవదా
_x000D_
విశ్వదాభిరామ వినర వేమ."	aataveladi
"_x000D_
దూలములనుబోలు దురవస్థలనునెల్ల
_x000D_
రోసి యాసలన్ని గోసివేసి
_x000D_
వాసనను దెలిసినవాఁడెపో బ్రహ్మంబు
_x000D_
విశ్వదాభిరామ వినర వేమ."	aataveladi
"_x000D_
మన్నును దినమన్న మండేరు జనులార
_x000D_
మంటిలోనిమేలు మఱువనేల
_x000D_
నీళ్లలోనిమేలు నిఖిలమై యుండురా
_x000D_
విశ్వదాభిరామ వినర వేమ."	aataveladi
"_x000D_
జీవమేడ నుండు భావమెక్కడ నుండు
_x000D_
కాఁపురంబు లేడఁ గదిసియుండుఁ
_x000D_
దనరుచున్న రెండిస్థల మేల తెలియరు
_x000D_
విశ్వదాభిరామ వినర వేమ."	aataveladi
"_x000D_
ధనము గూడఁబెట్టి ధర్మంబు సేయక
_x000D_
తాను దినకలెస్స దాచుగాఁక
_x000D_
తేనె నీఁగె కూర్చి తెరువర్ల కియ్యదా
_x000D_
విశ్వదాభిరామ వినర వేమ."	aataveladi
"_x000D_
ఇచ్చెడి వారలసంపద
_x000D_
హెచ్చునదేకాని లేమి యేలా కలుగున్‌
_x000D_
అచ్చెలమ నీళ్లుచల్లిన
_x000D_
విచ్చలవిడి నూరుచుండు వినరా వేమా"	kandamu
"_x000D_
పాలఁగలయు నీరు పాలెయై రాజిల్లు
_x000D_
నదియు పానయోగ్య మయినయట్లు
_x000D_
సాధుసజ్జనముల సాంగత్యములచేత
_x000D_
మూఢజనుఁడు ముక్తి మొనయు వేమ"	aataveladi
"_x000D_
చెడినమానవులను చేపట్టి రక్షించి
_x000D_
కడకుఁ జేర్చినట్టి ఘనులు దలఁప
_x000D_
కడగి పుణ్యమైనగల శివుసన్నిధి
_x000D_
నెడతెగకయునుందు రెపుడు వేమ"	aataveladi
"_x000D_
ఒకరి నోరుఁగొట్టి యొకరు భక్షింతురు
_x000D_
వారినోరు మిత్తి వరుసఁగొట్టు
_x000D_
చేఁపపిండు పిల్ల చేఁపలఁ జంపును
_x000D_
జనుఁడు చేఁపపిండుఁ జంపు వేమ"	aataveladi
"_x000D_
కన్నుపోవువాఁడు కాళ్లుపోయినవాఁడు
_x000D_
నుభయులరయఁ గూడి యుండునట్లు
_x000D_
పేద పేదఁగూడి పెనగొని యుండును
_x000D_
విశ్వదాభిరామ వినర వేమ."	aataveladi
"_x000D_
పరగ రాతిగుండు పగులఁగొట్టఁగ వచ్చుఁ
_x000D_
గొండలన్ని పిండిగొట్టవచ్చు
_x000D_
కఠినచిత్తు మనసు కరగింప రాదయా
_x000D_
విశ్వదాభిరామ వినర వేమ."	aataveladi
"_x000D_
అంత కొఱత దీఱి అతిశయకాముఁడై
_x000D_
నిన్ను నమ్మిచాల నిష్ఠతోడ
_x000D_
నిన్నుఁగొల్వ ముక్తి నిశ్చయముగఁ గల్గు
_x000D_
విశ్వదాభిరామ వినర వేమ."	aataveladi
"_x000D_
తత్వము తిరమైన తావుల వెదకుచుఁ
_x000D_
దాను తత్వమగును తత్త్వయోగి
_x000D_
తలఁపులన్ని యుడుగఁ దానెపో తత్వంబు
_x000D_
విశ్వదాభిరామ వినర వేమ."	aataveladi
"_x000D_
మాటలాడవేఱె మనసుకొలఁదియువేఱె
_x000D_
యొడలగుణమువేఱె యోజనవేఱె
_x000D_
యెట్లుగల్గు ముక్తి యేలాగు తనలాగు
_x000D_
విశ్వదాభిరామ వినర వేమ."	aataveladi
"_x000D_
వెలఁది చక్కఁదనము వెరపైన యీడును
_x000D_
విభుని కరుణలేక వితగనుండు
_x000D_
నీదుకరుణలేక నేర్పులు కొఱగావు
_x000D_
విశ్వదాభిరామ వినర వేమ."	aataveladi
"_x000D_
ఎంతకష్ట ముండు నంత పాపపుఁజింత
_x000D_
చింతచేత మిగులఁ జివుకు మనసు
_x000D_
చింతలేకయున్న చెడనిసంపదఁజూచు
_x000D_
విశ్వదాభిరామ వినర వేమ."	aataveladi
"_x000D_
ఎన్నాళ్ళకుఁ దానుండును
_x000D_
ఎన్నాళ్లను దాను నేర్చి యెన్నిటవెలయున్‌
_x000D_
కొన్నాళ్లకుఁ దాఁ జన్నను
_x000D_
మన్నేయగు విద్యలెల్ల మహిలో వేమా."	kandamu
"_x000D_
ధనమెచ్చిన మదమెచ్చును
_x000D_
మదమెచ్చిన దుర్గుణంబు మానక హెచ్చు\న్‌
_x000D_
ధనముడిగిన మదముడుగును
_x000D_
మదముడిగిన దుర్గుణంబు మానును వేమా."	kandamu
"_x000D_
వినవలె నెవ్వరు చెప్పిన
_x000D_
వినినంతనె తమకపడక వివరింపవలె\న్‌
_x000D_
విని కని వివరము దెలిసిన
_x000D_
మనుజుఁడెపో నీతిపరుడు మహిలో వేమా."	kandamu
"_x000D_
ఈకపట నాటకంబును
_x000D_
ఈకపటపుఁ జదువులన్ని యింపు దలిర్ప\న్‌
_x000D_
ఏకపటాత్ముఁడు సేసెనొ
_x000D_
యాకపటాత్మునకు మ్రొక్కి యలరుము వేమా."	kandamu
"_x000D_
ఎండవేళఁ జీఁక టేకమైయున్నట్లు
_x000D_
నిండుకుండ నీరు నిలిచినట్లు
_x000D_
దండిగఁ బరమాత్మ తత్వంబు దెలియరా
_x000D_
విశ్వదాభిరామ వినర వేమ."	aataveladi
"_x000D_
ఎండినమ్రా నొక టడవిని
_x000D_
నుండిన నందగ్నిపుట్టి యూడ్చును చెట్ల\న్‌
_x000D_
దండిగలవంశ మెల్లను
_x000D_
చండాలుం డొకఁడుపుట్టి చెఱుచును వేమా."	kandamu
"_x000D_
శిష్యవర్గమునకు శివుఁ జూపనేరక
_x000D_
కానిమతములోని గలుగునట్టి
_x000D_
గురునియెఱుక నరయ గ్రుడ్డెద్దు చేనురా
_x000D_
విశ్వదాభిరామ వినర వేమ."	aataveladi
"_x000D_
ఇంటిలోనిధనము నిదినాది యనుచును
_x000D_
మంటిలోనఁదాచు మంకుజీవి
_x000D_
కొంచఁబోడు వెంట గుల్లకాసును రాదు
_x000D_
విశ్వదాభిరామ వినర వేమ."	aataveladi
"_x000D_
దేశవేషములను తేటసేయక దేవుఁ
_x000D_
డాత్మలోన నుండ ననగిపెనగి
_x000D_
వేషమరసిచూడ గ్రాసంబు కొఱకయా
_x000D_
విశ్వదాభిరామ వినర వేమ."	aataveladi
"_x000D_
మిఱపగింజఁ జూడ మీఁద నల్లగనుండుఁ
_x000D_
గొఱికిచూడలోన చుఱుకుమనును
_x000D_
సజ్జను లగువారి సారమిట్టుల నుండు
_x000D_
విశ్వదాభిరామ వినర వేమ."	aataveladi
"_x000D_
పర్వత వనవాసి పరిణామ వర్తన
_x000D_
కూపవాసి కెట్టు గుఱుతుపడును
_x000D_
బ్రహ్మవిష్ణువెంటఁ బ్రాకృతుఁ డరుగునా
_x000D_
విశ్వదాభిరామ వినర వేమ."	aataveladi
"_x000D_
కస్తూరి యటుచూడఁ గాంతి నల్లగనుండు
_x000D_
పరిమళించుదాని పరిమళంబు
_x000D_
గురువులయినవారి గుణము లీలాగురా
_x000D_
విశ్వదాభిరామ వినర వేమ."	aataveladi
"_x000D_
దొంగతనము ఱంకు దొరసియుండుర జగతి
_x000D_
ఱంకులాడికింత శంకపుట్టు
_x000D_
దొంగకన్న ఱేవెలుం గొప్పకానట్లు
_x000D_
విశ్వదాభిరామ వినర వేమ."	aataveladi
"_x000D_
గురువులేక విద్య గుఱుతుగా దొరకదు
_x000D_
నృపతిలేక భూమి తృప్తిగాదు
_x000D_
గురువు విద్యలేక గురుతర ద్విజుఁడౌనె
_x000D_
విశ్వదాభిరామ వినర వేమ."	aataveladi
"_x000D_
అల్పసుఖములెల్ల నాశించి మనుజుండు
_x000D_
బహుళ దుఃఖములను బాధపడును
_x000D_
పరసుఖంబు నొంది బ్రతుకంగ నేరఁడు
_x000D_
విశ్వదాభిరామ వినర వేమ."	aataveladi
"_x000D_
కాలవశముఁ బట్టి కర్మజీవులపిండు
_x000D_
మత్తులగుచును మదమత్తులైరి
_x000D_
మత్తులయిన జనుల మనసేటి మనసయా
_x000D_
విశ్వదాభిరామ వినర వేమ."	aataveladi
"_x000D_
కడగివట్టియాస కడతేఱనీయదు
_x000D_
ఇడుములందుఁ బెట్టి యీడ్చుఁగాని
_x000D_
పుడమి జనులభక్తిఁ బొడమంగ నియ్యదు
_x000D_
విశ్వదాభిరామ వినర వేమ."	aataveladi
"_x000D_
పాలలోన బులుసు లీలతోఁ గలిసిన
_x000D_
విఱిసి తునుక లగును విరివిగాను
_x000D_
తెలివి మనసులోన దివ్యతత్త్వము తేట
_x000D_
విశ్వదాభిరామ వినర వేమ."	aataveladi
"_x000D_
దేహము లెస్సగ నుండిన
_x000D_
పోషణ తత్వంబులన్ని పొందుగఁ దెలియు\న్‌
_x000D_
దేహము బడలికఁ బడినను
_x000D_
పోషణ తత్వములు వచ్చి పొందవు వేమా."	kandamu
"_x000D_
అధికుడైనరాజు నల్పును చేపట్టు
_x000D_
వానిమాట చెల్లు వసుధలోన
_x000D_
గణికు లొప్పియున్న గవ్వలు చెల్లవా
_x000D_
విశ్వదాభిరామ వినర వేమ."	aataveladi
"_x000D_
ధర్మమరసి పూని ధర్మరాజాదులు
_x000D_
నిర్మలంపు ప్రౌఢి నిలుపుకొనిరి
_x000D_
ధర్మమే నృపులకు తారకయోగంబు
_x000D_
విశ్వదాభిరామ వినర వేమ."	aataveladi
"_x000D_
దానములను జేయఁ దన చేతులాడక
_x000D_
బహుధనంబుఁగూర్చి పాతిపెట్టు
_x000D_
తుదను దండుగ నిడు మొదలు చేర్చునరుండు
_x000D_
విశ్వదాభిరామ వినర వేమ."	aataveladi
"_x000D_
నిత్యంబు కానియొడలికి
_x000D_
నిత్యము దుఃఖమునఁబడును నిరతము ధరలో
_x000D_
నిత్యానందపు పదవికి
_x000D_
నిత్యంబును దుఃఖపడఁగ నేరదు వేమా."	kandamu
"_x000D_
విను వివేకమనెడి వింతగొడ్డలిచేత
_x000D_
వలయవిద్యయనెడు నడవి నఱికి
_x000D_
తెలివియనెడుగొప్ప దీపంబు చేఁబట్టి
_x000D_
ముక్తిఁ జూడవచ్చు మొనసి వేమ."	aataveladi
"_x000D_
ఎక్కడిసుతు లెక్కడిసతు
_x000D_
లెక్కడిబంధువులు సఖులు నెక్కడి భృత్యుల్‌
_x000D_
డొక్కువడి పోవు వేళలఁ
_x000D_
జక్కటికిని నెవరురారు సహజము వేమా."	kandamu
"_x000D_
పాలనీరుక్రమము పరమహంస యెఱుంగు
_x000D_
నీరుపాలక్రమము నెమలి కేల
_x000D_
అజ్ఞుఁడయినవాఁడు నలశివు నెఱుఁగునా
_x000D_
విశ్వదాభిరామ వినర వేమ."	aataveladi
"_x000D_
కన్నులందు మదము గప్పి కానరుగాని
_x000D_
నిరుడు మీదటేఁడు నిన్న మొన్న
_x000D_
దగ్ధులయిన వారు తమకంటెఁ దక్కువా
_x000D_
విశ్వదాభిరామ వినర వేమ."	aataveladi
"_x000D_
దీపంబు లేని యింటను
_x000D_
రూపంబును దెలియలేరు రూఢిగఁ దమలో
_x000D_
దీపమగు తెలివి గలిగియు
_x000D_
పాపంబుల మఱుగుత్రోవఁ బడుదురు వేమా."	kandamu
"_x000D_
ఏరుదాఁటి మెట్ట కేగినపురుషుండు
_x000D_
పుట్టి సరుకుగొనక పోయినట్లు
_x000D_
యోగపురుషుఁడేల యొడలిఁ బాటించురా
_x000D_
విశ్వదాభిరామ వినర వేమ."	aataveladi
"_x000D_
మంటికుండవంటి మాయాశరీరంబు
_x000D_
చచ్చు నెన్నడయినఁ జావఁ డాత్మ
_x000D_
ఘటము లెన్నియైన గగనంబదేకమే
_x000D_
విశ్వదాభిరామ వినర వేమ."	aataveladi
"_x000D_
మాయను చెఱసాల మనమను గొలుసును
_x000D_
భేదమనెడుబొండ బెరసియుండు
_x000D_
ఇట్టిబద్ధజీవి కెన్నడు మోక్షంబు
_x000D_
విశ్వదాభిరామ వినర వేమ."	aataveladi
"_x000D_
ఎఱుకకన్నను సుఖమే లోకమునలేదు
_x000D_
ఎఱుకనెఱుఁగ నెవని కెఱుకలేదు
_x000D_
ఎఱుకసాటి ఎఱుక యేతత్వమున లేదు
_x000D_
విశ్వదాభిరామ వినర వేమ."	aataveladi
"_x000D_
కనియుండి కానలేరట
_x000D_
వినియుండియు వినగలేరు విస్మయమేమో
_x000D_
కనుగ్రుడ్డియు వినుచెవుడుం
_x000D_
చనునది నిజమయ్యె జగమునందున వేమా."	kandamu
"_x000D_
ఊరకుంట దెలియ నుత్తమయోగంబు
_x000D_
మానసంబు కలిమి మధ్యమంబు
_x000D_
ఆసనాది విధుల నధమ యోగంబురా
_x000D_
విశ్వదాభిరామ వినర వేమ."	aataveladi
"_x000D_
మనసుసూచి గెల్చి మనసులో సుఖియించి
_x000D_
కడకు మోక్షపదము గనునువాఁడు
_x000D_
చెట్టుఁబెట్టు ఫలము చేకూర కుండునా
_x000D_
విశ్వదాభిరామ వినర వేమ."	aataveladi
"_x000D_
మాటలాడవచ్చు మనసు నిల్పగరాదు
_x000D_
తెలుపవచ్చు దన్నుఁ దెలియరాదు
_x000D_
సురియఁబట్టబచ్చు శూరుండు కారాదు
_x000D_
విశ్వదాభిరామ వినర వేమ."	aataveladi
"_x000D_
చూపు వెలయఁజేసి సూక్ష్మంబు వత్తిచే
_x000D_
చిత్తమనెడు దివ్వె నెన్నుపఱచి
_x000D_
పాపమనెడు తిమిర మేపాఱ పాపని
_x000D_
పాపజాతి గురుఁడు పశువు వేమా."	aataveladi
"_x000D_
గురువు చిల్లగింజ కుంభ మీదేహంబు
_x000D_
ఆత్మ కలుషవంక మడుగుఁబట్టఁ
_x000D_
దెలిసి నిలిచెనేని దివ్యామృతంబురా
_x000D_
విశ్వదాభిరామ వినర వేమ."	aataveladi
"_x000D_
గురుఁడనఁగా మొదలంతకు
_x000D_
గురుశిష్యు లనంగ నెల్లకొమ్మలుకాగా
_x000D_
గురువును గానగఁ జాలరు
_x000D_
ధరలోపల మనుజులెల్లఁ దలఁపరు వేమా."	kandamu
"_x000D_
గురుఁ డనఁగా పరమాత్ముఁడు
_x000D_
పరగంగా శిష్యుఁడనఁగఁ బటుజీవుఁడగు\న్‌
_x000D_
గురుశిష్య జీవసంపద
_x000D_
గురుతరముగఁ గూర్చు నతఁడు గురువగు వేమా."	kandamu
"_x000D_
లోకములకు గురువు లోకులకును గురు
_x000D_
వదియుఁ దెలిసి మోక్ష మందుగోరి
_x000D_
గురునిఁ గనక నరక కూపము నందురు
_x000D_
విశ్వదాభిరామ వినర వేమ."	aataveladi
"_x000D_
జీవిలోననుండు సిద్ధునిగానక
_x000D_
తిరుగు నస్థిరంబు వరుసనమ్మి
_x000D_
స్థిరము నస్థిరమును దెలియ జీవికిముక్తి
_x000D_
విశ్వదాభిరామ వినర వేమ."	aataveladi
"_x000D_
గతము చూతమన్న కలఁగన్న యర్థంబు
_x000D_
నడుచు కార్యమేని నమ్మరాదు
_x000D_
క్షణములోని బ్రతుకు సంసార విభ్రాంతి
_x000D_
విశ్వదాభిరామ వినర వేమ."	aataveladi
"_x000D_
తాననంగ నెవరు తనవారన నెవరు
_x000D_
తెలిసి తెలియలేరు తిక్క నరులు
_x000D_
అరయ పిసినికాయ పురుగు పద్ధతికాగ
_x000D_
విశ్వదాభిరామ వినర వేమ."	aataveladi
"_x000D_
భయముసుమీ యజ్ఞానము
_x000D_
భయముడిగిన నిశ్చయంబు పరమార్థంబౌ
_x000D_
లయముసుమీ యీ దేహము
_x000D_
జయముసుమీ జీవుఁడనుచుఁ జాటర వేమా."	kandamu
"_x000D_
చచ్చెఁ జచ్చె ననుచుఁ జావుకు వగచెడు
_x000D_
దీననరుల వెఱ్ఱి దెలుపరాదు
_x000D_
ప్రాణమునకు మృత్యు బంధంబు లుడుగునా
_x000D_
విశ్వదాభిరామ వినర వేమ."	aataveladi
"_x000D_
జననమరణములకు సరి స్వతంత్రుఁడు గాఁడు
_x000D_
మొదట కర్తగాఁడు తుదను గాఁడు
_x000D_
నడుమకర్త ననుటనగుబాటు కాదొకో
_x000D_
విశ్వదాభిరామ వినర వేమ."	aataveladi
"_x000D_
బ్రహ్మమేడ ననుచు పలుమాఱు లాడేరు
_x000D_
వెఱ్ఱిమూర్ఖ జనుల విధముఁజూడ
_x000D_
బ్రహ్మ మన్నిటందుఁ బరిపూర్ణమైయుండు
_x000D_
విశ్వదాభిరామ వినర వేమ."	aataveladi
"_x000D_
పసులవన్నె వేఱు పాలెల్లనొక్కటి
_x000D_
పుష్పజాతి వేఱు పూజయొకటి
_x000D_
దర్శనంబు వేఱు దైవంబ యొక్కటి
_x000D_
విశ్వదాభిరామ వినర వేమ."	aataveladi
"_x000D_
పనితొడవులు వేఱు బంగార మొక్కటి
_x000D_
పరగ ఘటము వేఱు ప్రాణమొకటి
_x000D_
అరయఁ దిండ్లు వేఱు ఆఁకలి యొక్కటి
_x000D_
విశ్వదాభిరామ వినర వేమ."	aataveladi
"_x000D_
కానలేఁడు నుదురు కర్ణముల్‌ వీఁపును
_x000D_
నెఱులు కానలేఁడు నెత్తిమీఁద
_x000D_
తన్ను గానలేఁడు తత్వ మేమెఱుఁగును
_x000D_
విశ్వదాభిరామ వినర వేమ."	aataveladi
"_x000D_
తిరిగి తిరిగి నరుఁడు మరులుకొనుటేగాక
_x000D_
అందువలన నేమి యాసలేదు
_x000D_
అంతరాత్మ నిలుపునతఁడెపో బ్రహ్మంబు
_x000D_
విశ్వదాభిరామ వినర వేమ."	aataveladi
"_x000D_
చిత్తమనెడు వేరు శిథిలమైనప్పుడే
_x000D_
శక్తియనెడు చెట్టు పడును పిదపఁ
_x000D_
గోర్కు లనెడు పెద్ద కొమ్మలెండును గదా
_x000D_
విశ్వదాభిరామ వినర వేమ."	aataveladi
"_x000D_
తిట్టికొట్టిరేని తిరిగి మాఱాడక
_x000D_
యూరకున్నఁ జూడనుర్విమీద
_x000D_
వాఁడగు పరమాత్మ వర్ణింప శక్యమా
_x000D_
విశ్వదాభిరామ వినర వేమ."	aataveladi
"_x000D_
కల్మషంబు సోఁకఁ గనుపించ దెందును
_x000D_
రూప మెవ్వరికిని రూఢితోడ
_x000D_
తామసం బుడిగినఁ దగఁగల్గు జ్ఞానంబు
_x000D_
విశ్వదాభిరామ వినర వేమ."	aataveladi
"_x000D_
నీటిలోన వ్రాఁత నిలువకయున్నట్లు
_x000D_
పాటిజగతిలేదు పరములేదు
_x000D_
మాటమాటకెల్ల మనసు కోరుచునుండు
_x000D_
విశ్వదాభిరామ వినర వేమ."	aataveladi
"_x000D_
దొంగతెలివిచేత దొరకునా మోక్షంబు
_x000D_
చేతఁగానిపనులఁ జేయరాదు
_x000D_
గ్రుడ్డనంగ వలదు గుణహీనుఁడనవలె
_x000D_
విశ్వదాభిరామ వినర వేమ."	aataveladi
"_x000D_
అసలఁ దెగఁగోసి యనలంబుఁ జల్లార్చి
_x000D_
గోచి బిగియఁబెట్టి కోపమడఁచి
_x000D_
గుట్టు మీఱవాఁడు గురువుకు గురువురా
_x000D_
విశ్వదాభిరామ వినర వేమ."	aataveladi
"_x000D_
ఆశలనెడు తాళ్ళ నమరఁ గోయగఁ జేసి
_x000D_
పారవైవఁగాని పరములేదు
_x000D_
కొక్కు తిండియాసఁ జిక్కి చచ్చినయట్లు
_x000D_
విశ్వదాభిరామ వినర వేమ."	aataveladi
"_x000D_
చెవులు గోరును మంచి జిలిబిలిపాటలఁ - దియ్యని మాటల తెఱఁగు వినఁగ
_x000D_
జన్మంబు గోఱును సరవితోడుత శీత - పృథుల సంస్పర్శ సంపదల నెపుడు
_x000D_
కన్నులు గోరును గమలయవర్ణంబు - లయినట్టి రూపంబు లనువుతోడ
_x000D_
నాలుక గోరును నయముతోడ తీపు - నొగరు కారమ్ము చేదుప్పు పులుసు"	seesamu
"ముక్కు గోరును సద్గంధములను జెలఁగి
చెవులు చర్మంబు కన్నులు జిహ్వ ముక్కు
నిన్నియుం చాడినటువంటి యిల్లురోసి
తన్ను గనుగొని సుఖియింపఁ దగును వేమ."	teytageethi
"_x000D_
శ్రీకరశివతత్వశీలుఁడౌ వేమన
_x000D_
ప్రాకటముగ వేయు పద్యములను
_x000D_
లోకమందుఁ జదివెలోవెతఁ బాయరో
_x000D_
విశ్వదాభిరామ వినర వేమ."	aataveladi
"_x000D_
వేయుపద్యముల వివేకియై భక్తితోఁ
_x000D_
బఠనఁ జేసినట్టి భక్తులకును
_x000D_
బాయకుండు మోక్షపద మరచేతిదై
_x000D_
విశ్వదాభిరామ వినర వేమ."	aataveladi
"_x000D_
శతసంఖ్యపదమ్ముల నే
_x000D_
మతిమంతుఁడు పఠనసేయు మమతులు దీరు
_x000D_
న్నతఁడే నాలుగుపదముల
_x000D_
శితికంఠునిపదముఁ జేరు సిద్ధము వేమా."	kandamu
"_x000D_
ఎన్నఁగ మనసే కారణ
_x000D_
మన్నిటికిని జూడఁజూడ నాత్ముఁడు తానై
_x000D_
యున్నంతకాలమెచ్చట
_x000D_
నున్నను నిది నిజముఁ దెలియ నొప్పగు వేమా."	kandamu
"_x000D_
సర్వము తానని తెలిసిన
_x000D_
నిర్వాణికిఁ గాక ముక్తి నిలుపఁగ వశమా
_x000D_
ఉర్వెల్లఁ దాను తిరిగిన
_x000D_
పర్వత బిలజలధులందుఁ బడినను వేమా."	kandamu
"_x000D_
చదువులఁ జదివినవారలు
_x000D_
పదవిన్ని బొందంగ లేరు పరమార్థముగాఁ
_x000D_
బెదవులఁ గదలక యుండిన
_x000D_
మదిలో నది రాజయోగమహిమము వేమా."	kandamu
"_x000D_
తలపఁగ మూలమందు పరతత్త్వము దెల్పఁగ పాటుగాదు లో
_x000D_
బలిమిని నాత్మగుట్టు మది భావననెంచగ బ్రహ్మకల్పము\న్‌
_x000D_
గలుగును ముక్తి జీవులకుఁ గావున నాత్మవిధానదృశ్య మీ
_x000D_
సలలిత శక్తిరూపు నిను సన్నుతి వేమన చేసె కల్పమున్‌."	champakamaala
"_x000D_
ఆకు చాటునుండు నన్నిలోకంబులు
_x000D_
కొమ్మ గానరాదు బ్రహ్మకైన
_x000D_
కొమ్మ గానఁబడినఁ గొనియాడవచ్చురా
_x000D_
విశ్వదాభిరామ వినర వేమ."	aataveladi
"_x000D_
పిలిచినఁ బల్కకుండు మరి పిల్చిన నేమనకూరకుండుఁ ద\న్‌
_x000D_
దలఁచిన నెవ్వ రేమనినఁ దన్నునుగాదని నవ్వుచుండు నా
_x000D_
త్మలఁ దలపోయుచుండు నెఱ తత్వము నిత్యము దానయై సదా
_x000D_
తెలిసినయోగి వేమనగతి\న్‌ శివరూపుఁడు నెల్లతావుల\న్‌."	champakamaala
"_x000D_
ఒక్కఁడు రోగి యాయె మఱియొక్కఁడు దిక్కులఁ ద్యాగి యాయె
_x000D_
వేఱొక్కఁడు భోగి యాయెనటు నొక్కఁడు చక్కనియోగి యాయెఁ
_x000D_
దా నొక్కఁడు రాగియాయె నినుబోలు మహాత్మునిఁగాన మెచ్చట\న్‌
_x000D_
నిక్కము నిన్నిరూపములు నీకును జెల్లుగదన్న వేమనా."	vutpalamaala
"_x000D_
విషయములు తెరలపొలుపున
_x000D_
విషయము లంటక మహాత్ము విధమున ధరలో
_x000D_
విషసంసారము లన్నియు
_x000D_
విషయము లన్నియును గెల్వ వేమన నేర్చు\న్‌."	kandamu
"_x000D_
కాదని యెవ్వరి తోడను
_x000D_
వాదాడక దిరుగు వెఱ్ఱివాఁడును వలెనే
_x000D_
భేదాభేదము లడచును
_x000D_
వేదాంత రహస్య మెల్ల వేమన నేర్చు\న్‌."	kandamu
"_x000D_
దాన మమరఁజేసి దరిఁజేరు నొకవంక
_x000D_
మనము నమ్మెనేని మాయ గల్గు
_x000D_
జ్ఞానకలిక నమ్మఁ జంపును వైరుల
_x000D_
విశ్వదాభిరామ వినర వేమ."	aataveladi
"_x000D_
ఎందు నెఱుకవాని కిహపరములు లేవు
_x000D_
ప్రాణహానిలేదు ప్రళయమునను
_x000D_
ప్రళయకాలమైనఁ బరమాత్ముఁ గలయురా
_x000D_
విశ్వదాభిరామ వినర వేమ."	aataveladi
"_x000D_
దేవుఁడనఁగ వేఱు దేశమం దున్నాఁడె
_x000D_
దేహితోడ నెపుడు దేహమందె
_x000D_
వాహనముల నెక్కి వడిఁదోలు మన్నాఁడు
_x000D_
విశ్వదాభిరామ వినర వేమ."	aataveladi
"_x000D_
సొమ్ము దొరకుదనుక జ్యోతి యంతియెకాక
_x000D_
సొమ్ము దొరకునెనక జ్యోతి యేల
_x000D_
దేవుఁడైన వెనుక దేహంబు మఱియేల
_x000D_
విశ్వదాభిరామ వినర వేమ."	aataveladi
"_x000D_
గురుచరణముఁ బట్టఁ గుక్కలు గఱచును
_x000D_
గురుచరణము విడువఁ గుక్క గఱచుఁ
_x000D_
గుక్కకున్న బుద్ధి గురునకు లేదురా
_x000D_
విశ్వదాభిరామ వినర వేమ."	aataveladi
"_x000D_
ఆత్మబుద్ధివల్ల నఖిలంబు తానయ్యె
_x000D_
జీవబుద్ధివలన జీవుఁడయ్యె
_x000D_
మోహబుద్ధినియము ముందరఁ గనుగొని
_x000D_
విశ్వదాభిరామ వినర వేమ."	aataveladi
"_x000D_
ఈ దేహ మన్నిభంగులఁ
_x000D_
బ్రోచియు నొనరంగ నేలపోవుట కాదె
_x000D_
మీఁదెఱిగి మురికి గడుగను
_x000D_
భేదంబులు మాన ముక్తి బెరయుర వేమా."	kandamu
"_x000D_
పిల్లి యెలుకబట్టఁ బ్రియమున నుండగ
_x000D_
నదియు కోడిఁబట్ట ననుగమించు
_x000D_
మమత విడువకున్న మానునా మోహంబు
_x000D_
విశ్వదాభిరామ వినర వేమ."	aataveladi
"_x000D_
ఏక బ్రహ్మము నిత్యము
_x000D_
వైకల్పితమైనయట్టి వస్తువులెల్ల\న్‌
_x000D_
నేకత్వంబని యెఱిగిన
_x000D_
శోకము లేనట్టిముక్తి సులభము వేమా."	kandamu
"_x000D_
మహిని దధిని ఘృతము మ్రానులం దనలంబు
_x000D_
సౌరుసుమములందు సౌరభంబు
_x000D_
తిలలఁ దైలమట్ల తేజరిల్లుఁ జిదాత్మ
_x000D_
విశ్వదాభిరామ వినర వేమ."	aataveladi
"_x000D_
తరువఁ దరువఁ బుట్టు దరువున ననలంబు
_x000D_
తరువఁ దరువఁ బుట్టు దధిని ఘృతము
_x000D_
తలఁప దలపఁ బుట్టు తనువునఁ దత్వంబు
_x000D_
విశ్వదాభిరామ వినర వేమ."	aataveladi
"_x000D_
జీవుని దెలిసిన దనుకను
_x000D_
దేవుని భ్రమఁ బొదలు నరుఁడు దేవుఁడు దలఁప\న్‌
_x000D_
జీవుండని వివరించిన
_x000D_
భావింపగ ముక్తి బట్టబయలుర వేమా."	kandamu
"_x000D_
ఇంతకాలముండి యెఱుకమాలినజీవి
_x000D_
చచ్చిపుట్టుచుండు సహజమనుచు
_x000D_
నెఱుక మఱచుచోట నెఱుఁగునా బ్రహ్మంబు
_x000D_
విశ్వదాభిరామ వినర వేమ."	aataveladi
"_x000D_
మ్రానులోన నగ్ని మఱియుండఁగా వచ్చు
_x000D_
నగ్ని నుండ మ్రాను కలవిగాదు
_x000D_
మ్రానులోనియగ్ని మర్యాద సంసారి
_x000D_
విశ్వదాభిరామ వినర వేమ."	aataveladi
"_x000D_
మేఘ మడ్డమయిన మిహిరుని జెఱచును
_x000D_
జిత్తమడ్డమయిన స్థిరముఁ జెఱచు
_x000D_
పఱుపు లడ్డమైన మఱిముక్తి జెఱచురా
_x000D_
విశ్వదాభిరామ వినర వేమ."	aataveladi
"_x000D_
దోసముల్లువంటి తుర్యమం దాత్మను 
_x000D_
జూచి యాసలనటుతోచివేసి
_x000D_
వాసనను దెలిసినవాఁడెపో బ్రహ్మంబు
_x000D_
విశ్వదాభిరామ వినర వేమ."	aataveladi
"_x000D_
వెదకి కానలేఁడు వేదాంతవేద్యుని
_x000D_
తత్వవేత్తలేఁడు ధరణిలోనఁ
_x000D_
గలిగెనేని యతఁడు కనఁబోఁడు మఱివేఱె
_x000D_
విశ్వదాభిరామ వినర వేమ."	aataveladi
"_x000D_
విషయములఁ బొరలి రోయక
_x000D_
విషమంటినగతిని జూచి విముఖత ధరలో
_x000D_
విష సమమాయా సుఖముల
_x000D_
విషయముల\న్‌ గూడకుండ్రు వేత్తలు వేమా."	kandamu
"_x000D_
వాక్కునందు గురువు వాక్తత్వము గురువు
_x000D_
చీఁకటింట గురువు చిక్కియుండు
_x000D_
అఖిలమునకు గురువె యాధార మయియుండు
_x000D_
విశ్వదాభిరామ వినర వేమ."	aataveladi
"_x000D_
కర్మాకర్మము లొక్కటి
_x000D_
కర్మవినోదునకు దత్వఘనునకు దెలియు\న్‌
_x000D_
ధర్మాధర్మము లేర్పడ
_x000D_
నిర్మలమతి తెలుపవలయు నిజముగ వేమా."	kandamu
"_x000D_
ఈషణత్రయంబు నెడపంగ నేరక
_x000D_
మోహనరాశిలోన మునిఁగియుండు
_x000D_
జనుల కెట్టు మోక్షసౌఖ్యంబు గల్గును
_x000D_
విశ్వదాభిరామ వినర వేమ."	aataveladi
"_x000D_
ఎఱుకమాలి జీవి యెంతకాలంబుండి
_x000D_
చచ్చిపుట్టుచుండు సహజముగను
_x000D_
ఎఱుకమఱచుచోటు నెఱుగుట బ్రహ్మంబు
_x000D_
విశ్వదాభిరామ వినర వేమ."	aataveladi
"_x000D_
సద్గురు కృపజ్ఞానంబున
_x000D_
సద్గతి దీపించుచున్న చాలగు చదువుల్‌
_x000D_
సద్గతిఁ గలుగంజేసెడి
_x000D_
సద్గురువే దైవమనుచుఁ జాటర వేమా."	kandamu
"_x000D_
సిగ్గు విడువకున్న శివసౌఖ్యమేలేదు
_x000D_
తగ్గ మొగ్గకున్న సిగ్గు విడదు
_x000D_
సిగ్గు విడుచువాఁడు చిరకాల జీవిరా
_x000D_
విశ్వదాభిరామ వినర వేమ."	aataveladi
"_x000D_
అమ్మసుమీ యా లనఁగా
_x000D_
నమ్మనఁగా నాలు సుమ్మియాయిద్దరిని\న్‌
_x000D_
ఇమ్మహిలోఁ బరమాత్ముని
_x000D_
నెమ్మదిలోఁ దెలియఁ దానె నేర్పరి వేమా."	kandamu
"_x000D_
ఆశ విడక గాని పాశముక్తుఁడు గాఁడు
_x000D_
ముక్తుఁడయినఁగాని మునియుఁగాఁడు
_x000D_
మునికిఁగాని సర్వమోహంబు లూడవు
_x000D_
విశ్వదాభిరామ వినర వేమ."	aataveladi
"_x000D_
ఆత్మలోన నాద మాలించి మాలించి
_x000D_
యాసలందుఁ జిక్కఁ డాదియోగి
_x000D_
ఆత్మలోనికళల నంటినఁ దత్వంబు
_x000D_
విశ్వదాభిరామ వినర వేమ."	aataveladi
"_x000D_
మానసంబు మంచిమల్లెపూవులచవికె
_x000D_
బావితోఁటచేసి బాలఁగూడి
_x000D_
భోగినయ్యెద ననఁ బోయెపో కాలంబు
_x000D_
విశ్వదాభిరామ వినర వేమ."	aataveladi
"_x000D_
సొమ్ములున్నచోటు శోధింపఁగలుగును
_x000D_
సొమ్ములేనిచోట శోధనేల
_x000D_
యంజనంబులేక యా సొమ్ము తెలియదు
_x000D_
విశ్వదాభిరామ వినర వేమ."	aataveladi
"_x000D_
నిజము కల్ల నెఱిఁగి నిత్యుండు గాఁడాయె
_x000D_
పలుకులోన బిందు పదిలపఱచి
_x000D_
వేడుకైన బిందు వెదఁబెట్టకుండదు
_x000D_
విశ్వదాభిరామ వినర వేమ."	aataveladi
"_x000D_
అగ్ని శిఖలయందు నమరంగ మమకార
_x000D_
మభవుమీఁద ధ్యాన మమర నునిచి
_x000D_
యాహుతి యగువెనుక హరున కర్పితమౌను
_x000D_
విశ్వదాభిరామ వినర వేమ."	aataveladi
"_x000D_
మ్రాకున ననలము పుట్టును
_x000D_
మ్రాకెదుగును ననలమునకు మనుజునిలోన\న్‌
_x000D_
మ్రాకుననలముల క్రియఁ జీ
_x000D_
జా కుడి నయోగి నెవరు గానరు వేమా."	kandamu
"_x000D_
అండములో నాకాశం
_x000D_
బుండంగాఁ జూడఁజూడ నొనరుఁగ దీనిపై
_x000D_
యుండును నన్నియుఁ దెలిసిన
_x000D_
మెండుగ నెటుచూచి చన్నమేలగు వేమా."	kandamu
"_x000D_
బ్రహ్మగుడ్డు ననెడిపట్టణంబులోపల
_x000D_
బ్రహ్మ మెఱుగలేని బాపఁడేల
_x000D_
తనమనంబు దెలియఁ దానెపో బ్రహ్మంబు
_x000D_
విశ్వదాభిరామ వినర వేమ."	aataveladi
"_x000D_
గురువు సెప్పువిద్య గురువునకును దెలియు
_x000D_
గురువుసెప్పు విద్య గురునయెఱుఁగు
_x000D_
గురువుమహిమ పరమగురునకుఁదెలియును
_x000D_
విశ్వదాభిరామ వినర వేమ."	aataveladi
"_x000D_
మనసులోనఁ దెలిసి మనసులోనే కలిసి
_x000D_
మనసులోనివాని మరలఁదిగిచి
_x000D_
మనసునిల్పువాఁడు మర్మజ్ఞుఁడగు యోగి
_x000D_
విశ్వదాభిరామ వినర వేమ."	aataveladi
"_x000D_
తానె తత్వమనుచు తన్నెఱుంగక లేక
_x000D_
మాయతత్వమనుచు మఱుగుచుండు
_x000D_
ధర్మకర్మములను తగరోయ దత్వమౌ
_x000D_
విశ్వదాభిరామ వినర వేమ."	aataveladi
"_x000D_
నిరతం బెడతెగ కుండక
_x000D_
బరిపూర్ణ బ్రహ్మ మాత్మపదమున నుండ\న్‌
_x000D_
నిరవద్యమయిన యడవిని
_x000D_
జరియించును జగమెఱుంగ సత్యము వేమా."	kandamu
"_x000D_
తఱచుచీఁకటి విడి తఱితోడఁ దనుమఱచి
_x000D_
పరమునందు మనసుఁ బదిలపఱచి
_x000D_
గరిమయున్నయట్టి ఘనుఁడెందు లేదురా
_x000D_
విశ్వదాభిరామ వినర వేమ."	aataveladi
"_x000D_
త్రాడుపామతంచుఁ దాఁజూచి భయపడి
_x000D_
తెలిసి త్రాడటన్నఁ దీఱు భయము
_x000D_
భయము దీఱినపుడె బ్రహ్మంబు నంగురా
_x000D_
విశ్వదాభిరామ వినర వేమ."	aataveladi
"_x000D_
చూచువారికెల్లఁ జూడ వేఱైయుండు
_x000D_
చూపుఁజూచి దెలియఁ జూచువారు
_x000D_
చూచి తాముచూపుచూపె తామగుదురు
_x000D_
విశ్వదాభిరామ వినర వేమ."	aataveladi
"_x000D_
దేహియు జ్ఞానానలమున
_x000D_
దాహంబై దేహ మెల్లఁ దల్లడపడ నా
_x000D_
దేహములోఁ బొర్లాడుచు
_x000D_
మోహమడచి శివునిఁ జూడ ముక్తిర వేమా."	kandamu
"_x000D_
ధ్యానివలెనె యుండు మౌనివలనె యుండు
_x000D_
భోగివలెనె యుండు రోగివలెనె
_x000D_
సకలము దెలిసినను సర్వజ్ఞుఁడై యుండు
_x000D_
బరమయోగివలెనె పరగ వేమా."	aataveladi
"_x000D_
ఉండడె సుఖశీలి యుండును గొన్నాళ్లు
_x000D_
యుండి యుండి యుండి యుండలేక
_x000D_
ఉండ వెరవు దెలిసి గండిదొంగను బట్టి
_x000D_
చెండిచెండి తావుచేరు వేమా."	aataveladi
"_x000D_
తరువున నెడియింటఁ దనశత్రుమిత్రులఁ
_x000D_
దెలియ లేనివాని తెలివదేల
_x000D_
తెలిసిన మనుజునకు దివ్యామృతమ్మురా
_x000D_
విశ్వదాభిరామ వినర వేమ."	aataveladi
"_x000D_
నది నుదకంబులు చనుక్రియ
_x000D_
మది నొదవెడు తత్వబుద్ధిమగ్నత లెల్లం
_x000D_
దుది పదవి గలయ ఘనుఁడగు
_x000D_
మదధిఁ బ్రవేశించి గంగ యొప్పున వేమా."	aataveladi
"_x000D_
మనసుఁ బాఱవీడి మనసుఁ దా మగుడించి
_x000D_
మనసులోనఁగలుగు మర్మమెఱిగి
_x000D_
మనసు తాను నిల్ప మఱియుఁదా బ్రహ్మంబు
_x000D_
విశ్వదాభిరామ వినర వేమ."	aataveladi
"_x000D_
దేహాభిమాన ముండఁగ
_x000D_
మోహాదులు జననవార్ధిముంచును కలగా
_x000D_
నీహా విషయభావన
_x000D_
కూహాదులు పోవు మేలుకొన్నను వేమా."	kandamu
"_x000D_
మర్మమంతగొనకు మనసైన్యమేగాన
_x000D_
పరరహస్య మంత బయలుపడదు
_x000D_
పడినమనస దెన్న బయలుపడినరీతి
_x000D_
విశ్వదాభిరామ వినర వేమ."	aataveladi
"_x000D_
ఈతనువునందుఁ జూచిన
_x000D_
నేతనువుల కింతె యనుచు నెఱిగియుఁ దన్నుఁ
_x000D_
జూతురు నాలోఁ జూపున
_x000D_
నాతురమునఁ దపసులెల్ల నమరఁగ వేమా."	kandamu
"_x000D_
గురుని పరమగురుని గుఱుతుగాఁ దెలియక
_x000D_
గురువుగాను నుండు గ్రుడ్డిరీతి
_x000D_
గురువుకు గురువైన గురుఁడు ప్రాణేశుండు
_x000D_
విశ్వదాభిరామ వినర వేమ."	aataveladi
"_x000D_
నియమాది సంగుఁడై నిలిచినఁ దత్వంబు - తామసంబగుఁ నిద్రఁ దలఁగఁజేయు
_x000D_
నిద్ర తలంగిన నిర్భీతినొందించు - శమమున నానంద సమితి పుట్టు
_x000D_
నానందమున విశ్వమంతయుఁ దానగుఁ - దాను విశ్వంబయినఁ దత్వమగును
_x000D_
తత్వ మింద్రియ పంచతత్వంబునను - నిల్చుఁ దత్వంబు నిలిచినఁ దానయగును"	seesamu
"రాజయోగీంద్రుఁ డాతఁడై తేజరిల్లు
వెలయ జగముల విహరించు విశ్రుతముగ
బాలు విధమున వృద్ధుని పగిదిసోకు
కరణివెంగలిక్రియ చూడ ఘనత వేమా"	teytageethi
"_x000D_
మనసున నెఱుకను మరుపునఁ
_x000D_
గని విని చూడంగలేరు కదిసినపిదప\న్‌
_x000D_
పెనగొని పట్టినచోనది
_x000D_
మనచోటను మాయమౌను మహిలో వేమా."	kandamu
"_x000D_
మాయ నరకమనుచు మాయ రోయకసాటి
_x000D_
సమముగ నరదేవసభలయందు
_x000D_
నందఱు ఘనులయిన హరునకుఁ దావేది
_x000D_
విశ్వదాభిరామ వినర వేమ."	aataveladi
"_x000D_
బ్రతుకులెల్ల మాయ భవబంధములు మాయ
_x000D_
తెలివి మాయ తన్నుఁ దెలియ మాయ
_x000D_
మాయ దెలియువాఁడు మర్మజ్ఞుఁడగు యోగి
_x000D_
విశ్వదాభిరామ వినర వేమ."	aataveladi
"_x000D_
మాయలోక మన్న మర్మంబు దెలియక
_x000D_
మాయఁజిక్కి యంత మాయఁబడిరి
_x000D_
మాయ దెలియ దివ్వె మాయదా జన్మంబు
_x000D_
విశ్వదాభిరామ వినర వేమ."	aataveladi
"_x000D_
సతులు సుతులు మాయ సంసారములు మాయ
_x000D_
ధనము ఘనము మాయ తనువు మాయ
_x000D_
మాయ గెల్చువాఁడు మర్మజ్ఞుఁడగు యోగి
_x000D_
విశ్వదాభిరామ వినర వేమ."	aataveladi
"_x000D_
మాయలోనఁ బుట్టి మాయలోననె పెరిగి
_x000D_
మాయఁ దెలియలేని మనుజుఁడేల
_x000D_
మాయఁ దెలియువాఁడు మహిమీఁద ధన్యుండు
_x000D_
విశ్వదాభిరామ వినర వేమ."	aataveladi
"_x000D_
మాయల సంసారమునకు
_x000D_
మాయలనే తిరుగుచుండు మనుజుఁడులోనై
_x000D_
మాయలఁ దెలిసిన యంతట
_x000D_
మాయలనే ముక్తి గలుగు మహిలో వేమా."	kandamu
"_x000D_
సుప్తి జాగరముల సొలపులఁ దానుండి
_x000D_
కప్పుకొన్న మాయఁ గానలేక
_x000D_
దబ్బర నిజములను తానులెస్స గనక
_x000D_
గొబ్బున చెడిపోవు గుణము వేమా."	aataveladi
"_x000D_
మాయరూపు రూపు మాయ తాఁజేసియు
_x000D_
మాయరూపులఁ బెనుమాయఁజేసి
_x000D_
మాయలోని మాయమహిమ నెఱుంగురా
_x000D_
విశ్వదాభిరామ వినర వేమ."	aataveladi
"_x000D_
ముఱికికొంపలోన నిఱికించి జీవుని
_x000D_
కర్మపాశములను గట్టివేసి
_x000D_
నిట్టికర్మజీవి కెట్లొకో మోక్షంబు
_x000D_
విశ్వదాభిరామ వినర వేమ."	aataveladi
"_x000D_
విత్తులేని వృక్షమొక్కటి పుట్టె
_x000D_
ఫలము లేని పువ్వు మొదలు పత్రిలేదు
_x000D_
స్వాదులేదు చూడ నాపాటుకును లెస్స
_x000D_
దీనిభావ మేమి తెలుపు వేమా."	aataveladi
"_x000D_
మోదమునను గురుని ముఖ్యకరుణచేతఁ
_x000D_
దొమ్మిదిస్థలముల దొడ్డు పాయ
_x000D_
సర్వజీవుఁడాయె సర్వమ్ముఁ దానాయె
_x000D_
విశ్వదాభిరామ వినర వేమ."	aataveladi
"_x000D_
పగయుడుగుఁ గోప ముడిగినఁ
_x000D_
బగ యుడుగ\న్‌ గోర్కులుడుగు పరజన్మముల\న్‌
_x000D_
దగు లుడుగు భేద ముడిగినఁ
_x000D_
ద్రిగుణము లుడుగంగ ముక్తి స్థిరమగు వేమా."	kandamu
"_x000D_
ప్రణవ మెఱుఁగఁ బోఁడు భక్తుఁ డెప్పుడు గాఁడు
_x000D_
జ్యోతియెఱుఁగఁ బోడు యోగిగాఁడు
_x000D_
నిత్య మెఱుఁగ వాఁడు నిర్వాణిగాఁడయా
_x000D_
విశ్వదాభిరామ వినర వేమ."	aataveladi
"_x000D_
పగలురేయి మరచి భావంబు లోపలఁ
_x000D_
దాను నేను ననెడు తలఁపు మఱచి
_x000D_
యున్నయట్టి యతఁడు నుత్తమ యోగిరా
_x000D_
విశ్వదాభిరామ వినర వేమ."	aataveladi
"_x000D_
తన్ను వెదకిచూడఁ దానెపో జీవుండు
_x000D_
తత్వ మరసిచూడఁ దానె యాత్మ
_x000D_
మన్ను మిన్ను లేదు మాయరా లేదయా
_x000D_
విశ్వదాభిరామ వినర వేమ."	aataveladi
"_x000D_
మూలచక్ర మట్టె మొనసి గట్టిఁగ బట్టి
_x000D_
శోధఁజేసి శక్తి చొరవ దెలిసి
_x000D_
భేదపరచి మనసు బాధించి మోక్షము
_x000D_
సాధ్యమైన యోగి సరణి వేమా."	aataveladi
"_x000D_
నేమమునను నుండ నిల్చును చిత్తంబు - తామసమున నుండ దలఁగిపోవు
_x000D_
నిలిచిన చిత్తము నిర్భీతి నొందించు - నిర్భీతి సఖ్యంబు నీరసించు
_x000D_
సఖ్యదూరగుణము సమమును బొందించు - సమగుణమునఁ జూడ సమతపుట్టు
_x000D_
నట్టి సమత విశ్వమంతయుఁ దానగుఁ - దానె విశ్వంబయిన తత్వమగును"	seesamu
"తత్వ మింద్రియముల దరిఁజూచి గెలుచును
దత్వవేత్తయైనఁ దానె మిగిలి
రాజయోగి యనుచుఁ దేజంబుచేతను
దెలిసియుండు జగతి వినర వేమ."	teytageethi
"_x000D_
మాటచెఱపు మూట మర్మము కర్మము
_x000D_
ఆశయ కడగట్టు అప్పుముప్పు
_x000D_
బాస దోస మెన్నఁ బలుకులు ములుకులు
_x000D_
లేశమయినఁ దెలియలేరు వేమా."	aataveladi
"_x000D_
తొమ్మిది క్రంతపత్తికి
_x000D_
నిమ్మగు సొమ్ములును గులము నేటికిఁ జెపుమా
_x000D_
నమ్మకు దేహము నాదని
_x000D_
నెమ్మది బ్రహ్మంబు దెలియునే నని వేమా."	kandamu
"_x000D_
అరిషడ్వర్గంబులచే
_x000D_
నరులెల్లను జొక్కిచిక్కినయగతి యనుచు\న్‌
_x000D_
జరుగుదురు గాకతత్వము
_x000D_
నరయంగను లేరు నించుకైనను వేమా."	kandamu
"_x000D_
మ్రానుఁ గాలవేసి మహిమీఁద నొకజాణ
_x000D_
పూని తిరుగుచుండుఁ బొందుగాను
_x000D_
కాలవేయు మ్రాను కడురమ్యమైయుండు
_x000D_
విశ్వదాభిరామ వినర వేమ."	aataveladi
"_x000D_
బయలున బంధము గప్పను
_x000D_
బయలునఁ బరమాత్మునకును బంధము తొలఁగు\న్‌
_x000D_
బయలున బంధము లూడిన
_x000D_
నయవర్తన ముక్తిఁగాంచు నరుఁడటు వేమా."	kandamu
"_x000D_
ఎప్పుడు చూచిన న్నితర మేమియుఁ జూడక ముక్తి యందుఁగ\న్‌
_x000D_
ఱెప్పల మూసి మూయకయ రేయిఁ బగ ళ్ళొకరీతి నుండఁగా
_x000D_
దప్పుల నొందఁ జేయు యమ ధర్ముని పాలికినొంద నేర్చునే
_x000D_
చెప్పఁగ నేమి వేమనకు జెల్లునుముక్తి విధానమంతయున్‌."	mattebhamu
"_x000D_
మాట లుడుగకున్న మంత్రంబు దొరకదు
_x000D_
మంత్ర ముడుగకున్న మనసు నిలదు
_x000D_
మనసు నిలుపకున్న మఱి ముక్తి లేదయా
_x000D_
విశ్వదాభిరామ వినర వేమ."	aataveladi
"_x000D_
ఎండచీఁకటులకు నిమ్మయియుండెడు
_x000D_
నిండు కుండలోన నిద్రమఱచి
_x000D_
దండియైన పరమతత్వంబు దెలియురా
_x000D_
విశ్వదాభిరామ వినర వేమ."	aataveladi
"_x000D_
కడఁగి సంకల్పములనెల్లఁ గట్టిపెట్టి
_x000D_
చిత్తమున నేమి తలఁపక చిత్రరూపు
_x000D_
కైవడిని నున్న యాతఁడు ఘనుఁడు దలఁప
_x000D_
నడవియందైనఁ బట్టణమందు వేమా."	teytageethi
"_x000D_
రెప్పలు మూసియు మూయఁగఁ
_x000D_
దప్పక తనమనమునందుఁ దత్వము గూడున్‌
_x000D_
ఎప్పుడు చూచెడువానికిఁ
_x000D_
జొప్పెడు నెచ్చోట ముక్తి సులభము వేమా."	kandamu
"_x000D_
తలఁచిన దత్వంబగునా
_x000D_
తలఁపక తా నూరకున్నఁ దత్వంబగునా
_x000D_
తలఁచుట తలఁపమి రెండును
_x000D_
దలఁపక తానుండెనేని దత్వము వేమా."	kandamu
"_x000D_
ఆఱుమతములందు నధికమైన మతము
_x000D_
లింగమతముకన్న లేదు జగతి
_x000D_
లింగధారికన్న దొంగలు లేరురా
_x000D_
విశ్వదాభిరామ వినర వేమ."	aataveladi
"_x000D_
సమమునైన దృష్టి సమముగా మదినిల్పి
_x000D_
బయలురుచులు మాని భద్రముగను
_x000D_
పరగఁజూడ బట్టబయలగు బ్రహ్మంబు
_x000D_
విశ్వదాభిరామ వినర వేమ."	aataveladi
"_x000D_
వినరననక మెల్ల వెలిమూసి వాయువుల్‌
_x000D_
మనసుతోడఁ గూర్చి మర్మ మెఱిఁగి
_x000D_
యాత్మలింగపూజ నంటిన ముక్తిరా
_x000D_
విశ్వదాభిరామ వినర వేమ."	aataveladi
"_x000D_
నాసికంబునడుమ ననుఁజూచు యోగికి
_x000D_
వాసి వన్నె లేదు వసుధలోన
_x000D_
కాశినాథునైనఁ గనఁగలఁ డాయోగి
_x000D_
విశ్వదాభిరామ వినర వేమ."	aataveladi
"_x000D_
సూచికాగ్రదృష్టి సొరిది భ్రూమద్యము
_x000D_
జూచి చూచి మఱియు చూచెనేని
_x000D_
ఆత్మరాకపోక లప్పుడె తెలియురా
_x000D_
విశ్వదాభిరామ వినర వేమ."	aataveladi
"_x000D_
నిద్రలోనినిద్ర నిజముగాఁ దెలిసిన
_x000D_
భద్రమౌను విద్య బ్రహ్మవిద్య
_x000D_
నిద్రదెలియువాఁడు నిర్మలయోగిరా
_x000D_
విశ్వదాభిరామ వినర వేమ."	aataveladi
"_x000D_
ముక్కుతుదను దృష్టి ముదముతోడుత నిల్పి
_x000D_
హృదయమందుఁజూడ నొసగుముక్తి
_x000D_
పదవులెరుగకున్న పరమాత్మ యోగియౌ
_x000D_
విశ్వదాభిరామ వినర వేమ."	aataveladi
"_x000D_
బయలులోని బయలు పరికించి చూడక
_x000D_
బయలు రూపుఁ జూచి వలచెఁగాక
_x000D_
ముఱికిదేహమందు మోహంబు విడదాయె
_x000D_
విశ్వదాభిరామ వినర వేమ."	aataveladi
"_x000D_
తలఁచినను శూన్యతత్వము
_x000D_
తలఁపక యుండినను శూన్యతత్వం బదియౌ
_x000D_
తలఁచిన తలఁపీడేఱును
_x000D_
దలఁచకయుండినను దానె తత్వము వేమా."	kandamu
"_x000D_
అంతరంగమందు నభవు నుద్దేశించి
_x000D_
నిల్పి చూడఁదలఁపు నిలుచుఁగాక
_x000D_
బాహ్యమందు శివుని భావింప నిలుచునా
_x000D_
విశ్వదాభిరామ వినర వేమ."	aataveladi
"_x000D_
ఆఱుగురిని జంపి హరిమీఁద ధ్యానంబు
_x000D_
నిలిపి నిశ్చలముగ నెగడి యాత్మ
_x000D_
నతని నొకనిఁ జేయ నాతఁడె యోగిరా
_x000D_
విశ్వదాభిరామ వినర వేమ."	aataveladi
"_x000D_
తాను నేననియెడు తత్వభేదంబును
_x000D_
మాని కడువివేక మహిమఁ దనరి
_x000D_
యూరకున్నవాఁడు నుత్తమోత్తముఁడురా
_x000D_
విశ్వదాభిరామ వినర వేమ."	aataveladi
"_x000D_
తా నొకటి దెలియునన్నది
_x000D_
తానట్టిది లేక యెల్లతావులు దానై
_x000D_
తానేగి పరిణమించిన
_x000D_
మానవునకు ముక్తి గలదు మహిలో వేమా."	kandamu
"_x000D_
బైలున బంధము గలపక
_x000D_
వ్రాలెను పరమాత్మునకును వాంఛిత మొప్ప\న్‌
_x000D_
బైలున బంధము గలిపిన
_x000D_
కైలాసముఁజేరి ముక్తి గాంచుర వేమా."	kandamu
"_x000D_
లోన బయలుచేసి లోకంబు దెగటార్చి
_x000D_
కులము గాలఁబెట్టి గుణము వదలి
_x000D_
చింతలోనిచింతఁ జేరిన యోగిరా
_x000D_
విశ్వదాభిరామ వినర వేమ."	aataveladi
"_x000D_
రోయవచ్చుఁ బరము రూఢిగాఁ దెలిసిన
_x000D_
గానవచ్చు గ్రుడ్డు కదలకున్న
_x000D_
రెప్పలార్పకున్న రెంటి సందుననుండి
_x000D_
విశ్వదాభిరామ వినర వేమ."	aataveladi
"_x000D_
కొంపలోన నున్న కోర్కెలు ఛేదించి
_x000D_
పరగ హృదయ మట్టె పదిలపఱచి
_x000D_
గృహము నిల్పువాఁడు బహుతత్త్వవేదిరా
_x000D_
విశ్వదాభిరామ వినర వేమ."	aataveladi
"_x000D_
దర్శనంబులందు ధర షణ్మతములందు
_x000D_
వర్ణకాశ్రమముల వదల కెపుడు
_x000D_
తిరుగుచున్నవాఁడు ధరలోన నధముండు
_x000D_
విశ్వదాభిరామ వినర వేమ."	aataveladi
"_x000D_
అక్షరపుటడవిఁ బొరలక
_x000D_
యక్షరమగు మహిగాన నవనిం దొలుతౌ
_x000D_
నక్షరమును జపియించిన
_x000D_
నక్షరమగు నదియు చాల నరయఁగ వేమా."	kandamu
"_x000D_
బ్రహ్మ మనగవేఱె పరదేశమున లేదు
_x000D_
బ్రహ్మ మనగ దానె బట్టబయలు
_x000D_
తన్నుదా నెఱిఁగినఁ దానెపో బ్రహ్మంబు
_x000D_
విశ్వదాభిరామ వినర వేమ."	aataveladi
"_x000D_
అణువులోన నుండు నఖిలజగంబులు
_x000D_
నణువు తనదులోన నణఁగియుండు
_x000D_
మనసు నిల్ప నరుఁడు మఱిముక్తిఁ జేరురా
_x000D_
విశ్వదాభిరామ వినర వేమ."	aataveladi
"_x000D_
వెన్న చేతఁబట్టి వివరంబు దెలియక
_x000D_
ఘృతముఁ గోరునట్టి యతనిభంగి
_x000D_
తాను దైవమయ్యు దైవంబుఁ దలఁచును
_x000D_
విశ్వదాభిరామ వినర వేమ."	aataveladi
"_x000D_
అదిఁజూచుచుండ నన్నిటఁ దా నుండు
_x000D_
నాదిఁ జూప నొకని కలవిగాదు
_x000D_
ఆదిముక్తిఁ దెలుపు నాత్మనే యుండురా
_x000D_
విశ్వదాభిరామ వినర వేమ."	aataveladi
"_x000D_
తన్నెఱుఁగనివాఁడు తానె తానై యుండుఁ
_x000D_
దన్నెఱుంగువాఁడు తానె తాను
_x000D_
తనువులేనివాఁడు తానె తానౌనయా
_x000D_
విశ్వదాభిరామ వినర వేమ."	aataveladi
"_x000D_
తానును సమస్తభువనము
_x000D_
లోనసువుల యంగఁదెలిసి లోనను వెలయు\న్‌
_x000D_
దానై వెలుఁగఁగ నేర్చిన
_x000D_
మానవునకు ముక్తి గలుగు మహిలో వేమా."	kandamu
"_x000D_
బయలున సర్వము పుట్టును
_x000D_
బయలందే లీనమగును బ్రహ్మం బనఁగా
_x000D_
బయలని మదిలోఁ దెలిసిన
_x000D_
బయలందే ముక్తి బట్టబయలగు వేమ."	kandamu
"_x000D_
బయలు రూపు రూపు బయలునుగాఁ జేసి
_x000D_
బయలు రూపు బట్టబయలు చేసి
_x000D_
బయలులోనివాని భావింపఁ దత్వంబు
_x000D_
విశ్వదాభిరామ వినర వేమ."	aataveladi
"_x000D_
కంటిలోనివానిఁ గఱకంఠుఁ డెఱుఁగును
_x000D_
గంటిలోనివాని మింటఁ జూడ
_x000D_
కన్నుమిన్ను హృదయంబాయె నెంచంగ
_x000D_
విశ్వదాభిరామ వినర వేమ."	aataveladi
"_x000D_
నిజము వరుస నెఱిఁగి నిత్యుండు గావలె
_x000D_
పలుకులోనిపలుకు పదిలపఱపు
_x000D_
పలుకుఁజూడ నెవరొ పరికించి చూడరా
_x000D_
విశ్వదాభిరామ వినర వేమ."	aataveladi
"_x000D_
పంచవర్ణు నెఱుఁగఁ బరము నెఱుంగును
_x000D_
పరము నెఱుగ నిచ్ఛ ప్రజ్వరిల్లు
_x000D_
ప్రజ్వరిల్లునాఁడు పరముతా నౌనయా
_x000D_
విశ్వదాభిరామ వినర వేమ."	aataveladi
"_x000D_
ఇహము విడువ ఫలము లింపుగఁ గలవని
_x000D_
మహిని బలుకువారి మాటకల్ల
_x000D_
యిహములోనఁ బరము నెరుఁగుట కానరో
_x000D_
విశ్వదాభిరామ వినర వేమ."	aataveladi
"_x000D_
లింగమందుచూడ లీనమై యుండెనా
_x000D_
యంగమందు లింగ మమరియుండు
_x000D_
లింగభావమెఱిఁగి లీనమై యుండరు
_x000D_
విశ్వదాభిరామ వినర వేమ."	aataveladi
"_x000D_
మూఁడులోకములను మొనసి యొక్కటిఁజేసి
_x000D_
యారులోకములను నట్లగూర్చి
_x000D_
స్థిరముగాను నుండు శివమూర్తి గురుఁడయా
_x000D_
విశ్వదాభిరామ వినర వేమ."	aataveladi
"_x000D_
ఆసనం బెఱుంగక యామర్మకర్మంబు
_x000D_
గురువుచేతఁ దెలిసి కూర్పకున్న
_x000D_
మనసు నిలుపకున్న మఱిద్విజుం డెట్లగు
_x000D_
విశ్వదాభిరామ వినర వేమ."	aataveladi
"_x000D_
బ్రహ్మగ్రుడ్డు మేను ప్రాణమన్నది గాలి
_x000D_
కనులు చంద్రరవులు గారవింప
_x000D_
నింతకంటె బ్రహ్మ మెక్కడనున్నది
_x000D_
విశ్వదాభిరామ వినర వేమ."	aataveladi
"_x000D_
వాయువందె పుట్టి వాయువందె పెఱిగి
_x000D_
వాయువందు మేలు వరుసఁ దెలియ
_x000D_
వాయువందు ప్రాణవాయువు తత్వంబు
_x000D_
విశ్వదాభిరామ వినర వేమ."	aataveladi
"_x000D_
దానములలో నన్నదానము దొడ్డది
_x000D_
గానములను సామగాన మెచ్చు
_x000D_
ధ్యానములను శివునిధ్యానము శ్రేష్ఠము
_x000D_
విశ్వదాభిరామ వినర వేమ."	aataveladi
"_x000D_
తలపులోని తలఁపు దలఁపోసి తెలియకా
_x000D_
తలఁపులెల్ల విడిచి తగినభంగి
_x000D_
తలఁపులోనితలఁపె తత్వంబు నాత్మరా
_x000D_
విశ్వదాభిరామ వినర వేమ."	aataveladi
"_x000D_
తాను సకలమైనఁ దనలోన సకలంబు
_x000D_
తనదులోని వెలుఁగు తానెఱింగి
_x000D_
యున్నమానవునకు నొనరంగ ముక్తిరా
_x000D_
విశ్వదాభిరామ వినర వేమ."	aataveladi
"_x000D_
సర్వ మొకటిఁ జూడ సమకూరును ధ్రువంబు
_x000D_
రెప్పవేయఁబోక రేయిఁబగలు
_x000D_
పగలులోని పగలు పరమాత్మ చూడరా
_x000D_
విశ్వదాభిరామ వినర వేమ."	aataveladi
"_x000D_
రూపడఁగక జీవరూపంబుఁ గనరాదు
_x000D_
నట్టిరూప మడగ నలవిగాదు
_x000D_
బ్రహ్మ మడఁగకున్న బ్రహ్మంబుఁ గనఁరాదు
_x000D_
విశ్వదాభిరామ వినర వేమ."	aataveladi
"_x000D_
భయమంతయు దేహముదే
_x000D_
భయ ముడిగిన నిశ్చయంబు పరమాత్మునిదే
_x000D_
లయమంతయు దేహముదే
_x000D_
జయమంతయు జీవుఁడనుచుఁ జాటర వేమా."	kandamu
"_x000D_
ఏకమయినవర్ణ మెఱిఁగినయోగికిఁ
_x000D_
బరము నెఱిఁగిచూడ భావమొందు
_x000D_
నాకృతులును మఱియునన్నిటఁ దానౌను
_x000D_
విశ్వదాభిరామ వినర వేమ."	aataveladi
"_x000D_
తాను దప్పకుండ తనమనంబు నిల్పి
_x000D_
తావుఁ జేరునట్ల తంత్రపఱచి
_x000D_
తాను తావుఁ జేరి తావుఁదానేకమై
_x000D_
తాను దాన యగుచుఁడనరు వేమా."	kandamu
"_x000D_
భూమిలోనఁ బుట్టు భూభార మెల్లను
_x000D_
తనువులోనఁ బుట్టు దత్వమెల్ల
_x000D_
శ్రమములోనఁ బుట్టు సర్వంబుఁ దానౌను
_x000D_
విశ్వదాభిరామ వినర వేమ."	aataveladi
"_x000D_
కాయముఁదగఁ గూడి కడఁగి యోగిగనున్న
_x000D_
కాయ ముండికాని ఘనుఁడు గాఁడు
_x000D_
కాయమునను ముక్తిగతి కేగవలెనయా
_x000D_
విశ్వదాభిరామ వినర వేమ."	aataveladi
"_x000D_
ఆది నొకటి దెలిసియాదిని మదినిల్పి
_x000D_
యాదిఁబాయకున్న నభవుఁ డవును
_x000D_
ఆదిఁ బాయువాఁడు నంధకు రీతిరా
_x000D_
విశ్వదాభిరామ వినర వేమ."	aataveladi
"_x000D_
అందు నిందుననక యన్నిటఁ బరికించి
_x000D_
విష్ణు వరయుచుండు విదితముగను
_x000D_
చక్రి తిరుగు భూమిచక్రంబులోపల
_x000D_
విశ్వదాభిరామ వినర వేమ."	aataveladi
"_x000D_
ఆకృతి యనఁగను నిరాకృతి యనఁదగు
_x000D_
నాకృతి నొగిఁదగు నిరాకృతిట్టు
_x000D_
లవియు రెండు లే యపురూపమై యుండు
_x000D_
విశ్వదాభిరామ వినర వేమ."	aataveladi
"_x000D_
లోను చూడఁజూడ లోకాభిరామంబు
_x000D_
బయలు చూడఁజూడ బంధనంబు
_x000D_
తన్నుఁజూడఁజూడ తారక బ్రహ్మంబు
_x000D_
విశ్వదాభిరామ వినర వేమ."	aataveladi
"_x000D_
తలఁపుచేతఁగల్గు తారక బ్రహ్మంబు
_x000D_
తలచిఁచూడఁదానె తత్వమగును
_x000D_
తలఁపులోనె తలఁపు తానె తానెఱిఁగిన
_x000D_
విశ్వదాభిరామ వినర వేమ."	aataveladi
"_x000D_
కమలభవాండం బెల్లను
_x000D_
విమలపుసుజ్ఞానులెల్ల నీక్షింతురయా
_x000D_
విమలంబౌ మనముదగ\న్‌
_x000D_
సుమహిత పిండాండ మెపుడు చూడర వేమా."	kandamu
"_x000D_
నరకులమునఁ దాఁబుట్టియు
_x000D_
నరకులమునఁ దాని బెరిగి నరుఁడయ్యును దా
_x000D_
నరకులమును ఛీ ఛీ యని
_x000D_
హరకులమునఁ దిరిగెనేని హరుఁడగు వేమా."	kandamu
"_x000D_
ఎండయన తిరుగు నిర వెఱింగిన యోగి
_x000D_
యుండు నెల్లకాల ముర్విలోనఁ
_x000D_
దిండిపోతు వశమె తెలియంగ జ్ఞానంబు
_x000D_
విశ్వదాభిరామ వినర వేమ."	aataveladi
"_x000D_
తనుసంరక్షణ కొఱకయి
_x000D_
మనమున కార్యములు మానుమను తత్వముచే
_x000D_
దినదినము తిరిగి తిరిగియు
_x000D_
తనువునఁ గనుగొన్న నాత్మ తత్వము వేమా."	kandamu
"_x000D_
ఒక్కఘటములోనఁ బెక్కురూపులు నిల్చు
_x000D_
నెన్నియెన్నిరూపు లెసఁగుచుండు
_x000D_
నవియుఁదొలఁగెనేని యన్నియు బయలౌను
_x000D_
ఆత్మతత్వ మిట్టులౌర వేమా."	aataveladi
"_x000D_
హంగుమీరఁ దాను యతులజన్మంబుల
_x000D_
నరసి చెప్పునెంతవారికైన
_x000D_
ఆడకాడ కనువు నతిశయమై వచ్చు
_x000D_
విశ్వదాభిరామ వినర వేమ."	aataveladi
"_x000D_
తనువుఁ దా ననుకొనుఁ దనకుఁదా ననఁదగి
_x000D_
జనన మరణములను జిక్కిచిక్కి
_x000D_
పొలుపుపొం దెఱుఁగక పొర్లాడుచుండెడి
_x000D_
భ్రాంతిజీవి కేటిపరము వేమా."	aataveladi
"_x000D_
చిత్తము బుద్ధియు మఱచియు
_x000D_
హత్తు నహంకారములను నాత్మకు లోగా
_x000D_
మొత్తముగఁ జేయ నేరని
_x000D_
మత్తునకును ముక్తిలేదు మహిలో వేమా."	kandamu
"_x000D_
తాను తనువు యనుచు ద్వయమును బలుకుచు
_x000D_
మోహవారిరాశి మునిఁగియున్న
_x000D_
జనుల కెట్లు మోక్ష సంగతి సిద్ధించు
_x000D_
విశ్వదాభిరామ వినర వేమ."	aataveladi
"_x000D_
నిఖిలాకారుం డాతఁడు
_x000D_
నిఖిలాత్ముఁడు సర్వసాక్షి నిజముగఁ దానై
_x000D_
నిఖిలంబు నిందుజూఁడగ
_x000D_
నిఖిలంబై యుండు నిచ్చ నిజముగ వేమా."	kandamu
"_x000D_
విన్నవానికన్నఁ గన్నవాఁ డధికుండు
_x000D_
కన్నవానికన్నఁ గలియువాఁడు
_x000D_
ఉన్నతోన్నతుఁడయి యుర్విలోపల నుండు
_x000D_
విశ్వదాభిరామ వినర వేమ."	aataveladi
"_x000D_
బ్రహ్మమును దెలిసెడు భావమందున నిల్చి
_x000D_
తనువు గుడిని జేసి తన్ను నిలిపి
_x000D_
లోకమందు నిలిచి లోఁజూపు చూడరా
_x000D_
విశ్వదాభిరామ వినర వేమ."	aataveladi
"_x000D_
జీవసంజ్ఞ గలుగు జీవుని తత్వంబ
_x000D_
జీవపరుని గురుని జెందఁజేసి
_x000D_
తన్ను నిల్పువాఁడు తానె తత్వజ్ఞుఁడౌ
_x000D_
విశ్వదాభిరామ వినర వేమ."	aataveladi
"_x000D_
తనలోననె సకలంబును
_x000D_
తనరందా నగుటయెఱిఁగి తారకమాత్మన్‌
_x000D_
దనువనుచుఁ బరిణమించిన
_x000D_
మనుజునకును ముక్తికలదు మహిలో వేమా."	kandamu
"_x000D_
తాను దానె యనెడి తత్వాల లోపల
_x000D_
నన్య మెఱుఁగకుండు నబ్బతోడు
_x000D_
తానెతానునయిన దల్లడం బేలరా
_x000D_
విశ్వదాభిరామ వినర వేమ."	aataveladi
"_x000D_
తానే నేర్పరియయినం
_x000D_
తారకములఁ దానెతన్ను దప్పించుకొను\న్‌
_x000D_
దానెన్ని విధము లడరిన
_x000D_
తానే పరమాత్మ యనుచుఁ దలఁచర వేమా."	kandamu
"_x000D_
తా నగుట యెఱిఁగి సర్వముఁ 
_x000D_
దా నగుటయుఁ దెలిసి యెల్లతత్వముదానై
_x000D_
తానెఱిఁగి పరిణమించిన
_x000D_
మానవులకు శక్తిలేదు మహిలో వేమా."	kandamu
"_x000D_
ఇదినాకుఁ జాలఁదనుచును
_x000D_
వదలక మదిలోననైన వస్తువు భ్రమతల్‌
_x000D_
కదిసి విడనాడ కుండిన
_x000D_
నదియే సంసారబీజ మందుర వేమా."	kandamu
"_x000D_
రూపు పేరు రెండు రూఢితోఁ గలిసిన
_x000D_
పేరు రూపిక్రియలు పెనగిఁయుండు
_x000D_
నామరూపమ్ములు నాశ మొందుటమేలు
_x000D_
విశ్వదాభిరామ వినర వేమ."	aataveladi
"_x000D_
దేహగుణము లెల్ల దెలిసిన శివయోగి
_x000D_
మోహమందుఁ జిక్కి మోసపోఁడు
_x000D_
ఇంద్రజాలకుండు నెందుకుఁ జిక్కురా
_x000D_
విశ్వదాభిరామ వినర వేమ."	aataveladi
"_x000D_
చేతస్సంకల్పంబులు
_x000D_
నీతిని వర్జించి నపుడె నిర్మల పదవుల్‌
_x000D_
ప్రీతిం బొందు నటందురు
_x000D_
భూతములనఁ బరఁగ యోగ పురుషులు వేమా."	kandamu
"_x000D_
సుఖసుఖాన దాను సుగుణుఁడై యుండఁగఁ
_x000D_
బ్రకృతి పెండ్లిచేసి పరముఁ జెడిచి
_x000D_
విధులఁ బుట్టఁజేయు విధినిదాఁగానఁడు
_x000D_
విశ్వదాభిరామ వినర వేమ."	aataveladi
"_x000D_
పడుచు పక్వమెన్నఁ బసివాఁ డెఱుంగునా
_x000D_
యెఱుక దివ్యయోగి యెఱుఁగుఁగాక
_x000D_
మోహగుణ మెఱింగి మోహంబు విడనాఁడు
_x000D_
విశ్వదాభిరామ వినర వేమ."	aataveladi
"_x000D_
రూపు మాయ చూపు రూఢియై వెలుగొందుఁ
_x000D_
గాదుమాయమ్రానుఁ గల్పతరువు
_x000D_
చూపు గ్రుంగఁ జేసి చూచుట సుఖమురా
_x000D_
విశ్వదాభిరామ వినర వేమ."	aataveladi
"_x000D_
సిగ్గునేడనుదాగుఁ జీక టేడను దాగు
_x000D_
నాఁకలేడదాగు నాత్మలోన
_x000D_
దాగియున్న నిద్ర దాగుట తెలియుఁడీ
_x000D_
విశ్వదాభిరామ వినర వేమ."	aataveladi
"_x000D_
శత్రువరుల నరసి సరగున ఖండించి
_x000D_
మిత్రవర్గమునకు మేలుచేసి
_x000D_
దండివెలుగుఁజూపి పిండమధ్యంబున
_x000D_
నర్థి నిలుచువాఁడు హరుఁడు వేమా."	aataveladi
"_x000D_
దేహ సంకటమును దెగితేరకాండ్రకు
_x000D_
మోహదృష్టి విడిచి మూల మెఱిఁగి
_x000D_
వ్యూహ మొక్కటిపన్ని యుల్లంబు సంధించి
_x000D_
స్నేహ మెఱుఁగ యోగ సిద్ధి వేమ."	aataveladi
"_x000D_
విషయము లొరసిన నొరయఁడు
_x000D_
విషయేంద్రియ పరదళంబు సేయగ మఱిదా
_x000D_
విషమాది షట్కమను దు
_x000D_
ర్విషయములను బొందకుండ వేమన నేర్చు\న్‌."	kandamu
"_x000D_
తన నిజరూపముఁ జూడఁగ
_x000D_
తన మాయను సిద్ధులయినఁ దపముల మాయన్‌
_x000D_
తానెంతటి ఘనుఁడయినను
_x000D_
తనిసినవాఁడైన జూడ ధరలో వేమా."	kandamu
"_x000D_
తాను పుట్టుచోటు తాఁజూచి పలికెనా
_x000D_
తాను బుద్ధిదిరుగు ధరణిలోన
_x000D_
తాను బుట్టుచోటు తత్వంబు తలపోయ
_x000D_
విశ్వదాభిరామ వినర వేమ."	aataveladi
"_x000D_
అనలంబున జనియించియు
_x000D_
ననలంబున సలిలమగును నాకాశమున\న్‌
_x000D_
గనిపించి పుట్టుఁదానే
_x000D_
జనకుఁడు లేనట్టిదాయె చరితము వేమా."	kandamu
"_x000D_
తమ తలంపులలోనఁ దత్వ శిఖామణిఁ, దలఁచిన వారెల్లఁ దత్వ విదులు
_x000D_
ఘనమైన నిబిఢాంధ కారంబునను జ్యోతి ననువునఁ జూచిన యతఁడె యోగి
_x000D_
శివునిలో జీవుని జీవునిలో శివు నొనరఁ దెలిసినవాఁడు యోగదృక్కు
_x000D_
సౌఖ్య యోగంబున సర్వంబు శివుఁడని నిశ్చయించినవాఁడు నిర్మలుండు"	seesamu
"ఇట్టిజాడఁగాన నెందఱయిన నేమి
పుట్టఁ గాలశివుని పట్టఁగలరె
పొట్టనీవు పాసిపోగఁ దా నుబ్బురా
విశ్వదాభిరామ వినర వేమ."	aataveladi
"_x000D_
కర్మగుణము లన్ని కడఁబెట్టి నడువక
_x000D_
తత్వమేల దన్ను దగులుకొనును
_x000D_
నూనెలేక దివ్వె నువ్వులమండునా
_x000D_
విశ్వదాభిరామ వినర వేమ."	aataveladi
"_x000D_
విత్తును నుముకయుఁ ధరలోఁ
_x000D_
బొత్తున జనియించి పొట్టుపోయినభంగి\న్‌
_x000D_
వేత్తయగువానికర్మం
_x000D_
బత్తెఱగున విడిచిపోవు ననువున వేమా."	kandamu
"_x000D_
కర్మము జ్ఞానికి దవ్వగు
_x000D_
గర్మమునకు జ్ఞాని దవ్వుకలియుగ మందున్‌
_x000D_
గర్మజ్ఞానము లుడిగిన
_x000D_
నిర్మలునకుఁ గలుగు ముక్తి నిజముగ వేమా."	kandamu
"_x000D_
కర్మమయుఁడుగాక ధర్మంబు దెలియఁడు
_x000D_
కర్మజీవి మేలు గానలేఁడు
_x000D_
నీరుచొరక లోతు నికరము దెలియదు
_x000D_
విశ్వదాభిరామ వినర వేమ."	aataveladi
"_x000D_
కర్మఫలములన్ని కపటంబుగాఁ జూచి
_x000D_
ధర్మఫలములన్ని దగిలియుండు
_x000D_
ధర్మమర్మములను దాటుట ముక్తిరా
_x000D_
విశ్వదాభిరామ వినర వేమ."	aataveladi
"_x000D_
చెట్టునందుఁబుట్టి చెలరేఁగి కాయలు
_x000D_
దనరుఁగాంతితోడఁ దగిలిపండ్లు
_x000D_
పండ్లు దినుచుఁ గాయవర్ణంబు దెలియుఁడీ
_x000D_
విశ్వదాభిరామ వినర వేమ."	aataveladi
"_x000D_
హంస మానసోద మంటక తిరిగిన
_x000D_
యట్టు కర్మచయము నంటకుండ
_x000D_
యోగి తిరుగు సకలభోగంబుతోడను
_x000D_
విశ్వదాభిరామ వినర వేమ."	aataveladi
"_x000D_
తనువు శోధఁజేసి దైవమ్ము మొనఁజేసి
_x000D_
ముందు కర్మములను మూలఁద్రోసి
_x000D_
మనము నిజముఁజేసి మమతలన్నియు రోసి
_x000D_
మొనసి నిల్చువాఁడు మోక్షి వేమా."	kandamu
"_x000D_
అన్నమునకు నంటునైన నాత్మకునంటు
_x000D_
ఆత్మను పెనగొన్న నన్నమంటు
_x000D_
ఆత్మశుద్ధియన్న మన్న శుద్ధియునాత్మ
_x000D_
మిన్నుమన్నుమాడ్కి మెఱయు వేమా."	aataveladi
"_x000D_
హరివిధిసురిమును లాదిని
_x000D_
మెరసియు జన్మించి పిదప మేలులకెడగా
_x000D_
జరయందు మరణమందును
_x000D_
వరుస న్వర్తిలిరి మాయవాసన వేమా."	kandamu
"_x000D_
మూల మెవ్వ రనుచు ముగ్గురిలోపల
_x000D_
మూల మెఱుఁగలేరు మూఢజనులు
_x000D_
మూలమందఱకును ముఖ్యమౌఁ గర్మము
_x000D_
విశ్వదాభిరామ వినర వేమ."	aataveladi
"_x000D_
ముగ్గురిలోన హెచ్చు ముందుగా కనలేక
_x000D_
నరకమునకుఁ బోవు నరులు గలరు
_x000D_
ముగ్గురికిందనట్టి మూలమూర్తి యొకండు
_x000D_
విశ్వదాభిరామ వినర వేమ."	aataveladi
"_x000D_
ముగ్గురి నెఱుఁగునట్టి మూలంబు నెఱిఁగియు
_x000D_
ముగ్గురిమీఁద నొకటి మునుపు తెలిసి
_x000D_
పరగఁజిహ్వచేతఁ బ్రస్తుతి చేయరా
_x000D_
విశ్వదాభిరామ వినర వేమ."	aataveladi
"_x000D_
విధికృతములందు రన్నియు
_x000D_
విధికిని విధి లెస్సయయ్యె విష్ణు జపింప\న్‌
_x000D_
విధియుభవురూప మందెను
_x000D_
విధి బ్రహ్మము సుమ్ముదలప వినరా వేమా."	kandamu
"_x000D_
కుండఁగుంభ మండ్రు కొండఁ బర్వతమండ్రు
_x000D_
ఉప్పు లవణ మండ్రు నొకటి గాదె
_x000D_
భాషలింతెవేఱు పరతత్వ మొక్కటి
_x000D_
విశ్వదాభిరామ వినర వేమ."	aataveladi
"_x000D_
ఆకు కానవచ్చు హరిహరాదులకును
_x000D_
కొమ్మ గానరాదు కోరిచూడ
_x000D_
కొమ్మగానరాగఁ గొనియాడ కుండురా
_x000D_
విశ్వదాభిరామ వినర వేమ."	aataveladi
"_x000D_
వాఁడు వాఁడు వాఁడు వానిలోపల నుండు
_x000D_
వాఁడు వాఁడు వాఁడు వాఁడుగాఁడు
_x000D_
వాని వానిగూర్చువాఁడెపో బ్రహ్మంబు
_x000D_
విశ్వదాభిరామ వినర వేమ."	aataveladi
"_x000D_
అయిదు నక్షరముల యంగంబు దెలిసిన
_x000D_
నైదునందు ముక్తి యమరియుండు
_x000D_
నైదులోననున్న యతఁడెపో బ్రహంబు
_x000D_
విశ్వదాభిరామ వినర వేమ."	aataveladi
"_x000D_
బ్రహ్మఁ జంపి విష్ణుభాగంబులోఁ గల్పి
_x000D_
విష్ణుఁ జంపి శివునివెలయఁ గల్పి
_x000D_
శివునిఁ జంపి తాను శివయోగి కావలె
_x000D_
విశ్వదాభిరామ వినర వేమ."	aataveladi
"_x000D_
ఇంత వగవ వెలసె నేకాంత బుద్ధితా
_x000D_
హరిహరాదులందు నాశ లుడిగి
_x000D_
శాంతబుద్ధి నుండ సమకూరును సుఖంబు
_x000D_
విశ్వదాభిరామ వినర వేమ."	aataveladi
"_x000D_
బ్రహ్మఘటము మేను ప్రాణంబు దగ గాలి
_x000D_
మిత్రచంద్రవహ్ని నేత్రచయము
_x000D_
మఱియుఁ బ్రహ్మ మనఁగ మహిమీదలేదయా
_x000D_
విశ్వదాభిరామ వినర వేమ."	aataveladi
"_x000D_
పంచశత్రుఁ దెగడి పంచబాణుని గెల్చి
_x000D_
పంచవర్ణములను పఠనఁ జేసి
_x000D_
పంచముఖములు గల భవసంజ్ఞ గలవాని
_x000D_
పంచఁ జేరువాఁడు పరుఁడు వేమా."	aataveladi
"_x000D_
అచరచరసమూహ మంగము లింగము
_x000D_
సరణి దెలియనట్టి శైవమేల
_x000D_
అష్టతనువు లమర హరుఁడౌట నెఱుఁగరో
_x000D_
విశ్వదాభిరామ వినర వేమ."	aataveladi
"_x000D_
ఈశ్వరుని దలంప నేడుపాళ్లుగఁ జేసి
_x000D_
తనదుమూర్తినెల్ల ధారఁబోసి
_x000D_
నిత్యకర్మములను నిలుచురా నెఱయోగి
_x000D_
విశ్వదాభిరామ వినర వేమ."	aataveladi
"_x000D_
ఏడె యక్షరముల నీయంద మొందిన
_x000D_
నందు నిందు ముక్తి యలరుచుండు
_x000D_
నందు నిందుఁ దెలియ నదియెపో బ్రహ్మంబు
_x000D_
విశ్వదాభిరామ వినర వేమ."	aataveladi
"_x000D_
ఎసఁగువేత్త యనుచు నెఱుగరే యీనరుల్‌
_x000D_
వేయిమార్గములను వేలు పజుఁడు
_x000D_
అవని సృష్టికర్త యంతకు గురుఁ డెన్న
_x000D_
నతనికి తలయేది యరయ వేమా."	aataveladi
"_x000D_
వేమన చెప్పిన మాటలు
_x000D_
సామంబున సకలవేద సారంబుగదా
_x000D_
సామెత పంచాక్షరిలో
_x000D_
నీమహిమలఁ దెలియకున్న నింపా వేమా."	kandamu
"_x000D_
ప్రణవమంత్రమహిమ భావింప లింగంబు
_x000D_
మూడుమూర్తులందు మొనసియుండు
_x000D_
నతని నెఱిఁగి కొలువ నన్యుల వశమా
_x000D_
విశ్వదాభిరామ వినర వేమ."	aataveladi
"_x000D_
అక్షరపుట మిట్టి యండంబులోఁ గూర్చి
_x000D_
యమరునొక్క రవము ననుభవించు
_x000D_
నతని కన్న ముక్తి యక్షరమై యుండు
_x000D_
విశ్వదాభిరామ వినర వేమ."	aataveladi
"_x000D_
అక్షరపుటడవిఁజొర వే
_x000D_
లక్షలఁ జదువంగ నేల లాలితముగఁ బ్ర
_x000D_
త్యక్షముగను శివ యను రెం
_x000D_
డక్షరములు మనకి శుద్ధి యగురా వేమా."	kandamu
"_x000D_
లోను బదిలపఱచి లోనివికారముల్‌
_x000D_
దలఁచి మెట్టువారు తెలియువారు
_x000D_
ఆకసమున వేడ్కనరయంగ నుందురు
_x000D_
విశ్వదాభిరామ వినర వేమ."	aataveladi
"_x000D_
సూక్ష్మమధ్యమునను సొరిది జీవుం డుండు
_x000D_
స్థూలమధ్యమందు సూర్యుఁ డుండు
_x000D_
నాదబిందుకళల నాబ్రహ్మ ముండురా
_x000D_
విశ్వదాభిరామ వినర వేమ."	aataveladi
"_x000D_
చూపులోనిచూపు సూక్ష్మమౌఁ దెలియంగఁ
_x000D_
జూపులోనిచూపు శుభ్రమాయె
_x000D_
జూపులోనిచూపు సురవరగమ్యము
_x000D_
విశ్వదాభిరామ వినర వేమ."	aataveladi
"_x000D_
ప్రణవ మరయలేక భక్తుఁడు గాలేఁడు
_x000D_
జ్యోతి నరయలేక జోగికాఁడు
_x000D_
నిత్య మరయలేక నిర్వాణికాఁడయా
_x000D_
విశ్వదాభిరామ వినర వేమ."	aataveladi
"_x000D_
ఆత్మయందు జ్యోతి యెఱుగుట లింగంబు
_x000D_
తెలిసిచూడగాను తేటపడును
_x000D_
అదియు గురువులేక యబ్బునా తెలియంగ
_x000D_
విశ్వదాభిరామ వినర వేమ."	aataveladi
"_x000D_
ఘంటారావము మదిలో
_x000D_
వింటిన్నే కంటఁగంటి విమలపుకాంతి\న్‌
_x000D_
వెంటాడక బ్రహ్మంబును
_x000D_
గంటిని వగ కాదు నన్నుఁ గనుగొన వేమా."	kandamu
"_x000D_
మొదలు చూచిచూచి తుదిఁ జూడకుండెనా
_x000D_
చూపు తప్పినపుడె సొరగవలెను
_x000D_
సొరగకున్నవానిఁ జులకగాఁ జూతురు
_x000D_
విశ్వదాభిరామ వినర వేమ."	aataveladi
"_x000D_
జ్ఞానముద్రచేతఁ గానవచ్చెడితళ్కు
_x000D_
నదియ మదికి శ్రేష్ఠ మనుచు మునులు
_x000D_
పలికి రదియుఁ దెలియఁ బరమార్థ మగునయా
_x000D_
విశ్వదాభిరామ వినర వేమ."	aataveladi
"_x000D_
నాదబిందుకళల నయమొంది యాత్మ
_x000D_
యం దంటి చపలచిత్త మమర నిల్పి
_x000D_
బ్రహ్మరంధ్రమునను బ్రబలిన యోగిరా
_x000D_
విశ్వదాభిరామ వినర వేమ."	aataveladi
"_x000D_
మనసు హక్కు కర్మ మదియేమి లేకయ
_x000D_
రాకపోకలేని రాజవీధి
_x000D_
పరగ హాని గలదె పరతత్వయోగికి
_x000D_
విశ్వదాభిరామ వినర వేమ."	aataveladi
"_x000D_
సూక్ష్మరూప మెఱిగి సుఖమొందగా లేక
_x000D_
బహుళముగను జదువఁబడుచు నరుఁడు
_x000D_
చావుచేటెఱుఁగని చదువేల చదువునో
_x000D_
విశ్వదాభిరామ వినర వేమ."	aataveladi
"_x000D_
ఉత్తముని కడుపున నోగు జన్మించిన
_x000D_
వాఁడు చెఱచువానివంశమెల్ల
_x000D_
చెఱకువెన్ను పుట్టి చెఱపదా తీపెల్ల
_x000D_
విశ్వదాభిరామ వినర వేమ."	aataveladi
"_x000D_
తనువ దెవరిసొమ్ము తనదని పోషింప
_x000D_
ధనమదెవరిసొమ్ము దాచుకొనఁగ
_x000D_
ప్రాణ మెవరిసొమ్ము పాయకుండఁగ నిల్ప
_x000D_
విశ్వదాభిరామ వినర వేమ."	aataveladi
"_x000D_
జీవిఁజంపుటెల్ల శివభక్తి తప్పుట
_x000D_
జీవు నరసిచూడ శివుఁడు గాదె
_x000D_
జీవుఁడు శివుఁడగును సిద్ధంబు దెలియరో
_x000D_
విశ్వదాభిరామ వినర వేమ."	aataveladi
"_x000D_
పరగ చెట్టుఁబెట్టి పాలింప కుండెనా
_x000D_
వెలుగుదాటి వీధి వెళ్ళిరాఱు
_x000D_
ఆడువారి చిత్త మటువలె నుండురా
_x000D_
విశ్వదాభిరామ వినర వేమ."	aataveladi
"_x000D_
కొంకణంబు పోఁవగుక్క సింహము గాదు
_x000D_
కాశిబోవఁబంది గజము గాదు
_x000D_
వేఱె జాతివాఁడు విప్రుఁడు గాఁడయా
_x000D_
విశ్వదాభిరామ వినర వేమ."	aataveladi
"_x000D_
ఇచ్చువానియొద్ద నీయనివాడుండఁ
_x000D_
జచ్చుగాని యీవి సాగనీఁడు
_x000D_
కల్పతరువుక్రింద గ్రచ్చ చెట్టునట్లు
_x000D_
విశ్వదాభిరామ వినర వేమ."	aataveladi
"_x000D_
అల్పబుద్ధివాని కధికార మిచ్చిన
_x000D_
దొడ్డవారినెల్లఁ దొలఁగఁగొట్టు
_x000D_
చెప్పుతినెడికుక్క చెఱకుతీ పెఱుఁగునా
_x000D_
విశ్వదాభిరామ వినర వేమ."	aataveladi
"_x000D_
ఆపదందుఁ జూడు మారయ బంధుల
_x000D_
భయమువేళఁజూడు బంటుగుణము
_x000D_
పేదపడ్డ వెనుక పెండ్లము మతిఁజూడు
_x000D_
విశ్వదాభిరామ వినర వేమ."	aataveladi
"_x000D_
మగఁడు మదనుఁడైన మంచికాఁపురమైన
_x000D_
సహజ మేల మాను జారకాంత
_x000D_
పాలుద్రావు కుక్క బడిబడి పోవదా
_x000D_
విశ్వదాభిరామ వినర వేమ."	aataveladi
"_x000D_
పురుషుఁ డెఱుఁగఁ జంపు భూపతి వినఁజేటు
_x000D_
నఖిలనిందలకును నాలయంబు
_x000D_
పరపురుష గమనము ప్రత్యక్ష నరకము
_x000D_
విశ్వదాభిరామ వినర వేమ."	aataveladi
"_x000D_
ఆలి వంచలేక యధమత్వముననుండి
_x000D_
వెనుక వంతుననుట వెఱ్ఱితనము
_x000D_
చెట్టుముదర నిచ్చి చిదిమినఁ బోవునా
_x000D_
విశ్వదాభిరామ వినర వేమ."	aataveladi
"_x000D_
ఎలుకతోక దెచ్చి యెందాక నుతికిన
_x000D_
నలుపుగాక యేల తెలుపు గలుగు
_x000D_
కొయ్యబొమ్మ తెచ్చి కొట్టిన గుణియౌనె
_x000D_
విశ్వదాభిరామ వినర వేమ."	aataveladi
"_x000D_
కుక్కతోకఁ దెచ్చి గొట్టంబుఁ జేర్చిన
_x000D_
గ్రోవిచెంతనుండుఁ గొంతతడవు
_x000D_
ఎంతఁజెప్పఁ జెడుగు పంతంబు మానునా
_x000D_
విశ్వదాభిరామ వినర వేమ."	aataveladi
"_x000D_
ఆలు మగనిమాట కడ్డంబు వచ్చెనా
_x000D_
యాలుఁగా దది మరగాలు కాని
_x000D_
యట్టియాలు విడచి యడవి నుండుట మేలు
_x000D_
విశ్వదాభిరామ వినర వేమ."	aataveladi
"_x000D_
మాటవిననియాలు మగనికి మృత్యువు
_x000D_
యోటిపడవ సర్ప మొంటిగృహము
_x000D_
తనకుఁగానియాలు దానవురాలయా
_x000D_
విశ్వదాభిరామ వినర వేమ."	aataveladi
"_x000D_
ఓజమాలుపొలతి యోలిమాడలు చేటు
_x000D_
పోటికెడలుబంటు కూటి చేటు
_x000D_
పనికిమాలినతొత్తు బత్తెంబు చేటురా
_x000D_
విశ్వదాభిరామ వినర వేమ."	aataveladi
"_x000D_
తప్పు లెన్నువారు తండోపతండము
_x000D_
లుర్వి జనులకెల్ల నుండుఁ దప్పు
_x000D_
తప్పు లెన్నువారు తమతప్పు నెఱుఁగరు
_x000D_
విశ్వదాభిరామ వినర వేమ."	aataveladi
"_x000D_
మ్రుచ్చు తీర్థమేగి ముల్లె విడుచును గాని
_x000D_
మ్రొక్కఁబ్రొద్దు లేదు మొనసి యెపుడు
_x000D_
కుక్క యిల్లుచొచ్చి కుండలు వెతుకదా
_x000D_
విశ్వదాభిరామ వినర వేమ."	aataveladi
"_x000D_
కల్లలాడువాని గ్రామకర్త యెఱుంగు
_x000D_
సత్యమాడువాని స్వామి యెఱుంగు
_x000D_
బెక్కుతిండిపోతుఁ బెండ్లా మెఱుంగురా
_x000D_
విశ్వదాభిరామ వినర వేమ."	aataveladi
"_x000D_
పాగ పచ్చడంబు పైకిఁ గూసంబును
_x000D_
పోగు లుంగరములు బొజ్జకడుపు
_x000D_
గలిగినట్టివానిఁ గందురు చుట్టముల్‌
_x000D_
విశ్వదాభిరామ వినర వేమ."	aataveladi
"_x000D_
ఈఁతకంటె లోతు నెంచంగఁ బనిలేదు
_x000D_
చావుకంటెఁ గీడు జగతిలేదు
_x000D_
గోచిపాతకంటె కొంచెంబు మఱిలేదు
_x000D_
విశ్వదాభిరామ వినర వేమ."	aataveladi
"_x000D_
జాణలనయట్టి చపలాయతాక్షుల
_x000D_
వలపు లరసిచూచి బ్రమయకేల
_x000D_
బయలిరూపులరసి పరికింపగా నేల
_x000D_
విశ్వదాభిరామ వినర వేమ."	aataveladi
"_x000D_
ఇంతిఁ జూచెనేని యింతంత యనరాదు
_x000D_
కానవహ్నిలక్క కరఁగినట్లు
_x000D_
వట్టిమోహ మిట్లు రట్టులఁ జేసెరా
_x000D_
విశ్వదాభిరామ వినర వేమ."	aataveladi
"_x000D_
కలిమి కలిగెనేని కాముగాఁజూతురు
_x000D_
లేమిచేతఁ జిక్క లేమ లధిపు
_x000D_
మదనువంటివాని మాలఁగాఁ జూతురు
_x000D_
విశ్వదాభిరామ వినర వేమ."	aataveladi
"_x000D_
కలిగిన మనుజుండు కాముఁడుసోముఁడై
_x000D_
మిగులఁ దేజమునను మెఱయుచుండు
_x000D_
విత్తహీనుఁడైన రిత్తయై పోవును
_x000D_
విశ్వదాభిరామ వినర వేమ."	aataveladi
"_x000D_
విటులకనుల కెంత విభ్రమమై యుండు
_x000D_
సాటిలేని పొలఁతి చక్కఁదనము
_x000D_
కంటిలోనిపాప కుంటెనకాఁడయా
_x000D_
విశ్వదాభిరామ వినర వేమ."	aataveladi
"_x000D_
గురువునకును పుచ్చకూరైన నియ్యరు
_x000D_
అరయ వేశ్యకిత్తు రర్థమెల్ల
_x000D_
గురుఁడు వేశ్యకన్న గుణహీనుఁ డేమొకో
_x000D_
విశ్వదాభిరామ వినర వేమ."	aataveladi
"_x000D_
తీపులోన తీపు తెలియంగఁ బ్రాణంబు
_x000D_
ప్రాణవితతికన్నఁ బసిడి తీపు
_x000D_
పసిడికన్న మిగులఁ బడతిమాటలు తీపు
_x000D_
విశ్వదాభిరామ వినర వేమ."	aataveladi
"_x000D_
పనసతొనలకన్నఁ బంచదారలకన్న
_x000D_
జుంటితేనెకన్న జున్నుకన్నఁ
_x000D_
జెఱకురసముకన్నఁ జెలిమాట తీపురా
_x000D_
విశ్వదాభిరామ వినర వేమ."	aataveladi
"_x000D_
కొమ్మదిమ్మరైనఁ ద్రిమ్మరులవలదు
_x000D_
సరసవిటులనేల సమ్మతించు
_x000D_
పేడతిన్న పురుగులెల్ల మేమెఱుఁగురా
_x000D_
విశ్వదాభిరామ వినర వేమ."	aataveladi
"_x000D_
ఆలివంకవార లాత్మబంధువు లైరి
_x000D_
తల్లివంకవారు తగినపాటి
_x000D_
తండ్రివంకవారు దాయాది తగవులౌ
_x000D_
విశ్వదాభిరామ వినర వేమ."	aataveladi
"_x000D_
కుక్క యేమెఱుంగు గురులింగజంగంబుఁ
_x000D_
బిక్కనొడిసిపట్టి పీఁకుగాక
_x000D_
సంతపాకతొత్తు సన్యాసి నెఱుఁగునా
_x000D_
విశ్వదాభిరామ వినర వేమ."	aataveladi
"_x000D_
తొత్తుతోడిపొందు తొఱ్ఱిపెసలమూట
_x000D_
ముచ్చుతోడిపొందు తెచ్చునింద
_x000D_
తలవరింటిపొందు తలతోటిదీరురా
_x000D_
విశ్వదాభిరామ వినర వేమ."	aataveladi
"_x000D_
తనదునృపతితోడఁ దనయాయుధముతోడ
_x000D_
నగ్నితోడఁ బరులయాలితోడ
_x000D_
హాస్యమాడుటెల్ల హాని ప్రాణమునకు
_x000D_
విశ్వదాభిరామ వినర వేమ."	aataveladi
"_x000D_
మంచిరుచులను గోరు మంచిస్త్రీలను గోరు
_x000D_
మనుజుఁ డెంత చెడ్డమనసు చూడ
_x000D_
నించుకైన నేలని విడువఁడు
_x000D_
విశ్వదాభిరామ వినర వేమ."	aataveladi
"_x000D_
తరుణి సొగసుఁగన్న తనయుని గన్నను
_x000D_
మరునికళల మించి మనము పాఱు
_x000D_
పాపజాతి మనము పట్టంగ రాదయా
_x000D_
విశ్వదాభిరామ వినర వేమ."	aataveladi
"_x000D_
తేనె పంచదార తియ్యమామిడిపండు
_x000D_
తిన్నఁగాని తీపు తెలియగరాదు
_x000D_
కన్న నింపు పుట్టుఁ గామినియధరంబు
_x000D_
విశ్వదాభిరామ వినర వేమ."	aataveladi
"_x000D_
ఎద్దుకన్న దున్న యేలాగు తక్కువ
_x000D_
యెరువులేకపోయి తిరిగె విలువ
_x000D_
నేర్పెఱుఁగనివాని నెఱయోగి యందురా
_x000D_
విశ్వదాభిరామ వినర వేమ."	aataveladi
"_x000D_
పదుగు రాడుమాట పాటియై ధరఁజెల్లు
_x000D_
నొక్కఁడాడుమాట యెక్కదెందు
_x000D_
నూరకాడుకాని కూరెల్ల నోపదు
_x000D_
విశ్వదాభిరామ వినర వేమ."	aataveladi
"_x000D_
గుణయుతునకు మేలు గోరంతఁ జేసినఁ
_x000D_
గొండయౌను వానిగుణముచేత
_x000D_
కొండకొలఁదిమేలు గుణహీనుఁ డెఱుఁగునా
_x000D_
విశ్వదాభిరామ వినర వేమ."	aataveladi
"_x000D_
పతిని విడువరాదు పదివేలకైనను
_x000D_
పెట్టి చెప్పరాదు పేదకైన
_x000D_
పతిని దిట్టరాదు పతి రూపవతియైన
_x000D_
విశ్వదాభిరామ వినర వేమ."	aataveladi
"_x000D_
సుతులు పతులు మాయ సుఖదుఃఖములు మాయ
_x000D_
సంస్మృతియును మాయ జాతిమాయ
_x000D_
మాయబ్రతుకుకింత మాయ గల్పించెరా
_x000D_
విశ్వదాభిరామ వినర వేమ."	aataveladi
"_x000D_
మాటనిలుపలేని మనుజుండు చండాలుఁ
_x000D_
డాజ్ఞ లేనిరాజు ఆఁడుముండ
_x000D_
మహిమలేని వేల్పుమంటిఁ జేసినపులి
_x000D_
విశ్వదాభిరామ వినర వేమ."	aataveladi
"_x000D_
సిగ్గువారల మని సృష్టిలోపలివారు
_x000D_
వెఱ్ఱివేమనఁ గని వెఱఁగుపడిరి
_x000D_
తనకుఁ గలుగుసిగ్గు దైవ మెఱుంగురా
_x000D_
విశ్వదాభిరామ వినర వేమ."	aataveladi
"_x000D_
విడువ ముడువ లేక కుడువఁ గట్టఁగ లేక
_x000D_
వెఱపులేక విద్య నొరయలేక
_x000D_
వెడలలేనివాని నడపీనుఁ గందురో
_x000D_
విశ్వదాభిరామ వినర వేమ."	aataveladi
"_x000D_
లేని కాలమునకు లేమిమనము నొందు
_x000D_
నీనిన పులిరీతి నెఱుఁగకుండు
_x000D_
కఠినబుద్ధి కిట్లు కలిమేమి గల్గురా
_x000D_
విశ్వదాభిరామ వినర వేమ."	aataveladi
"_x000D_
ఇంచుకంతబోన మీశ్వరార్పణ మన్న
_x000D_
పుణ్యలోకమునకుఁ బోవు నతఁడు
_x000D_
అన్నదానమునకు నధికదానము లేదు
_x000D_
విశ్వదాభిరామ వినర వేమ."	aataveladi
"_x000D_
ప్రియములేని విందు పిండివంటలచేటు
_x000D_
భక్తిలేని పూజ పత్రిచేటు
_x000D_
పాత్ర మెఱుఁగ నీవి బంగారు చేటురా
_x000D_
విశ్వదాభిరామ వినర వేమ."	aataveladi
"_x000D_
తన్నుఁ దానెఱుఁగఁడు తా నెవ్వరికి నేర్పు
_x000D_
ప్రాలుమాలితిరుగు పశువుకొడుకు
_x000D_
కాసులకొఱకైన కర్మముల్‌ గట్టురా
_x000D_
విశ్వదాభిరామ వినర వేమ."	aataveladi
"_x000D_
సుతులచేతఁ బుణ్య సుఖముఁబొందుదు నని
_x000D_
మనుజుఁడుండు కర్మమతముఁ దగిలి
_x000D_
యేనుఁగు పడియున్న నెత్తునా మశకంబు
_x000D_
విశ్వదాభిరామ వినర వేమ."	aataveladi
"_x000D_
ఎంతచదువుఁ జదివి యెన్ని విన్నను గాని
_x000D_
హీనుఁ డవగుణంబు మానలేఁడు
_x000D_
బొగ్గు పాలఁగడుగఁ బోవునా మలినంబు
_x000D_
విశ్వదాభిరామ వినర వేమ."	aataveladi
"_x000D_
మొదటను మతమును వదలక
_x000D_
తుద నెవ్వరిమతమునైన దూషింపకయు\న్‌
_x000D_
పదిలుఁడయి కోర్కెఁగోరక
_x000D_
ముదమునఁ జరియించువాఁడె ముఖ్యుఁడు వేమా."	kandamu
"_x000D_
తిరిపెగాని మిగుల దీపించఁ గనరాదు
_x000D_
వెఱ్ఱివానిమాట వినఁగ రాదు
_x000D_
వెఱ్ఱికుక్కఁ బట్టి వేటాడ వచ్చునా
_x000D_
విశ్వదాభిరామ వినర వేమ."	aataveladi
"_x000D_
ఆలు బిడ్డలు ధన మరయఁ దల్లియుఁ దండ్రి
_x000D_
కలమనుజుఁడు మిగుల కష్టపడును
_x000D_
తనకు నెవరులేరు తాను బ్రహ్మముఁగన్న
_x000D_
విశ్వదాభిరామ వినర వేమ."	aataveladi
"_x000D_
పూసపోగుపైడి పుట్టంబు విడియంబు
_x000D_
కాయపుష్టిమిగులఁ గలిగియున్న
_x000D_
హీనజాతి నైన నిందురమ్మందురు
_x000D_
విశ్వదాభిరామ వినర వేమ."	aataveladi
"_x000D_
మాసిన తలతోడ మలినవస్త్రముతోడ
_x000D_
నొడల జడ్డుతోడ నుండెనేని
_x000D_
యగ్రజన్ముఁడయిన నట్టెపొమ్మందురు
_x000D_
విశ్వదాభిరామ వినర వేమ."	aataveladi
"_x000D_
కొండెగాఁడు చావఁ గొంపదనుకఁ బోక
_x000D_
వంతు కింతెకాని వగపులేదు
_x000D_
కొంకనక్క చావ గొఱ్ఱెలేమిటి కేడ్చు
_x000D_
విశ్వదాభిరామ వినర వేమ."	aataveladi
"_x000D_
వాడకుఱికి తిట్టు వలదన్న మొఱఁబెట్టు
_x000D_
ముందు మగనిఁ దిట్టు ముసుఁగుపెట్టు
_x000D_
గడుసురాలు మగని గంపఁ బెట్టమ్మురా
_x000D_
విశ్వదాభిరామ వినర వేమ."	aataveladi
"_x000D_
ఆడు పాపజాతి యన్నిటికంటెను
_x000D_
ఆశచేత యతులు మోసపోరె
_x000D_
చూచి విడుచువారు శుద్ధాత్ములెందును
_x000D_
విశ్వదాభిరామ వినర వేమ."	aataveladi
"_x000D_
నిజములాడువాని నిందించు జగమెల్ల
_x000D_
నిజము లాడరాదు నీచుతోడ
_x000D_
నిజమహాత్ముఁగూడ నిజమాడవలయురా
_x000D_
విశ్వదాభిరామ వినర వేమ."	aataveladi
"_x000D_
వెఱవవలెఁ బామునకు నిల
_x000D_
వెఱవఁగవలె మరణమునకు విశ్వములోన\న్‌
_x000D_
మఱవగవలె సంగమముల
_x000D_
మఱి మఱువగ వలదు మేలు మహిలో వేమా."	kandamu
"_x000D_
ఇచ్చకము భువిని వశ్యము
_x000D_
కుచ్చిత మీలోకనింద కోవిదునకు నీ
_x000D_
తుచ్చమున హాని వచ్చును
_x000D_
మచ్చరమే తన్నుఁ జెఱచు మహిలో వేమా."	kandamu
"_x000D_
కోఁతిఁ బట్టితెచ్చి క్రొత్తపుట్టముగట్టి
_x000D_
కొండమ్రుచ్చు లెల్లఁ గొలిచినట్లు
_x000D_
నీతిహీనునొద్ద నిర్భాగ్యు లుందురు
_x000D_
విశ్వదాభిరామ వినర వేమ."	aataveladi
"_x000D_
గాడ్దెమేనునిండ గంధంబుఁ బూసిన
_x000D_
నేమి యెఱుఁగలేక యెగసితన్ను
_x000D_
నీడుకానివాని నిష్ట మీలాగురా
_x000D_
విశ్వదాభిరామ వినర వేమ."	aataveladi
"_x000D_
విడువవలయు నూరు విశ్రాంతి గాకున్న
_x000D_
విడువవలయు నాలి విధముఁ దెలిసి
_x000D_
విడువవలయు రాజు వితరణి గాకున్న
_x000D_
విశ్వదాభిరామ వినర వేమ."	aataveladi
"_x000D_
అప్పుదీయ రోఁత హరిహరాదులకైన
_x000D_
మొప్పెతోడ మైత్రి మొదలె రోఁత
_x000D_
తప్పు బలుక రోఁత తాకట్టిడిన రోఁత
_x000D_
విశ్వదాభిరామ వినర వేమ."	aataveladi
"_x000D_
ఎడ్డె దెలుపవచ్చు నేఁడాది కైనను
_x000D_
మౌనిఁ దెలుపవచ్చు మాసమందు
_x000D_
మొప్పెఁ దెలుపరాదు ముప్ప దేండ్లకు నైన
_x000D_
విశ్వదాభిరామ వినర వేమ."	aataveladi
"_x000D_
చూపువలనఁ బుట్టు సుఖదుఃఖములు రెండు
_x000D_
పతికి సతికిఁ బుట్ట పరగ సుతుఁడు
_x000D_
సతికి సుతునివలన సౌఖ్యంబు గలుగును
_x000D_
విశ్వదాభిరామ వినర వేమ."	aataveladi
"_x000D_
నీళ్ళమీదఁ జూడు నెరయ నోడలపర్వు
_x000D_
బయలుమీఁదఁ జూడు పక్షిపర్వు
_x000D_
నాఁడువారిగమన మీలాగు నుండురా
_x000D_
విశ్వదాభిరామ వినర వేమ."	aataveladi
"_x000D_
ఆలు రంభయైన నతిశీలయైన
_x000D_
జారపురుషుఁడేల జాడ మాను
_x000D_
మాలవాడ కుక్క మరగినచందంబు
_x000D_
విశ్వదాభిరామ వినర వేమ."	aataveladi
"_x000D_
చాకివాఁడు కోక చీకాకుపడఁ జేసి
_x000D_
మయిలఁబుచ్చి మంచిమడుపుఁ జేయు
_x000D_
బుద్ధిచెప్పువాఁడు గ్రుద్దిన నేమయా
_x000D_
విశ్వదాభిరామ వినర వేమ."	aataveladi
"_x000D_
కలిమినాఁడు మగని కామిని చూచును
_x000D_
లేమిఁజిక్కునాఁడు లేవకుండు
_x000D_
మనినమగనినైన మడియంగఁ జూచును
_x000D_
విశ్వదాభిరామ వినర వేమ."	aataveladi
"_x000D_
పాలు పంచదార పాపరపండ్లలో
_x000D_
చాలఁబోసి పండ్లఁ జవికిరావు
_x000D_
కుటిలమానవులకు గుణ మేల కలుగురా
_x000D_
విశ్వదాభిరామ వినర వేమ."	aataveladi
"_x000D_
భూమి నాదియన్న భూమి ఫక్కున నవ్వు
_x000D_
దానహీనుఁ జూచి ధనము నవ్వు
_x000D_
కదన భీతుఁ జూచి కాలుండు నవ్వును
_x000D_
విశ్వదాభిరామ వినర వేమ."	aataveladi
"_x000D_
తనదుభ్రాత లెల్ల దానంబు సేయంగ
_x000D_
తనకు ఫలమటంచుఁ దలఁచరాదు
_x000D_
తనదుకాలు కోయఁ దన తమ్ముఁడేడ్చునా
_x000D_
విశ్వదాభిరామ వినర వేమ."	aataveladi
"_x000D_
పంకజాక్షిఁ గన్న బంగరు పొడగన్న
_x000D_
దిమ్ముబట్టియుండు తెలివి కెల్ల
_x000D_
మనుజులకును తత్వమహి మెట్టు గల్గురా
_x000D_
విశ్వదాభిరామ వినర వేమ."	aataveladi
"_x000D_
దాతగానివాని తఱచుగా వేఁడిన
_x000D_
వాడుఁ దాతయగునె వసుధలోన
_x000D_
అవురు దర్భ యౌనె యబ్ధిలో ముంచిన
_x000D_
విశ్వదాభిరామ వినర వేమ."	aataveladi
"_x000D_
మొండివాని కేల ముంజేతి కడియాలు
_x000D_
తొఱ్ఱివాని కేల కఱ్ఱపండ్లు
_x000D_
గాడిదలకు నేల గడ్డముల్‌ మీసముల్‌
_x000D_
విశ్వదాభిరామ వినర వేమ."	aataveladi
"_x000D_
దొడ్డవాండ్రమనుచుఁ ద్రోవడొంకలు బెట్టి
_x000D_
యడ్డమైన జనులనంటఁగట్టి
_x000D_
దోఁచుకున్న నట్టి దోష మెక్కడఁబోవు
_x000D_
విశ్వదాభిరామ వినర వేమ."	aataveladi
"_x000D_
పట్టనేర్చు పాము పడగ నోరఁగఁజేయు
_x000D_
చెఱుపఁజూచువాఁడు చెలిమిఁజేయు
_x000D_
చంపఁ దలఁచురాజుచనువిచ్చు చూడరా
_x000D_
విశ్వదాభిరామ వినర వేమ."	aataveladi
"_x000D_
ఎంతసేవఁజేసి యేపాటుపడినను
_x000D_
రాచమూక నమ్మరాదు రన్న
_x000D_
పాముతోడిపొందు పదివేలకైనను
_x000D_
విశ్వదాభిరామ వినర వేమ."	aataveladi
"_x000D_
మొదల క్రియను దప్పి మోసంబుచేసియు
_x000D_
పొట్టకొఱకు మనసుఁ బొందుపఱచి
_x000D_
బీద కుక్కరీతి పెరుగును మనుజుండు
_x000D_
విశ్వదాభిరామ వినర వేమ."	aataveladi
"_x000D_
కలికిచిత్ర మరయఁ గామునియంత్రంబు
_x000D_
పువ్వుఁ బోడిచుక్కబొట్టు గన్న
_x000D_
కాంతిబెళుకు గన్న కడు పొక్కు పుట్టురా
_x000D_
విశ్వదాభిరామ వినర వేమ."	aataveladi
"_x000D_
చక్కెర గలిపియు తినఁగా
_x000D_
ముక్కిన తవుడైన లెస్స మోహము గలుగ\న్‌
_x000D_
వెక్కురు బానిసయైన\న్‌
_x000D_
మక్కువఁ గను దివ్యభామ మహిలో వేమా."	kandamu
"_x000D_
ఎట్టివానికైనఁ బుట్టును మోహంబు
_x000D_
పుట్టు మోహమెల్లబ్రోవఁద్రొక్కి
_x000D_
గట్టిచేసి చూడఁ గాన్పించు బ్రహ్మంబు
_x000D_
విశ్వదాభిరామ వినర వేమ."	aataveladi
"_x000D_
పట్టుకొమ్మ లేక బలుపాట్ల బడువారు
_x000D_
పెట్టిపోయ లేక తిట్టువారు
_x000D_
ముట్టిశివునిపూజ మొదలు సేయరు వారు
_x000D_
విశ్వదాభిరామ వినర వేమ."	aataveladi
"_x000D_
ఆత్మలోని శివుని ననువుగా శోధించి
_x000D_
నిశ్చలముగ భక్తి నిలిపెనేని
_x000D_
సర్వముక్తుడౌను సర్వంబుఁ దానౌను
_x000D_
విశ్వదాభిరామ వినర వేమ."	aataveladi
"_x000D_
ఎఱిఁగిన శివపూజ యెన్నడు చెడిపోదు
_x000D_
మొదలఁబట్టుపట్టి వదల రాదు
_x000D_
మొదలు విడిచి గోడ తుదిఁ బెట్ట గల్గురా
_x000D_
విశ్వదాభిరామ వినర వేమ."	aataveladi
"_x000D_
చేటు వచ్చెనేని చెడనాడు దైవంబు
_x000D_
మేలు వచ్చెనేని మెచ్చుఁ దన్ను
_x000D_
చేటు మేలుతలఁపుఁ జేసినకర్మముల్‌
_x000D_
విశ్వదాభిరామ వినర వేమ."	aataveladi
"_x000D_
కడుపుచిచ్చుచేత కామానలముచేత
_x000D_
క్రోధవహ్నిచేత కుతిలపడకను
_x000D_
యుక్తమనసుతోడ నుండినప్పుడె ముక్తి
_x000D_
విశ్వదాభిరామ వినర వేమ."	aataveladi
"_x000D_
ఏవంక మనసు కలిగిన
_x000D_
నా వంకకు నింద్రియంబు లన్నియు నేగు\న్‌
_x000D_
నీ వంక మనసు కలిగిన
_x000D_
నే వంకకు నింద్రియంబు లేగవు వేమా."	kandamu
"_x000D_
పాలు పెరుగు వెన్న పాయసాన్నము నెయ్యి
_x000D_
జున్ను లెన్నియైనఁ జూడ పాలె
_x000D_
పొలవంటికులము బ్రహ్మంబు కానరో
_x000D_
విశ్వదాభిరామ వినర వేమ."	aataveladi
"_x000D_
చదువులందు రాజపదవులందును పాడి
_x000D_
మొదవులందు స్త్రీల పెదవులందు
_x000D_
నాశ లుడుగునట్టి యయ్యలు ముక్తులు
_x000D_
విశ్వదాభిరామ వినర వేమ."	aataveladi
"_x000D_
కడుపు కేల మనసు కళవళపడియెడు
_x000D_
కడుపు కేలతృప్తి కలుగుచుండు
_x000D_
కరప రాతిలోని కప్పకుఁ గలుగదా
_x000D_
విశ్వదాభిరామ వినర వేమ."	aataveladi
"_x000D_
శూద్రతనము పోయె శూద్రుఁడఁ గానని
_x000D_
ద్విజుఁ డనుకొనుటెల్ల దెలివిలేమి
_x000D_
ఇత్త డెసఁగ పసిడి కీడన వచ్చునా
_x000D_
విశ్వదాభిరామ వినర వేమ."	aataveladi
"_x000D_
అధికమైన యజ్ఞ మల్పుండు తాఁ జేసి
_x000D_
మొనసి శాస్త్ర మనుచు మురువు దక్కు
_x000D_
దొబ్బ నేర్చుకుక్క దుత్తల మోచునా
_x000D_
విశ్వదాభిరామ వినర వేమ."	aataveladi
"_x000D_
శాంతమానసమునఁ జల్లనై శీతల
_x000D_
భాతి నున్నవాఁడు పరమయోగి
_x000D_
యట్టివాఁడు ముక్తి నతివేగఁ గైకొను
_x000D_
విశ్వదాభిరామ వినర వేమ."	aataveladi
"_x000D_
కనకమేడల మంచి కాంతలయెడలను
_x000D_
వలఁచియుందు రెంతవారలైన
_x000D_
తోయజాక్షిఁ బాయుదొర లెవ్వరును లేరు
_x000D_
విశ్వదాభిరామ వినర వేమ."	aataveladi
"_x000D_
మధురసములు గోరి మక్షికంబులు చేరి
_x000D_
చొచ్చి వెడలలేక చచ్చున్నట్లు
_x000D_
మునిగిఁ వెడల లేఁడు మోహంబు రాశిలో
_x000D_
విశ్వదాభిరామ వినర వేమ."	aataveladi
"_x000D_
ఒడలుఁ బెంచులంజ యుబ్బకంబుననైన
_x000D_
వేగ విటునిమీఁద విఱుఁగఁబడును
_x000D_
పందికొక్కుమీద బండికల్‌ పడ్డట్లు
_x000D_
విశ్వదాభిరామ వినర వేమ."	aataveladi
"_x000D_
వెలయాలి వలనఁ గూరిమి
_x000D_
కలుగదు, మఱి కలిగెనేని కడతేరదురా
_x000D_
పలువురు నడిచెడి తెరువున
_x000D_
పులు మొలవదు, మొలిచెనేని పొదలదు వేమా."	kandamu
"_x000D_
తొత్తుతోడి పొందు దోషంబు దోషంబు
_x000D_
లంజతోడిపొందు లజ్జ చెడును
_x000D_
జారతోటిపొందు చావుకుమూలమౌ
_x000D_
విశ్వదాభిరామ వినర వేమ."	aataveladi
"_x000D_
బ్రహ్మ మున్నచోటు పరగంగఁ దెలియక
_x000D_
యెందొవెదుక బ్రహ్మ మేల కలుగు
_x000D_
అంజనంబు లేక యా సొమ్ము దొరకదు
_x000D_
విశ్వదాభిరామ వినర వేమ."	aataveladi
"_x000D_
వెఱ్ఱిమొద్దు కేల వేదశాస్త్రంబులు
_x000D_
ముద్దులాడి కేల ముసలిమగఁడు
_x000D_
చద్ది మిగులనింట సంసార మేలరా
_x000D_
విశ్వదాభిరామ వినర వేమ."	aataveladi
"_x000D_
సాధుచరితయైన సతి సత్ప్రవర్తన
_x000D_
జార యే మెఱుంగు సాధువైన
_x000D_
బ్రహ్మనిష్ఠ నెఱుఁగుఁ బ్రాకృతుఁ డెఱుఁగునా
_x000D_
విశ్వదాభిరామ వినర వేమ."	aataveladi
"_x000D_
హీనుఁ డెన్నివిద్య లిల నభ్యసించిన
_x000D_
ఘనుఁడు గాఁడు హీనజనుఁడె కాని
_x000D_
పరిమళమ్ము గర్దభము మోయ ఘనమౌనె
_x000D_
విశ్వదాభిరామ వినర వేమ."	aataveladi
"_x000D_
చక్కఁదనము లేల సంపత్కరము లేల
_x000D_
విద్యలేల భూమివిరివి యేల
_x000D_
పుత్రపదవికన్న పుట్టునె పదవులు
_x000D_
విశ్వదాభిరామ వినర వేమ."	aataveladi
"_x000D_
భాగ్యవంతురాలు పరులయాఁకలి దప్పి
_x000D_
దెలిసి పెట్టనేర్చుఁ దీర్ప నేర్చు
_x000D_
తర దుష్టురాలు తన యాఁకలినె గాని
_x000D_
పరులయాఁక లెఱుంగ దరయ వేమ."	aataveladi
"_x000D_
మనసులోన నున్న మమత లన్నియుఁ గోసి
_x000D_
దృఢముఁ జేసి మనసు తేటఁబఱచి
_x000D_
ఘటము నిల్పువాఁడు ఘనతరయోగిరా
_x000D_
విశ్వదాభిరామ వినర వేమ."	aataveladi
"_x000D_
పచ్చవిల్తుచేత గ్రచ్చఱ జను లెల్ల
_x000D_
తచ్చవాడఁ బడిరి ధరణిలోన
_x000D_
కులజుఁ డెవ్వఁ డిందుఁ గులహీనుఁ డెవ్వడు
_x000D_
విశ్వదాభిరామ వినర వేమ."	aataveladi
"_x000D_
కాఁగల పను లెల్లగా కెట్లుపోవును
_x000D_
కాని పనులు భువిని కానె కావు
_x000D_
మహిమవేఱె యుండు మనతోడ నున్నదా
_x000D_
విశ్వదాభిరామ వినర వేమ."	aataveladi
"_x000D_
శత్రువులను ద్రుంచి శాంతంబు వహియించి
_x000D_
కృత్యములను నడుపు నిత్యు నెఱిగి
_x000D_
సత్యము చెడకుండ సాధించినటువంటి
_x000D_
పురుషుఁ డౌను పుణ్యపరుండు వేమ."	aataveladi
"_x000D_
తనదు దేహమందు తనకున్న పరివార
_x000D_
మందఱం బిగించి హర్ష మెసఁగ
_x000D_
నెల్లచావు లెఱిఁగి యిందందు నెఱిఁగియు
_x000D_
నడవ నేర్చుమేటి నరుఁడు వేమ."	aataveladi
"_x000D_
మొదట నాకుఁ బెట్టి తుది లేదు పొమ్మను
_x000D_
పరమలోభులైన పాపులకును
_x000D_
వారియుసురు దాకి వగచెడి పోవరా
_x000D_
విశ్వదాభిరామ వినర వేమ."	aataveladi
"_x000D_
బడుగు నెఱుఁగ లేని ప్రాభవం బది యేల
_x000D_
ప్రోదియిడని బంధు భూతి యేల
_x000D_
వ్యాధి దెలియలేని వైద్యుఁడు మఱియేల
_x000D_
విశ్వదాభిరామ వినర వేమ."	aataveladi
"_x000D_
తుంటవింటివాని తూపుల ఘాతకు
_x000D_
మింటి మంట నడుమ మిడుకఁ దరమె
_x000D_
యింటియాలి విడిచి యెట్లుండవచ్చురా
_x000D_
విశ్వదాభిరామ వినర వేమ."	aataveladi
"_x000D_
పాముకన్న లేదు పాపిష్టిజీవము
_x000D_
అట్టిపాము చెప్పినట్టు వినును
_x000D_
ఇలను మూర్ఖుఁ దెలుప నెవ్వరి వశమౌ
_x000D_
విశ్వదాభిరామ వినర వేమ."	aataveladi
"_x000D_
ఎవ్వ రెఱుఁగకుండ నెప్పుడు పోవునో
_x000D_
పోవు జీవ మకట బొంది విడిచి
_x000D_
అంతమాత్రమునకు నపకీర్తి నెఱుఁగక
_x000D_
విరుగఁబడును నరుఁడు వెఱ్ఱి వేమ."	aataveladi
"_x000D_
తనువు విడిచి తాను తరలిపోయెడివేళ
_x000D_
తనదు భార్య సుతులు దగినవార
_x000D_
లొక్కరైన నేగ రుసురు మాత్రమె కాని
_x000D_
తనదుమంచి తోడు తనకు వేమ."	aataveladi
"_x000D_
పూర్వ వాసనగల పుణ్యాత్ము లెప్పుడు
_x000D_
నూటచెలమరీతి నూరునెప్పు
_x000D_
డెందఱికి నొసంగ నెప్పటి యట్లుండు
_x000D_
విశ్వదాభిరామ వినర వేమ."	aataveladi
"_x000D_
ఆడితప్పువార లభిమానహీనులు
_x000D_
గో డెఱుఁగనివారు కొద్దివారు
_x000D_
కూడి కీడు సేయఁగ్రూరుండు తలపోయ
_x000D_
విశ్వదాభిరామ వినర వేమ."	aataveladi
"_x000D_
వానరాకడ మఱి ప్రాణంబు పోకడ
_x000D_
కానఁబడదు ఘనుని కైనఁగాని
_x000D_
కానఁబడిన మీఁద కలి యిట్లునడుచునా
_x000D_
విశ్వదాభిరామ వినర వేమ."	aataveladi
"_x000D_
తగినకులజుఁడైన తలయెత్తు ధనమైన
_x000D_
భాగ్యపురుషునేల పట్టనెంచు
_x000D_
పరమసాధ్వి చూడ పరులనంటదు సుమీ
_x000D_
విశ్వదాభిరామ వినర వేమ."	aataveladi
"_x000D_
పరులదత్త మిట్లు పాలనఁ జేసిన
_x000D_
నిల స్వదత్తమునకు నినుమడియగు
_x000D_
నవని పరులదత్త మపహరించిన స్వద
_x000D_
త్తంబు నిష్ఫలంబు ధరణి వేమ."	aataveladi
"_x000D_
తనదుదాన మవనిఁ దనకూఁతు సమమగు
_x000D_
తండ్రిదాన మెల్లఁ దనకుఁ దోడు
_x000D_
అన్యు లిచ్చుదాన మది తనవంటిది
_x000D_
విశ్వదాభిరామ వినర వేమ."	aataveladi
"_x000D_
గతము చేసినట్టి కర్మబంధము లన్ని
_x000D_
తరలిపోవు సత్యగురునివలన
_x000D_
కమ్మరి కొకయేఁడు గుదియకు నొకనాఁడు
_x000D_
విశ్వదాభిరామ వినర వేమ."	aataveladi
"_x000D_
జాతులందు మిగుల జాతి యే దెక్కువో
_x000D_
యెఱుక లేక తిరుగు నేమిఫలము
_x000D_
ఎఱుక గలుగువాఁడె హెచ్చైన కులజుండు
_x000D_
విశ్వదాభిరామ వినర వేమ."	aataveladi
"_x000D_
కూటికి వగలేక కూర్చున్నవారికి
_x000D_
నాఁడుదానిమీఁది యాస గలదె
_x000D_
యన్నమదముచేత నన్ని మదంబులౌ
_x000D_
విశ్వదాభిరామ వినర వేమ."	aataveladi
"_x000D_
ఒడ్డు పొడుగు గలిగి గడ్డంబుఁ బొడుగైన
_x000D_
దానగుణములేక దాత యగునె
_x000D_
యెనుము గొప్పదైన నేనుఁగుంబోలునా
_x000D_
విశ్వదాభిరామ వినర వేమ."	aataveladi
"_x000D_
సతులఁ జూచి నరుఁడు సౌఖ్యంబు గోరును
_x000D_
గతులఁ గానలేఁడు కర్మమందు
_x000D_
గతుల సతులవలనఁ గానంగ లేఁడయా
_x000D_
విశ్వదాభిరామ వినర వేమ."	aataveladi
"_x000D_
అన్నిజాడ లుడిగి యానందగాముఁడై
_x000D_
నిన్ను నమ్మఁజూచు నిష్ఠతోడ
_x000D_
నిన్ను నమ్మ ముక్తి నిక్కంబు నీయాన
_x000D_
విశ్వదాభిరామ వినర వేమ."	aataveladi
"_x000D_
ఆలిమాటలు విని యన్నదమ్ముల రోసి
_x000D_
వేఱుపడెడువాఁడు వెఱ్ఱివాఁడు
_x000D_
కుక్కతోఁకఁ బట్టి గోదావ రీఁదునా
_x000D_
విశ్వదాభిరామ వినర వేమ."	aataveladi
"_x000D_
స్త్రీలు కల్గుచోట చెల్లాటములుకల్గు
_x000D_
స్త్రీలులేని చోటఁ జిన్నఁబోవు
_x000D_
స్త్రీలచేత నరులు చిక్కుచున్నారయా
_x000D_
విశ్వదాభిరామ వినర వేమ."	aataveladi
"_x000D_
మాల మాలగాఁడు మహిమీఁద నేప్రొద్దు
_x000D_
మాటతిరుగువాఁడు మాలగాక
_x000D_
వాని మాలయన్నవాఁడెపో పెనుమాల
_x000D_
విశ్వదాభిరామ వినర వేమ."	aataveladi
"_x000D_
చిప్పలోనఁ బడ్డ చినుకు ముత్యం బాయె
_x000D_
నీళ్ళలోనఁగలిసి నీరె యాయె
_x000D_
ప్రాప్తము గలచోట ఫలమేల దప్పురా
_x000D_
విశ్వదాభిరామ వినర వేమ."	aataveladi
"_x000D_
కులము గలుగువారు గోత్రంబు గలవారు
_x000D_
విద్యచేత విఱ్ఱవీగువారు
_x000D_
పసిఁడిగల్గువాని బానిసకొడుకులు
_x000D_
విశ్వదాభిరామ వినర వేమ."	aataveladi
"_x000D_
కానివాని తోడఁ గలసి వర్తించెనా
_x000D_
హాని వచ్చు నెంతవాని కైన
_x000D_
తాటిక్రింద పాలు ద్రాగిన చందమౌ
_x000D_
విశ్వదాభిరామ వినర వేమ."	aataveladi
"_x000D_
కరఁగకరగఁబుట్టు కనకంబునకు వన్నె
_x000D_
పెనఁగ పెనఁగబుట్టు ప్రేమసతికి
_x000D_
ముదియ ముదియఁ బుట్టు మోహంబు లోభంబు
_x000D_
విశ్వదాభిరామ వినర వేమ."	aataveladi
"_x000D_
ఎఱుక లేనిదొరల నెన్నాళ్ళు కొలిచిన
_x000D_
బ్రతుకులేదు వట్టి భ్రాంతి గాని
_x000D_
గొడ్డుటావు పాలుగోరిన చేపునా
_x000D_
విశ్వదాభిరామ వినర వేమ."	aataveladi
"_x000D_
గొడ్డుటావుఁ బితుకకుండఁ గొంపోయిన
_x000D_
పండ్లు నూడఁదన్నుఁ బాలు రావు
_x000D_
లోభివాని నడుగ లాభంబు లేదయా
_x000D_
విశ్వదాభిరామ వినర వేమ."	aataveladi
"_x000D_
కులము లేనివాఁడు కలిమిచే వెలయును
_x000D_
కలిమిలేనివాని కులము దిగును
_x000D_
కులముకన్న మిగులకలిమి ప్రధానంబు
_x000D_
విశ్వదాభిరామ వినర వేమ."	aataveladi
"_x000D_
నెయ్యి లేనికూడు నీయాన కసవది
_x000D_
కూరలేని తిండి కుక్కతిండి
_x000D_
ప్రియములేనికూడు పిండపుఁ గూడురా
_x000D_
విశ్వదాభిరామ వినర వేమ."	aataveladi
"_x000D_
నోటి పుప్పి కెల్ల నొప్పిలేకుంటకు
_x000D_
నాకు పోకసున్న మౌషధముగ
_x000D_
పెట్ట కుండెనేని పెనురోఁత వేయురా
_x000D_
విశ్వదాభిరామ వినర వేమ."	aataveladi
"_x000D_
అన్నమదమువలన నతివలు పురుషులు
_x000D_
ఏపురేఁగి మదనుఁ డేఁచె నందు
_x000D_
రన్న ముడుగువెనుక నతఁ డెందుఁబోయెరా
_x000D_
విశ్వదాభిరామ వినర వేమ."	aataveladi
"_x000D_
ఎఱ్ఱనాఁడుదాని నేపారఁ జూచిన
_x000D_
వేకిపుట్టి చాల వెఱ్ఱిపట్టు
_x000D_
పల్లుదెఱవనట్టె పరఁగు పెన్భూతంబు
_x000D_
విశ్వదాభిరామ వినర వేమ."	aataveladi
"_x000D_
హీనజాతివాని నిలుఁజేర నిచ్చెనా
_x000D_
హాని వచ్చు నెంతవాని కైన
_x000D_
ఈఁగ కడుపుఁ జొచ్చి యిట్టట్టు చేయదా
_x000D_
విశ్వదాభిరామ వినర వేమ."	aataveladi
"_x000D_
తలఁప వశముగాదు తత్వంబు బ్రహ్మంబు
_x000D_
తెలియలేఁడు బ్రహ్మదేవుఁడైన
_x000D_
ఇసుక బావి త్రవ్వ నెవ్వరి వశమయా
_x000D_
విశ్వదాభిరామ వినర వేమ."	aataveladi
"_x000D_
ఎట్టిస్త్రీలఁ గనిన నింతంత యనరాదు
_x000D_
కాలవహ్ని లక్క కరఁగినట్లు
_x000D_
ఇట్టిగాఢమోహ మెంతైనఁ జేయురా
_x000D_
విశ్వదాభిరామ వినర వేమ."	aataveladi
"_x000D_
కాంత కుంకయైనఁ గానికులం బైనఁ
_x000D_
బాయలేక విటుఁడు బ్రమసియుండు
_x000D_
మరగి గ్రుడ్డికుక్క మాంసంబు గన్నట్లు
_x000D_
విశ్వదాభిరామ వినర వేమ."	aataveladi
"_x000D_
పప్పులేని కూడు పరుల కసహ్యమౌ
_x000D_
నప్పులేనివాఁడె యధిక బలుఁడు
_x000D_
ముప్పులేనివాఁడు మొదల సుజ్ఞానుఁడు
_x000D_
విశ్వదాభిరామ వినర వేమ."	aataveladi
"_x000D_
పేదరిక మంతదోషము
_x000D_
లేదే యీ జగతిలోన నీశ్వరుఁ డెఱుఁగ\న్‌
_x000D_
పేదను పొడఁగనువాడు\న్‌
_x000D_
గాదము విధమునను జూచుఁ గదరా వేమా."	kandamu
"_x000D_
ధార్మికునకుఁ గాని ధర్మంబుఁ గనరాదు
_x000D_
కష్టజీవి కెట్లు కానఁబడును
_x000D_
నీరుచొరకలోతు నిజముగాఁ దెలియదు
_x000D_
విశ్వదాభిరామ వినర వేమ."	aataveladi
"_x000D_
మొగముఁ జూచినపుడె మోహంబు ఘన మౌను
_x000D_
ధనముఁ జూచినపుడె తగులు మనసు
_x000D_
కూలినప్పు డరయకుసులెల్ల విఱుగును
_x000D_
విశ్వదాభిరామ వినర వేమ."	aataveladi
"_x000D_
ఎన్ని మతములైన జరుగఁ దగదు
_x000D_
సత్య మింతలేక జరుగఁ దగదు
_x000D_
సత్యము గలవాఁడు జగతిలో ద్విజుఁ డయ్యె
_x000D_
విశ్వదాభిరామ వినర వేమ."	aataveladi
"_x000D_
పరుల మోసపుచ్చి పరధన మార్జించి
_x000D_
కడుపునింపుకొనుట కానిపద్దు
_x000D_
ఋణముసేయు మనుజుఁ డెక్కువ కెక్కునా
_x000D_
విశ్వదాభిరామ వినర వేమ."	aataveladi
"_x000D_
స్థిరముగాని క్షుద్రపర నటనలుచేసి
_x000D_
హెచ్చుతగ్గు లొంది హీనమతులు
_x000D_
గాడ్దెపిల్ల లరుతుఁ గ్రక్కునఁ జెడుదురు
_x000D_
విశ్వదాభిరామ వినర వేమ."	aataveladi
"_x000D_
ధర్మమన్న వినరు తము నమ్మి భూనరుల్‌
_x000D_
యమునివారు వచ్చి యడలు నించి
_x000D_
చొచ్చి కట్టఁదారు చొరఁబారఁ గలరొకో
_x000D_
విశ్వదాభిరామ వినర వేమ."	aataveladi
"_x000D_
దానమడుగువాఁడు ధరలోన నధముండు
_x000D_
దానమడుగఁడేని దైవసముఁడు
_x000D_
దానమీనివాఁడు ధన్యుండు కాఁడయా
_x000D_
విశ్వదాభిరామ వినర వేమ."	aataveladi
"_x000D_
తనకు ప్రాప్తిలేక దానమియ్యరటంచు
_x000D_
దోషబుద్ధిచేత దూరుటెల్ల
_x000D_
ముక్కువంకఁ జూచి ముక్కఱదూరుట
_x000D_
విశ్వదాభిరామ వినర వేమ."	aataveladi
"_x000D_
పెక్కుజనులఁ జంపి పేదల వధియించి
_x000D_
డొక్కకొరకు నూళ్లు దొంగలించి
_x000D_
యెక్కడికిని బోవ నెఱిఁగి యముఁడు చంపు
_x000D_
విశ్వదాభిరామ వినర వేమ."	aataveladi
"_x000D_
తండ్రికన సుగుణి తనయుఁడు గల్గెనా
_x000D_
పిన్న తనము లెన్నఁదగదు
_x000D_
వాసుదేవు విడిచి వసుదేవు నెంతురా
_x000D_
విశ్వదాభిరామ వినర వేమ."	aataveladi
"_x000D_
పాల నీడిగింటఁ గ్రోలుచు నుండెనా
_x000D_
మనుజు లెల్లగూడి మద్యమండ్రు
_x000D_
నిలువఁదగనిచోట నిలువ నిందలు వచ్చు
_x000D_
విశ్వదాభిరామ వినర వేమ."	aataveladi
"_x000D_
కన్నపుత్రునాశ కనకంబుమీఁ దాస
_x000D_
స్త్రీలమీఁద నాశ చిత్తమెడలి
_x000D_
బ్రమలు విడువకున్న బ్రహ్మంబుఁ గానరొ
_x000D_
విశ్వదాభిరామ వినర వేమ."	aataveladi
"_x000D_
చెట్టుచేనుగొట్టి చుట్టుగోడలఁబెట్టి
_x000D_
యిట్టునట్టుఁ బెద్దయిల్లు గట్టి
_x000D_
మిట్టిపడును నరుఁడు మీఁదిచే టెఱుంగక
_x000D_
విశ్వదాభిరామ వినర వేమ."	aataveladi
"_x000D_
వచ్చెడిది పోయెడిది మఱి
_x000D_
చచ్చెడిదియుఁ గనకలేక సహజము లనుచు\న్‌
_x000D_
విచ్చలవిడిగాఁ దిరుగుట
_x000D_
చిచ్చునఁబడునట్టి మిడుత చెలువము వేమా."	kandamu
"_x000D_
కుక్కతోలు దెచ్చి యెఱుపుబొమ్మను జేసి
_x000D_
యాడునట్టుచేసి యట్టెవేసె
_x000D_
తన్నుఁ ద్రిప్పువానిఁ దానేలకానఁడో
_x000D_
విశ్వదాభిరామ వినర వేమ."	aataveladi
"_x000D_
పరబలంబుఁజూచి ప్రాణరక్షణమున
_x000D_
కుఱికి పాఱిపోవు పిఱికినరుఁడు
_x000D_
యముఁడు కుపితుఁడైన నడ్డ మెవ్వండయా
_x000D_
విశ్వదాభిరామ వినర వేమ."	aataveladi
"_x000D_
తల్లిదండ్రి చావఁ దనయుఁడు తానేడ్చు
_x000D_
మగఁడు చావ నాలు వగచుచుండు
_x000D_
కార్యవశము గాని కలుగదు మోహంబు
_x000D_
విశ్వదాభిరామ వినర వేమ."	aataveladi
"_x000D_
మనసులోని ముక్తి మఱియొక్క చోటను
_x000D_
వెదుకఁబోవువాఁడు వెఱ్ఱివాఁడు
_x000D_
గొఱ్ఱెఁ జింకఁ బెట్టి గొల్ల వెదుకురీతి
_x000D_
విశ్వదాభిరామ వినర వేమ."	aataveladi
"_x000D_
ఆశకన్న దుఃఖ మతిశయంబుగ లేదు
_x000D_
చూపు నిలుపకున్న సుఖము లేదు
_x000D_
మనసు నిల్పకున్న మఱి ముక్తి లేదయా
_x000D_
విశ్వదాభిరామ వినర వేమ."	aataveladi
"_x000D_
తత్వహీను లుండ్రు తఱుచుగా భువిలోన
_x000D_
తత్త్వ మెఱుగువారు తఱుచులేరు
_x000D_
కలిగిలేనివారు కనిపింపరారయా
_x000D_
విశ్వదాభిరామ వినర వేమ."	aataveladi
"_x000D_
తామసేంద్రియములఁ దనర జయించిన
_x000D_
తత్వ మరసి చూడఁ దాన యగును
_x000D_
రాజయోగి యిట్లు తేజరిల్లుచు నుండు
_x000D_
విశ్వదాభిరామ వినర వేమ."	aataveladi
"_x000D_
స్త్రీలమాయచేతఁ జిక్కి తాఁ గొన్నాళ్ళు
_x000D_
తగులు గోరునట్లు తగిలిపోవు
_x000D_
తనిసిపోయి తాను దైవంబుచేఁజెడు
_x000D_
విశ్వదాభిరామ వినర వేమ."	aataveladi
"_x000D_
చెప్పులోని రాయి చెవిలోని జోరీగ
_x000D_
కంటిలోని నలుసు కాలిముల్లు
_x000D_
ఇంటిలోని పోరు నింతింత కాదయా
_x000D_
విశ్వదాభిరామ వినర వేమ."	aataveladi
"_x000D_
వారకాంత లెల్ల వలచి యేతెంతురా
_x000D_
పొందుఁజేసి ధనము పుచ్చుకొఱకు
_x000D_
మాచలమ్మ వచ్చి మఱి యిల్లువెళ్లురా
_x000D_
విశ్వదాభిరామ వినర వేమ."	aataveladi
"_x000D_
గురువుఁగూడుఁజేసి గుణము వత్తిగఁజేసి
_x000D_
సరవిఁగర్మఁ జమితి సమురుఁ జేసి
_x000D_
మూల నొక్కజ్యోతి ముట్టించి చూడరా
_x000D_
విశ్వదాభిరామ వినర వేమ."	aataveladi
"_x000D_
ఎన్నియెన్ని పూజలెచటఁ జేసిన నేమి
_x000D_
భక్తిలేని పూజ ఫలములేదు
_x000D_
భక్తి గల్గుపూజ బహుళ కారణమురా
_x000D_
విశ్వదాభిరామ వినర వేమ."	aataveladi
"_x000D_
శివుగుడిని దీప మిడినను
_x000D_
శివమందిర మెల్ల వెలుగు జేయుట యరుదా
_x000D_
శివయోగి జ్ఞానదీపము
_x000D_
భువనంబుల వెలుఁగఁ జేయు పొలుపుగ వేమా."	kandamu
"_x000D_
ఆపగాళివెంట నడవులవెంటను
_x000D_
కొండరాళ్ళవెంట గొడవయేల
_x000D_
నుల్లమందె శివుఁడటుండుటఁ దెలియరు
_x000D_
విశ్వదాభిరామ వినర వేమ."	aataveladi
"_x000D_
లలితశివ తత్వపదమునఁ
_x000D_
గలసిన శివయోగియేల కలియును జనుల\న్‌
_x000D_
జలబిందువు ముత్తియమై
_x000D_
కలియునె తొల్లింటి నీటఁగనరా వేమా."	kandamu
"_x000D_
గాడ్దె యేమెఱుంగు గంధంబు వాసన
_x000D_
కుక్క యేమెఱుంగు గొప్పబుద్ధి
_x000D_
అల్పుఁడే మెఱుంగు హరునిఁ గొల్చు విరక్తి
_x000D_
విశ్వదాభిరామ వినర వేమ."	aataveladi
"_x000D_
మూఁడువేళలందు ముదముతో శివు నాత్మఁ
_x000D_
బూజచేయువాఁడు పుణ్యమూర్తి
_x000D_
పూజలేక మోక్షభోగంబు దొరకునా
_x000D_
విశ్వదాభిరామ వినర వేమ."	aataveladi
"_x000D_
రుద్రరూపుఁ దాల్చి రుద్రుని నిందించి
_x000D_
భ్రష్టుత్రోవఁ దిరుగు భ్రష్టజనులు
_x000D_
ఱంకులకునుదిరుగు రమణులవలె నుండు
_x000D_
విశ్వదాభిరామ వినర వేమ."	aataveladi
"_x000D_
ఒడలు బడలఁజేసి యోగుల మనువారు
_x000D_
మనసు కల్మషంబు మాన్పలేరు
_x000D_
పుట్టమీదఁ గొట్ట భుజగంబు చచ్చునా
_x000D_
విశ్వదాభిరామ వినర వేమ."	aataveladi
"_x000D_
మాలవానిఁ జూచి యేల నిందింపఁగ
_x000D_
పాటిలేనిమాట పలుకు టొకటె
_x000D_
వానిలోనఁ బల్కు వానికులం బేది
_x000D_
విశ్వదాభిరామ వినర వేమ."	aataveladi
"_x000D_
కుక్క యేకతంబు కొక్కెరధ్యానంబు
_x000D_
గాడ్దెరాగ మెన్నఁ గప్పుముసుఁగు
_x000D_
ఆత్మ యెఱుఁగుభావ మదియేల చేయరో
_x000D_
విశ్వదాభిరామ వినర వేమ."	aataveladi
"_x000D_
సకల శాస్త్రములను జదివియు వ్రాసియు
_x000D_
తెలియఁగలరు చావు దెలియ లేరు
_x000D_
చావు తెలియలేని చదువులవేలరా
_x000D_
విశ్వదాభిరామ వినర వేమ."	aataveladi
"_x000D_
కొండరాళ్లు దెచ్చి కోరికఁ గట్టిన
_x000D_
గుళ్ళలోనఁదిరిగి కుళ్ళ నేల
_x000D_
పాయని శివుఁడు ప్రాణమై యుండంగ
_x000D_
విశ్వదాభిరామ వినర వేమ."	aataveladi
"_x000D_
కులమువలనఁ గొంత బలిమివలనఁ గొంత
_x000D_
కలిమివలనఁ గొంత గర్వమునకు
_x000D_
ఱంకు చదువు చదివి ఱంకునఁ బడుదురు
_x000D_
విశ్వదాభిరామ వినర వేమ."	aataveladi
"_x000D_
విశ్వము నడుపంగ విశ్వేశ్వరుం డుండ
_x000D_
బ్రహ్మలకునునేల పాటిదక్కె
_x000D_
వనములోని క్రోతి వసుమతి నడుపునా
_x000D_
విశ్వదాభిరామ వినర వేమ."	aataveladi
"_x000D_
చదువువానికన్న చాకలి తా మేలు
_x000D_
కులము వేల్పుకన్న కుక్క మేలు
_x000D_
సర్వసురలకన్న సకలేశ్వరుఁడు మేలు
_x000D_
విశ్వదాభిరామ వినర వేమ."	aataveladi
"_x000D_
బూదిపూఁత లెన్న భుజముల పొంకాలు
_x000D_
వ్రాలు లింగములును వరుసమతము
_x000D_
తిక్కడగునుగాక యెక్కఁడ దగ దట్లు
_x000D_
విశ్వదాభిరామ వినర వేమ."	aataveladi
"_x000D_
అడుగ దగువారి నడుగమి
_x000D_
నిడినయెడ\న్‌ కొసరు చుంట యీలేననఁగా
_x000D_
గడుసుపడి యాసచేఁదా
_x000D_
నడుగుట దుర్మార్గవృత్తు లగురా వేమా."	kandamu
"_x000D_
అద నెఱిఁగిన మగువ యనువెర్గు చనువెర్గు
_x000D_
ముదముతోడ మగని మోహ మెఱుఁగు
_x000D_
విభుని శ్రేష్ఠగుణము వేశ్యతా నెఱుఁగునా
_x000D_
విశ్వదాభిరామ వినర వేమ."	aataveladi
"_x000D_
ఆఁకటికి దొలంగు నాచార విధు లెల్ల
_x000D_
చీఁకటికి దొలంగు చిత్తశుద్ధి
_x000D_
వేఁకటికిఁ దొలఁగు వెనుకటి బిగువెల్ల
_x000D_
విశ్వదాభిరామ వినర వేమ."	aataveladi
"_x000D_
త్రాసును పడియును లంజయు
_x000D_
భాసురగతి నొక్కరూపు పరికింపంగా
_x000D_
వీసంబధికంబిచ్చిన
_x000D_
వాసరమున నొక్కవంక వారలు వేమా."	kandamu
"_x000D_
నిరుపేదల రక్షించెడు
_x000D_
సరసుఁడు నెఱవాతగాక సంపన్నులఁ దా
_x000D_
భరియించువాఁడు దాతయె
_x000D_
మెరమెచ్చులదాత యతఁడు మేదిని వేమా."	kandamu
"_x000D_
తన్నుఁజూచి యొరులు దగ మెచ్చవలెనని
_x000D_
సొమ్ము లెలమిఁ బెట్టు నెమ్మిమీఱ
_x000D_
నొరులకొఱకుఁ దాన యుబ్బుచు నుండును
_x000D_
తన్ను దెలియ లేఁడు ధరణి వేమ."	aataveladi
"_x000D_
ధనము లేకయున్న ధైర్యంబు నిలువదు
_x000D_
ధైర్య మొదవలేని ధనము లేదు
_x000D_
ధనము ధైర్య మరయ ధర భూమిపతులకు
_x000D_
విశ్వదాభిరామ వినర వేమ."	aataveladi
"_x000D_
ఇచ్చిపుచ్చుకొన్న హితమయిన మనువులు
_x000D_
తగ్గులేక యల్లు తామరవలె
_x000D_
కాచిపూచి పండి కడురమ్యమై యుండు
_x000D_
విశ్వదాభిరామ వినర వేమ."	aataveladi
"_x000D_
సతికి పతికినైన సంపద సంపదే
_x000D_
పుత్రసంపదలును భువిని మేలు
_x000D_
సరిగముదిసి బ్రతుకు సంపదే సంపద
_x000D_
విశ్వదాభిరామ వినర వేమ."	aataveladi
"_x000D_
కడఁక నింద్రియములు గట్టి వేయగ లేక
_x000D_
చావు వచ్చునపుడు సన్యసించు
_x000D_
నాత్మ జితములేక యందునా మోక్షము
_x000D_
విశ్వదాభిరామ వినర వేమ."	aataveladi
"_x000D_
అధిక సూక్ష్మమైన యానంద మెఱుఁగక
_x000D_
మతియు లేక చదివి మగ్నుఁ డయ్యె
_x000D_
నతిరహస్య మెల్ల నాజనుఁ డెఱుఁగునా
_x000D_
విశ్వదాభిరామ వినర వేమ."	aataveladi
"_x000D_
కడక నఖిలమునకు నడినాళమం దున్న
_x000D_
వేఁగుచుక్కవంటి వెలుఁగు దిక్కు
_x000D_
వెలుఁగుకన్న దిక్కు వేఱెవ్వ రున్నారు
_x000D_
విశ్వదాభిరామ వినర వేమ."	aataveladi
"_x000D_
రామనామపఠనమహిమచే వాల్మీకి
_x000D_
పరఁగ బోయ యయ్యు బాపఁడయ్యె
_x000D_
కులము ఘనము గాదు గుణము ఘనంబురా
_x000D_
విశ్వదాభిరామ వినర వేమ."	aataveladi
"_x000D_
కలిమి కల్గనేమి కరుణలేకుండెనా
_x000D_
కలిమి యేలనల్ప కర్ములకును
_x000D_
తేనెఁగూర్చి యీఁగ తెరువునఁ బోవదా
_x000D_
విశ్వదాభిరామ వినర వేమ."	aataveladi
"_x000D_
కన్నుఁగవరీతి సంపద
_x000D_
కొన్నాళ్ళకు వ్రేగుఁజూపి గొబ్బున వ్రాలు\న్‌
_x000D_
వెన్నెల చీఁకటి సరి యగు
_x000D_
నన్నా శివంగమాయ లన్నియు వేమా."	kandamu
"_x000D_
ఆలు పతిసౌఖ్యముల కిల
_x000D_
నాలయ మగునేని దానినా లన వచ్చు\న్‌
_x000D_
ఆలాగునఁ గాకుండిన
_x000D_
కాలునిపెనుదూత యదియ కదరా వేమా."	kandamu
"_x000D_
తుమ్మచెట్ల ముండ్లు తోడనెపుట్టును
_x000D_
విత్తులోననుండి వెడలినట్లు
_x000D_
మూర్ఖునకును బుద్ధి ముందుగాఁ బుట్టును
_x000D_
విశ్వదాభిరామ వినర వేమ."	aataveladi
"_x000D_
కామి కానివాఁడు కవి గాఁడు రవి గాడు
_x000D_
కామిగాక మోక్షకామి గాఁడు
_x000D_
కామియైనవాఁడు కవియగు రవియగు
_x000D_
విశ్వదాభిరామ వినర వేమ."	aataveladi
"_x000D_
కుక్క గోవు గాదు కుందేలు పులికాదు
_x000D_
దోమ గజము గాదు దొడ్డదైన
_x000D_
లోభి దాత గాఁడు లోకంబు లోపల
_x000D_
విశ్వదాభిరామ వినర వేమ."	aataveladi
"_x000D_
కూడు గుడిచి లెస్స గూర్చున్నవాఁడైన
_x000D_
నాడుదానిఁ గన్న నట్టె తగులు
_x000D_
నన్న సారమొడలి కతిమదం బిడుసుమీ
_x000D_
విశ్వదాభిరామ వినర వేమ."	aataveladi
"_x000D_
దేవపూజ సేయ దివ్యభోగము గల్గు
_x000D_
తత్వ మెఱింగెనేని దైవసముఁడె
_x000D_
యేమిలేనినరున కేగతిలేదురా
_x000D_
విశ్వదాభిరామ వినర వేమ."	aataveladi
"_x000D_
వానను దడియనివారును
_x000D_
పూనిక విడ మన్న చేఁత బొరయనివారు\న్‌
_x000D_
నానాదిక్కుల వెదకినఁ
_x000D_
గానమురా నెంతవాని గానము వేమ."	kandamu
"_x000D_
బ్రహ్మవేత్తల మని పౌరుష మాడేరు
_x000D_
బ్రహ్మ మనఁగ దాని భావమేమి
_x000D_
తెలుపొ నలుపొ యెఱుపొ తెలిసినఁ బలుకుఁడీ
_x000D_
విశ్వదాభిరామ వినర వేమ."	aataveladi
"_x000D_
ఎట్టివాఁడు తానో యెఱుఁగడు తొలిపుట్టు
_x000D_
నీచబ్రతుకుకింత నీమమేల
_x000D_
కష్టనరుల కెల్ల కలుగునా మోక్షంబు
_x000D_
విశ్వదాభిరామ వినర వేమ."	aataveladi
"_x000D_
కూళకూళ మెచ్చు గుణవంతు విడనాడి
_x000D_
యెట్టివారు మెత్తు రట్టివారి
_x000D_
మ్రావిదూలమునకు జ్ఞానంబు తెలియునా
_x000D_
విశ్వదాభిరామ వినర వేమ."	aataveladi
"_x000D_
శివ మతమునకైన వివరింపగా గుర్వు
_x000D_
హరిమతమునకైన నరయ గుర్వు
_x000D_
గురువు నెఱుఁగలేని గుణహీనుఁడేమెఱుఁగు
_x000D_
విశ్వదాభిరామ వినర వేమ."	aataveladi
"_x000D_
మునిజనములు కలఁగ మునిఁగి వెళ్ళిన బావి
_x000D_
బ్రహ్మకుఁ దలయెత్తరాని బావి
_x000D_
మొలల బంటిగానుముంచు నెవ్వరినైన
_x000D_
విశ్వదాభిరామ వినర వేమ."	aataveladi
"_x000D_
అమృతసాధనమున నందఱుబలుతురు
_x000D_
అమృతమెంచిచూడ నందలేరు
_x000D_
అమృతము విషమాయె నదియేమి చిత్రమౌ
_x000D_
విశ్వదాభిరామ వినర వేమ."	aataveladi
"_x000D_
కొండఱేఁడు మామ కొండకూతురు నాలు
_x000D_
కొండ యిల్లు పసిఁడికొండ విల్లు
_x000D_
కొండవంటి దొరకు గుండురూపంబురా
_x000D_
విశ్వదాభిరామ వినర వేమ."	aataveladi
"_x000D_
వెలయ పరమతత్వ విభవంబు దెలియక
_x000D_
బాహ్యవిద్యచేత బరఁగు టెల్ల
_x000D_
పూరి మెసవఁగ హరి పోయినచందంబు
_x000D_
విశ్వదాభిరామ వినర వేమ."	aataveladi
"_x000D_
ఒల్ల నన్నఁ బోదు నొల్ల ననఁగరాదు
_x000D_
తొల్లి చేయునట్టి ధూర్తఫలము
_x000D_
ఉల్లమందు వగవకుండుట యోగ్యంబు
_x000D_
విశ్వదాభిరామ వినర వేమ."	aataveladi
"_x000D_
కంటిమంటచేత కాముని దహియించి
_x000D_
కామమునను కడఁగి గౌరిఁ గూడె
_x000D_
నట్టి శివుని తేజ మంటినంతనె చూడ
_x000D_
పూర్వకర్మ ఫలము పోవు వేమ."	aataveladi
"_x000D_
స్త్రీ నెత్తిన రుద్రునకును
_x000D_
స్త్రీ నోటను బ్రహ్మకెపుడు సిరి గుల్కంగా
_x000D_
స్త్రీ నెదిరి ఱొమ్మున హరికి
_x000D_
స్త్రీ నెడపఁగ గురుఁడ నీవు దేవర వేమా."	kandamu
"_x000D_
ఎఱుఁగక పుట్టును తనువులు
_x000D_
ముఱికి మునిఁగి తనువులెన్నొ మోయుటగాదా
_x000D_
యెఱుకగల తనువు నొందిన
_x000D_
మరియును జన్మించు టెట్లు మహిలో వేమా."	kandamu
"_x000D_
సతులఁ బడయ రాదు సుతులఁ బడయరాదు
_x000D_
వెతలఁ బడినవాఁడు వెఱ్ఱివాఁడు
_x000D_
నేలనున్న ఱాయి నెత్తి కెత్తినయట్లు
_x000D_
విశ్వదాభిరామ వినర వేమ."	aataveladi
"_x000D_
ద్వార బంధమునను తనయులు సంపద
_x000D_
బంధువర్గ మెల్ల ప్రహరిగోడ
_x000D_
మూఢులైన నరులు మొక్కలి కాండ్రయా
_x000D_
విశ్వదాభిరామ వినర వేమ."	aataveladi
"_x000D_
కాళ్ళ ముంద ఱేకు కడతేర నీదక
_x000D_
ముగ్గురు ముగురాండ్ర మునిఁగినారు
_x000D_
నరుఁడు నీఁదెదనుట నగుబాటు గాదయా
_x000D_
విశ్వదాభిరామ వినర వేమ."	aataveladi
"_x000D_
జీవి జీవిఁ జంపి జీవికి వేయఁగా
_x000D_
జీవి వలన నేమి చిక్కియుండె
_x000D_
జీవ హింసలకుఁ జిక్కునె మోక్షంబు
_x000D_
విశ్వదాభిరామ వినర వేమ."	aataveladi
"_x000D_
తంత్రవాదు లెన్న తఱచుగా నుందురు
_x000D_
మంత్రవాదు లెన్న మహిని లేరు
_x000D_
జంత్రగాని బొమ్మ చందంబు లాయెరా
_x000D_
విశ్వదాభిరామ వినర వేమ."	aataveladi
"_x000D_
కల్లునీళ్లు ద్రాగి కడుపెద్ద వారిలో
_x000D_
చీర విడిచి తిరుగు సిద్ధురాలు
_x000D_
పనులు దీరువెనుక పాతలు గట్టురా
_x000D_
విశ్వదాభిరామ వినర వేమ."	aataveladi
"_x000D_
కుక్క తిన్నవాఁడు గురిలింగ జంగంబు
_x000D_
పంది తిన్నవాఁడు పరమయోగి
_x000D_
యేన్గుతిన్నవాఁడు నెంతసుజ్ఞానిరా
_x000D_
విశ్వదాభిరామ వినర వేమ."	aataveladi
"_x000D_
ముండమోపితోడ మునుఁగుచుఁ దేలుచు
_x000D_
నుండఁగానె మోహ ముండెఁ గాక
_x000D_
అండఁబాయు వెనుక నాయాసలే లేవు
_x000D_
విశ్వదాభిరామ వినర వేమ."	aataveladi
"_x000D_
చరణంబులు పదితోఁకలు
_x000D_
పరగంగా మూడు తలలు బైటనె తిరుగు\న్‌
_x000D_
వరభూమి తల్లడిల్లగ
_x000D_
నిరవొందఁగ దీని దెలియ నీశుఁడు వేమా."	kandamu
"_x000D_
ప్రజ లెఱుంగ బ్రదుకుఁ బట్టభద్రుఁడు గాఁడు
_x000D_
పైఁగిరీటముండు బ్రహ్మగాఁడు
_x000D_
ఓగుఁ దెలిసి పలుకు యోగీశ్వరుఁడు గాఁడు
_x000D_
అట్టివానిఁ దెలియ నగును వేమ."	aataveladi
"_x000D_
బూతులేని లంజ భూతంబు కూఁతురు
_x000D_
ప్రీతిలేనిపాటు ధాత్రిచేటు
_x000D_
దాతలేని యూరు దయ్యాల పేటరా
_x000D_
విశ్వదాభిరామ వినర వేమ."	aataveladi
"_x000D_
లంజ లంజకానిలాగెల్లఁ గొనియాడు
_x000D_
లంజతల్లివాని లజ్జ గడుగు
_x000D_
తల్లి గలుగులంజఁ దగులుట దోషంబు
_x000D_
విశ్వదాభిరామ వినర వేమ."	aataveladi
"_x000D_
రతిలేక ముదియు నంగన
_x000D_
రతి కలిగిన ముదియు నశ్వరత్నము ధరలో
_x000D_
సతతము భ్రాంతిని చేసెడు
_x000D_
తతిరతిచే ముదియు నరుఁడు తథ్యము వేమా."	kandamu
"_x000D_
దొమ్మరీనిలంజతోఁ గూడ దోషంబు
_x000D_
పాపియైన మనసుఁ బట్టరాదు
_x000D_
వీడు గదలిపోవ వెళ్లుదు రెటులనో
_x000D_
విశ్వదాభిరామ వినర వేమ."	aataveladi
"_x000D_
లంజ దానియొక్క లాలించిముద్దాడు
_x000D_
మిండ డరయ లంజమీఁది ప్రేమ
_x000D_
ఆడుదానివంక నందఱు చుట్టముల్‌
_x000D_
విశ్వదాభిరామ వినర వేమ."	aataveladi
"_x000D_
యోనియందె పుట్టి యోనికి రుచిఁజేయు
_x000D_
చన్నుగుడిచి పెరిగి చన్నుఁబట్టు
_x000D_
సృష్టిలోన నడఁగు సిగ్గెఱుగని జీవి
_x000D_
విశ్వదాభిరామ వినర వేమ."	aataveladi
"_x000D_
మొలక చనులనాఁడు మూఁడు కోటులు చేయు
_x000D_
కులుకు చనులనాఁడు కోటిసేయు
_x000D_
తటుకుచనులనాఁడు దమ్మిడి చేయదో
_x000D_
విశ్వదాభిరామ వినర వేమ."	aataveladi
"_x000D_
ఇంచుకంత యోని కెగసెడు జనములు
_x000D_
కంచముకడ పిల్లి గాచినట్లు
_x000D_
పంచబాణునింటి బానిసె కొడుకులు
_x000D_
విశ్వదాభిరామ వినర వేమ."	aataveladi
"_x000D_
పండువలనఁ బుట్టె పరఁగ ప్రపంచంబు
_x000D_
పండువలనఁ బుట్టె పరము నిహము
_x000D_
పండు కాసపడిరి బ్రహ్మాది సురలెల్ల
_x000D_
విశ్వదాభిరామ వినర వేమ."	aataveladi
"_x000D_
తగులుసతిని గూడి బిగువుగా రమియింప
_x000D_
కడుబలుండు పుట్టు గట్టిగాను
_x000D_
పురుషుఁ డబలుఁడైనఁ బుత్రు లబలులురా
_x000D_
విశ్వదాభిరామ వినర వేమ."	aataveladi
"_x000D_
కాంతమేనుఁజూచి కళవళపడుదురు
_x000D_
కడుపులోని రోతఁ గాన లేరు
_x000D_
యింతరోఁత బ్రతుకు కీ దేహ మేలరా
_x000D_
విశ్వదాభిరామ వినర వేమ."	aataveladi
"_x000D_
ముఱికిలోనఁ బుట్టి ముఱికిలోనఁ బెరిగి
_x000D_
ముఱికితనువు కింత మురిప మేల
_x000D_
ముఱికి తెలియు నరుఁడు ముఱుగునఁ బుట్టునా
_x000D_
విశ్వదాభిరామ వినర వేమ."	aataveladi
"_x000D_
చన్నులు పరసతి కొప్పిన
_x000D_
చన్నులపై పాప దృఢతఁ జన కటుయునుపే
_x000D_
చన్నులు తగ దాఁగుడిచియు
_x000D_
చన్నులపై తలఁపు వలదు సత్యము వేమా."	kandamu
"_x000D_
చెట్టునన విత్తును బుట్టెను
_x000D_
చెట్టును విత్తున పుట్టెఁ జెలిమి దలిర్ప\న్‌
_x000D_
చెట్టును విత్తును రెండును
_x000D_
పుట్టిన విధిఁ దెలియవలయు భువిలో వేమా."	kandamu
"_x000D_
తలి గర్భమందుఁ దాఁబుట్టి నప్పుడు
_x000D_
మొదల బట్ట లేదు తుదను లేదు
_x000D_
నడుమ బట్టగట్ట నగుఁబాటు గాదటో
_x000D_
విశ్వదాభిరామ వినర వేమ."	aataveladi
"_x000D_
తవిటి కరయఁ బోఁవ దండులంబుల గంప
_x000D_
శ్వానమాశ్రయించు సామ్యమునకు
_x000D_
కోమటింటి సొమ్ము క్రూరులపా లౌను
_x000D_
విశ్వదాభిరామ వినర వేమ."	aataveladi
"_x000D_
బాపఁ డెముకకూడు భక్షించుచుండును
_x000D_
పేరటంబుఁబోవు పెండ్లి మగువ
_x000D_
కులము మానము వీడ కోర్కెలు మెండాయె
_x000D_
విశ్వదాభిరామ వినర వేమ."	aataveladi
"_x000D_
మద్యమాంసరుచిని మాదిగె దైవాల
_x000D_
యెంగిలిదినువారి దెట్టికులము
_x000D_
భక్తిని హరిఁగొల్చి భవ్యులుగారైరి
_x000D_
విశ్వదాభిరామ వినర వేమ."	aataveladi
"_x000D_
ప్రళయకాలమందు ప్రమధులచేతను
_x000D_
నష్టమైరిగాదె నాటిజనులు
_x000D_
తెలియనేరరైరి దేవుని ద్విజులెల్ల
_x000D_
విశ్వదాభిరామ వినర వేమ."	aataveladi
"_x000D_
వైష్ణవుల మటంచు వార్తమాత్రమె కాని
_x000D_
భ్రష్టు లంతకన్న వేఱులేరు
_x000D_
చారు బలమదైన నీరుగాఁ బోవునా
_x000D_
విశ్వదాభిరామ వినర వేమ."	aataveladi
"_x000D_
బ్రహ్మ యెవనికొడుకు పరికింపఁగా భువి
_x000D_
విష్ణు వెవనికొడుకు వెలయఁజూడ
_x000D_
శివుఁడు నెవనికొడుకు సిగ్గెఱుఁగరు జనుల్‌
_x000D_
విశ్వదాభిరామ వినర వేమ."	aataveladi
"_x000D_
సోమయాజిని బట్టి సొడ్డు వేసెను రంభ
_x000D_
యందె సోమయా జనంగఁబట్టి
_x000D_
క్రతువుఁజేయు ఫలము గల్గెరా చేసెఁత
_x000D_
విశ్వదాభిరామ వినర వేమ."	aataveladi
"_x000D_
మునిఁగి బ్రాహ్మణుండు ముందుఁగానకపోయె
_x000D_
తిరిగి తిరిగి యతఁడు ద్రిమ్మ రాయె
_x000D_
కూసికూసితుదకు కుక్కయై పోయెరా
_x000D_
విశ్వదాభిరామ వినర వేమ."	aataveladi
"_x000D_
చచ్చువారిఁజూచి చావని పుట్టని
_x000D_
తత్వ మెల్ల నాత్మఁ దలఁపుఁ జేసి
_x000D_
యరసి చూచినట్టి యతనికి మోక్షంబు
_x000D_
విశ్వదాభిరామ వినర వేమ."	aataveladi
"_x000D_
కప్పయు పామును బోరఁగ
_x000D_
కప్పను నాపాముమ్రింగె కడువేడుకతో
_x000D_
కప్పను చెడలందిగిచెడి
_x000D_
విప్పను నా చొప్పు దెలియ వేమననేర్చు\న్‌."	kandamu
"_x000D_
మన్ను మిన్ను నంటి మహిమీఁద నొకకోట
_x000D_
కొమ్మ లమరియుండు కొనలుసాగి
_x000D_
దివ్వెలేని వెలుఁగు తేజరిల్లుచు నుండు
_x000D_
విశ్వదాభిరామ వినర వేమ."	aataveladi
"_x000D_
మొదలమ్రాను నగును తుద పక్షియును గాదు
_x000D_
నోరు లేదు పండ్లు నాఱు గలుగు
_x000D_
జీవమొకటిలేదు జీవులఁజంపురా
_x000D_
విశ్వదాభిరామ వినర వేమ."	aataveladi
"_x000D_
కాలు చేయి లేదు కంచుకంబు గలదు
_x000D_
కొమ్మ లేదు ఉరికి చిమ్ము వేగ
_x000D_
గరిడిలేక చంపుఁగడు పెద్దచోద్యమౌ
_x000D_
విశ్వదాభిరామ వినర వేమ."	aataveladi
"_x000D_
వాఁత నాకు మేను వలపట మెడవాఁడు
_x000D_
ఒంటికాలువాఁడు నొప్పుచుండు
_x000D_
రాజసభలయందె రంజిల్ల మాట్లాడు
_x000D_
విశ్వదాభిరామ వినర వేమ."	aataveladi
"_x000D_
బ్రహ్మ గుఱ్ఱ మాయె భవుఁడు పల్లం బాయె
_x000D_
నాదివిష్ణువెన్న నంకె మాయె
_x000D_
నందు మీఁదివాఁడు నాఁడుదో మగవాఁడొ
_x000D_
విశ్వదాభిరామ వినర వేమ."	aataveladi
"_x000D_
రమణి నవ్వుచుండు రమణుఁడు నేడ్చును
_x000D_
రమణ సేయుచుండు ఱంకుమీర
_x000D_
ఱంకు చూడఁగానె పరమైన తత్వంబు
_x000D_
విశ్వదాభిరామ వినర వేమ."	aataveladi
"_x000D_
రూపులేని వనితరూఢి పతివ్రత
_x000D_
నీటు లేనివాఁడు బంటు కాఁడు
_x000D_
తెలుప వచ్చువాఁడు దేవరబంటురా
_x000D_
విశ్వదాభిరామ వినర వేమ."	aataveladi
"_x000D_
ఇహమునందు నేమి యిడుములఁ బడినను
_x000D_
పరమ సాధనార్హ పదవి గాదు
_x000D_
పరులుకారు నెట్టి వెరవునఁ జూచిన
_x000D_
విశ్వదాభిరామ వినర వేమ."	aataveladi
"_x000D_
సతి యొనర్చు చెడ్డ పతి కవశ్యము వచ్చు
_x000D_
పతియొనర్చు మంచి సతికి సగము
_x000D_
పతి యొనర్చు చెడ్డ సతి కేల రాదురా
_x000D_
విశ్వదాభిరామ వినర వేమ."	aataveladi
"_x000D_
కురుపులు గండముల్‌ కఠినకష్టపు రోగము లెన్నివచ్చిన\న్‌
_x000D_
గరిమను జీవరాసులకు గట్టిగ నాయువు గల్గినంత వే
_x000D_
మరు వగవంగ నేల క్షుధమాయను లేదననేల మూఢుఁడై
_x000D_
యరయ దయాళుఁడైన పరమాత్ముఁడె యొక్కఁడు దిక్కు వేమా."	champakamaala
"_x000D_
ఘటము జలములందు గగనంబు కనఁబడు
_x000D_
ఘటము జలము లేమి గగనమేది
_x000D_
ఘటములోన జ్యోతిఁ గ్రమమునఁ దెలియుఁడీ
_x000D_
విశ్వదాభిరామ వినర వేమ."	aataveladi
"_x000D_
ఘటముఁగాన్గఁజేసి కామ మెద్దుగఁజేసి
_x000D_
తెలిసి కర్మములను తిలలుఁ జేసి
_x000D_
తెలిసి గాను గాఁడు తిలకార కాత్మయు
_x000D_
విశ్వదాభిరామ వినర వేమ."	aataveladi
"_x000D_
ఆమడ కామడ కడవులు
_x000D_
గ్రామంబులు చెరువు నదులు కర్మము లింతే
_x000D_
తా మెందులోనఁ దిరిగిన
_x000D_
వేమన తోడగుచువచ్చు వెంటనె వేమా."	kandamu
"_x000D_
ఆత్మ దేహమందు నతిసూక్ష్మముగఁ జూచి
_x000D_
దేహమాత్మయందుఁ దేటపరచి
_x000D_
యాత్మ నెందుఁ జూడ నతఁడెపో బ్రహ్మంబు
_x000D_
విశ్వదాభిరామ వినర వేమ."	aataveladi
"_x000D_
పుడమి నుప్పరంబుఁ బురిగొల్పి జగముల
_x000D_
రక్ష సేయగల్గు రాజు లెవరు
_x000D_
మహిసతి యనుపేర మనుజున కేడదో
_x000D_
విశ్వదాభిరామ వినర వేమ."	aataveladi
"_x000D_
ఎఱుకయుండువాని కెఱుకయేయుండును
_x000D_
ఎఱుకలేనివాని కెఱుకలేదు
_x000D_
ఎఱుకలేని యెఱుక నెఱుగుట తత్వంబు
_x000D_
విశ్వదాభిరామ వినర వేమ."	aataveladi
"_x000D_
గింజఁ జెడగనాడ గీడు తోడనె తాకు
_x000D_
గింజ గల్గియున్నఁ గీడుపోవు
_x000D_
గింజలు గలవాని లంజలపంచను
_x000D_
గంజి కుండ్రు జనులు కడఁగి వేమా."	aataveladi
"_x000D_
అధిక భుక్తిచేత మొదటి సొమ్ముకుహాని
_x000D_
కుదువసొమ్ము కొన్నఁ గొంత హాని
_x000D_
మొదటి పక్షమునను మూలకర్తకు హాని
_x000D_
విశ్వదాభిరామ వినర వేమ."	aataveladi
"_x000D_
మనసులోని శివుని మానుగాఁ దెలిసిన
_x000D_
యోగియండ్రు వాని యుర్విజనులు
_x000D_
జీవునిన్నెఱుఁగ నీవెపో శివుఁడవు
_x000D_
విశ్వదాభిరామ వినర వేమ."	aataveladi
"_x000D_
పృథివి కుదక మేగె పృథివిపై మొలకెత్తె
_x000D_
మగుడ పృథివి కేగె మగఁడె సుతుఁడు
_x000D_
ధరణి జనులకెల్ల తల్లియ పెండ్లాము
_x000D_
విశ్వదాభిరామ వినర వేమ."	aataveladi
"_x000D_
అవుటఁగా మెఱుఁగని యజ్ఞానజీవులు
_x000D_
మూలము దెలియకను ముట్టుచేత
_x000D_
ననుదినము సృజించి యాత్మఁ దెలియ లేక
_x000D_
చచ్చి పుట్టుచుండు జగతి వేమా."	aataveladi
"_x000D_
తనువు లస్థిరములు ధర్మము నిత్యము
_x000D_
చేయుధర్మమెల్ల చెడని పదవి
_x000D_
కనివిని మఱి తెలియఁ గానరు నరపశుల్‌
_x000D_
విశ్వదాభిరామ వినర వేమ."	aataveladi
"_x000D_
ఆర్తవిద్య లెల్ల యపకీర్తి పాలాయె
_x000D_
వార్త కెక్కునంత వారికైన
_x000D_
ఆర్తవిద్య లెల్ల ధూర్తులపాలాయె
_x000D_
విశ్వదాభిరామ వినర వేమ."	aataveladi
"_x000D_
కడుపు కెంత నరులు కళవళపడుదురు
_x000D_
కడుపుకొఱకు నూళ్ళు గహనములును
_x000D_
కడుపు కెట్ల యయినఁ గలుగును భుక్తిరా
_x000D_
విశ్వదాభిరామ వినర వేమ."	aataveladi
"_x000D_
దానధర్మములను తెగ రేపు నేఁడని
_x000D_
కాలవ్యయముఁ జేయు కష్టజనుఁడు
_x000D_
తానునేమి యౌనొ తనబ్రతు కేమౌనొ
_x000D_
మాయఁదెలియ లేదు మహిని వేమా."	aataveladi
"_x000D_
పరఁగ రాజకులు పాతిన ధనమెల్ల
_x000D_
భటులపాలు కవులపాలు తలఁప
_x000D_
నొనర హీనజనుని ధనము దాయాదుల
_x000D_
పాలు జారకాంత పాలు వేమా."	aataveladi
"_x000D_
ప్రాకటమున నిట్టిలోకములోఁ గుంటి
_x000D_
పల్లెముత్తఁ డెన్న పరమగురుడు
_x000D_
అన్నదానమునను హరిపూజచేతను
_x000D_
హరుని లోనఁగలసె నరయ వేమా."	aataveladi
"_x000D_
ఎంతకరువు నయిన నెంగిలి యన్నము
_x000D_
పరులకిడెడు ధర్మపరులు చూడ
_x000D_
భూమిమీద నెంగ్లిపుల్లెలు నాకెడు
_x000D_
కుక్కలై పుడుదురు కూడి వేమా."	aataveladi
"_x000D_
తనదుదత్తము పరదత్త మొకటిగాగఁ
_x000D_
జాడ కనుభవింపఁజోద్య మిలను
_x000D_
తొడగి యాలు నమ్మితొత్తును గొన్నట్టు
_x000D_
విశ్వదాభిరామ వినర వేమ."	aataveladi
"_x000D_
ఈఁకె లండఁజేసి తోఁక లండలఁజేసి
_x000D_
కోక లండఁజేసి కొఱఁతమాపె
_x000D_
నాకు లండఁజేసి నఖిల జంతువులకు
_x000D_
విశ్వదాభిరామ వినర వేమ."	aataveladi
"_x000D_
ఒల్లనిపతి నొల్లనిసతి
_x000D_
నొల్లని చెలికాని విడువ నొల్లనివాఁడె
_x000D_
గొల్లండు గాక ధరలో
_x000D_
గొల్లనికిం గలవె వేఱె కొమ్ములు వేమా."	kandamu
"_x000D_
ఎంత సంపదున్న నంత కష్టపుఁజింత
_x000D_
చింతచేత మిగుల చివుకు మనసు
_x000D_
చింతలేయుంట చెదలని సంపద
_x000D_
విశ్వదాభిరామ వినర వేమ."	aataveladi
"_x000D_
జీవభేద మెఱిగి చెడిపోనివారికి
_x000D_
భావిజనుల చెలిమి పట్టుపడదు
_x000D_
ఈశ్వరునినెఱిఁగిన నెఱుగఁడీ జగమును
_x000D_
విశ్వదాభిరామ వినర వేమ."	aataveladi
"_x000D_
పతికి మాఱుపల్కు పడతియే శునకంబు
_x000D_
మీఱుసతిని గవయ మిగులు వగలు
_x000D_
పంది పంది కూడి పడదొకో రొంపిలో
_x000D_
విశ్వదాభిరామ వినర వేమ."	aataveladi
"_x000D_
పొట్టివాఁడు కీడు పొదిలపురుగు కీడు
_x000D_
వట్టియాస కీడు వరడు కీడు
_x000D_
పొట్టిచేయికాలు పొసగుట కీడురా
_x000D_
విశ్వదాభిరామ వినర వేమ."	aataveladi
"_x000D_
కట్టెపైన నున్న కట్టెకు ఘనమేమి
_x000D_
చెట్టు పైననున్నఁ జేరు ఘనము
_x000D_
కట్టెచెట్టుగూడి గలసె దైవంబులో
_x000D_
విశ్వదాభిరామ వినర వేమ."	aataveladi
"_x000D_
కొట్టినఁ దిట్టినఁ గాని
_x000D_
కట్టు బిగించినను గాని కరకరి సేయ\న్‌
_x000D_
కట్టడివడి యన కుండును
_x000D_
దిట్ట మదిని శివుని దలఁప దీరదు వేమా."	kandamu
"_x000D_
సిగ్గటంచనఁ బడు సిగ్గునెచ్చోనుండు
_x000D_
ఆఁకలనుచు నుందు రాఁకలేది
_x000D_
దాఁగియున్న వానిఁ దానేల యెఱుఁగఁడో
_x000D_
విశ్వదాభిరామ వినర వేమ."	aataveladi
"_x000D_
తన కేనాఁడు సుభిక్షము
_x000D_
తన కేనాఁడును భంగంబు తనకుఁదనుజుఁడు\న్‌
_x000D_
తానున్నయట్టి దశకును
_x000D_
మనసున నిల చివుకుచుండు మనుజుఁడు వేమా."	kandamu
"_x000D_
పెట్టిపోయ నొగిని విరుగుఁడు సౌఖ్యంబు
_x000D_
బలుచచ్చినగతి యదియుగాక
_x000D_
నుండు నాశివుండు నొగివానియందున
_x000D_
విశ్వదాభిరామ వినర వేమ."	aataveladi
"_x000D_
పొట్లకాయ రాయి పొడవు త్రాటను గట్ట
_x000D_
లీలతోడ వంక లేక పెరుఁగు
_x000D_
కుక్కతోఁక గట్టఁ జక్కఁగా వచ్చునా
_x000D_
విశ్వదాభిరామ వినర వేమ."	aataveladi
"_x000D_
నోరెఱిఁగి తాము నేమియు
_x000D_
నేరజంతువులఁ జంపి నెమ్మదిఁ దినునా
_x000D_
క్రూరపు సంకర జాతుల
_x000D_
మారణ మేమందు నింక మహిలో వేమా."	kandamu
"_x000D_
వంటవారియింట తిన్నవంటకమును
_x000D_
వంట తినినయపుడె వెంటవచ్చు
_x000D_
వచ్చు నట్లగాక వరఁకు నుభయులకు
_x000D_
కంటకమగు వంటకమును వేమా."	aataveladi
"_x000D_
తామరపాకున నీర్వలె
_x000D_
వేమన చరియించుచుండు వెదకుచు శివుని\న్‌
_x000D_
నీమాయ నమ్మరాఁగా
_x000D_
దీమనమునఁ దెలియరాదు నీశుని వేమా."	kandamu
"_x000D_
వేమన్నా నీమహిమలు
_x000D_
నేమన్నా తెలియ దింక నెటువలె నన్నా
_x000D_
వేమన్నా నీచిత్త మ
_x000D_
దేమన్నా నీవె మాకు నెఱుక గదన్నా."	kandamu
"_x000D_
కూటికి లేనివానివలెఁ గోపములేకయు నెల్లతావుల\న్‌
_x000D_
మాటికిమాటికి\న్‌ మఱియు మాటకుమాటకు పద్యపద్ధతి\న్‌
_x000D_
ధాటి నెఱుంగఁ జెప్పుచును ధారుణిలో శివరూపధారియై
_x000D_
మాటికి నున్న వేమన సమానము నెవ్వరు గల్గు వేమనా."	vutpalamaala
"_x000D_
ఎవ్వరేమెఱుంగు నింపయిన వస్తువు
_x000D_
దేహ మే మెఱుంగు దివ్యబోధ
_x000D_
విధముఁ దెలిసి మీరు వేదాంత మెఱుగుఁడీ
_x000D_
విశ్వదాభిరామ వినర వేమ."	aataveladi
"_x000D_
యుగములఁ జల్లగఁ జూచును
_x000D_
తగలక యుగయుగమునందు తపసుల కైన\న్‌
_x000D_
వగవక యేవకయుండిన
_x000D_
నిగనిగమనుకాంతి మదిని నిలుచుర వేమా."	kandamu
"_x000D_
వినియు వినకయుండు వెఱ్ఱివాఁడై యుండు
_x000D_
కనియుఁ గానకుండు కడఁగి యోగి
_x000D_
మనుజవరులచేత మఱిపూజఁ గొనుచుండు
_x000D_
విశ్వదాభిరామ వినర వేమ."	aataveladi
"_x000D_
సుఖములెల్లఁ దెలిసి చూడంగ దుఃఖముల్‌
_x000D_
పుణ్యములును పాపపూర్వకములె
_x000D_
కొఱతవేయ దొంగ కోరినచందమా
_x000D_
విశ్వదాభిరామ వినర వేమ."	aataveladi
"_x000D_
ఆలుబిడ్డ లనుచు నతిమోహమున నున్న
_x000D_
ధనముమీద వాంఛ తగిలియున్న
_x000D_
నట్టివానిముక్తి యవనిలో లేదయా
_x000D_
విశ్వదాభిరామ వినర వేమ."	aataveladi
"_x000D_
కాకు లున్నగూడు కోకిల కగునట్లు
_x000D_
భ్రమరి కీటకమయి బ్రతుకుమాడ్కి
_x000D_
సత్యముక్తలని చెలఁగును నరుఁడయా
_x000D_
విశ్వదాభిరామ వినర వేమ."	aataveladi
"_x000D_
విటునిఁగన్నయంత విశదమై వలపుండు
_x000D_
బోటిఁజూడకట్టిపాటి గలదె
_x000D_
కంటిలోనిపాప కన నెంతవాఁడురా
_x000D_
విశ్వదాభిరామ వినర వేమ."	aataveladi
"_x000D_
ప్రభుని కిచ్చునట్లు పేదలకియ్యరు
_x000D_
వనిత కిచ్చునట్లు వడుగు కీరు
_x000D_
సురకు నిచ్చునట్లు సుమతుల కియ్యరు
_x000D_
మనసు పదిలపడదు మహిని వేమా."	aataveladi
"_x000D_
ఊరు ననుచునుండ నొగి సంతసింతురు
_x000D_
అడవియనుచు నుండ నడలుచుందు
_x000D_
రూరు నడవి రెండు నొకటిగాఁ జూచిన
_x000D_
నారితేఱు యోగి యతఁడు వేమా."	aataveladi
"_x000D_
నీచుల వినుతులు సేయుచు
_x000D_
యాచకమున తిరిగి తిరిగి యలయుటకంటె\న్‌
_x000D_
వీచిన నింద్రియపశువులఁ
_x000D_
గాచినవాఁ డిందు నందు ఘనుఁ డగు వేమా."	kandamu
"_x000D_
భోగంబుల కాశింపక
_x000D_
రాగ ద్వేషంబు లుడిగి రంగుగ భువిలో
_x000D_
వేగమె మోక్షము తనకును
_x000D_
రాఁగన్ననువాఁడు యోగిరాయఁడు వేమా."	kandamu
"_x000D_
పేదవాని బాధ పెనుభూతమై యుండు
_x000D_
చూడ నట్టిబాధ జాడ కనదు
_x000D_
కలుగువాని బాధ కనులఁ జూడఁగ రామి
_x000D_
కేమి చెప్పవచ్చు నింక వేమా."	aataveladi
"_x000D_
జీవగుణము గల్గుజీవుండు బ్రహ్మంబు
_x000D_
సాటివచ్చునెట్లు సరవితోడ
_x000D_
నూరికుక్క సింగమొకటి జేయురా
_x000D_
విశ్వదాభిరామ వినర వేమ."	aataveladi
"_x000D_
అరయ నాస్తి యనక యడ్డుమాటాడక
_x000D_
తట్టుపడక మదిని తన్నుకోక
_x000D_
తన్నుఁ దాఁ గనుగొని తాఁ బెట్టినది పెట్టు
_x000D_
విశ్వదాభిరామ వినర వేమ."	aataveladi
"_x000D_
పరుల నిందఁజేసి పరులు నావారని
_x000D_
స్థిరము నస్థిరము తెలియలేక
_x000D_
పరఁగ దన్నుఁ జేతఁబట్టుక పెట్టిన
_x000D_
పెట్టుగాదు కట్టిపెట్టు వేమా."	aataveladi
"_x000D_
ఒరులకొఱకు భూమి నొరసెటివారును
_x000D_
అవనిపతికి వశ్యులయినవారు
_x000D_
పాలవంటివారు పన్ను పెట్టెడువారు
_x000D_
వాకెఱుంగరు శాఖవారు వేమా."	aataveladi
"_x000D_
బీఱుబోవుకులకు బిరుదు మ్రింగుకులంబు
_x000D_
నెల్ల జీవులకు భరించుకులము
_x000D_
ఇట్టుకులమువారు హరదూరులు
_x000D_
పట్ట గలుగువాఁడు పరఁగ వేమా."	aataveladi
"_x000D_
కోమటికిక యాశ కొండలు వాములు
_x000D_
చందనంబు శోభ చంద్రకళలు
_x000D_
తనకు మితిలేదు నక్కడ గతిలేదు
_x000D_
వదన శుద్ధిలేనివాఁడు వేమా."	aataveladi
"_x000D_
ప్రజ యొనర్చుచెడ్డ ప్రభువుకు వచ్చును
_x000D_
ప్రభువు మంచికొరత ప్రజలకు సగము
_x000D_
ప్రభు వొనర్చు చెడ్డ ప్రజల కేలరాదురా
_x000D_
విశ్వదాభిరామ వినర వేమ."	aataveladi
"_x000D_
ఆఁడు దానిబొంకు గోడపెట్టినయట్టు
_x000D_
పురుషవరుని బొంకు పూలతడిక
_x000D_
స్త్రీలనేర్పులు భువి చీకు రాయితపము
_x000D_
విశ్వదాభిరామ వినర వేమ."	aataveladi
"_x000D_
అన్యులకును వచ్చునాపదఁ దనదిగా
_x000D_
నెన్నువాఁడు భువిని నున్నవాఁడు
_x000D_
ఎన్నువారిలోన నిహపరంబులు లెస్స
_x000D_
కన్నవాఁడు మిగుల ఘనుఁడు వేమా."	aataveladi
"_x000D_
కండలెల్లఁ గోయ కావికిఁజాలని
_x000D_
బండగోవు కాసపడినఁ గలదె
_x000D_
కొండఁ బసిఁడి కొండ గోరిన చందమౌ
_x000D_
విశ్వదాభిరామ వినర వేమ."	aataveladi
"_x000D_
ఎలమిని ధనకాంక్ష నెదిరిఁ దన్నెఱుఁగక
_x000D_
కన్నుఁ గాన కెల్ల కర్మలాగు
_x000D_
పుట్టినపుడు పుట్టె బుద్ధిహీనతవాని
_x000D_
నడుఁగబోవ కష్టమదియ వేమా."	aataveladi
"_x000D_
అష్టకష్టు బ్రదుకు నగ్నిపాలై పోవు
_x000D_
నిర్దయాత్ము బ్రతుకు నీటఁగలియు
_x000D_
క్రూరకర్ముబ్రతుకు చోరులపాలౌను
_x000D_
విశ్వదాభిరామ వినర వేమ."	aataveladi
"_x000D_
బాలచనులఁ బూలబంతులఁ బోల్తురు
_x000D_
ప్రాలుమాలినట్టి భ్రష్టు లవని
_x000D_
మాంసఖండమందు మఱియేమియున్నది
_x000D_
విశ్వదాభిరామ వినర వేమ."	aataveladi
"_x000D_
ఒకనికీడు వేఱెయొక్కని కియ్యఁడు
_x000D_
ఒకరిమేలు వేఱెయొకరి కీఁడు
_x000D_
కీడుమేలు వారు పోఁడిమి దెలియరు
_x000D_
కాలుఁ డెఱుఁగు వారిగతిని వేమా."	aataveladi
"_x000D_
పరగ నీవఱకును పడినపా ట్లెఱుగక
_x000D_
ఘనుఁడుగాగ మనుజుఁ డనఁగఁ బుట్టి
_x000D_
కీడు మే లెఱుఁగక క్రిందాయెఁ జూడరా
_x000D_
విశ్వదాభిరామ వినర వేమ."	aataveladi
"_x000D_
పుట్టలోన తేనె పుట్టినరీతిని
_x000D_
గుట్టమీఁద మణియు పుట్టువిధము
_x000D_
కట్టెలోన నగ్ని పుట్టినవిధమున
_x000D_
పుట్టి పెట్టవలెను భువిని వేమా."	aataveladi
"_x000D_
తనదునీడ శిశువు దాఁజూచుకొన్నట్టు
_x000D_
తనదునీడఁ జూచి తన్ను మఱచి
_x000D_
పతిని ననుమ నుడువు భ్రాంతుల నేమందు
_x000D_
విశ్వదాభిరామ వినర వేమ."	aataveladi
"_x000D_
తావులేనిచోట తాను తానె యుండు
_x000D_
తావు కలుగుచోట తానులేఁడు
_x000D_
తావు తానెయైన తత్వంబుఁ దెలియుఁడీ
_x000D_
విశ్వదాభిరామ వినర వేమ."	aataveladi
"_x000D_
తన్నువలె నవియును ధరఁబుట్టినవి గావొ
_x000D_
పరఁగఁదమ్మువంటి బ్రతుకు గాదొ
_x000D_
జ్ఞాని జ్ఞానిఁ జంపిఁ గారణమేమిరా
_x000D_
విశ్వదాభిరామ వినర వేమ."	aataveladi
"_x000D_
ఒక్కమనసుతోడ నున్నది సకలము
_x000D_
తిక్క బట్టి నరులు తెలియలేరు
_x000D_
తిక్క నెఱిఁగి నడువ నొక్కఁడే చాలురా
_x000D_
విశ్వదాభిరామ వినర వేమ."	aataveladi
"_x000D_
పరఁగ ముందఱ తమ బ్రతుకుతె ర్వెఱుఁగక
_x000D_
సకల సంపదలును సతము లనుచు
_x000D_
జలముఁ బాయు చేఁపచంద మేర్పడి తుద
_x000D_
గతియువేఱెలేక గలుగు వేమా."	aataveladi
"_x000D_
తిట్టికొట్టిరేని తిరిగి మాటాడక
_x000D_
యడరుఁజూచి యదరింపకనీవు
_x000D_
తన్నుఁ గాదని నట్లు కాతఱపడకున్న
_x000D_
నట్టివాఁడు బ్రహ్మ మౌను వేమా."	aataveladi
"_x000D_
పిడుగును నరచేతఁ బిగఁబట్టి యందులోఁ
_x000D_
గల్మషంబునెల్ల కడకఁదీసి
_x000D_
కడమచేతి చేత కలియుగమును బ్రోచు
_x000D_
కర్మ కర్మ నెఱుగఁ గదర వేమా."	aataveladi
"_x000D_
పూర్ణమైన తనదు భుజబల్మిఁ జూడక
_x000D_
భువిని చెడుగుతోడ పోరరాదు
_x000D_
పాలకుండ కింత పొలసినా సారాయి
_x000D_
విశ్వదాభిరామ వినర వేమ."	aataveladi
"_x000D_
పరుల కుపకరించి పరుసొమ్ము పరునకు
_x000D_
పరఁగ నిచ్చె నేని పరము గల్గు
_x000D_
పరముకన్న నేమి పావనమా సొమ్ము
_x000D_
విశ్వదాభిరామ వినర వేమ."	aataveladi
"_x000D_
పలుగువానికేల పదనమృద్ధి దలంప
_x000D_
పలుగువరుస వానిబలిమి దప్ప
_x000D_
చలమువాని కేల సాత్వికధర్మంబు
_x000D_
ఏమి యొకటి ఘనము నిలను వేమా."	aataveladi
"_x000D_
సాగి పాఱురారు సకలకార్యంబుల
_x000D_
వాక్ప్రగల్భములచె వరలుచుండ్రు
_x000D_
సాగిపాఱక సఱిసమకూడ దొక్కటి
_x000D_
ధనమదెంతయున్న ధరను వేమా."	aataveladi
"_x000D_
అదయ హస్తమందు నభయహస్తంబీయ
_x000D_
దర్పకాంగుఁడైన తన్నుఁ జూచి
_x000D_
మంగళంబుచేయు మంగళహీనుఁడు
_x000D_
విశ్వదాభిరామ వినర వేమ."	aataveladi
"_x000D_
ఎఱుక నెఱుగువాని కెఱుక యే నడుచును
_x000D_
ఎఱుకలేనివాఁడు నెఱుఁగలేఁడు
_x000D_
ఎఱుకలోని యెఱుక నెఱుఁగుట తత్వంబు
_x000D_
విశ్వదాభిరామ వినర వేమ."	aataveladi
"_x000D_
జన్మమరణ సుషుప్తుల జనము లెల్ల
_x000D_
జరుగుచుండంగ నరుఁడు తా జంగమమను
_x000D_
నదియుఁ దెలియంగలేర నీయజ్ఞులైన
_x000D_
భూప్రజలు బుద్ధిలేకయు పొసఁగు వేమా."	kandamu
"_x000D_
పుత్తడిగలవాని పుష్ట్రంబు పుండైన
_x000D_
వసుధలోన చాల వార్త కెక్కు
_x000D_
పేదవానియింట పెండ్లయిన నెఱుఁగరు
_x000D_
విశ్వదాభిరామ వినర వేమ."	aataveladi
"_x000D_
విద్దెదానిపొందు విడువఁ జాలక తుల్వ
_x000D_
చచ్చుదాఁకమోయు చాపగుడిసె
_x000D_
భాగవతులపట్టు పట్టంగ నోపఁడు
_x000D_
విశ్వదాభిరామ వినర వేమ."	aataveladi
"_x000D_
అనఘ పురుషుండు నొక్కఁడు
_x000D_
విను నిత్య మనిత్యమనెడివిధ మిట్టి దగు\న్‌
_x000D_
తన సంకల్పమె బంధము
_x000D_
తన సంకల్పక్షయంబె తత్వము వేమా."	kandamu
"_x000D_
అమలమైన పలుకు లభిషేకవారిధి
_x000D_
తనువు దేవళంబు తాల్మి నొంది
_x000D_
యాత్మ శివునిఁజేర్చు నాతఁడే శివయోగి
_x000D_
విశ్వదాభిరామ వినర వేమ."	aataveladi
"_x000D_
ఎన్ని తనువులైన మృతికి నడ్డముగావు
_x000D_
మృతిని గెలువలేని యెఱుఁకలేక
_x000D_
దొంగరీతి కాఁగ దొరుకునో మోక్షంబు
_x000D_
విశ్వదాభిరామ వినర వేమ."	aataveladi
"_x000D_
ఎట్టిరూపుఁ జూడ నీరూపు కనిపించు
_x000D_
నీదురూపుఁజూడ నెగడుఁ దెలివి
_x000D_
హెచ్చు తెలివి యున్న నీశ్వరుఁ డేతోఁచు
_x000D_
విశ్వదాభిరామ వినర వేమ."	aataveladi
"_x000D_
తెలివియైనలేక తిరమును తెలియక
_x000D_
తిరుగునస్థిరుఁ డయి దేహి జగతి
_x000D_
తిరుగ నేల యనుచుఁ దెలియఁడా యజ్ఞాని
_x000D_
విశ్వదాభిరామ వినర వేమ."	aataveladi
"_x000D_
తపముజపములెన్నొ ధాత్రిజనుల కెల్ల
_x000D_
నొనర శివునిఁజూడ నుపమగలదు
_x000D_
మనసుఁజెదరనీక మదిలోనఁజూడరో
_x000D_
విశ్వదాభిరామ వినర వేమ."	aataveladi
"_x000D_
మతము లెన్నియైన సతముగా నుండవు
_x000D_
సతము కర్మముండు జగతి నొకటి
_x000D_
ఆమతముల విడిచి యా బ్రహ్మమరయుము
_x000D_
విశ్వదాభిరామ వినర వేమ."	aataveladi
"_x000D_
కోమటినిష్ఠలు గుఱికి రావెన్నఁడు
_x000D_
లోభగుణము చేతలోని కడఁగు
_x000D_
పులియు దాసరి కీడుపొలువగు చందమౌ
_x000D_
విశ్వదాభిరామ వినర వేమ."	aataveladi
"_x000D_
గోపురములు గుడ్లు కోనేర్లు తేరులు
_x000D_
ఆకు లసురుగుడులు నడలఁగాను
_x000D_
నేఱు వంతదిఱిఁగియెగఁ బట్టుకొనెనయా
_x000D_
విశ్వదాభిరామ వినర వేమ."	aataveladi
"_x000D_
చెట్టఁబట్టువెనుక చేతాఁకువై యుండు
_x000D_
రంతకాఁడు గట్టి పగఱకండ్రు
_x000D_
ఆఁడువారికింత యడఁగుట చెల్లదో
_x000D_
విశ్వదాభిరామ వినర వేమ."	aataveladi
"_x000D_
తల్లిదండ్రులెన్నఁ దనతొలి గురులు
_x000D_
పార్వతీభవులును పరమగురువులు
_x000D_
కూలివాండ్ర జగతి గురు లన ద్రోహంబు
_x000D_
విశ్వదాభిరామ వినర వేమ."	aataveladi
"_x000D_
నవ్వును చదువును పాడును
_x000D_
నొవ్వక తానిట్లు మెచ్చు నుడువును మఱచు\న్‌
_x000D_
నివ్వటిలియుండు ముదిమియు
_x000D_
నివ్విధమునఁ జూడఁజూడ నెవ్వడు వేమా."	kandamu
"_x000D_
నీళ్ళమీఁదజూడు నెఱయ నోడలబల్మి
_x000D_
బట్టబయలఁ జూడు బండిబలిమి
_x000D_
ఆఁడుదాని బలిమి నాడనే చూడరా
_x000D_
విశ్వదాభిరామ వినర వేమ."	aataveladi
"_x000D_
నే నెఁవడను తలపెట్టఁగ
_x000D_
మానసమునఁ దలపకున్న మనుజుని కకటా
_x000D_
కానఁబడు పడకముందే
_x000D_
మానుగఁ గనుగొనఁగవలయు మహిలో వేమా."	kandamu
"_x000D_
బ్రతుకు నిత్య మనుచుఁ బదరుచు వగమీఱ
_x000D_
విఱ్ఱవీఁగువారు వెఱ్ఱివారు
_x000D_
ప్రాణులెల్ల యమునివారి గొఱ్ఱెలుసుమీ
_x000D_
విశ్వదాభిరామ వినర వేమ."	aataveladi
"_x000D_
బ్రహ్మవాదు లెల్ల బ్రహ్మంబనంగను
_x000D_
వలను తెలిసిచూడ వద్దనుండు
_x000D_
ముందునున్న యట్టి ముద్రిక కానరో
_x000D_
విశ్వదాభిరామ వినర వేమ."	aataveladi
"_x000D_
మదిని గానవలెను మఱిబ్రహ్మమూర్తిని
_x000D_
మదినిగన్నవారు మహినిలేరు
_x000D_
వెదకి తనువులోన వేడ్కతో నెఱిఁగిన
_x000D_
యతఁడె యోగివరుఁడు నగును వేమా."	aataveladi
"_x000D_
మనసనలము రెంటికినిల
_x000D_
ఘనమును కొంచెంబుఁ దెలియఁగావలె సుమ్మీ
_x000D_
కనుమూసి తెరచినంతనె
_x000D_
ఘనమై విహరించుమనసుఁగానరు వేమా."	kandamu
"_x000D_
మర్మ మెఱుఁగలేక మతములఁ గల్పించి
_x000D_
యుర్విదుఃఖు లగుదు రొకరి కొకరు
_x000D_
గాజువంటిఁ గుక్క కళవళపడురీతి
_x000D_
విశ్వదాభిరామ వినర వేమ."	aataveladi
"_x000D_
ఇహపరాదులకును నిది సాధనం బని
_x000D_
వ్రాసి చదివి విన్నవారికైన
_x000D_
మధ్యమకర్మములు మహిమతో నడచును
_x000D_
బడుగుకైన ముక్తిపదము వేమ."	aataveladi
"_x000D_
వేదవిద్య గాదు వీరవిద్యయుఁ గాదు
_x000D_
బాధవిద్యయుఁగాదు పరపు గాదు
_x000D_
మధురమైన యట్టి మనసు నిల్పెడివిద్య
_x000D_
సాధువిద్య యెన్న సరస వేమా."	aataveladi
"_x000D_
వేయువిధము లమర వేమనపద్యంబు
_x000D_
లర్థ మిచ్చువాని నరసి చూడ
_x000D_
చూడఁజూడఁ గలుగుచోద్యమౌ జ్ఞానంబు
_x000D_
విశ్వదాభిరామ వినర వేమ."	aataveladi
"_x000D_
వేమన పద్యము లన్నిటి
_x000D_
సామంబునఁ జదివినట్టి సజ్జను లెల్ల\న్‌
_x000D_
సోమనతల సుందరు కడు
_x000D_
నేమంబునఁ జూడరయ్య నేర్పున వేమ."	kandamu
"_x000D_
అల్లుఁడైన నేమి యన్యుఁడైన నేమి
_x000D_
చెప్పఁదగిన రీతిఁ జెప్పినాము
_x000D_
హరునియెఱుక లేక యాకులల్లాడునా
_x000D_
విశ్వదాభిరామ వినర వేమ."	aataveladi
"_x000D_
నూఱుపలుకవచ్చు నొకటి వ్రాయఁగరాదు
_x000D_
వ్రాఁతకన్న సాక్షి వలవ దెన్న
_x000D_
పరగవ్రాతలేని పక్షానికప్పుడు
_x000D_
సుద్దిసాక్షి తగనిబుద్ధి వేమా."	aataveladi
"_x000D_
ధారదత్తమైన తామ్రపుఁబలకను
_x000D_
లావుటుంగరమున లంకెజేసి
_x000D_
యరయ మీఁదముద్ర యమరియుండంగను
_x000D_
నదియ శాసనంబు నవని వేమ."	aataveladi
"_x000D_
నీతి వైరాగ్యభక్తిని నీచులకును
_x000D_
ఘాతకులు కాని జ్ఞానసంకలితులకును
_x000D_
వ్రాల కందని పద్యముల్‌ వేల సంఖ్య
_x000D_
చేత నందుగ భువినిదాఁ జెప్పె వేమ."	kandamu
"_x000D_
గుఱుతు తిథులవలనఁ గులమెల్లఁ జెడిపోయె
_x000D_
స్త్రీల నడతవలన సిగ్గుపోయె
_x000D_
ఏహ్యపల్వలముల నిలయెల్లఁ జెడిపోయె
_x000D_
చాన్లవలన బ్రతుకు సమయు వేమా."	aataveladi
"_x000D_
చిత్తవాజి నెక్కి శిక్షింప నేరక
_x000D_
తత్తఱించి రౌతు తరల నేల
_x000D_
వారణాసి తనకు వయ్యాళి కాబోలు
_x000D_
విశ్వదాభిరామ వినర వేమ."	aataveladi
"_x000D_
రాజయోగి మహిమ రాజయోగికి గాక
_x000D_
ఇతర జనులకెల్ల నేమిదెలియు
_x000D_
తాను దేవుఁడైన దైవముఁ గొలుచునా
_x000D_
విశ్వదాభిరామ వినర వేమ."	aataveladi
"_x000D_
దేవభూములందు దేవాలయములందు
_x000D_
దేవుఁడంచుఁ జెప్పి తెరువుఁజూపె
_x000D_
తెలియ విశ్వమెల్ల దేవాది దేవుఁడౌ
_x000D_
విశ్వదాభిరామ వినర వేమ."	aataveladi
"_x000D_
గంపెడంత తవుడు గంపలోఁ బెట్టక
_x000D_
చన్నుఁ బట్టనీదు కొన్నబఱ్ఱె
_x000D_
వారకాంత లేల వలతురు నూరక
_x000D_
విశ్వదాభిరామ వినర వేమ."	aataveladi
"_x000D_
తివిరి లేమియుంట తిరిపెకాఁ డెఱుగునె
_x000D_
మొఱ్ఱబెట్టి నెత్తి మొత్తుఁగాని
_x000D_
పతిస ధర్మ మెన్నపడుచు కత్తెఱుఁగునా
_x000D_
విశ్వదాభిరామ వినర వేమ."	aataveladi
"_x000D_
దాత లేని కొంప దయ్యాల పెనువాడ
_x000D_
నీతిగాని పాట వాతిచేటు
_x000D_
ప్రీతిలేని లంజ ఘాతియై తోఁచురా
_x000D_
విశ్వదాభిరామ వినర వేమ."	aataveladi
"_x000D_
చినుఁగు బట్ట కాదు చీనాంబరము గాని
_x000D_
ముఱికియొడలు గాదు ముక్తి గాని
_x000D_
పరమయోగిమహిమఁ బరికింప నరుదురా
_x000D_
విశ్వదాభిరామ వినర వేమ."	aataveladi
"_x000D_
అంధులైన వారు నందు నిం దనకుండు
_x000D_
నన్నితావులందు హరునివలెను
_x000D_
తెలియువారి కెల్ల దేవుఁడే కనుపించు
_x000D_
విశ్వదాభిరామ వినర వేమ."	aataveladi
"_x000D_
వాని గననివాఁడు వాఁడు కానేకాఁడు
_x000D_
వానిలోనివాఁడు వాఁడు సుమ్మి
_x000D_
వాని గన్నవాఁడు వాఁడెపో యోగిరా
_x000D_
విశ్వదాభిరామ వినర వేమ."	aataveladi
"_x000D_
కుక్క యేమెఱుంగు గురులింగ దేవుని
_x000D_
నక్క యేమెఱుంగు నొక్కప్రొద్దు
_x000D_
మూర్ఖుఁడే మెఱుంగు మోక్షంబుత్రోవను
_x000D_
విశ్వదాభిరామ వినర వేమ."	aataveladi
"_x000D_
వెయ్యారుగతుల జలనిధి
_x000D_
తియ్యగ ననిశంబు గలయ దిప్పుట యరుదౌ
_x000D_
కొయ్యకుఁదా సుజ్ఞానము
_x000D_
వెయ్యి విధంబులను జెప్ప వృథరా వేమా."	kandamu
"_x000D_
వెదకి కానలేరు వేదాంత వేద్యుని
_x000D_
నుత్తముండు గాంచు నుర్విమీఁదఁ
_x000D_
గలిగెనేని వానిఁ గానంగ లేరయా
_x000D_
విశ్వదాభిరామ వినర వేమ."	aataveladi
"_x000D_
జ్ఞానవంతుఁ జూచి సహకర్మబుద్ధులు
_x000D_
వెఱ్ఱియండ్రు ప్రకృతి విడువలేరు
_x000D_
వెఱ్ఱి కవనిఁ బ్రకృతి వెదకినఁ గల్గునా
_x000D_
విశ్వదాభిరామ వినర వేమ."	aataveladi
"_x000D_
ఇంతికనులు చనులు నెంత లెస్సనిచూచి
_x000D_
మోహపడును బుద్ధి మోసపోయి
_x000D_
గరిసెలోనివానిఁ గానలే దాయెరా
_x000D_
విశ్వదాభిరామ వినర వేమ."	aataveladi
"_x000D_
వాతగుణము చేత వలపున మగవాఁడు
_x000D_
లొట్టకనులదాని లోలతకును
_x000D_
పుట్టి జగతి నిలుచు పునరుద్భవంబగు
_x000D_
విశ్వదాభిరామ వినర వేమ."	aataveladi
"_x000D_
ఏసూత్ర మరసిచూచిన
_x000D_
స్త్రీ సూత్రం బదియుఁ గాక సిద్ధము కాఁగా
_x000D_
నా సూత్రముఁ స్త్రీ సూత్రము
_x000D_
నాసూత్రముఁ దెలియువాఁడు సాధుఁడు వేమా."	kandamu
"_x000D_
బందెత్రాళ్ళఁ దెచ్చి బంధించి కట్టంగ
_x000D_
లింగఁడేమి దొంగిలించినాఁడొ
_x000D_
యాత్మలింగ మేల యర్చింపఁజూడరో
_x000D_
విశ్వదాభిరామ వినర వేమ."	aataveladi
"_x000D_
మంత్రమెల్ల మఱచి మధురాధరముఁగోరు
_x000D_
నేవిధమున భక్తుఁ డెఱుఁగు నిన్ను
_x000D_
యోనిఁ జూచి పరమయోగంబు మఱచురా
_x000D_
విశ్వదాభిరామ వినర వేమ."	aataveladi
"_x000D_
శైవవైష్ణవాది షణ్మతంబుల కెల్ల
_x000D_
దేవుఁ డొక్కఁ డనుచుఁ దెలియ లేరు
_x000D_
తమకు భేదమైన తత్వంబు భేదమా
_x000D_
విశ్వదాభిరామ వినర వేమ."	aataveladi
"_x000D_
పూసపోగు బెట్టిపురుషునిభుజ మెక్కి
_x000D_
కన్నులార్ప వారకాంత గాదు
_x000D_
తనకు లొంగువారిఁ దడయక చంపురా
_x000D_
విశ్వదాభిరామ వినర వేమ."	aataveladi
"_x000D_
జదలుదాల్చు టెల్ల జగము ఛీయను టెల్ల
_x000D_
యొడలువిఱచుటెల్ల యోగ మెల్ల
_x000D_
ముక్తికాంతఁ బట్టి ముద్దాడుకొరకురా
_x000D_
విశ్వదాభిరామ వినర వేమ."	aataveladi
"_x000D_
తనలో సర్వంబుండఁగ
_x000D_
తనలోపల వెదుకలేక ధరవెదకెడు నీ
_x000D_
తనువుల మోసెడి యెద్దుల
_x000D_
మనములఁ దెల్పఁగ వశమె మహిలో వేమా."	kandamu
"_x000D_
కరములందు తాము గంగాధరుని బట్టి
_x000D_
తీర్థములకు పోయి తిరుగుచుంద్రు
_x000D_
వెన్నఁ బట్టి నెయ్యి వెదకిన చందమౌ
_x000D_
విశ్వదాభిరామ వినర వేమ."	aataveladi
"_x000D_
అఱుతలింగ ముంచి యదిగనఁజాలక
_x000D_
పర్వతమున కేగు పామరుండు
_x000D_
ముక్తిఁగాన నగునె మూఢాత్ముఁడగుఁగాక
_x000D_
విశ్వదాభిరామ వినర వేమ."	aataveladi
"_x000D_
స్నాన మొనరఁజేసి తద్ధర్మమీయక
_x000D_
నీళ్ళ మునుఁగ నగునె నేర్పు లేక
_x000D_
నీళ్ళయందు కోడినెలవుగా మునుఁగదా
_x000D_
విశ్వదాభిరామ వినర వేమ."	aataveladi
"_x000D_
కాలచక్ర మెఱుఁగఁగా లేక యెప్పుడు
_x000D_
సంధ్యజపముసేయు జాణలార
_x000D_
సంధ్యజపములోన జాడ లెట్లుండును
_x000D_
విశ్వదాభిరామ వినర వేమ."	aataveladi
"_x000D_
కాశియాత్రఁ బోయి గంగదానముఁ జేసి
_x000D_
కష్టపడిరి ముక్తిఁ గానలేక
_x000D_
ఎనుము తిరుగుచుండదే యెద్దువెంబడి
_x000D_
విశ్వదాభిరామ వినర వేమ."	aataveladi
"_x000D_
కాశిఁబోవువాని కర్మ మేమని చెప్పఁ
_x000D_
బాపహేతువుండి వచ్చెనేని
_x000D_
మనసు కాశిఁజేరు మఱి ముక్తి లేదురా
_x000D_
విశ్వదాభిరామ వినర వేమ."	aataveladi
"_x000D_
యోగి ననుచుఁ గొంత యోగము గూర్చుక
_x000D_
జగములోనివానిఁ జంపితినుచు
_x000D_
ధనము కొఱకు మిగుల తగవాడుచుండిన
_x000D_
యోగిగాఁడు వాఁడె యోగు వేమా."	aataveladi
"_x000D_
పరమహంస ననుచు వరవఁ గట్టుక భూమి
_x000D_
పరధనముల కాసపఁడెను వాఁడు
_x000D_
పరమహంస గాఁడు పరమహింసుఁ డటండ్రు
_x000D_
విశ్వదాభిరామ వినర వేమ."	aataveladi
"_x000D_
మునిఁగి మునిఁగి మునిఁగి ముద్దయై ముద్దయై
_x000D_
వనరి వనరి వనరి వక్కి వక్కి
_x000D_
తిరిగి తిరిగి తిరిగి దిమ్మరై యుండును
_x000D_
విశ్వదాభిరామ వినర వేమ."	aataveladi
"_x000D_
బారెడేసి జడలు భస్మంబుపూఁతలు
_x000D_
మరునితోడ మాఱుమలయఁ గలరు
_x000D_
ముంజికోకలెల్ల లంజెకోకలాయె
_x000D_
విశ్వదాభిరామ వినర వేమ."	aataveladi
"_x000D_
బోడితలల నెల్ల బూడిదెపూఁతల
_x000D_
నాసనముల మారు తాపనముల
_x000D_
యోగిగాఁడు లోన బాగు గాకుండిన
_x000D_
విశ్వదాభిరామ వినర వేమ."	aataveladi
"_x000D_
ఆఱువేషములను నటుచూడ బహువింత
_x000D_
లాత్మయందు ధ్యాన మమర దెందు
_x000D_
భీకరంబె కాని బిరుదు లేదు విరక్తి
_x000D_
విశ్వదాభిరామ వినర వేమ."	aataveladi
"_x000D_
కుక్కుటమననంబు కొక్కెర ధ్యానంబు
_x000D_
యతుల నొసట నొనరునట్లు వ్రాసె
_x000D_
తొల్లి చేసినట్టి దోషంబు తగిలెనో
_x000D_
విశ్వదాభిరామ వినర వేమ."	aataveladi
"_x000D_
ఒడల భూతిఁ బూసి జడలు ధరించిన
_x000D_
నొడయుఁడైన ముక్తిఁ బడయలేఁడు
_x000D_
తడకబిఱ్ఱుపెట్టఁ దలపుతో సరియౌనె
_x000D_
విశ్వదాభిరామ వినర వేమ."	aataveladi
"_x000D_
శివుఁడు బ్రహ్మ మనుచు స్మృతులెల్లఁ బలుకంగ
_x000D_
వేఱె దైవములను వేయిగొల్చి
_x000D_
బ్రహ్మజనులు చూడ భ్రష్టులైపోయిరి
_x000D_
విశ్వదాభిరామ వినర వేమ."	aataveladi
"_x000D_
తలను వ్రేలవేసి తాలిమి నిలుచుక
_x000D_
మూసి తెఱచు గన్ను మూగి యగును
_x000D_
జ్ఞాన మదియుఁగాదు కష్టము శేషంబు
_x000D_
విశ్వదాభిరామ వినర వేమ."	aataveladi
"_x000D_
శివుని భక్తులెల్ల భువి మంటిపాలైరి
_x000D_
వాదమేల దైవభేదమేల
_x000D_
విష్ణుభక్తులెల్ల వెలిబూదిపాలైరి
_x000D_
విశ్వదాభిరామ వినర వేమ."	aataveladi
"_x000D_
తన్నుఁ దెలియకున్న తగ వేదములు వెఱ్ఱి
_x000D_
సర్వ సంపదకు ముసాబు వెఱ్ఱి
_x000D_
యాఱు శాస్త్రములును నా పురాణములును
_x000D_
జబ్బు లనుచు జగతిఁ జాటు వేమా."	aataveladi
"_x000D_
వేముఁడిట్లు చెప్పె వేల పద్యంబులు
_x000D_
తప్పు లెన్నియున్న నొప్పియుండు
_x000D_
తత్తఱపడ కందుఁ జిత్తము నిల్పుము
_x000D_
విశ్వదాభిరామ వినర వేమ."	aataveladi
"_x000D_
వెఱ్ఱినక్కలవలె వేదముల్‌ చదివెద
_x000D_
రాశయంబు లెఱుఁగరయ్య వారు
_x000D_
వేదసారమంత వేమన యెఱుఁగును
_x000D_
విశ్వదాభిరామ వినర వేమ."	aataveladi
"_x000D_
ఆలిఱంకుఁ దెలుపు నఖిలయజ్ఞంబులు
_x000D_
తల్లిఱంకు తెలుపుఁ దద్దినములు
_x000D_
కానితెరువు కర్మ కాన కల్పితమాయె
_x000D_
విశ్వదాభిరామ వినర వేమ."	aataveladi
"_x000D_
హింసఁ జేయకుండుటే ముఖ్య ధర్మంబు
_x000D_
ఆనక హింసచేసి రవనిసురులు
_x000D_
చావుపశువుఁ దినెడు చండాలుఁడే మేలు
_x000D_
విశ్వదాభిరామ వినర వేమ."	aataveladi
"_x000D_
ముక్కుత్రాళ్ళ గ్రుచ్చి ముఱికిపోవఁగఁ దోమి
_x000D_
కచ్చనీరు నించి కడిగి కడిగి
_x000D_
డొక్క దోమినంత దొరకునా తత్వంబు
_x000D_
విశ్వదాభిరామ వినర వేమ."	aataveladi
"_x000D_
జాతసూతకములు సత్యమై యుండంగ
_x000D_
నంటిన గుణములు హతమ్ముగాక
_x000D_
యతియుఁగాగనేల నవనిలో జీవుఁడు
_x000D_
విశ్వదాభిరామ వినర వేమ."	aataveladi
"_x000D_
మదమువలనఁ గల్గు మాటల బహుపల్కి
_x000D_
మ్రుచ్చుసుద్దులఁ గొని మోసపుచ్చి
_x000D_
కాసురాఁబెనగెడు కష్టుండుగురుఁ డౌనె
_x000D_
విశ్వదాభిరామ వినర వేమ."	aataveladi
"_x000D_
పేరు సోమయాజి పెనుసింహబలుఁడయా
_x000D_
మేఁకపోతుఁబట్టి మెడలువిఱవఁ
_x000D_
గానిక్రతువువంకఁ గలుగునా మోక్షంబు
_x000D_
విశ్వదాభిరామ వినర వేమ."	aataveladi
"_x000D_
సందె వార్చఁగ నేమి జపము సేయగ నేమి
_x000D_
వేదశాస్త్రములను వెలయ నేమి
_x000D_
పడఁతిఁ గనినవాఁడు బాపఁడు గాఁడయా
_x000D_
విశ్వదాభిరామ వినర వేమ."	aataveladi
"_x000D_
కుక్కల దిని కడుబాపలు
_x000D_
నక్కను భుజియించువారు నాకేశులగు\న్‌
_x000D_
చొక్కముగ జీవహత్యల
_x000D_
మిక్కుటముగఁ జేసి తమిని మించిరి వేమా."	kandamu
"_x000D_
అరయఁదోచునాఁడు గురువని తా నెంచి
_x000D_
తిరుగువాఁడు తన్ను నరయలేఁడు
_x000D_
పనికిమాలినట్టి బానిసె కొడుకురా
_x000D_
విశ్వదాభిరామ వినర వేమ."	aataveladi
"_x000D_
చాడికానిమాట చావడిలో నిక్కు
_x000D_
వెంటఁ బో శునకము వెలయ నిక్కు
_x000D_
స్త్రీలఁజూచినపుడు శిశ్నంబు నిక్కురా
_x000D_
విశ్వదాభిరామ వినర వేమ."	aataveladi
"_x000D_
పుట్టుశక్తు లైదు పుడమి నటింపగ
_x000D_
విప్రులెల్ల వేదవేత్తలండ్రు
_x000D_
శక్తిపుత్రుకులము జగతిలో నెఱుగరో
_x000D_
విశ్వదాభిరామ వినర వేమ."	aataveladi
"_x000D_
భేదాభేదంబులకును
_x000D_
వాదంబై జనముచూడ వర్తించును నా
_x000D_
భేదాభేదము లుడిగిన
_x000D_
వేదాంత ధ్యాని యగుచు వెలుఁగుర వేమా."	kandamu
"_x000D_
ద్విజవరుండు చెడ్డ పిండంబు దినఁబోయె
_x000D_
పేరటాలు మురువు పెండ్లిమొనసె
_x000D_
కులము మొదలుఁ బోయెఁ గూలెఁబో మానంబు
_x000D_
విశ్వదాభిరామ వినర వేమ."	aataveladi
"_x000D_
చీరగట్టి రాత్రి సిగ్గును నెఱిఁగుండు
_x000D_
పగలు చీరవిడుచు పను లదేల
_x000D_
చేడె గాదుర యిది చేవాడికత్తెర
_x000D_
విశ్వదాభిరామ వినర వేమ."	aataveladi
"_x000D_
శూద్రుఁడనుచు మిగుల శూద్రులఁ బోనాడు
_x000D_
మాలకంటె మగఁడు మాలయనుచు
_x000D_
ద్విజుఁడ నేనటన్న ద్విజుఁడు కానేర్చునా
_x000D_
విశ్వదాభిరామ వినర వేమ."	aataveladi
"_x000D_
బ్రహ్మనృపతి వైశ్యపతులును శూద్రులు
_x000D_
బ్రహ్మవిష్ణుహరులు పశువు లెన్న
_x000D_
బ్రహ్మముం దెలియక బహురూపులైరిట్లు
_x000D_
విశ్వదాభిరామ వినర వేమ."	aataveladi
"_x000D_
కలుషమొక్క యింత గాన్పింప దెందును
_x000D_
జూడ నెవరికైన సొంపుమీఱఁ
_x000D_
దామసం బడంగఁ దావెల్గు జ్ఞానంబు
_x000D_
విశ్వదాభిరామ వినర వేమ."	aataveladi
"_x000D_
తనువునందు నగ్ని దఱికొని కాల్పంగ
_x000D_
కాల్చుకొనుట యేమి కర్మమునకు
_x000D_
కాల్చుకొన్న యంత ఘనుఁడు తానాయెనా
_x000D_
విశ్వదాభిరామ వినర వేమ."	aataveladi
"_x000D_
త్రాడు మెడనువేసి తనదు శూద్రత్వంబు
_x000D_
పోయె ననెడి దెల్ల బుద్ధి కొదువ
_x000D_
మనసులకును త్రాడు మఱివన్నెఁ దెచ్చునా
_x000D_
విశ్వదాభిరామ వినర వేమ."	aataveladi
"_x000D_
పట్టుచీరఁ గట్టి పట్టె తిరుమణి నిడి
_x000D_
సృష్టివైష్ణవంబు శిఖలు మించె
_x000D_
చిన్నెలన్ని చేసి చేర వైష్ణవ మిట్లు
_x000D_
విశ్వదాభిరామ వినర వేమ."	aataveladi
"_x000D_
కసవు నేరి తినెడు పసరపు మైఁ దిన
_x000D_
మాలఁడండ్రు వాని మహిని నరులు
_x000D_
పట్టికోడిఁ దిన్న ప్రాజ్ఞులందురు జనుల్‌
_x000D_
విశ్వదాభిరామ వినర వేమ."	aataveladi
"_x000D_
ఊరిబావిలోని యుదకమ్ము నిందించి
_x000D_
పాదతీర్థమునకు భ్రమయువారు
_x000D_
పాదతీర్థములను ఫలమేమి కందురా
_x000D_
విశ్వదాభిరామ వినర వేమ."	aataveladi
"_x000D_
మొనసి యింద్రియముల మొదట నిల్పఁగలేక
_x000D_
సమసిపోవు వేళ సన్యసించు
_x000D_
ఆత్మశుద్ధిలేక యంటునా మోక్షంబు
_x000D_
విశ్వదాభిరామ వినర వేమ."	aataveladi
"_x000D_
చావుఁ దెలియువాఁడు సన్యసించునదెల్ల
_x000D_
కడవలందు కులము చెడినయట్లు
_x000D_
పాపమొకటె మీఁద ఫలమేమి లేదురా
_x000D_
విశ్వదాభిరామ వినర వేమ."	aataveladi
"_x000D_
వెల్లకుక్కల యెంగిలి విశదమాయె
_x000D_
పడుచువేశ్యల యెంగిలి ప్రాప్తమాయె
_x000D_
చెడుగు నెంగిలి యెంతకు శ్రేష్ఠమాయె
_x000D_
ఇష్టమగువారి యెంగిలి యెగ్గు వేమ."	teytageethi
"_x000D_
ప్రియము సత్యమెప్డు పృథివిఁ బల్కెడువాని
_x000D_
నోరె యమృతవాపి మారులేదు
_x000D_
అనుదినంబుచూడ ననృతమాడెడినోరు
_x000D_
నోరె కాదు క్రింది నోరు వేమ."	aataveladi
"_x000D_
అంగమందు లింగ మతిశయంబునఁ గట్టి
_x000D_
లింగమందు ముక్తి నిలుపలేరు
_x000D_
ముక్తిలేక తుదను మూర్ఖుఁడై పోవురా
_x000D_
విశ్వదాభిరామ వినర వేమ."	aataveladi
"_x000D_
విష్ణుభక్తులెల్ల వెలిబూదిపాలైరి
_x000D_
వాదమేల మతవిభేదమేల
_x000D_
తెలియ లింగధారులు తిరుమణిపాలైరి
_x000D_
విశ్వదాభిరామ వినర వేమ."	aataveladi
"_x000D_
తల్లిగర్భమందు తాను వెడలువేళ
_x000D_
నఱుత లింగముండ దరసిచూడ
_x000D_
నడుమ లింగమూన నగుఁబాటు గాదటో
_x000D_
విశ్వదాభిరామ వినర వేమ."	aataveladi
"_x000D_
పట్టుపాగఁ జుట్టి పట్టుదోవతిఁ గట్టి
_x000D_
వట్టి వైష్ణవుండు మిట్టిపడును
_x000D_
చిన్నె లింతెకాని శ్రీవైష్ణవమతంబు
_x000D_
విశ్వదాభిరామ వినర వేమ."	aataveladi
"_x000D_
రూపవతులు ముగ్గురు రూపవంతులు చూడ
_x000D_
వారి వారి నేల గారవింప
_x000D_
మొద లెఱుగకయున్న మోక్షంబు గలుగునా
_x000D_
విశ్వదాభిరామ వినర వేమ."	aataveladi
"_x000D_
మాలవాని నేల మఱిమఱి నిందింప
_x000D_
నొడల రక్తమాంస మొకటెగాదె
_x000D_
వానిలోన మెలఁగువాని కులంబేది
_x000D_
విశ్వదాభిరామ వినర వేమ."	aataveladi
"_x000D_
స్థావరముల భక్షింతురు
_x000D_
భావింపగ జంగమములు బహువిధ రుచుల\న్‌
_x000D_
ఆవల సకలప్రాణులు
_x000D_
తీవరమునఁ దమ్ముఁ దామె తిందురు వేమా."	kandamu
"_x000D_
సతులు జపతపములు సలుపంగ సాగిన
_x000D_
పురుషు లేలయికను పుడమిలోన
_x000D_
పాప మెంచవద్దు పట్టి శిక్షింపుడీ
_x000D_
పుణ్యపురుషు లెల్ల భువిని వేమా."	aataveladi
"_x000D_
ప్రాణ లింగ మెన్నఁ బ్రార్థించి కీర్తించి
_x000D_
కట్టివేయ నేమి కల్గఁజేసె
_x000D_
నఖిలజనులకెల్ల నానందమే సాక్షి
_x000D_
విశ్వదాభిరామ వినర వేమ."	aataveladi
"_x000D_
ఉపవసములనుండి యొగినీళ్ళ మునిగియు
_x000D_
కూడువండి వేల్పుఁ గుడువు మనుచు
_x000D_
దాని నోరుఁగొట్టి తమరె తిందురుగదా
_x000D_
విశ్వదాభిరామ వినర వేమ."	aataveladi
"_x000D_
శిలలఁ జూచి నరులు శివుఁడని మెత్తురు
_x000D_
శిలలు శిలలె కాని శివుఁడుగాఁడు
_x000D_
తనదులోని శివునిఁ దా నేల తెలియఁడో
_x000D_
విశ్వదాభిరామ వినర వేమ."	aataveladi
"_x000D_
తల్లి గౌరి తనకు దండ్రియే శంభుండు
_x000D_
ప్రమథగణము లఖిలబాంధవులు
_x000D_
తనకుఁ బుట్టినిల్లు తనరుఁ గైలాసంబు
_x000D_
విశ్వదాభిరామ వినర వేమ."	aataveladi
"_x000D_
తల్లిదండ్రులనెడి తత్వంబు నెఱుఁగరు
_x000D_
యోనిలింగములను నుద్భవించి
_x000D_
విష్ణువరయఁదల్లి వెలయరుద్రుఁడె తండ్రి
_x000D_
విశ్వదాభిరామ వినర వేమ."	aataveladi
"_x000D_
మనసు గెలచి పూని మన్నసుజ్ఞానులు
_x000D_
కడఁక మోక్షపదముఁ గనుచునుండ్రు
_x000D_
చెట్టుఁబెట్ట ఫలము చేకూర కుండునా
_x000D_
విశ్వదాభిరామ వినర వేమ."	aataveladi
"_x000D_
మోహము తీఱక యుండిన
_x000D_
దాహంబై దేహమంత దల్లడపడ నీ
_x000D_
గేహములోఁ బోరాడక
_x000D_
దేహమునం దున్న శివునిఁ దెలియర వేమా."	kandamu
"_x000D_
లింగ మంగమునను లీలఁ దెలియువెన్క
_x000D_
మనసు లింగమందు మరులుకొనును
_x000D_
మనసు నిల్పనందె మఱిలింగ ముండురా
_x000D_
విశ్వదాభిరామ వినర వేమ."	aataveladi
"_x000D_
శివుఁడు బ్రహ్మ మనుచు శ్రుతులెల్లఁ బలుకంగ
_x000D_
పరులఁ గొల్చు నేల బ్రాహ్మణుండు
_x000D_
హరునిభక్తజనుల యగ్రజు లగుఁ గాదె
_x000D_
విశ్వదాభిరామ వినర వేమ."	aataveladi
"_x000D_
అగ్ని చేతఁబట్టి యాపరమేశుని
_x000D_
నిండఁజేసి నరులు నీఱుగారె
_x000D_
దక్షుక్రతువులోని తల్లడ మెఱుఁగరా
_x000D_
విశ్వదాభిరామ వినర వేమ."	aataveladi
"_x000D_
కలియుగముననున్న కాపు కులానకు
_x000D_
వేమన దనకీర్తి విక్రయించె
_x000D_
నున్న ధర్మమెల్లనుర్విలో నరులకు
_x000D_
కోరుఁ బెట్టె పరముఁ గోరి వేమ."	aataveladi
"_x000D_
చెవిని నిలుగట్టి చెప్పెను వేమన
_x000D_
బట్టబయలనుండు బ్రహ్మమనుచు
_x000D_
బుద్ధిఁ గలిగి యందుఁ బొంది సుఖించుఁడీ
_x000D_
విశ్వదాభిరామ వినర వేమ."	aataveladi
"_x000D_
పొంకములకు మనసుఁ బోనీక సర్వేశు
_x000D_
వంక నిలుపువాఁడు వంశపరుఁడు
_x000D_
వంక నిల్పకున్న వచ్చునా పదవులు
_x000D_
విశ్వదాభిరామ వినర వేమ."	aataveladi
"_x000D_
ఉండియుండు జ్ఞాని యుగములు చనినను
_x000D_
బ్రాణహాని లేదు ప్రళయమునను
_x000D_
బ్రాణహానియైనఁ బరమాత్ము గలియునో
_x000D_
విశ్వదాభిరామ వినర వేమ."	aataveladi
"_x000D_
గురువు తానయైన హరిని తాఁ జూచును
_x000D_
బ్రహ్మలోక మతఁడు పాఱఁజూచు
_x000D_
శిష్యు నరసిపట్టి చీఁకటిఁ బాపురా
_x000D_
విశ్వదాభిరామ వినర వేమ."	aataveladi
"_x000D_
ధనమే మూలము జగతికి
_x000D_
ధనమే మూలంబు సకలధర్మంబులకు\న్‌
_x000D_
గొనమే మూలము సిరులకు
_x000D_
మనమే మూలంబు ముక్తి మహిమకు వేమా."	kandamu
"_x000D_
కడగిఁ గాలిలేని గగనంబుభంగిని
_x000D_
బలుతరఁగలు లేని జలధిమాడ్కి
_x000D_
నిర్వికారమునను నిశ్చలత్వమునఁ దా
_x000D_
నుండెనేని ముక్తి యొనరు వేమ."	aataveladi
"_x000D_
నీళ్ళఁబోసి కడిగి నిత్యంబు శోధించి
_x000D_
కూఁడుబెట్టి మీఁద కోకగట్టి
_x000D_
యేమి పాట్లఁబడుదు రీ దేహమున కిల
_x000D_
విశ్వదాభిరామ వినర వేమ."	aataveladi
"_x000D_
గద్దె గణము నిద్ర కలలు కోరికలును
_x000D_
ముద మొసంగ శకునములకుఁ జెలఁగు
_x000D_
ప్రశ్నలు పదివేలు పరికించి చూడంగ
_x000D_
నవును కాకపోవునగును వేమా."	aataveladi
"_x000D_
లేఁడు లేఁడనినను లేఁడు లేనేలేఁడు
_x000D_
కాఁడు కాఁడటన్న కానెకాఁడు
_x000D_
తోడు తోడనినను తోడనే తోడౌను
_x000D_
విశ్వదాభిరామ వినర వేమ."	aataveladi
"_x000D_
శివునిమీఁద మనసు స్థిరముగా నుంచిన
_x000D_
నౌను మోక్ష మరయ నైనదౌను
_x000D_
శివునిమీఁద మనసు చీమంత తప్పిన
_x000D_
కాదుకాదు ముక్తి గాదు వేమా."	aataveladi
"_x000D_
తల్లి కెదురుకొనుట తండ్రి కెదురుకొనుట
_x000D_
యన్న కెదురుకొనుట యనఁగ మూఁడు
_x000D_
పాతకముల నెఱిఁగి వర్తింపఁగావలె
_x000D_
విశ్వదాభిరామ వినర వేమ."	aataveladi
"_x000D_
లోభమోహములును ప్రాభవములుదప్పు
_x000D_
దలఁచిన పనులెల్లఁ దప్పిచనును
_x000D_
తా మొకటి దలంప దైవమొక్కటిఁదల్చు
_x000D_
విశ్వదాభిరామ వినర వేమ."	aataveladi
"_x000D_
వరలు రత్నసమితివలెఁ గూర్చుధాన్యంబుఁ
_x000D_
జక్కదంచి వండి మిక్కుటముగ
_x000D_
సుష్టుభోజనములఁ జూరగా నిడువాఁడు
_x000D_
చెప్పనేల వాఁడు శివుఁడు వేమ."	aataveladi
"_x000D_
ఒకటిక్రింద నొక్క డొనర లబ్ధముఁ బెట్టి
_x000D_
వలనుగ గుణియింప వరుసఁ బెరుఁగు
_x000D_
నట్టిరీతి నుండు నౌదార్యఫలములు
_x000D_
విశ్వదాభిరామ వినర వేమ."	aataveladi
"_x000D_
అన్న మడుగనతని కన్నంబుఁ బెట్టిన
_x000D_
బాఱవేయుదాన ఫలిత మేమి
_x000D_
ధనికునకు నొసంగు దానంబు నటువలె
_x000D_
విశ్వదాభిరామ వినర వేమ."	aataveladi
"_x000D_
ఇరుగుపొరుగువారి కెనయుసంపదఁ జూచి
_x000D_
తనకులే దటన్న ధర్మమేమి
_x000D_
ధర్మమన్నఁ దొల్లి తన్నుక చచ్చిరి
_x000D_
విశ్వదాభిరామ వినర వేమ."	aataveladi
"_x000D_
ఆఁకలన్నవాని కన్నంబు పెట్టిన
_x000D_
హరున కర్పితముగ నారగించు
_x000D_
ధరవిహీనునకును దానము నటువలె
_x000D_
విశ్వదాభిరామ వినర వేమ."	aataveladi
"_x000D_
కలిగి పెట్టలేని కర్మజీవులకెల్ల
_x000D_
తిరిపెమును దొరకదు దీనులార
_x000D_
తెలియఁ జూచుకొనుఁడు దృష్టాంత మిదిమీకు
_x000D_
విశ్వదాభిరామ వినర వేమ."	aataveladi
"_x000D_
తిరిపెగాఁ డయినను దిరిపెమెత్తిన యట్టి
_x000D_
తిరిపెమందుఁ దాను దిరిపె మిడినఁ
_x000D_
దిరిపెము తిరిపమున దిగఁబడిపోవురా
_x000D_
విశ్వదాభిరామ వినర వేమ."	aataveladi
"_x000D_
తాము బలిమిఁబెట్ట తమకు తామే కల్గు
_x000D_
నడుగనిడినఁ దాము నడుగఁగలుగు
_x000D_
విందునీనివాని కెందునులేదయా
_x000D_
విశ్వదాభిరామ వినర వేమ."	aataveladi
"_x000D_
తాము గడనసేయు ధనము తమదియని
_x000D_
నమ్మియుండ్రు వెఱ్ఱి నరులు భువిని
_x000D_
తాము నొకరి కిచ్చుధన మింతియేకాక
_x000D_
కడమది తనకేల గలుగు వేమ."	aataveladi
"_x000D_
తాను దినక యటుల ధర్మము సేయక
_x000D_
కొడుకుల కనిధనము కూడఁబెట్టి
_x000D_
తెలియఁజెప్పలేక తీఱిపోయినవెన్క
_x000D_
సొమ్ము పరులనందుఁ జూడు వేమ."	aataveladi
"_x000D_
రానిధనమునకును దానును కొడుకును
_x000D_
వాంఛఁబడుటె కాని వట్టి భ్రమలు
_x000D_
భాగ్యహీనునకును ఫలము లభించునా
_x000D_
విశ్వదాభిరామ వినర వేమ."	aataveladi
"_x000D_
భాగ్యహీనులకును వరుసవేది దొరుక
_x000D_
నదియు నిల్వదపుడు వదలుఁగాక
_x000D_
వానతోడ వచ్చువడగండ్లు నిలుచునా
_x000D_
విశ్వదాభిరామ వినర వేమ."	aataveladi
"_x000D_
ధనవిహీనుఁడైన తండ్రి గర్భంబున
_x000D_
భాగ్యపురుషుఁ డొకఁడు పరఁగఁబుట్టి
_x000D_
బహుళధనము గూర్చి భద్రమార్గంబున
_x000D_
పరుల కుపకరించి పరఁగు వేమ."	aataveladi
"_x000D_
ఇహమునందు బాధలెన్నైనఁ బడవచ్చు
_x000D_
యముని బాధలేక యమరవలెను
_x000D_
పరుల బాధలేక బ్రతుకుఁడీ నరులార
_x000D_
విశ్వదాభిరామ వినర వేమ."	aataveladi
"_x000D_
వల్లవైపులేక వాగ్దత్త మటుచేసి
_x000D_
యదిగొయిదిగొ యనుచు నాసఁబెట్టి
_x000D_
గడువుఁ బెట్టి రేపు గడియ కానిమ్మని
_x000D_
గడియలోనఁ బడియెఁ గదర వేమ."	aataveladi
"_x000D_
పరుల కుపకరింప పాపక్షయంబగు
_x000D_
పరుల కుపకరింపఁ బట్టుకొమ్మ
_x000D_
పరుల కుపకరింపఁ బరలోక సిద్ధియు
_x000D_
పరుల కుపకరింప బలిమి వేమ."	aataveladi
"_x000D_
అర్థవంతుల సొమ్ము నాసింతు రర్థులు
_x000D_
యర్థికీయ సొమ్ము వ్యర్థమౌను
_x000D_
వ్యర్థమైన సొమ్ము వ్యర్థులఁ జేరురా
_x000D_
విశ్వదాభిరామ వినర వేమ."	aataveladi
"_x000D_
ధర్మకంటకుండు ధనముచే గర్వించి
_x000D_
సకలసంపదలను జాలఁ బొరసి
_x000D_
కడకు తాను మేలు గానక చెడిపోవు
_x000D_
విశ్వదాభిరామ వినర వేమ."	aataveladi
"_x000D_
ఇంతి తనదుపేరు నెల్లకాలంబును
_x000D_
ప్రజలు దలఁచునట్టి ప్రతిభఁ గాంచె
_x000D_
నింతికి పతిభక్తి యెంతనవచ్చును
_x000D_
విశ్వదాభిరామ వినర వేమ."	aataveladi
"_x000D_
ధర్మమునకుఁ గీడు తలఁచినవాఁడు తా
_x000D_
దుష్టమార్గుఁ డవును ద్రోవ చెడును
_x000D_
గురువుపత్నిగవయఁ గోరెడువాఁడు తా
_x000D_
మొదలెచెడును ముప్పు మొనసి వేమ."	aataveladi
"_x000D_
అలయఁజేసి మలఁచి యడిగండ్లు మలిగండ్లు
_x000D_
తిరిపెమిడెడు కటికిదేబెలెల్ల
_x000D_
నెలమి మన్నుదినెడు నెఱ్ఱలౌదురు సుమీ
_x000D_
విశ్వదాభిరామ వినర వేమ."	aataveladi
"_x000D_
మత్సరంబు మదము మమకార మనియెడి
_x000D_
వ్యసనములను దగిలి మసలఁబోక
_x000D_
పరుల కుపకరించి పరము నమ్మిక నుండ
_x000D_
నొనరుచుండు రాజయోగి వేమ."	aataveladi
"_x000D_
దానధర్మములును దయయు సత్యము నీతి
_x000D_
వినయ ధైర్య శౌర్య వితరణములు
_x000D_
రాజుపాలిటి కివి రాజయోగంబులు
_x000D_
విశ్వదాభిరామ వినర వేమ."	aataveladi
"_x000D_
క్రొవ్వు పొట్టపొరలు క్రూరకర్ములపొరల్‌
_x000D_
నొవ్వఁ జేసినట్టి రవ్వపొరలు
_x000D_
నెవ్వరైన నేమి యినజువాకిటఁ గాని
_x000D_
యవ్వలికిని బోవునటర వేమ."	aataveladi
"_x000D_
లోక మరసినట్టి లోకోపకారులు
_x000D_
భోగభాగ్యములను బొంది తుదను
_x000D_
పూర్వవాసన విడిపురహరు తావున
_x000D_
మ్రోగుచుంద్రు తారు మొనసి వేమ."	aataveladi
"_x000D_
జ్ఞానమెన్న గురువు జ్ఞానహీనము బుద్ధి
_x000D_
రెంటిసందు రిమ్మరేచు నపుడు
_x000D_
రిమ్మ తెలిసెనేని రెండొకరూపురా
_x000D_
విశ్వదాభిరామ వినర వేమ."	aataveladi
"_x000D_
సకలాకారుఁ డనంతుఁడు
_x000D_
సకలాత్ములయందు సర్వసాక్షియుఁ దానే
_x000D_
సకలమున నిర్వికారుం
_x000D_
డకలంకస్థితిని బ్రహ్మ మగునుర వేమా."	kandamu
"_x000D_
నే నెవ్వండని వలపడు
_x000D_
మానసమునఁ బుడమిలోని మనుజుండటరా
_x000D_
కానడు తనశవమును దా
_x000D_
మానుగఁ గనుగొనుట యెట్లు మహిలో వేమా."	kandamu
"_x000D_
జనుఁడు తెలివినొంద చంచలింపదు మది
_x000D_
దయయు దైవమొగిని దగులు బుద్ధి
_x000D_
తివురుభానుఁ జూచి తిమిరంబు నిలుచునా
_x000D_
విశ్వదాభిరామ వినర వేమ."	aataveladi
"_x000D_
పగలురేయి మఱచి భావంబు మఱచియుఁ
_x000D_
దాను నేననియెడు తలఁపు మఱచి
_x000D_
యుండువాని నెంచ నుత్తమయోగిరా
_x000D_
విశ్వదాభిరామ వినర వేమ."	aataveladi
"_x000D_
మంటలోహమందు మ్రాకులు శిలలందు
_x000D_
పటము గోడలందుఁ బ్రతిమలందు
_x000D_
తన్నుఁ దెలియుకొఱకు తగులదా పరమాత్మ
_x000D_
విశ్వదాభిరామ వినర వేమ."	aataveladi
"_x000D_
మనసులోనివాని మానుగాఁ దెలిసిన
_x000D_
నుర్విజనులువాని యోగి యండ్రు
_x000D_
నీవె నిన్నెఱుంగ నీవెపో శివుఁడవు
_x000D_
విశ్వదాభిరామ వినర వేమ."	aataveladi
"_x000D_
మాటలోనివాని మహిమఁ దాఁ దెలియక
_x000D_
మాటబయలె లేక మమతఁ జిక్కె
_x000D_
మాట దెలిసెనేని మఱియాత్మ యోగిరా
_x000D_
విశ్వదాభిరామ వినర వేమ."	aataveladi
"_x000D_
వ్రేయవ్రేయనదియ విత్తన మనిపించు
_x000D_
వ్రేయవ్రేయఁ బ్రబల వృక్షమగును
_x000D_
తెలియఁ దెలియవాఁడు దేవుఁడనందగు
_x000D_
విశ్వదాభిరామ వినర వేమ."	aataveladi
"_x000D_
గడనగల పురుషుఁ గనుగొని
_x000D_
యడుగులకును మడుగు లిడుదు రతివలు ధరలో
_x000D_
గడన విడుపురుషుఁగనుగొని
_x000D_
నడపీనుగ వచ్చెనండ్రు నాతులు వేమా."	kandamu
"_x000D_
వంటదప్పునపుడు వంటకము విషంబు
_x000D_
కంటఁ జూడఁగానె కంటగించుఁ
_x000D_
గంటకమునఁ దిన్నకడి గండమైవచ్చు
_x000D_
విశ్వదాభిరామ వినర వేమ."	aataveladi
"_x000D_
వండివచ్చునపుడు వంటక మమృతంబు
_x000D_
కంటికింపుగాను కానుపించు
_x000D_
నొడలతినినదిండి వడిమించ గడిదేఱు
_x000D_
విశ్వదాభిరామ వినర వేమ."	aataveladi
"_x000D_
కలిగి ధర్మమీయఁ గాననివారును
_x000D_
కలిగి తినక చాలగ్రాఁగువారు
_x000D_
కలిమి నెచటఁ జూడఁ గానక చెడుదురు
_x000D_
విశ్వదాభిరామ వినర వేమ."	aataveladi
"_x000D_
అల్లువాని మృతికి నాత్మఁ జింతించును
_x000D_
తనయుమృతికిఁ దానె తల్లడిల్లుఁ
_x000D_
బుణ్యపురుషు మృతికి భూమిలో జనులకు
_x000D_
యుగము గ్రుంగినట్టు లుండు వేమ."	aataveladi
"_x000D_
సకలవిద్య లరసి చచ్చి బ్రతుకువిద్య
_x000D_
యొకటినేర మనుచు నుర్విజనులు
_x000D_
కటకటఁ బడుదురు కడహానిఁ దెలియరు
_x000D_
విశ్వదాభిరామ వినర వేమ."	aataveladi
"_x000D_
దూరదృష్టిఁ గనరు దుడుకుడువదలక
_x000D_
బారప ట్టెఱుగరు పడినదనుక
_x000D_
దండసాధ్యు లయిరి ధర్మసాధ్యులుగాక
_x000D_
భూమిజనులు వెఱ్ఱిబుద్ధి వేమ."	aataveladi
"_x000D_
ముష్టి వేపచెట్టు మొదలుగా ప్రజలకు
_x000D_
పరఁగ మూలికలకు పనికివచ్చు
_x000D_
నిర్దయాత్మకుండు నీచుఁడెందునకును
_x000D_
పనికిరాఁడు గదర పరఁగ వేమ."	aataveladi
"_x000D_
ప్రభువు కోఁతియైనఁ బ్రగ్గడ పందియౌ
_x000D_
సైనికుండు పక్కి సేన పసులు
_x000D_
ఏనుఁగు లశ్వము లెలుకలు పిల్లులు
_x000D_
విశ్వదాభిరామ వినర వేమ."	aataveladi
"_x000D_
తిట్టెనేని మొట్టు మొట్టినఁ గొట్టును
_x000D_
కొట్టెనేని యముఁడు కొద్దిపఱచుఁ
_x000D_
గోప మెంచ చెడ్డపాపము నరహత్య
_x000D_
విశ్వదాభిరామ వినర వేమ."	aataveladi
"_x000D_
కోపమునను ఘనత కొంచెమై పోవును
_x000D_
కోపమునను మిగుల గోడుఁజెందుఁ
_x000D_
గోపమడచెనేని గోరిక లీడేరు
_x000D_
విశ్వదాభిరామ వినర వేమ."	aataveladi
"_x000D_
కోపమునను నరక కూపముఁ జెందును
_x000D_
కోపమునను గుణము కొంచె మగును
_x000D_
కోపమునను బ్రతుకు కొంచెమై పోవును
_x000D_
విశ్వదాభిరామ వినర వేమ."	aataveladi
"_x000D_
రాజుమాటవలెను రసికుఁ డాడగవలె
_x000D_
నెంతపనికి నుబికి యెగురరాదు
_x000D_
కదిసి యెగిరెనేని గ్రహసమానము గాదె
_x000D_
దొడ్డ కొంచె మేల దొరకు వేమ."	aataveladi
"_x000D_
సాధుసజ్జనులను సంతరించినవాఁడు
_x000D_
ప్రజల సంతసంబు పఱచువాఁడు
_x000D_
కదిసి శాత్రవులను గరుణఁజూచినవాఁడు
_x000D_
పాదుకొన్న ముక్తిపరుఁడు వేమ."	kandamu
"_x000D_
పరఁగ లేమిచేత బంధువుల్‌ పగవారు
_x000D_
పరఁగ లేమిచేతఁ బరము తప్పు
_x000D_
పరఁగ లేమిచేతఁ బరపతి దప్పురా
_x000D_
విశ్వదాభిరామ వినర వేమ."	aataveladi
"_x000D_
నేర్చి నడుతునన్న నేరమి తా వచ్చు
_x000D_
నోర్చి నడతునన్న నోర్పురాదు
_x000D_
కూర్చి నడతునన్నఁ గూడంగ నీయదు
_x000D_
విశ్వదాభిరామ వినర వేమ."	aataveladi
"_x000D_
ధనము లేమి యనెడు దావానలం బది
_x000D_
తన్నుఁ జెఱచును దరిదాపుఁ జెఱచు
_x000D_
ధనములేమి చూడఁదలఁచగా పాపంబు
_x000D_
విశ్వదాభిరామ వినర వేమ."	aataveladi
"_x000D_
కాఁపు బల్మియున్నఁ గరణాన కది బల్మి
_x000D_
కరణముబలిమెల్ల గాఁపుబలిమి
_x000D_
కాఁపుసంతసంబు కరణముసంతోష
_x000D_
మరసిచూడ లోకమందు వేమ."	aataveladi
"_x000D_
కనుక గ్రామమునకుఁ గారణకర్తలి
_x000D_
ట్లుండయగుచు నుభయులుండిరేని
_x000D_
గండపక్షియుగళ ముండినరీతిని
_x000D_
నుద్దిగూడి బ్రతుకుచుంద్రు వేమ."	aataveladi
"_x000D_
చేకొనుచును తనకుఁ జేరి సాగినంతలోఁ
_x000D_
జెడిన ప్రజల రక్షసేయకున్న
_x000D_
తనదుసాగుటేమి తనతనువదియేమి
_x000D_
విశ్వదాభిరామ వినర వేమ."	aataveladi
"_x000D_
దోపునిచ్చువాఁడు తులలేని నెఱదాత
_x000D_
దోఁచుకొన్నవాఁడు ద్రోహి యయ్యె
_x000D_
ప్రాపుఁ జూపువాఁడు పరమపుణ్యుం డయ్యె
_x000D_
ప్రాపుఁజెఱచువాఁడు పశువు వేమ."	aataveladi
"_x000D_
కాలము తన కిక చాలా
_x000D_
కాలము గలదంచునున్న కాలమునందు\న్‌
_x000D_
కూళఁడు తను దాఁదెలియక
_x000D_
కూలును తొలిజామునందు గొబ్బున వేమా."	kandamu
"_x000D_
కూటవాసి యగుచు గుణములఁ బచరించి
_x000D_
నీటనీడవలెను నిలిచియుండు
_x000D_
నుదకఘటములందు నొగిఁదోఁచుటే గాని
_x000D_
సూర్యుఁడొకఁడు గాఁడె చూడ వేమ."	aataveladi
"_x000D_
ప్రాఁతచేసిన నర్తనల్‌ పదటఁగలిపి
_x000D_
క్రొత్తనర్తనఁ జేతురు కోడెకాండ్రు
_x000D_
కన్నతల్లిని విడనాడి కష్టపెట్టి
_x000D_
యన్యకాంతలఁ బోషించునట్లు వేమ."	teytageethi
"_x000D_
వావివర్తనలును వరుసలు మర్యాద
_x000D_
దప్పి నడచెనేని తగులుఁ గీడు
_x000D_
వదల దపుడు తాకు నది దప్పినం దుది
_x000D_
ముసలిముప్పునైన మునుగు వేమా."	aataveladi
"_x000D_
ఇంగలంబుతోడ నిలనల్పుతోడను
_x000D_
పరునియాలితోడ పతితుతోడ
_x000D_
సరసమాడు టెల్లచావుకు మూలంబు
_x000D_
విశ్వదాభిరామ వినర వేమ."	aataveladi
"_x000D_
మనసు నిల్పినట్టి మర్మజ్ఞులగువారు
_x000D_
గరిమ మోక్షపదముఁ గన్నవారు
_x000D_
చెట్టుఁబెట్ట ఫలము చేకొనఁడాతాను
_x000D_
విశ్వదాభిరామ వినర వేమ."	aataveladi
"_x000D_
తనుఁదాఁ దెలియుట తత్త్వము
_x000D_
తన కన్యులు బోధసేయ ధరలోఁ గలరే
_x000D_
తనుఁదాఁ దెలియక యుండినఁ
_x000D_
దన కెవరుం దెలుపలేరు తథ్యము వేమ."	kandamu
"_x000D_
మంచివారు లేరు మహిమీఁద వెదకినఁ
_x000D_
గష్టు లెందరైనఁ గలరు భువిని
_x000D_
పసిఁడి లేదె గాని సదడెంత లేదయా
_x000D_
విశ్వదాభిరామ వినర వేమ."	aataveladi
"_x000D_
మాటలాడ నేర్చి మనసు కరుఁగఁజేసి
_x000D_
పరఁగ ప్రియముపుట్టఁ బలుకకున్న
_x000D_
నొకరిచేత సొమ్ము లూరకవచ్చునా
_x000D_
విశ్వదాభిరామ వినర వేమ."	aataveladi
"_x000D_
అండములను బుట్టు నలరు ప్రాణులు కొన్ని
_x000D_
బుద్బుదములఁ బుట్టుఁ బురుగు లెల్ల
_x000D_
స్వేదముననుబుట్టు జీవులు కొన్నిరా
_x000D_
విశ్వదాభిరామ వినర వేమ."	aataveladi
"_x000D_
అన్న మధికమైన నది తనుఁజంపును
_x000D_
నన్న మంటకున్న నాత్మ నొచ్చుఁ
_x000D_
జంప నొంప బువ్వ చాలదా వెయ్యేల
_x000D_
విశ్వదాభిరామ వినర వేమ."	aataveladi
"_x000D_
ఆశ లుడుగఁగాని పాశముక్తుఁడు గాఁడు
_x000D_
ముక్తుఁ డైనఁగాని మునియుఁగాఁడు
_x000D_
మునియు నయినఁగాని మోహంబు లుడుగవు
_x000D_
విశ్వదాభిరామ వినర వేమ."	aataveladi
"_x000D_
చంపఁదలఁచురాజు చనవగ్గలం బిచ్చుఁ
_x000D_
జెఱుపనున్న పగఱ చెలిమిసేయుఁ
_x000D_
గఱవనున్న పాము నెఱికాచుకొనియుండు
_x000D_
విశ్వదాభిరామ వినర వేమ."	aataveladi
"_x000D_
చెఱకులోననైనఁ జెడ్డగుణం బున్నఁ
_x000D_
దీసివేయకున్నఁ దినగఁ బొసగ
_x000D_
దంతిపురము ద్రోహి యాతఁడెట్లుండురా
_x000D_
విశ్వదాభిరామ వినర వేమ."	aataveladi
"_x000D_
తనకు లేనివాఁడు దైవముందూఱును
_x000D_
తనకుఁ గలిగెనేని దైవ మేల
_x000D_
తనకు దైవమునకుఁ దగులాటమేశాంతి
_x000D_
విశ్వదాభిరామ వినర వేమ."	aataveladi
"_x000D_
తనదుమనసుచేతఁ దర్శించి జ్యోతిష
_x000D_
మెంతచేసెననుచు నెంచిచూడఁ
_x000D_
దనయదృష్ట మెల్ల దైవమ్ము తెలియురా
_x000D_
విశ్వదాభిరామ వినర వేమ."	aataveladi
"_x000D_
తన్నుఁ దెలియువారు దైవజ్ఞు లెంతయు
_x000D_
నిన్నుఁ దెలియరేని నిలువరైరి
_x000D_
మాయఁ దెలియకుండ మంటపాలైరయా
_x000D_
విశ్వదాభిరామ వినర వేమ."	aataveladi
"_x000D_
దైవమతుల నరులు తమవంటివా రని
_x000D_
యరసి గూఢతత్వ మరయ లేరు
_x000D_
ఇల్లు మూయఁబడిన నెట్లు మర్మ మెఱుఁగు
_x000D_
విశ్వదాభిరామ వినర వేమ."	aataveladi
"_x000D_
నీవుగలుగుచోటు నెళువు దెలియువాఁడు
_x000D_
వసుధయందు త్రోవ వదలఁ డెందుఁ
_x000D_
కాలు కదలనీక గ్రక్కునఁ జేరురా
_x000D_
విశ్వదాభిరామ వినర వేమ."	aataveladi
"_x000D_
నీవు నిలిచియుండు నిఖిలంబు నిలువదు
_x000D_
నిలిచియుండు నెండు నీరువలెను
_x000D_
నీవు నిశ్చయంబు నిఖిలంబు మాయయౌ
_x000D_
విశ్వదాభిరామ వినర వేమ."	aataveladi
"_x000D_
మొదట నతఁడు జ్ఞాన ముద్రాంకితుఁడు గాక
_x000D_
యావిధమును దెలియ సజ్ఞుఁ డగును
_x000D_
నడుమ జ్ఞాన మొదవ నగుఁబాటు గాదయా
_x000D_
విశ్వదాభిరామ వినర వేమ."	aataveladi
"_x000D_
పికము వనములోన విలసిల్ల పలికిన
_x000D_
భంగి ప్రాజ్ఞుడనుల పలుకుకులుకు
_x000D_
కాకికూతఁ బోలుఁ గర్మబంధులకూఁత
_x000D_
విశ్వదాభిరామ వినర వేమ."	aataveladi
"_x000D_
చిక్కియున్న వేళ సింహంబునైనను
_x000D_
బక్కకుక్క చేరి బాధచేయు
_x000D_
బలిమిలేనివేళఁ బంతంబు చెల్లదు
_x000D_
విశ్వదాభిరామ వినర వేమ."	aataveladi
"_x000D_
జ్ఞానుల మని యెంచి చపలాత్ము లగువారు
_x000D_
తెలివిలేక తమ్ముఁ దెలియలేరు
_x000D_
కష్టగహనమందు కాడ్పడియున్నారు
_x000D_
విశ్వదాభిరామ వినర వేమ."	aataveladi
"_x000D_
పాపపుణ్యములును పసిమిగా పెఱిగినా
_x000D_
ధరను నరయ యోగి యెఱుగుఁగాక
_x000D_
లోనిపొందికఁగని లోహముల్‌ గూర్పరో
_x000D_
విశ్వదాభిరామ వినర వేమ."	aataveladi
"_x000D_
పెద్దల వచనములఁ బ్రేమతోఁ జూచి తా
_x000D_
నటుల నడవఁబోవ ననువుపడదు
_x000D_
పులిని చూచి నక్క పూతఁపూసిన యట్లు
_x000D_
విశ్వదాభిరామ వినర వేమ."	aataveladi
"_x000D_
బుద్ధియుతున కేల పొసఁగని సౌఖ్యంబు
_x000D_
కార్యవాదికేల కడుచలంబు
_x000D_
కుత్సితునకు నేల గురుదేవతాభక్తి
_x000D_
విశ్వదాభిరామ వినర వేమ."	aataveladi
"_x000D_
వినుకలి కనుకలి గోరము
_x000D_
కనుకలియాకాంతగూడి కవయగ గోరు\న్‌
_x000D_
గనుగొని ప్రేమన్బొరలును
_x000D_
ఘనతరమోహంబుచోటు గదరా వేమా."	kandamu
"_x000D_
ఎల్లి రేపు నేఁడు నేలాగునైనను
_x000D_
మనసునిల్పువాఁడు మంచివాఁడు
_x000D_
శివుఁడు భర్త కర్త చింతింపనేలరా
_x000D_
విశ్వదాభిరామ వినర వేమ."	aataveladi
"_x000D_
మఱవవలె భావసంగతి
_x000D_
మఱవంగావలెను దురము మఱి విశ్వములో
_x000D_
మఱవవలెఁ బరులనేరము
_x000D_
మఱవంగా వలదు మేలు మహిలో వేమా."	kandamu
"_x000D_
ఏమి గొంచువచ్చె నేమి తాఁగొనిపోవుఁ
_x000D_
బుట్టువేళ నరుఁడు గిట్టువేళ
_x000D_
ధనము లెచటి కేఁగు దానేగు నెచటికి
_x000D_
విశ్వదాభిరామ వినర వేమ."	aataveladi
"_x000D_
కడుపులోనిరోఁత కడు నోటియెంగిలి
_x000D_
కడుగ వశమె బ్రహ్మకొడుకుకైన
_x000D_
సత్యమున్న కొంత జగతిపై సిద్ధించు
_x000D_
విశ్వదాభిరామ వినర వేమ."	aataveladi
"_x000D_
అన్నిగోసివేసి యనలంబు చల్లార్చి
_x000D_
గోచిబిగియఁగట్టి కోప మడచి
_x000D_
యాసవిడిచెనేని యతఁడు తా యోగిరా
_x000D_
విశ్వదాభిరామ వినర వేమ."	aataveladi
"_x000D_
గుణహీనజనుని గుణ మెంచగా నేల
_x000D_
బుద్ధిలేనివాని పూజలేల
_x000D_
మనసు లేనివాని మంత్రంబు లేలరా
_x000D_
విశ్వదాభిరామ వినర వేమ."	aataveladi
"_x000D_
కూడుఁగుడిచియు శతకోటిపడిగ లెత్తి
_x000D_
మాటిమాటికిఁ దినియును మంటఁగలిపి
_x000D_
కాటికేగువేళను రిత్తకూటి కగును
_x000D_
దాటిపోదురు నిజముగ దరికి వేమ."	teytageethi
"_x000D_
గీము విడిచి సుగుడి గిక్కురుమన కుండు
_x000D_
జీవు విడుచువేళ శివునిఁ దలఁచు
_x000D_
మనసు గొల్పకయును మాయచేఁ బొరలెడు
_x000D_
పాపనరుల కేటి పరము వేమ."	aataveladi
"_x000D_
తనకుఁ జేయుమేలుఁ దాఁ దెలియగ నేర్చు
_x000D_
నెలమితోడకుక్క యెఱుఁగు భువిని
_x000D_
తనకుఁ జేయుమేలు దాఁదెలియగలేని
_x000D_
మనుజుఁ డెంతఖలుఁడు మహిని వేమా."	aataveladi
"_x000D_
హీననరులతోడ నింతులతోడను
_x000D_
పడుచువాండ్రతోడ ప్రభువుతోడ
_x000D_
ప్రాజ్ఞ జనులతోడ బ్రహ్మఘ్న జనులతో
_x000D_
వైపు దెలిసి పలుకవలయు వేమ."	aataveladi
"_x000D_
అధికజనులతోడ నాప్తులతోడను
_x000D_
పరువు గురు తెఱింగి పలుకకున్న
_x000D_
వచ్చు చెడ్డతనము హెచ్చుగా గాంభీర్య
_x000D_
హానిచెందుఁ దనకు నపుడు వేమ."	aataveladi
"_x000D_
అరుదుగా నడిగిన యతఁడర్థిగాఁబోడు
_x000D_
తఱచుగా నొసగక దాతగాఁడు
_x000D_
దాత కర్థి కింత తారతమ్యము సుమా
_x000D_
విశ్వదాభిరామ వినర వేమ."	aataveladi
"_x000D_
తల్లిదండ్రులందు దారిద్ర్యయుతులందు
_x000D_
నమ్మని నిరుపేద నరులయందు
_x000D_
ప్రభువులందుఁ జూడ భయభక్తు లమరిన
_x000D_
నిహముఫలము కల్గు నెసఁగు వేమ."	aataveladi
"_x000D_
ముట్టుముట్టనుచును ముట్టరా దందురు
_x000D_
ముట్టుకు దరి యేమి మూలమేమి
_x000D_
నవబిలములముఱికి నరుల కందఱకును
_x000D_
విశ్వదాభిరామ వినర వేమ."	aataveladi
"_x000D_
పరఁగఁదానొసఁగక పరులు చెప్పినదైన
_x000D_
నియ్యజాలకవిధి నెసఁగువాఁడు
_x000D_
పొట్టుఁదినెడులండి బువ్వలు పెట్టునా
_x000D_
విశ్వదాభిరామ వినర వేమ."	aataveladi
"_x000D_
అండదప్పిన నరుఁడతిధార్మికునియిల్లు
_x000D_
చేరవలయు బ్రతుకఁజేయు నతఁడు
_x000D_
ఆ విభీషణునకు నతిగౌరవంబీడె
_x000D_
భూతలమున రామమూర్తి వేమ."	aataveladi
"_x000D_
సకలవిద్య లరసి సంతోషపడవచ్చుఁ
_x000D_
జెయ్యిసాచి కాసు లియ్యఁలేడు
_x000D_
చెలఁగి యొరులకైన చెప్పవచ్చునుగాని
_x000D_
తాను చేయలేఁడు ధరను వేమ."	aataveladi
"_x000D_
ధర్మసత్యములను దప్పకచేయని
_x000D_
కర్మజీవి మేలుఁ గానఁలేఁడు
_x000D_
నిర్మలహృదయుండు నీరూపమున నుండు
_x000D_
విశ్వదాభిరామ వినర వేమ."	aataveladi
"_x000D_
ధనములేమి కులము తక్కువపడవచ్చు
_x000D_
ధనములేమి కీర్తి దలఁగిపోవు
_x000D_
ధనములేమి శుచిని దగఁబుట్టనియ్యదు
_x000D_
ధనములేమి ఘనత తప్పు వేమ."	aataveladi
"_x000D_
ధనములేమి సుతులు తప్పుల నిడుదురు
_x000D_
ధనములేమి పత్నిఁ దాకరాదు
_x000D_
ధనములే మెవరికి తాళిక యుండదు
_x000D_
విశ్వదాభిరామ వినర వేమ."	aataveladi
"_x000D_
చచ్చువార లెవరు చావనివా రేరి
_x000D_
చచ్చి బ్రతికియుండుజన్ము లెవరు
_x000D_
విచ్చలవిడిగాను వివరించి చూడరా
_x000D_
విశ్వదాభిరామ వినర వేమ."	aataveladi
"_x000D_
బ్రతుకువార లెవరు బ్రతుకకుందు రెవరు
_x000D_
బ్రతికిబ్రతుకలేని ప్రాణు లెవరు
_x000D_
క్షితిని శోధఁజేసి స్థిరమునఁజూడరా
_x000D_
విశ్వదాభిరామ వినర వేమ."	aataveladi
"_x000D_
పెట్టువార లెవరు పెట్టకుందు రెవరు
_x000D_
పెట్టిపుట్టినట్టిదిట్ట లెవరు
_x000D_
పట్టుదప్పకుండ భావించి చూడరా
_x000D_
విశ్వదాభిరామ వినర వేమ."	aataveladi
"_x000D_
పుట్టువార లెవరు పుట్టకుందు రెవరు
_x000D_
పుట్టిగిట్టినట్టి పురుషు లెవరు
_x000D_
పుట్టిపుట్టనియట్లు బోధించి చూడరా
_x000D_
విశ్వదాభిరామ వినర వేమ."	aataveladi
"_x000D_
కట్టువార లేరి కట్టినవారేరి
_x000D_
కట్టికట్ట లేని కర్ము లేరి
_x000D_
గట్టిపఱచిలెస్స గనుగల్గి చూడరా
_x000D_
విశ్వదాభిరామ వినర వేమ."	aataveladi
"_x000D_
ఇట్టిపంచజనుని యేష్యము దెలిసిన
_x000D_
పెట్టి పుట్టి కట్టి పృథివి బ్రతికి
_x000D_
చచ్చి సిద్ధుఁడగుచు సర్వజ్ఞుఁడయినిల్చు
_x000D_
నెల్లమహిమ నీకు చెల్లు వేమ."	aataveladi
"_x000D_
మూఢకోపములను మోహలాభంబులు
_x000D_
నక్కజంపు క్రూర మధిక మయ్యె
_x000D_
కక్కసంబుచేతఁ గాలునిచేతను
_x000D_
మొక్కఁబోదురు తుది మొనసి వేమ."	aataveladi
"_x000D_
చిత్తముగలయోగి శివునివలనే యుండు
_x000D_
మిథ్యయోగి యుండు మిడుతవలెనె
_x000D_
నిత్యుఁడైన యోగి నీవలె నుండురా
_x000D_
విశ్వదాభిరామ వినర వేమ."	aataveladi
"_x000D_
ఉన్న సరికి మనుజుఁ డుపకారి గాలేక
_x000D_
కన్నుగనక పల్కుగర్వములను
_x000D_
దీనులయినవారి దిగువారిగాఁజూచి
_x000D_
పరము గనకనూత బడును వేమ."	aataveladi
"_x000D_
రోగియైనవాఁడు రోగి నెఱుంగును
_x000D_
రోగి నరసిచూచి రూఢిగాను
_x000D_
రోగి కిడినవానిరాగి బంగా రౌను
_x000D_
విశ్వదాభిరామ వినర వేమ."	aataveladi
"_x000D_
ఎదుటితనబలంబు లెంచుకోనేరక
_x000D_
డీకొని చలమున నెదిర్చెనేని
_x000D_
యెలుగు పందిసేత కేర్పడు చందంబు
_x000D_
విశ్వదాభిరామ వినర వేమ."	aataveladi
"_x000D_
ఓగుబాగెఱుఁగని యుత్తమూఢజనంబు
_x000D_
లిలను ధీ జనముల నెంచుటెల్ల
_x000D_
కరినిజూచి కుక్క మొఱిగిన సామ్యమౌ
_x000D_
విశ్వదాభిరామ వినర వేమ."	aataveladi
"_x000D_
నేరనిజనులకును నేర్పు నేరము లెల్లఁ
_x000D_
జక్కఁజేయరిల నసాధుజనము
_x000D_
లొప్పుదుర్జనులను తప్పుగనెంతురు
_x000D_
విశ్వదాభిరామ వినర వేమ."	aataveladi
"_x000D_
దిక్కులేనిరోఁత దీనతఁ బాపిన
_x000D_
పురుషుఁడిహమునందు పూజ్యుఁడగును
_x000D_
పరమునందు వాని భాగ్య మేమనవచ్చు
_x000D_
విశ్వదాభిరామ వినర వేమ."	aataveladi
"_x000D_
పలుగువాని కేల పరసమృద్ధి దలంప
_x000D_
పలుగువాని కేల భక్తిపదము
_x000D_
పలుగువాని కేల పరమార్థ తత్వంబు
_x000D_
విశ్వదాభిరామ వినర వేమ."	aataveladi
"_x000D_
తండ్రిసొమ్మునైన దాయాదిసొమ్మైనఁ
_x000D_
బరులసొమ్మునయినఁ బ్రాప్తధనము
_x000D_
దయను దీనులకును దాన మిచ్చినవాఁడె
_x000D_
బహుళపుణ్యజనుఁడు పరఁగ వేమ."	aataveladi
"_x000D_
తనదుసొమ్ముఁజూడ దాన మియ్యగవచ్చు
_x000D_
నవని దొడ్డగాద దెవరికైన
_x000D_
నదురు బెదురు లేక యన్యులసొమ్ముల
_x000D_
దానమిచ్చువాఁడు దాత వేమ."	aataveladi
"_x000D_
ధైర్యయుతుని కితరధనమైన నదురేమి
_x000D_
దాన మిచ్చునపుడె తనకుఁదక్కె
_x000D_
నెలమి మించుపనికినెవ రేమిసేయుదు
_x000D_
రడుగుదప్ప తప్పు పిడుగు వేమ."	aataveladi
"_x000D_
ద్రోహబుద్ధినైన దొంగఱికమునైన
_x000D_
నటననైన సాహసముననైన
_x000D_
సంపదధికునుండి సాధించి ధనమును
_x000D_
బడుగు కిచ్చి బాగుపడును వేమ."	aataveladi
"_x000D_
నరుఁడటు పరమాత్మ గురుని జేరునపుడు
_x000D_
హస్తమందె మోక్ష మపుడె చూపు
_x000D_
విఱివిసంపదలను విఱ్ఱవీగినజీవి
_x000D_
పర మెఱుఁగక యమునిపాలు వేమ."	aataveladi
"_x000D_
బిడ్డలను సతులను వేఱైనచుట్టాల
_x000D_
సంపదల తనువులఁ జాలనమ్మి
_x000D_
సంతసిల్లుచుండు క్షణభంగురము లన్ని
_x000D_
దెలియ నేరఁడేమి దెల్ప వేమ."	aataveladi
"_x000D_
ఉచితవంతుఁడైన నుద్యోగపరుఁడైన
_x000D_
సాగుబాటునున్న సమయమునను
_x000D_
పరుల కుపకరించి పరఁగ రక్షించును
_x000D_
విశ్వదాభిరామ వినర వేమ."	aataveladi
"_x000D_
పట్టువస్త్రములను పరఁగ భూషణములు
_x000D_
కుదువ లిడుటలెల్ల గొదువవద్దు
_x000D_
లనుభవింపఁగూడఁ డతఁడెంతవాఁడైన
_x000D_
విశ్వదాభిరామ వినర వేమ."	aataveladi
"_x000D_
వినియుండెడి జనమెల్లను
_x000D_
చనిపోయినవారి పుణ్యసత్కథ లెలమి\న్‌
_x000D_
వినవలెఁ గనవలె ననవలె
_x000D_
ననిమిషునకునైనఁ దెలియ దంత్యము వేమ."	kandamu
"_x000D_
పచ్చఁజూచువారు పచ్చ మెచ్చెడివారు
_x000D_
పచ్చబడెడువారు చెడ్డవారు
_x000D_
పచ్చ విడుచువాని ప్రభువుఁగా జూతురు
_x000D_
విశ్వదాభిరామ వినర వేమ."	aataveladi
"_x000D_
ప్రస్తుతించువేళ బద్యంబుఁ జదివినఁ
_x000D_
దప్పుదగిలియున్న నొప్పియుండు
_x000D_
వెలఁది సురతవేళ బిత్తరై యొప్పదా
_x000D_
విశ్వదాభిరామ వినర వేమ."	aataveladi
"_x000D_
బంగరుఁ బొడఁగన్న భామలఁ బొడఁగన్న
_x000D_
చిత్తమునను చింత సేయఁడేని
_x000D_
వాఁడె పరమయోగి వర్ణింప జంగమందు
_x000D_
విశ్వదాభిరామ వినర వేమ."	aataveladi
"_x000D_
పతియొప్పిన సతి యొప్పును
_x000D_
సతిపతు లొకటైనఁ బరమపావన మందూ
_x000D_
స్సతిపతిన్యాయమె మోక్షం
_x000D_
బతులితపరమాత్మ నైక్య మగురా వేమ."	kandamu
"_x000D_
ఆకాశంబున వాయువు
_x000D_
మ్రాకునదావాగ్ని యటుల మానసమందు\న్‌
_x000D_
ఏకాకారుఁడు జగమున
_x000D_
జోకైతనుదానె వెల్గు సుమ్ముర వేమ."	kandamu
"_x000D_
కండకావరమునఁ గానఁడు మరణంబు
_x000D_
మదముచేతఁ దత్వమహిమఁ గనఁడు
_x000D_
భోగవాంఛచేతఁ బుణ్యంబుఁ గానఁడు
_x000D_
విశ్వదాభిరామ వినర వేమ."	aataveladi
"_x000D_
తెలుపు మాపుచేసి దిట్టతనంబునఁ
_x000D_
దెలుపు భస్మముగను దేటపఱుచు
_x000D_
విధముకన్నఁ బరుసవేదియు లేదురా
_x000D_
విశ్వదాభిరామ వినర వేమ."	aataveladi
"_x000D_
దుండగీడు కొడుకు కొండీడు చెలికాఁడు
_x000D_
బండరాజునకును బడుగుమంత్రి
_x000D_
కొండముచ్చునకును గోఁతియు సరియౌను
_x000D_
విశ్వదాభిరామ వినర వేమ."	aataveladi
"_x000D_
పుట్టుదుఃఖమునను పొరలుదుఃఖమునను
_x000D_
గిట్టుదుఃఖమునను క్రిం దగుదురు
_x000D_
మనుజదుఃఖమువలె మఱిలేదు దుఃఖంబు
_x000D_
విశ్వదాభిరామ వినర వేమ."	aataveladi
"_x000D_
పెట్టినంత ఫలము పెక్కండ్ర కుపహతిఁ
_x000D_
జేయకున్నఁ దాను జెఱుపకున్న
_x000D_
పెండ్లిసేయునట్టి పెద్దఫలంబురా
_x000D_
విశ్వదాభిరామ వినర వేమ."	aataveladi
"_x000D_
మేకఁ జంకఁబెట్టి మెలఁగుచు మందలో
_x000D_
బ్రమసి తిరుగు గొల్లపగిది గాక
_x000D_
దైవ మెఱుఁగక పరదైవముల్‌ దలఁచును
_x000D_
విశ్వదాభిరామ వినర వేమ."	aataveladi
"_x000D_
వేడబంబువాని వినయంబు లధికంబు
_x000D_
చెడ్డముండ ముసుఁగు చెలఁగిపెట్టు
_x000D_
చెడిపెకొడుకు మిగులచేయు నాచారంబు
_x000D_
విశ్వదాభిరామ వినర వేమ."	aataveladi
"_x000D_
పరధనమ్ములకును బారుగా చెయిపట్టి
_x000D_
సత్యమింతలేక చారుఁడయ్యె
_x000D_
ద్విజుఁ డనుకొనుఁదాదు తేజమింతయు లేక
_x000D_
విశ్వదాభిరామ వినర వేమ."	aataveladi
"_x000D_
ఇమ్ము దప్పువేళ నెమ్మెలన్నియుఁ దక్కి
_x000D_
కాల మొక్క రీతిఁ గడుపవలయు
_x000D_
విజయుఁ డనువుదప్పి విరటుని గొలువఁడా
_x000D_
విశ్వదాభిరామ వినర వేమ."	aataveladi
"_x000D_
మెలత నడవినుంచి మృగమువెంటనె పోయె
_x000D_
రామచంద్రుకన్న రసికుఁడేడి
_x000D_
చేటుకాలమునకు చెడుబుద్ధి పుట్టును
_x000D_
విశ్వదాభిరామ వినర వేమ."	aataveladi
"_x000D_
లంకపోవునాఁడు లంకాధిపతి రాజ్య
_x000D_
మంత కీశసేన లాక్రమించె
_x000D_
చేటుకాలమైనఁ జెఱుప నల్పుఁడె చాలు
_x000D_
విశ్వదాభిరామ వినర వేమ."	aataveladi
"_x000D_
రామవిభుఁడు పుట్టి రఘుకులం బలరించె
_x000D_
గురువిభుండు పుట్టి కులముచెఱచె
_x000D_
ఎవరి మంచిచెడ్డ లెంచిచూచినఁ దేట
_x000D_
విశ్వదాభిరామ వినర వేమ."	aataveladi
"_x000D_
పురహరునకు నేఁతపరువు తానేసిన
_x000D_
స్థిరముగల్గు జ్ఞానజీవ మయ్యె
_x000D_
నేత కేమివచ్చె నిజభక్తి హేతువు
_x000D_
విశ్వదాభిరామ వినర వేమ."	aataveladi
"_x000D_
శుద్ధదృష్టిఁ దెలిసి శుక్రునంతటివాఁడు
_x000D_
పట్టలేక మనసు పాఱవిడిచి
_x000D_
కన్నుపోయి పిదప కాకిచందం బయ్యె
_x000D_
విశ్వదాభిరామ వినర వేమ."	aataveladi
"_x000D_
పంచాక్షరి పూజలచే
_x000D_
సంచితముగ నెఱుఁగు నాతఁ డఖిలజ్ఞుండై
_x000D_
వంచన మెఱుఁగక కువలయ
_x000D_
సంచారము సేయు నతఁడు శంభుఁడు వేమా."	kandamu
"_x000D_
శూద్రులందుఁబుట్టి శూద్రుల దూషించి
_x000D_
ద్విజుఁడ ననెడిపేరు నిజముఁజేసి
_x000D_
మనసు నిల్పకున్న మఱిశూద్ర నీచుండు
_x000D_
విశ్వదాభిరామ వినర వేమ."	aataveladi
"_x000D_
నొసలు బత్తుఁడయ్యె నోరు తోడే లయ్యె
_x000D_
మనసు భూతమువలె మలయఁగాను
_x000D_
శివునిఁ గనియె నన్నసిగ్గెట్లు గాదొకొ
_x000D_
విశ్వదాభిరామ వినర వేమ."	aataveladi
"_x000D_
మాదిగ చెవులను మనసులోఁ బెట్టుక
_x000D_
మాదిగలను దెగడు మాదిగపుడు
_x000D_
మంచిగుణములేక మఱిద్విజుఁ డెట్లగు
_x000D_
విశ్వదాభిరామ వినర వేమ."	aataveladi
"_x000D_
కల్లలాడుకంటె కష్టంబు మఱిలేదు
_x000D_
కష్టమెపుడు కీడుఁ గలిగియుండు
_x000D_
ద్విజుఁడననుట చూడఁ ద్రిమ్మరితన మది
_x000D_
విశ్వదాభిరామ వినర వేమ."	aataveladi
"_x000D_
విప్రవరుల మనుచు వేదంబుఁ జదువక
_x000D_
ప్రాకృతులను జూచి పరిహసించు
_x000D_
ధరణిసురులకన్న దాసరిమత మెచ్చు
_x000D_
విశ్వదాభిరామ వినర వేమ."	aataveladi
"_x000D_
వేష మొనరఁగట్టి వెలయ శూద్రత్వంబు
_x000D_
తనకు లేదనుకొను ధరణి ద్విజుఁడు
_x000D_
అరిది గిట్టువేళ నడఁగు ద్విజత్వంబు
_x000D_
విశ్వదాభిరామ వినర వేమ."	aataveladi
"_x000D_
సోమయాజి ననుచు సొంపుగా వేషంబు
_x000D_
గట్టి మాంసమెల్లఁ గాల్చితినును
_x000D_
ద్విజుఁడనంగ నేమితేజంబు తనవల్ల
_x000D_
విశ్వదాభిరామ వినర వేమ."	aataveladi
"_x000D_
అంతరాత్మఁ గనక యల్పబుద్ధులతోడ
_x000D_
మెలఁగునట్టి ద్విజులు మేదినందు
_x000D_
యమునినరకములకు నరుగంగ నది సాక్షి
_x000D_
విశ్వదాభిరామ వినర వేమ."	aataveladi
"_x000D_
కల్లటికెకు భూతి గట్టిగాఁ బెట్టిన
_x000D_
నందులోని కంపు లడఁగనట్లు
_x000D_
మెడను త్రాడు వేయ మెఱపుతో ద్విజుఁడౌనె
_x000D_
విశ్వదాభిరామ వినర వేమ."	aataveladi
"_x000D_
బిందురక్తములను బెరసిన దేహంబు
_x000D_
చంద మెఱుఁగక ద్విజశబ్ద మిడఁగ
_x000D_
నడచిన విడుచున నరకంబు మృత్యువు
_x000D_
విశ్వదాభిరామ వినర వేమ."	aataveladi
"_x000D_
భూతి దేహమందుఁ బూసిన నాయెనా
_x000D_
నిష్ఠ శివునియందె నిలుపవలయుఁ
_x000D_
గాని భస్మమందు గాడిదె పొర్లదా
_x000D_
విశ్వదాభిరామ వినర వేమ."	aataveladi
"_x000D_
ఆకులెల్లఁదిన్న మేఁకపోతుల కేల
_x000D_
గాకపోవునయ్య కాయసిద్ధి
_x000D_
లోకులెల్ల వెఱ్ఱి పోకళ్ళఁ బోదురు
_x000D_
విశ్వదాభిరామ వినర వేమ."	aataveladi
"_x000D_
బోడితలల జడల బూడిదెపూఁతల
_x000D_
భాషణాసనముల వేషములను
_x000D_
యోగిగాఁడు లోన బాగుగాకుండెనా
_x000D_
విశ్వదాభిరామ వినర వేమ."	aataveladi
"_x000D_
కాయగూరలుతిని కాషాయవస్త్రముల్‌
_x000D_
బోడినెత్తి గలిగి పొరయుచుండ్రు
_x000D_
తలలు బోడులైనఁ దలఁపులు బోడులా
_x000D_
విశ్వదాభిరామ వినర వేమ."	aataveladi
"_x000D_
కాలు చేయి వంచి గాలి నిండఁగఁజేర్చి
_x000D_
నేలవ్రాలి కొన్ని నిలిచికొన్ని
_x000D_
యాసనముఖవిద్య లభ్యాస విద్యలు
_x000D_
విశ్వదాభిరామ వినర వేమ."	aataveladi
"_x000D_
కావిపంచె గట్టికడుయోగివలెనుండి
_x000D_
వెదకి కోర్కులెల్ల విడిచిపెట్టి
_x000D_
తొడరి తిరుగువాఁడు దొంగసన్యాసిరా
_x000D_
విశ్వదాభిరామ వినర వేమ."	aataveladi
"_x000D_
కలియుగమునఁ బుట్టి కడతేఱఁగా లేక
_x000D_
యొడలు బడలఁజేసి యుగ్రతపము
_x000D_
తపసు చేసియేమి తత్వంబుఁ గనలేరు
_x000D_
విశ్వదాభిరామ వినర వేమ."	aataveladi
"_x000D_
ఇల్లునాలివిడిచి యినుపకచ్చలఁ గట్టి
_x000D_
వంటకంబు నీరువాంఛ లుడిగి
_x000D_
యొంటినున్న యంత నొదవునా తత్వంబు
_x000D_
విశ్వదాభిరామ వినర వేమ."	aataveladi
"_x000D_
జీవలింగపూజఁ జేసినవారికి
_x000D_
శిలలరూపమందుఁ జింతయేల
_x000D_
చెలఁగి మధువు గ్రోలఁజేదు రుచించునా
_x000D_
విశ్వదాభిరామ వినర వేమ."	aataveladi
"_x000D_
శివుఁడు గలఁడటంచు శిలలకు మ్రొక్కెడి
_x000D_
వెఱ్ఱిజీవులార వెతల విడుడి
_x000D_
జీవులందె కాక శిలల నేమున్నది
_x000D_
విశ్వదాభిరామ వినర వేమ."	aataveladi
"_x000D_
రాతిప్రతిమ దెచ్చి రాజసంబుననుంచి
_x000D_
పూజసేయు నరుఁడు బుద్ధిమాలి
_x000D_
భావమందుఁ బరము భావించ నేరఁడు
_x000D_
విశ్వదాభిరామ వినర వేమ."	aataveladi
"_x000D_
జంగమాఖ్య భక్తి సంధివేఱుగలేదు
_x000D_
సగుణభావ మదియ శాస్త్ర విధియు
_x000D_
నిర్గుణంబు వీడు నెఱినేదియెఱుఁగఁడు
_x000D_
విశ్వదాభిరామ వినర వేమ."	aataveladi
"_x000D_
ఎంబెరుమతమని యెసఁగ మాంసము తిని
_x000D_
మారుపేరుఁ బెట్టి మధువు ద్రావి
_x000D_
వావివరుస దప్పి పలికి పాడౌదురు
_x000D_
విశ్వదాభిరామ వినర వేమ."	aataveladi
"_x000D_
జాతిమతము విడిచి చని యోగిగా మేలు
_x000D_
జాతితోనెయుండె నీతులెల్ల
_x000D_
మతముఁబట్టి జాతి మానకుంట కొఱంత
_x000D_
విశ్వదాభిరామ వినర వేమ."	aataveladi
"_x000D_
కట్టెపేరు లోలిగట్టి చెప్పఁగ రాదు
_x000D_
కానరాదు లోని కలిమితనము
_x000D_
జంగమయినపిదప జాతి నెంచరాదు
_x000D_
విశ్వదాభిరామ వినర వేమ."	aataveladi
"_x000D_
వేదవిద్యలెల్ల వేశ్యలవంటివి
_x000D_
భ్రమలపెట్టి తేటపడగ నీవు
_x000D_
గుప్తవిద్య యొకటె కులకాంతవంటిది
_x000D_
విశ్వదాభిరామ వినర వేమ."	aataveladi
"_x000D_
వేదశాస్త్రములను విని యేమి కుడిచిరి
_x000D_
యరిగితిరిగి సొత్తు రందఱిల్లు
_x000D_
బ్రహ్మమహిమఁ దెలిసి బ్రతుకుట నిజమయా
_x000D_
విశ్వదాభిరామ వినర వేమ."	aataveladi
"_x000D_
వ్రతము లెన్నియైన వట్టిచిక్కులె కాని
_x000D_
యాత్మచిక్కుఁ గాన నలవిగాదు
_x000D_
ఆత్మచిక్కుఁ బాపునతఁడెపో ఘనయోగి
_x000D_
విశ్వదాభిరామ వినర వేమ."	aataveladi
"_x000D_
జననమరణములకు సంధ్యత్రాడును లేదు
_x000D_
సంధ్యత్రాడునులేదు జనని కెపుడు
_x000D_
తల్లి శూద్రురాలు దానెట్లు బాగురా
_x000D_
విశ్వదాభిరామ వినర వేమ."	aataveladi
"_x000D_
ప్రేతయన్న మనుచుఁ బ్రీతితోఁ బిలిపించి
_x000D_
కాకులకును బెట్టు కర్ములార
_x000D_
కాకులందు నేమి ఘనులకుఁ బెట్టుఁడీ
_x000D_
విశ్వదాభిరామ వినర వేమ."	aataveladi
"_x000D_
పిండములను జేసి పితరులఁదలపోసి
_x000D_
కాకులకును బెట్టు గాడ్దెలార
_x000D_
పెంటఁదినెడు కాకి పితరుఁ డెట్లాయెనో
_x000D_
విశ్వదాభిరామ వినర వేమ."	aataveladi
"_x000D_
నల్లబోడితలలు తెల్లనిగొంగళ్లు
_x000D_
ఒడల బూడ్దెపూత యొంటిరోఁత
_x000D_
యిట్టివేషములును పొట్టకోసము సుమీ
_x000D_
విశ్వదాభిరామ వినర వేమ."	aataveladi
"_x000D_
కంబళములఁ గట్టి గంటలు గజ్జలు
_x000D_
బోడితలలు కావి బొంతచిటికె
_x000D_
లాత్మదేవపూజ లవి సేయనేరవు
_x000D_
విశ్వదాభిరామ వినర వేమ."	aataveladi
"_x000D_
మానసంపురక్తి మసలక యాత్మలో
_x000D_
బోడితలల సొంపు పొల్పుమీఱ
_x000D_
కడుపుకొఱకుఁ దిరుగు కష్టంపుమతితోడ
_x000D_
విశ్వదాభిరామ వినర వేమ."	aataveladi
"_x000D_
పుస్తకములు జడలు పులితోలు బెత్తంబు
_x000D_
కక్షపాలలు పది లక్షలైన
_x000D_
మోత చేటు గాని మోక్షంబు లేదయా
_x000D_
విశ్వదాభిరామ వినర వేమ."	aataveladi
"_x000D_
హృదయము పదిలంబైనను
_x000D_
గుదికొను సన్యాసమునకుఁ గొమ్మలు గలవా
_x000D_
యిదియెఱుఁగరు చదువరులటు
_x000D_
మది ముక్తికి నాస్పదంబు మహిలో వేమా."	kandamu
"_x000D_
ఆసనములు పన్ని యంగంబు బిగియించి
_x000D_
యొడలు విఱుచుకొనెడి యోగమెల్ల
_x000D_
జెట్టిసాముకన్నఁ జింతాకు తక్కువ
_x000D_
విశ్వదాభిరామ వినర వేమ."	aataveladi
"_x000D_
కడుపు బోరగించి కన్నులు ముకుళించి
_x000D_
బిఱ్ఱబిగిసికొన్న బీదయోగి
_x000D_
యమునిబాఱిగొఱ్ఱె యతఁ డేమిసేయును
_x000D_
విశ్వదాభిరామ వినర వేమ."	aataveladi
"_x000D_
రేచకపూరక కుంభక
_x000D_
సూచకములు రాజయోగి సుస్థిరమతియై
_x000D_
లోచూపుచూడనొల్లక
_x000D_
వాచాబ్రహ్మంబు పలుకవద్దుర వేమా."	kandamu
"_x000D_
పడిపడి మ్రొక్కఁగ నేటికి
_x000D_
గుడిలోపలి కఠినశిలల గుణములు చెడునా
_x000D_
గుడి దేహ మాత్మదేవుఁడు
_x000D_
చెడురాళ్ళకు వట్టిపూజ సేయకు వేమా."	kandamu
"_x000D_
పలుగురాళ్ళఁ దెచ్చి పరఁగగుడులు కట్టి
_x000D_
చెలఁగిశిలలసేవఁ జేయనేల
_x000D_
శిలలసేవఁ జేయ ఫలమేమి గల్గురా
_x000D_
విశ్వదాభిరామ వినర వేమ."	aataveladi
"_x000D_
ఉపవసములనున్న నూరపందిగఁబుట్టుఁ
_x000D_
దపసియై దరిద్రతను వహించు
_x000D_
శిలకు మ్రొక్కనగునె జీవమడుగు పొమ్ము
_x000D_
విశ్వదాభిరామ వినర వేమ."	aataveladi
"_x000D_
ఇహము విడచి ఫలము లింపుగఁ గలవని
_x000D_
మహిని బల్కు వారిమతము కల్ల
_x000D_
యిహములోనఁ బరము నెసఁగుట గానరో
_x000D_
విశ్వదాభిరామ వినర వేమ."	aataveladi
"_x000D_
వ్రాఁత వెంటఁగాని వరమీడు దైవంబు
_x000D_
సేఁతకొలదిగాని వ్రాఁతగాదు
_x000D_
వ్రాఁతకజుఁడు కర్త చేఁతకుఁ దాఁగర్త
_x000D_
విశ్వదాభిరామ వినర వేమ."	aataveladi
"_x000D_
దోసకారియైన దూసరికాఁడైనఁ
_x000D_
బతితుఁడైన వేదబాహ్యుఁడైన
_x000D_
వట్టిలేని పేదవాని కీఁదగు నీవి
_x000D_
ధనికునకు నొసంగఁ దగదు వేమ."	aataveladi
"_x000D_
కంటికంటి ననుచుఁ గర్మాధికారంబు
_x000D_
వెంటఁబట్టి చెడును వెఱ్ఱినరుఁడు
_x000D_
బట్టబయట ముక్తి చాటించిచూడరో
_x000D_
విశ్వదాభిరామ వినర వేమ."	aataveladi
"_x000D_
తాను విమలుఁడైనఁ దనగుణ మంతయు
_x000D_
శివుని కీనిగురువు చెడుగురుండు
_x000D_
గ్రుడ్డిగుఱ్ఱ మెక్కి గుడి దిరిగినటుల
_x000D_
విశ్వదాభిరామ వినర వేమ."	aataveladi
"_x000D_
జార పురుషుమీఁద సద్భక్తి నిలుపుచు
_x000D_
పతికి నిచ్చకంబు బడయుభంగి
_x000D_
పరముకొఱకు యోగి పాటించు దేహంబు
_x000D_
విశ్వదాభిరామ వినర వేమ."	aataveladi
"_x000D_
తనువులోన జీవతత్వ మెఱుంగక
_x000D_
వేఱె కలదటంచు వెదుకనేల
_x000D_
భానుడుండ దివ్వెఁబట్టి వెదుకు రీతి
_x000D_
విశ్వదాభిరామ వినర వేమ."	aataveladi
"_x000D_
చదువులందు లేదు శాస్త్రంబులను లేదు
_x000D_
వేదములను దైవభేదములను
_x000D_
బైటనున్న ముక్తి పాటించ లేఁడయా
_x000D_
విశ్వదాభిరామ వినర వేమ."	aataveladi
"_x000D_
చచ్చువారిని గని చావు నిశ్చయమని
_x000D_
తత్వమెల్ల నాత్మఁదలచి తెలివి
_x000D_
నదరు బెదరులేక యడరిన ముక్తుఁడు
_x000D_
విశ్వదాభిరామ వినర వేమ."	aataveladi
"_x000D_
బొమ్మలాటవాఁడు బొమ్మల నాడించు
_x000D_
భువిని జనులుచూఁడ బొలుపుమీఱ
_x000D_
తానుమఱిగియుండి దైవ మాడించురా
_x000D_
విశ్వదాభిరామ వినర వేమ."	aataveladi
"_x000D_
పరయువతిరతంబు పాటించి కోరిన
_x000D_
కోటిపూజలెల్లఁ గొల్లఁబోవు
_x000D_
సెగకు పొంతనున్న చెడదె తాపముచేత
_x000D_
విశ్వదాభిరామ వినర వేమ."	aataveladi
"_x000D_
తప్పురూపు గట్టి ధరలోనఁ దిరిగెడు
_x000D_
సేఁతలెల్ల మిత్తిఁజేరుకొఱకె
_x000D_
కడుపునిండ నింత కష్టంబు లేలరా
_x000D_
విశ్వదాభిరామ వినర వేమ."	aataveladi
"_x000D_
వాక్కుశుద్ధి లేనివాఁడు చండాలుండు
_x000D_
ప్రేమశుద్ధిలేని పెట్టులేల
_x000D_
నొసలు భక్తుఁడైన నోరు తోడేలయా
_x000D_
విశ్వదాభిరామ వినర వేమ."	aataveladi
"_x000D_
పరఁగ బొమ్మగుడ్డు పరికించి చూచిన
_x000D_
కులముల నిలయందుఁ గూడఁబెట్టు
_x000D_
నందఱొకటఁ గలియ నన్నదమ్ములె కదా
_x000D_
విశ్వదాభిరామ వినర వేమ."	aataveladi
"_x000D_
కూడ దేమిచేసె గులమేమి చేసెను
_x000D_
భూమి యేమిచేసె బొందికట్టె
_x000D_
నరుఁడు పడెడుపాట్లు నగుబాట్లు చూడరా
_x000D_
విశ్వదాభిరామ వినర వేమ."	aataveladi
"_x000D_
కానలేరు గాని కలియుగంబుననున్న
_x000D_
మనుజులందఱికిని మాన మొకటి
_x000D_
దౌష్టికు లగువారు తమవలెఁ జూడక
_x000D_
పరులఁదూల నాడుదురుగ వేమ."	kandamu
"_x000D_
జాతులందు నెట్టిజాతి ముఖ్యముచూడు
_x000D_
మెఱుఁగలేక దిరుగ నేమిగలదు
_x000D_
యెఱుక గలుగు మనుజుఁ డేజాతి గలవాఁడు
_x000D_
విశ్వదాభిరామ వినర వేమ."	aataveladi
"_x000D_
చావు వచ్చినపుడు సన్యసించునదెట్లు
_x000D_
కడకు మొదటికులము చెడినదగును
_x000D_
పాప మొకటి గలదు ఫలమేమి లేదయా
_x000D_
విశ్వదాభిరామ వినర వేమ."	aataveladi
"_x000D_
ఊరులు పల్లెలు మానుక
_x000D_
వారక యడవిం జరించువాఁ డరుదెంచు\న్‌
_x000D_
పెరుగులు కూరలు మెసవెడు
_x000D_
వీఱిఁడికెట మోక్షపదవి వినరా వేమా."	kandamu
"_x000D_
శూద్రు లనుచు భువిని శూద్రులఁ బోనాఁడు
_x000D_
మాలకన్న చెడుగు మహినిలేఁడు
_x000D_
నరకమునకు నేగు నష్టమైన వెనుక
_x000D_
విశ్వదాభిరామ వినర వేమ."	aataveladi
"_x000D_
పూజకన్న నెంచ బుద్ధి నిధానంబు
_x000D_
మాటకన్న నెంచ మనసు దృఢము
_x000D_
కులముకన్న మిగుల గుణమే ప్రధానంబు
_x000D_
విశ్వదాభిరామ వినర వేమ."	aataveladi
"_x000D_
కులము హెచ్చుతగ్గు గొడవలు పనిలేదు
_x000D_
సానుజాత మయ్యె సకలకులము
_x000D_
హెచ్చుతగ్గుమాట లెటులెఱుంగఁగ వచ్చు
_x000D_
విశ్వదాభిరామ వినర వేమ."	aataveladi
"_x000D_
గ్రామము భూముల మానుక
_x000D_
ప్రేమోదయమింత లేక భీకరమతులై
_x000D_
భామల సుతులను వదలుక
_x000D_
బాములఁ బడనేల యడవిపట్టున వేమా."	kandamu
"_x000D_
మాలవాని నేల మహిమీఁద నిందింప
_x000D_
నొడలరక్తమాంస మొకటిగాదె
_x000D_
వానిలోన మెలఁగువాని కులంబేది
_x000D_
విశ్వదాభిరామ వినర వేమ."	aataveladi
"_x000D_
మాలవాని నంటి మఱినీళ్ళ మునిగేరు
_x000D_
మనుజకర్మచేత మాలఁడయ్యె
_x000D_
నేలతెలియలేరో యీ నరపశువులు
_x000D_
విశ్వదాభిరామ వినర వేమ."	aataveladi
"_x000D_
మాదిగయనవద్దు మఱిగుణ మొనసిన
_x000D_
మాదిగది వసిష్ఠుమగువ చేడె
_x000D_
మాదిగ గుణమున్న మఱి ద్విజుఁడగునయా
_x000D_
విశ్వదాభిరామ వినర వేమ."	aataveladi
"_x000D_
శిలను ప్రతిమఁజేసి చీఁకటింటను బెట్టి
_x000D_
మ్రొక్కవలదు మహిని మూఢులార
_x000D_
ఉల్లమందు బ్రహ్మముండుట దెలియరు
_x000D_
విశ్వదాభిరామ వినర వేమ."	aataveladi
"_x000D_
మాలవాఁడయినను మఱియాత్మమీఁదను
_x000D_
మనసు నిల్పెనేని మాలగాఁడు
_x000D_
మనసు నిల్పకున్న మహిమీఁద మాలఁడు
_x000D_
విశ్వదాభిరామ వినర వేమ."	aataveladi
"_x000D_
తాతఁ గన్నతల్లి తనతండ్రిఁ గనుతల్లి
_x000D_
తన్నుఁగన్న తల్లి తల్లితల్లి
_x000D_
తల్లి శూద్రురాలు తానెట్లు బాపఁడో
_x000D_
విశ్వదాభిరామ వినర వేమ."	aataveladi
"_x000D_
తాతజనించెఁ గన్యకకు తండ్రులు తామును కుండగోళకుల్‌
_x000D_
మాతపరానుకూలి మరి యెక్కువ ద్రౌపతి భర్తలేవురు\న్‌
_x000D_
నీతులు చెప్ప పాండవులనీమము లిట్టి వటంచు నెన్నుచు\న్‌
_x000D_
భూతలమందు మిక్కిలిగఁ బూజలఁ జేసిరి వెఱ్ఱి వేమనా."	vutpalamaala
"_x000D_
తనదు తల్లి లంజె తనయాలు మాదిగ
_x000D_
శ్రీపతికి గురువసిష్ఠుఁ డరయ
_x000D_
తపముచేత ద్విజుఁడు తర్కింప కులమెట్లు
_x000D_
విశ్వదాభిరామ వినర వేమ."	aataveladi
"_x000D_
జాతివేఱు లేక జన్మక్రమంబున
_x000D_
నెమ్మదిని నభవుని నిల్పెనేని
_x000D_
అఖిలజనులకెల్ల నాతఁడె ఘనయోగి
_x000D_
విశ్వదాభిరామ వినర వేమ."	aataveladi
"_x000D_
ధర గిరులు జలధు లన్నియు
_x000D_
పరికింపగఁ బ్రళయమునను భస్మావృతులౌ
_x000D_
సురలును మునులును జనఁగా
_x000D_
నెరయోగులు నుండఁగలరె నేర్పున వేమా."	kandamu
"_x000D_
ఉర్వివారికెల్ల నొక్కకంచముఁబెట్టి
_x000D_
పొత్తుఁ గుడిపికులము పొలయఁ జేసి
_x000D_
తలను చేయిపెట్టి తగ నమ్మఁజెప్పరా
_x000D_
విశ్వదాభిరామ వినర వేమ."	aataveladi
"_x000D_
గట్టురాళ్ళఁ దెచ్చి కాళ్ళచేతులఁ ద్రొక్కి
_x000D_
కాసెయులులచేతఁ గాసిఁజేసి
_x000D_
మొఱుపురాళ్ళ కెఱగుమొప్పెల నేమందు
_x000D_
విశ్వదాభిరామ వినర వేమ."	aataveladi
"_x000D_
తోలుకడుపులోన దొడ్డవాఁ డుండఁగ
_x000D_
రాతిగుళ్ళలోన రాశిఁబోయ
_x000D_
రాళ్లుదేవుఁడైన రాసుల మ్రింగవా
_x000D_
విశ్వదాభిరామ వినర వేమ."	aataveladi
"_x000D_
రాతిబసవని గని రంగుగా మ్రొక్కుచు
_x000D_
గునుకుబసవని గని గ్రుద్దుచుండ్రు
_x000D_
బసవభక్తులెల్ల పాపులె తలపోయ
_x000D_
విశ్వదాభిరామ వినర వేమ."	aataveladi
"_x000D_
మన్నుమెత్తి కడిగి మఱిరూపు గావించి
_x000D_
గుంతనిండఁ బూడ్చి గుఱుతు నిల్పి
_x000D_
మనుజులెల్లఁ గూడి మఱిదేవుఁ డందురు
_x000D_
విశ్వదాభిరామ వినర వేమ."	aataveladi
"_x000D_
మంచిశకునము లని యెంచి పెండ్లియాడు
_x000D_
వార లొకరు లేరు వసుధలోన
_x000D_
జనులకర్మములను శకునము ల్నిల్చునా
_x000D_
విశ్వదాభిరామ వినర వేమ."	aataveladi
"_x000D_
విషసహితులు నరులు విషధరు లెన్నఁగ
_x000D_
విష విషధరములను విరియఁగొట్ట
_x000D_
నఘము వచ్చుకడకు నాయువుకొదువగు
_x000D_
విశ్వదాభిరామ వినర వేమ."	aataveladi
"_x000D_
వేము పాలఁబోసి వెయ్యేండ్లు పెంచిన
_x000D_
చేదువిడిచి తీపు చెందదెపుడు
_x000D_
నోగుగుణము విడిచి యుచితజ్ఞుఁ డగునట్లు
_x000D_
విశ్వదాభిరామ వినర వేమ."	aataveladi
"_x000D_
వాడవదినెకేల వావివర్తనములు
_x000D_
చాడివాని కేల జాడబుద్ధి
_x000D_
మూఢసతులకేల ముదముతో జ్ఞానంబు
_x000D_
విశ్వదాభిరామ వినర వేమ."	aataveladi
"_x000D_
నేరనన్నవాఁడు నెరజాణ మహిలోన
_x000D_
నేర్తునన్నవాఁడు వార్తకాఁడు
_x000D_
ఊరకున్నవాఁడె యుత్తమోత్తముఁ డెందు
_x000D_
విశ్వదాభిరామ వినర వేమ."	aataveladi
"_x000D_
దూలాలు టెంకినుండిన
_x000D_
వాలాయము చేటు వచ్చు వసుమతిలోన\న్‌
_x000D_
లోలాక్ష విడిచిపెట్టిన
_x000D_
మేలిమిగా బ్రతుకవచ్చు మేదిని వేమా."	kandamu
"_x000D_
మానినీమనోజమంది రానందైక
_x000D_
లోలురెల్ల రూర్ధ్వలోకసుఖము
_x000D_
మాలవాడకుక్క మధురాన్న మెఱుఁగునా
_x000D_
విశ్వదాభిరామ వినర వేమ."	aataveladi
"_x000D_
తొత్తు తొత్తెగాని దొరసాని గాఁబోదు
_x000D_
అడఁచుటింతె దానికైన గుణము
_x000D_
మిత్తికూళ్ళ దొంగ మేలెఱుఁగ నేర్చునా
_x000D_
విశ్వదాభిరామ వినర వేమ."	aataveladi
"_x000D_
నాణెమైన చెడిప నయ మెఱింగి తిరుగు
_x000D_
విటుని కుస్తరించు వివర మెఱుఁగు
_x000D_
బానిసైనతొత్తు పాటింపరాదయా
_x000D_
విశ్వదాభిరామ వినర వేమ."	aataveladi
"_x000D_
పంద నధికుఁ జేసి బవరంబునకుఁ బంపఁ
_x000D_
బాఱిపోవుఁ గార్యభంగమౌను
_x000D_
పాఱునట్టిబంటు పనికిరాఁ డెందును
_x000D_
విశ్వదాభిరామ వినర వేమ."	aataveladi
"_x000D_
తిరుమలకును బోవఁ దుఱక దాసరి గాఁడు
_x000D_
కాశిబోవ లంజ గరిత గాదు
_x000D_
గుక్క సింహ మగునె గోదావరికిఁ బోవ
_x000D_
విశ్వదాభిరామ వినర వేమ."	aataveladi
"_x000D_
కులుకుగుబ్బఁ జూపి గొబ్బున గరిగించి
_x000D_
చేతికానులెల్లఁ జేరఁ దీయు
_x000D_
అతనుచేతికత్తు లమరికకాంతలు
_x000D_
విశ్వదాభిరామ వినర వేమ."	aataveladi
"_x000D_
అనుకూల్యముగల యంగన కలిగిన
_x000D_
సతికిపతికి పరమసౌఖ్య మమరు
_x000D_
ప్రాతికూల్యమైన పరిహరింప సుఖంబు
_x000D_
విశ్వదాభిరామ వినర వేమ."	aataveladi
"_x000D_
గొప్పపిఱుఁదు గన్న కుచకుంభములఁ గన్న
_x000D_
చెప్పరానిచోటి చెలువుగన్న
_x000D_
ముప్పిరి గొనునయ్య మొనసిన మోహంబు
_x000D_
విశ్వదాభిరామ వినర వేమ."	aataveladi
"_x000D_
కాశి కాశి యనుచుఁ గడువేడ్కతోఁ బోదు
_x000D_
రందుఁగల్గు దేవుఁడిందు లేఁడె
_x000D_
యిందు నందు గలఁడు హృదయంబు లెస్సైన
_x000D_
విశ్వదాభిరామ వినర వేమ."	aataveladi
"_x000D_
మతముదారి యగుచు మధురాధరముఁ జూచి
_x000D_
మగువరూపుఁ జూచి మనసు మఱచు
_x000D_
యోనిఁజూచి సర్వయోగముల్‌ మఱచురా
_x000D_
విశ్వదాభిరామ వినర వేమ."	aataveladi
"_x000D_
నీళ్ళ మునుఁగనేల నిధుల మెట్టఁగనేల
_x000D_
మొనసి వేల్పులకును మ్రొక్కనేల
_x000D_
కపటకల్మషములు కడుపులో నుండఁగా
_x000D_
విశ్వదాభిరామ వినర వేమ."	aataveladi
"_x000D_
కూడు చీరఁ బాసి గుళ్ళపంచలఁబడు
_x000D_
నట్లువ్రాసె బ్రహ్మ యతులనుదుట
_x000D_
తోయజాక్షు లుండ దోషంబు లంటునా
_x000D_
విశ్వదాభిరామ వినర వేమ."	aataveladi
"_x000D_
కుంటికుక్క కేల కుందేటిపరువులు
_x000D_
పిరికిబంటుకేల బిరుదుగొడుగు
_x000D_
ముసలిముండ కేల ముసిముసినవ్వులు
_x000D_
విశ్వదాభిరామ వినర వేమ."	aataveladi
"_x000D_
ఎంతభూమి దిరిగి యేపాటు పడుచున్న
_x000D_
నంటనీకప్రాప్తి వెంటదిరుగు
_x000D_
భూమిక్రొత్తదైన భోక్తలుక్రొత్తలా
_x000D_
విశ్వదాభిరామ వినర వేమ."	aataveladi
"_x000D_
పరఁగ జలకమాడి పట్టెనామముదీర్చి
_x000D_
నీరుకావిపంచె నెగడఁగట్టి
_x000D_
వారకాంతఁజూచి వ్రతమెల్ల మఱచురా
_x000D_
విశ్వదాభిరామ వినర వేమ."	aataveladi
"_x000D_
మనసు నిల్పలేని మాయావిరక్తులు
_x000D_
మనసుపడుదు రొక్క మగువమీదఁ
_x000D_
నిట్టివ్యర్థజన్మ మీ బ్రతుకేటికి
_x000D_
విశ్వదాభిరామ వినర వేమ."	aataveladi
"_x000D_
తొడలమెఱుపుసొంపు తోరంపుకుచములు
_x000D_
వారకొప్పుగలుగు వనితఁజూచి
_x000D_
విటుఁడు నిలుచుటెట్లు విరహాగ్ని కొగ్గును
_x000D_
విశ్వదాభిరామ వినర వేమ."	aataveladi
"_x000D_
కాశినీళ్ళు మోసి కాళ్లు మొగము వాచి
_x000D_
యెందు సుఖము లేక యెండి యెండి
_x000D_
చచ్చివెనుక ముక్తి సాధించఁగలరొకో
_x000D_
విశ్వదాభిరామ వినర వేమ."	aataveladi
"_x000D_
దేశదేశములను దిరిగిగాసిలినొంద
_x000D_
నాత్మయందు ధ్యాన మంటుకొనునె
_x000D_
కాసులకును దిరుగఁ గలుగునా మోక్షంబు
_x000D_
విశ్వదాభిరామ వినర వేమ."	aataveladi
"_x000D_
కచ్చమీఁద నాస కనకంబుపై నాస
_x000D_
లేనివాఁడు పుడమి లేనివాఁడు
_x000D_
కలిగెనేని యతఁడు గానంగ రాఁడయా
_x000D_
విశ్వదాభిరామ వినర వేమ."	aataveladi
"_x000D_
వలపు తీఱువెనుక వనజాక్షి యధరంబు
_x000D_
ములకపంటిగిజరు ముష్టిరసము
_x000D_
చింతలేనివేళ జీడిసమానమౌ
_x000D_
విశ్వదాభిరామ వినర వేమ."	aataveladi
"_x000D_
చదువులెల్ల చదివి సర్వజ్ఞుఁడై యుండు
_x000D_
బ్రహ్మవిద్యలెల్ల పదటఁ గలిపి
_x000D_
యిఱుకుయోనిఁ జూచి పరమయోగము మాను
_x000D_
విశ్వదాభిరామ వినర వేమ."	aataveladi
"_x000D_
తాము నిలుచుచోట దైవములేదని
_x000D_
పామర జనులు తిరుపతులు దిరిగి
_x000D_
జోకవీడి చేతిసొమ్మెలఁ బోఁజేసి
_x000D_
చెడిగృహంబు తాను జేరు వేమ."	kandamu
"_x000D_
కాశిమధురకాంచి గయప్రయాగము సేతు
_x000D_
వాస తోడ వీని నాత్మఁ జూచి
_x000D_
వాసనను దెలియఁడు వట్టివెఱ్ఱివిధంబు
_x000D_
విశ్వదాభిరామ వినర వేమ."	aataveladi
"_x000D_
చదువు చదువ నేల సన్యాసి గానేల
_x000D_
షణ్మతములఁజిక్కి చావ నేల
_x000D_
అతని భజనఁజేసి యాత్మలోఁ దెలియుఁడీ
_x000D_
విశ్వదాభిరామ వినర వేమ."	aataveladi
"_x000D_
మనములోనఁ బుట్టు మఱికోర్కులన్నియు
_x000D_
కోర్కులందు ముక్తి కుదురుపడదు
_x000D_
మనము బ్రహ్మమనుచు మదినెఱుంగఁగ లేరు
_x000D_
విశ్వదాభిరామ వినర వేమ."	aataveladi
"_x000D_
చదువులన్ని చదివి చాలవివేకియౌ
_x000D_
కపటికెన్న నెట్లు కలుగుముక్తి
_x000D_
దాలిగుంటఁగుక్క తలఁచిన చందము
_x000D_
విశ్వదాభిరామ వినర వేమ."	aataveladi
"_x000D_
తఱచు చదువు చదువఁ దర్కవాదమె కాని
_x000D_
దివ్యజ్ఞాన మన్న తేటపడదు
_x000D_
పసిరికాయపురుగు పగిదిని చెడిపోవు
_x000D_
విశ్వదాభిరామ వినర వేమ."	aataveladi
"_x000D_
అవని వేమన్న చెప్పిన యాత్మబుద్ధిఁ
_x000D_
దెలియలేనట్టి యజ్ఞాని తేజమెల్ల
_x000D_
తలనుఁ బాసిన వెంట్రుకవలెను జూడ
_x000D_
భుక్తి ముక్తులు హీనమైపోవు వేమ."	teytageethi
"_x000D_
ఇట్టి సాధువిద్య యెందులేదని చూచి
_x000D_
గాఢవిద్య నేర్చి కానలేక
_x000D_
సాధుసజ్జనముల సాంగత్యమెఱుఁగక
_x000D_
బాధపడుదురు తుది పరులు వేమ."	aataveladi
"_x000D_
ఇదియ పరమటంచు నితరచింతలు వీడి
_x000D_
మనసుఁ జెదరనీక మట్టుపఱచి
_x000D_
కొదువలేక నిలువ కోర్కెలు ఫలియించు
_x000D_
మనసులోన నుండు మహిమ వేమ."	aataveladi
"శ్రీసతి నీల జాంబవతి శ్రీయమునాసతి సత్యభామ ధా
త్రీసతి రుక్మిణీరమణి దేవియిలాసతి వీర లందఱు\న్‌
జేసినసేవ చేసెదను జేకొను శ్రీయలమేలుమంగ నీ
మూసినముత్యమై యురము ముంగిటఁ జెంగట వేంకటేశ్వరా!"	vutpalamaala
"కన్నులుగల్గి కొమ్మ నిను గప్పముఁ జేకొన లేఁతనవ్వు నీ
కెన్నఁడు మోవి నిచ్చినదో యేగతి మెచ్చితో యెట్టులుండెనో
యన్నిట, నేనెజాణ నని యుందువు శ్రీయలమేలుమంగకే
మన్నన నెట్టు లిచ్చితివో మాటలఁ జిక్కవు వేంకటేశ్వరా!"	vutpalamaala
"కిలకిల నవ్వు నవ్వి తిలకించితి మంచి సుధారసంబు నీ
పలుకులతేనెలన్‌ విభునిఁ బట్టముఁ గట్టితి నీదుకౌఁగిట\న్‌
వలదని చెప్పినన్‌ వినవు వద్దు సుమీ యలమేలుమంగ నీ
కెలవు లటంచు నెచ్చెలులు కీర్తన సేతురు వేంకటేశ్వరా!"	champakamaala
"నీవును దాను గూడెఁ దరుణీమణి శ్రీయలమేలుమంగ నా
నావిధవైభవంబుల ననారతముం జెలువొందు నేఁడు నీ
వావలిమోము చేసి తన యప్పటినుండియుఁ బల్కవిట్టులా
దేవర చిత్తమెవ్వరికిఁ దేర్పఁగ శక్యమె వేంకటేశ్వరా!"	vutpalamaala
"ఓలలితాంగి! యోకలికి! యోయెలజవ్వని! యోవధూటి! యో
గోల! మెఱుంగుఁజూపుకనుఁగోనల నోయలమేలుమంగ మ
మ్మేలినతల్లి నీవిభున కించుక మాదెసఁ జూపు మంచు నీ
పాలికిఁ జేరి మ్రొక్కుదురు పద్మభవాదులు వేంకటేశ్వరా!"	vutpalamaala
"చికురభరంబుచే (నదిమి) శ్రీలలితాంగివి నీవు నాగుణా
ధికునియురంబుపై రతులఁ దేలుచు శ్రీయలమేలుమంగ నీ
లికుచకుచ ప్రభావమున లేఁతవయస్సున నింత నేతురా
వెకలి వటండ్రు నెచ్చెలులు వేడ్కల నీసతి వేంకటేశ్వరా!"	champakamaala
"ఒకమఱి నీవు కన్గొనల నొయ్యనఁ జూచిన నీవిభుండు లోఁ
గకవికఁ దర్చుఁ జేరునట కౌఁగిటి కోయలమేలుమంగ నీ
వికచవిలాస మంచు నరవిందమరందపుఁ దేనెపల్కులన్‌
బికశుకపంక్తి నీకుఁ దలఁపించును నీసతి వేంకటేశ్వరా!"	champakamaala
"కూరిమి సానవట్టిన చకోరపుఁ గన్నుఁగొన\న్‌ దళుక్కునన్‌
జేరువ మించులై మెఱయఁ జిమ్ములబొమ్మలఁ బంపు నవ్వు దై
వారఁగఁ గాంచి నీతరుణి వన్నెల శ్రీయలమేలుమంగ నీ
సారపు నేర్పుఁ జక్కగొనెఁ జక్కని మోమున వేంకటేశ్వరా!"	vutpalamaala
"ఆయలసంబు లానడపు లాకనుఁగ్రేవల ముద్దుచూపు లా
యాయెలనవ్వు మాటల ప్రియంబులు నీ కలమేలుమంగ నీ
మాయలొ ప్రాణవల్లభుని మక్కువ చేఁతలొ చెప్పు మంచు లేఁ
బ్రాయపు నీసతిం జెలులు పల్కిరి పల్మఱు వేంకటేశ్వరా!"	vutpalamaala
"కిన్నెర మీటి పులకించి తలంచి మనోజలీలఁ దా
నున్న తెఱంగు నెచ్చెలుల కొయ్యనఁ జెప్పఁగబూనుఁ జెప్పరా
కన్నువ సిగ్గుతో నలరు నల్లన శ్రీయలమేలుమంగ నీ
వన్నెలసేఁత లెట్టివో సువాళము లెట్టివో వేంకటేశ్వరా!"	vutpalamaala
"సరసిజసంభవాది దివిజప్రకరంబులసంపదల్‌ సువి
స్తరములు గాఁగఁ గన్గొనలఁ జల్లెడు శ్రీయలమేలుమంగ నీ
తరుణీయురంబునం జెలఁగఁ దన్మయ మందెడు నీకు బ్రాఁతియే
పరమపద ప్రభుత్వము నపారమహత్త్వము వేంకటేశ్వరా!"	champakamaala
"తరుణీ! మహానిధానమ! సుధామయకూపసమస్త వైభవా
భరణమ! దేవదేవుని కృపామతి! యోయలమేలుమంగ! నీ
కరుణయ చాలు లోకములఁ గావఁగ నంచు మునీంద్రులున్‌
సురల్‌ నిరతి నుతించి మ్రొక్కుదురు నీ ప్రియకాంతను వేంకటేశ్వరా!"	champakamaala
"చెదరిన చిన్ని లేఁగురులు చెక్కున జాఱఁగ ముద్దుమోముతో
వదలినకొప్పుతోడ నిడువాలిక కన్నులు నిగ్గు దేఱఁగా
నుదుటున నిన్నుఁగూడి మహిమోన్నతితో నలమేలుమంగ నీ
యెదుట మనోజసంపదల నేగతి నుండెనొ వేంకటేశ్వరా!"	champakamaala
"తొలకరించు తొయ్యలి వధూమణి చక్కనితల్లి మానినీ
తిలకమ దేవదేవుని సతీమణి యోయలమేలుమంగ నీ
సొలపులచూపులే విభునిచూపులవిందు లటంచు నెచ్చెలుల్‌
పలుకఁగ నిన్నుఁ జూచి నగుఁ బైకొని నీసతి వేంకటేశ్వరా!"	champakamaala
"తలఁచుఁ గరంగు మైమఱచుఁ దన్మయ మందును జిత్తజాగ్ని ని
న్నలయుచు దూరు నుస్సురను నర్మిలితో నలమేలుమంగ నీ
వలిగిననంతనే కడుఁ బ్రియంబిఁక నేమని చెప్ప నేఁడువో
కలిగినప్రేమ మింతయుఁ బ్రకాశము తోఁచెడు వేంకటేశ్వరా!"	champakamaala
"నించిన పంచదారలును నేతుఁలు దేనెలు గమ్మ గాఁగఁ దా
లించినకూరలున్‌ బరిమళించగ నయ్యలమేలుమంగ వ
డ్డించిన నిర్మలాన్నములు డెంద మెలర్పఁగ నారగింతు నీ
మించిన వేయుచేతులును మేలములాడుచు వేంకటేశ్వరా!"	vutpalamaala
"అతఁడె నీవు, నీ వనఁగ నాతఁడు, నీ పలుకే తలంపఁగా
నాతనిపల్కు నీ హృదయ మాతఁడె పో యలమేలుమంగ నీ
చేతిదె సర్వజంతువుల జీవన మంతయు నంచు సన్ముని
వ్రాతము సన్నుతించు ననివారణ నీసతి వేంకటేశ్వరా!"	vutpalamaala
"లోలవిలోలనేత్రకుఁ దళుక్కున ఱెప్పలు వంచి యెత్తినన్‌
మేలిమిఁ జెక్కుటద్దముల మేలములై యలమేలుమంగకున్‌
నీలపయోదపుందుఱుము నిగ్గుతటిల్లతలే యటంచు ను
న్మీలనిమీలనంబులకె మెత్తువు నీవును వేంకటేశ్వరా!"	vutpalamaala
"పక్ష్మలనేత్ర! యోచిలుకుపల్కులకల్కి! సరోజవల్లి! యో
లక్ష్మి! లతాంగి! యోబహుకళావతి! యోయలమేలుమంగ! నీ
సూక్ష్మవివేకలీలలకుఁ జొక్కితి నంచు నఖేందువల్లికా
లక్ష్మివికాసత\న్‌ సతిఁ జెలంగఁగఁజేతువు వేంకటేశ్వరా!"	vutpalamaala
"లలితపుఁగంకణాంగదకలధ్వని ఘల్లని మ్రోయ నుంగరం
బులు మణినీల కాంతుల ప్రభుత్వముతో నలమేలుమంగ గు
బ్బల పెనువ్రేఁగుతోఁ దుఱుముభారముతో నినుఁ జేరవచ్చు నం
దెలు మొలనూలు ఘంటలుఁ బ్రతిధ్వను లీనఁగ వేంకటేశ్వరా!"	champakamaala
"కుంకుమకస్తురీ ప్రభ బుగుల్కొనఁ జెక్కుల జాఱ దివ్యతా
టంకమణిప్రభాప్రతివిడంబముతో నలమేలుమంగ భ్రూ
జంకెల నందలింపఁగనె జల్లనెఁ జిత్తము నీకు నంతలో
నంకన మించు మిమ్ముఁ బులకాంకురకోటులు వేంకటేశ్వరా!"	vutpalamaala
"కస్తురి పచ్చకప్పురముఁ గమ్మనిపుప్పొడి ధూళ్లు హత్తి శ్రీ
హస్తమునందుఁ దట్టిపునుఁగందుచు శ్రీయలమేలుమంగ భా
రస్తనవైభవంబులఁ గరంగుచు నిన్ను గఱంగ మెత్తు నీ
కౌస్తుభరత్న సౌధమునఁ గౌఁగిటిపాన్పున వేంకటేశ్వరా!"	vutpalamaala
"అందవు కోసి యిమ్ము విరు లంచును జే రలమేలుమంగ ని
న్నందగఁగోరఁ జెక్కులటు నొక్కిన నాకును నందవంచు న
య్యిందుముఖిం బ్రియంబలర నెత్తుచుఁ బువ్వులు కోయఁజేయ ని
ష్యందమరందఘర్మరససంగతు లబ్బెను వేంకటేశ్వరా!"	vutpalamaala
"ఒక్కొకనాఁటి రాత్రి సకలోన్నతుఁడైన ఖగేంద్ర మూర్తిపై
నెక్కి వినోదలీలఁ జరియించుచు నయ్యలమేలుమంగ మో
మక్కునఁ జేర్చుచు\న్‌ బహువిహారముల\న్‌ వనవీథులంబ్రియం
బెక్కువగాఁ జెలంగువిధ మే మని చెప్పుదు వేంకటేశ్వరా!"	vutpalamaala
"దుగ్ధపయోధికన్య జలధుల్‌ జగముల్‌ దనకుక్షినున్న సు
స్నిగ్ధకృశోదరాంగి తులసిం బ్రియురాలలమేలుమంగ యీ
... ... ... ... ... ... నుచు నిన్ను మునీంద్ర కన్యకల్‌
దిగ్ధరణీధరంబుల నుతింతురు నవ్వుచు వేంకటేశ్వరా!"	vutpalamaala
"పాయని జాజిపువ్వులనె పట్టుక బాయు ... ... ...
... ... ... రాహుతుఁడవైనపు డాయల మేలుమంగ ని
శ్శ్రేయసలక్ష్మి నీశరము చెంగట నొప్పెఁ దురుష్క దేశబి
బ్బీయెలపువ్వు పయ్యెదనె ప్రేమపునవ్వున వేంకటేశ్వరా!"	vutpalamaala
"ఓచెలి! యోలతాప్రతిమ! యోమృగలోచ! యోచకోరిరో!
యోచదురాల! యోచిలుక! యో ... ... ... యలమేలుమంగ నీ
చూచినచూపులే విభుఁడు చూచినచూపు లటంచు నీసతిన్‌
ఖేచరసిద్ధకామినులు కీర్తనసేతురు వేంకటేశ్వరా!"	vutpalamaala
"మంగళ మమ్మకున్‌ సకల మంగళ మంబుజ నేత్రకున్‌ జయా
మంగళ మిందిరాసతికి మంగళ మీయలమేలుమంగకున్‌
మంగళమందు నే మఱియు మంగళమందును దేవలోక ది
వ్యాంగన లెల్ల నీసతికి నారతు లిత్తురు వేంకటేశ్వరా!"	vutpalamaala
"వెలదిఁ మహాపరాధములు వేయును జేసితిఁ గావుమన్న నీ
పులకలు మేనిఘాతలును బూఁతలు జూ చలమేలుమంగ నీ
యలకలు దీర్చి చెక్కు చెమ టల్లన గోళ్లను జిమ్మి పయ్యెదన్‌
బలుచనినవ్వుతో విసరుఁ బై చెమ టారఁగ వేంకటేశ్వరా!"	vutpalamaala
"ఏచతురత్వ మేమహిమ మేమి విలాస మదేమి విభ్రమం
బీ చెలువంపు సంపదయు నిందుముఖుల్‌ జగదేకమోహినుల్‌
చూచి తలంట వేడ్కపడి చూతురు నీయలమేలుమంగ లీ
లాచికురంపుఁ గ్రుమ్ముడి కెలంకుల నిగ్గులు వేంకటేశ్వరా!"	vutpalamaala
"పరిమళమో కదంబమొ ప్రభల్‌ విడ నించిననిగ్గొ నిర్మలా
భరణమొ నిత్యవైభవమొ భాగ్యమొ శ్రీయలమేలుమంగ భూ
ధరునకు నాదిలక్ష్మి యని తత్త్వమహత్త్వ రహస్యవేత్తలం
బరమున నుండి నీవనితఁ బ్రస్తుతి సేతురు వేంకటేశ్వరా!"	champakamaala
"తిరుమగు మంచి కుందనపుఁ దీగపయిన్‌ ఘనచక్రవాకముల్‌
పరగినరీతిఁ జన్నుఁగవ భావముతో నలమేలుమంగ నీ
యురముపయిం జెలంగఁగని యోగిజనంబులు నీలమేఘవి
స్ఫురణముతోడి మిం చనుచుఁ జూచి నుతింతురు వేంకటేశ్వరా!"	champakamaala
"కొలఁదికిమీఱుఁ గ్రొవ్విరులు కొప్పునఁ జాఱఁగఁ జూపుకన్నుల\న్‌
గులుకుచు నుండ నెన్నుదుటికుంకుమతో నలమేలుమంగ వె
న్నెలనునుఁదీఁగయై కళలునించినఁపుత్తడి బొమ్మయై నినుం
గలికి కరంబునం జెనయఁగంటిరిగా తమి వేంకటేశ్వరా!"	champakamaala
"పెడమర చూచి చూపు జళిపించిన నెట్లు ధరింతువో ప్రియం
బడరఁగఁ గౌనుదీగ నులియన్‌ ... ... ... ... ... నన్‌
సడివడి యెంతవేఁగుదువొ చక్కని శ్రీయలమేలుమంగ నీ
వెడవగు మోముఁజూచి నగి వెన్నెల చల్లిన వేంకటేశ్వరా!"	champakamaala
"... ... ... ... ... గుజ్జెన గూళ్ళును బైఁడిపొళ్ళు మా
యమ్మకు బొమ్మరిళ్లు లలితాంగికి మాయలమేలుమంగకున్‌
బొమ్మలు బొమ్మపొత్తికలు బోనపుదొంతు లటంచు నీసతిన్‌
నెమ్మి భజించి మ్రొక్కుదురు నిర్జరకాంతలు వేంకటేశ్వరా!"	vutpalamaala
"ఓ కమనీయకంజముఖి! యోవలరాయనితల్లి! యోసుధా
సైకతచాతురీజఘన చక్రిణి! యోయలమేలుమంగ! నీ
వే కరుణించి కావుమని వేడ్కల నింద్రపురంధ్రు లందఱున్‌
బైకొని నీలతాప్రతిమ బ్రస్తుతిసేతురు వేంకటేశ్వరా!"	vutpalamaala
"జాగరమేల చేసెదవు చంద్రనిభానన పవ్వళింపు నీ
భోగపరిశ్రమంబులకు భూషణమై యలమేలుమంగ నీ
యోగవియోగలీల లని యోగికన్యలు నీవధూటి నా
యాగతి బుజ్జగింతురు మహావినయంబున వేంకటేశ్వరా!"	vutpalamaala
"పల్లవపాణి విశ్వగురుభామిని యిట్టి ప్రపంచ మంతకున్‌
దల్లి సమస్తజీవులనిధానమ శ్రీయలమేలుమంగ నీ
చల్లనిచూపు చిల్కి వెదచల్లఁగఁ బుణ్యులమైతి మండ్రు భూ
మెల్లను నీ వధూమణి ననేకవిధంబుల వేంకటేశ్వరా!"	vutpalamaala
"చెఱఁ గిడఁగా నదల్చెదవు చేరినఁ దిట్టెదు కౌఁగిలించినన్‌
గొఱఁతలె యెన్నఁజూచెదవు కోపము న ద్దలమేలుమంగ నా
వెఱ పిఁకనైనఁ దీర్పుమని వేడ్కల నీవు మనోజలీలలన్‌
దఱితఱి నింతిఁ గూడుటలుఁ దత్తఱపాటులు వేంకటేశ్వరా!"	champakamaala
"రాపుగ మమ్ము నేయునపరాధశతంబుల సంతముల్‌ సదా
... ... ... ... ... ... ... ... ... ... ... ... ... ...
... ... ... ... ... ... ... ... ... ... ... ... ... ...
కాపురమున్‌ నిరంతము గల్కితనంబును వేంకటేశ్వరా!"	vutpalamaala
"వెలయ వసంతవేళ వనవీథుల సంపగిపువ్వుటిండ్లలో
నలరుచుఁ బుష్పవృష్టి నలపార్చుచు నీ వలమేలుమంగతో
నలరఁగ నేఁగి వచ్చి యలపారఁగఁ గస్తురినీట మజ్జనం
బెలమి వహించి గంధతతు లన్నియుఁ గ్రమ్మఱ మజ్జనంబు పెం
పొలయఁగ నాడు తీర్థముల నుబ్బు పయోధులు వేంకటేశ్వరా!"	champakamaala
"వెలయఁగ వేంకటాచలమువీథులఁ గమ్మనిపుష్పవృష్టి కిం
పలరఁగ నేఁగి వచ్చి యలపారఁగ నయ్యల మేలుమంగతో
నలరఁగఁ గోరకమ్ముల లతాంగన లిమ్ముల సేసఁ జల్లఁగాఁ
గలకల నవ్వు మిమ్ముఁ గలకంఠశుకావళి వేంకటేశ్వరా!"	champakamaala
"ఎక్కడి కేఁగి వచ్చితి రమేశ్వర నీతనుదివ్యగంధ మే
చక్కనియింతిమేని దని సారెకు నీయలమేలుమంగ నీ
చెక్కు గళంబు గోళ్లవడిఁ జేర్చుచు నీయలపార్చి వేఁడుటల్‌
మక్కువగల్గుకాంతలకు మర్మరహస్యము వేంకటేశ్వరా!"	vutpalamaala
"... ... ... ... లును బబ్బిలికాయలు పైఁడిమట్టియల్‌
మోద మెలర్ప నందియలు మ్రోయఁగనయ్యలమేలుమంగ క
త్యాదరలీలఁబాడ బలువంచును వేదము ... ... ...
... ... ... ... ... ... ... ... ... ... ను వేంకటేశ్వరా!"	vutpalamaala
"కాంచనరత్న నూత్న కటకంబులు సందులదండలు\న్‌ బ్రభల్‌
ముంచిన మేఖలావళులు మ్రోయగ నయ్యలమేలుమంగ నే
త్రాంచలగర్వవీక్షణ సుహాసముతో నినుఁ గోరి భ్రూలతన్‌
వంచినఁ దియ్యవిల్లు కడవంచు మరుండును వేంకటేశ్వరా!"	vutpalamaala
"ఒప్పగు తూఁగుటుయ్యెలల నూఁగుచు నీ వలమేలుమంగతో
నప్పుడు కౌఁగిట న్రతుల నాఁకటిపెల్లున నప్పళించుచున్‌
ఱెప్పలనవ్వుతో మనసుఱిచ్చలతో నఱగన్నులార్చుచున్‌
దెప్పలఁదేలు సౌఖ్య మిదె దేవరహస్యము వేంకటేశ్వరా!"	vutpalamaala
"గీసినగోళ్లచేఁ బసిఁడి కిన్నరకంపితముల్‌ కదల్చుచున్‌
రాసెడిగుబ్బచన్నులభరంబున నయ్యలమేలుమంగతో
మూసియు మూయ కక్షు లరమోడ్చుచు ఱెప్పలఁ దేలఁజే
యఁగా నాసల నీవు తన్మయము నందుట చిత్రము వేంకటేశ్వరా!"	vutpalamaala
"దొరలిన మేనిగందపొడిధూళి వసంతము ఘర్మవారిపైఁ
జఱచినపువ్వుఁదేనెల వసంతము నీ కలమేలుమంగకున్‌
నెఱసి కరంగు చిత్తముల నీళ్లవసంతము మీకు మీకు నీ
యొఱపులు నీప్రియంబులు మహోన్నతు లెట్టివో వేంకటేశ్వరా!"	champakamaala
"చక్కనితల్లికిన్‌ నవరసంబుల వెల్లికిఁ బుష్పవల్లికిం
జక్కనిమోవిముత్తియపుజల్లికి శ్రీయలమేలుమంగకున్‌
జెక్కులు మించుటద్దములు చేతులు క్రొత్తమెఱుంగుఁదీగ లా
క్రిక్కిరిగుబ్బలే పసిఁడికిన్నరకాయలు వేంకటేశ్వరా!"	vutpalamaala
"అరిసెలు నూనెబూరియలు నౌఁగులుఁ జక్కెరమండిగల్‌ వడల్‌
బురుడలు పాలమండిగ లపూపముల య్యలమేలుమంగ నీ
కరుదుగ విందువెట్టు పరమాన్నచయంబులు సూపకోటియు\న్‌
నిరతి వినిర్మలాన్నములు నేతులసోనలు వేంకటేశ్వరా!"	champakamaala
"కానిక లిచ్చె నీవిభుఁడు కౌఁగిటఁ బాన్పునఁ గమ్మవల్పుపూఁ
దేనెల ఘర్మబిందువుల దేహమునం దలమేలుమంగ నీ
వానగుమోముతో విభుని కంచుఁదలిర్చినఁ గాని తన్మయం
బైనను బాయ దంచుఁ జెలు లందురు నీసతి వేంకటేశ్వరా!"	vutpalamaala
"పెనఁగకుమమ్మ! చిమ్ము జళిపించిన చూపుల గర్వరేఖ రాఁ
జెనకకు మమ్మ! లేఁ జెమటచెక్కుల నోయలమేలుమంగ నీ
ఘనుఁడు కళావినోది రతికాంత విలాససహస్రమూర్తి వ
ద్దని పొలయల్క దీర్తురు లతాంగులు నీసతి వేంకటేశ్వరా!"	champakamaala
"కులుకకుమమ్మ చిమ్మజిలుకుం గొనచూపుల బిత్తరంబుగా
నులుచకుమమ్మ బొమ్మముడి నూల్కొనఁగోపము లేఁతనవ్వు గా
సొలయకుమమ్మ కలి నునుసోఁగల నోయలమేలుమంగ నీ
చెలువున నంచు నెచ్చెలులు చేర్తురు నీసతి వేంకటేశ్వరా!"	champakamaala
"చాఁగు బళా జగత్పతికి జాఁగు బళా జగదేకమాతకున్‌
చాఁగు బళా రమేశునకుఁ జాఁగు బళా యలమేలుమంగకు\న్‌
జాఁగు బళా యటంచుఁ గడుఁ జక్కని కాంతను వీథివీథిమీ
రేఁగఁగ నిత్తు రారతు లనేకవిధంబుల వేంకటేశ్వరా!"	vutpalamaala
"చొచ్చితిఁ దల్లి నీమఱుఁగు సొంపుఁగ నీకరుణాకటాక్ష మె
ట్లిచ్చెదొ నాకు నేఁడు పరమేశ్వరి! యోయలమేలుమంగ నీ
మచ్చిక నంచు నీతరుణి మన్నన నే నినుఁ గంటి నీకు నా
బచ్చెనమాట లేమిటికిఁ బ్రాఁ తిదె చూడఁగ వేంకటేశ్వరా!"	champakamaala
"ఎచ్చరికమ్ము పాదములు నిందిరసింధురయాన తమ్మిపూ
నెచ్చెలి క్రొత్తక్రొత్తపలునిగ్గులతో నలమేలుమంగ నీ
వచ్చిన దాఁక నీవిభుఁడు వంచిన మోమును నెత్తఁడంచు నీ
మచ్చిక యింతి నింతులు మమత్త్వము నెంతురు వేంకటేశ్వరా!"	vutpalamaala
"కనకపుఁబీఠి నెక్కి రతికాంతశరాకృతి నీవు వీథులం
జనునెడ నీదు చెంగటఁ బ్రసన్నతతో నలమేలుమంగ కాం
చననవకింకిణీరవము సన్నపుఁదాళగతి\న్‌ రచింపఁగాఁ
గనుఁగవ మోడ్చి మోడ్చి రతిఁ గౌఁగిటఁ జేర్తువు వేంకటేశ్వరా!"	champakamaala
"ఒఱపగుమీ విహారతతు లుప్పనబట్టెలు బిల్లటీపు ల
చ్చెరువుగ బల్లకోటులు ప్రసిద్ధిగ నయ్యలమేలుమంగకున్‌
మెఱుపులు ముచ్చటల్‌ రతులమ్రొక్కులుఁ దక్కులు వచ్చి వచ్చి మీ
చిఱునగవుం బ్రమోదములు చెక్కులనొక్కులు వేంకటేశ్వరా!"	champakamaala
"చక్కెర బొమ్మ చెక్కులనె సానలు పట్టిన పువ్వుటమ్ములో
గ్రుక్కినజవ్వనంబు పెనుగుబ్బలో శ్రీయలమేలుమంగ నీ
వక్కునఁ జేర్చి పట్ట సకలాధిప సౌఖ్యము నీకు నబ్బెఁగా
కెక్కువ లంటు కందువల యింపుల సొంపుల వేంకటేశ్వరా!"	vutpalamaala
"పరిమళముం బ్రభావము శుభస్థితి నిత్యవిభూతి విభ్రమ
స్ఫురణము దివ్యవైభవము భోగము శ్రీయలమేలుమంగ నీ
యురమున నంచు సన్మునులు యోగిజనంబులు మెచ్చి మెచ్చి నీ
వరవనితాశిరోమణి నవారణఁ గొల్తురు వేంకటేశ్వరా!"	champakamaala
"కులికెడు పండుటామనులఁ గోయిలకూఁతల గుండె ఝల్లనన్‌
జెలువము గల్గు రాకలను జెంగట శ్రీయలమేలుమంగ కో
విలకలనాదకోటులచవిం బచరింపఁగ నెట్టు లోర్తువో
వలపులవార్ధిలోన ననివారణఁ దేలుచు వేంకటేశ్వరా!"	champakamaala
"తొలఁకెడుకొప్పులో నెరులొ తుమ్మెదదాటులొ చూపువంపులో
గులుకులొ మంచివెన్నెలల గుంపులొ శ్రీయలమేలుమంగకున్‌
బలుకులు పచ్చకప్పురపుఁ బల్కులు తావులె దివ్యగంధముల్‌
పలుచనినవ్వులే విరులపాన్పులు నీకును వేంకటేశ్వరా!"	champakamaala
"అందము చూతు రుప్పవడమై ఘను లాయలమేలుమంగ మో
మందము గాఁగఁ జూతువు ప్రియంబున మెల్లన నీవటుండఁబో
యందఱి మోముటద్దములు నవ్వల నవ్వుల గోటికొండలై
యందములోన నందములునై వెలుగొందుచు వేంకటేశ్వరా!"	vutpalamaala
"తలఁచిన గుండె జల్లనును దల్లడమందెడు నేమిసేతు నా
చెలువుఁడు రాఁడటంచు లలసీనవి వో యలమేలుమంగ నీ
తొలకరిమించు నెమ్మనముతొయ్యలిఁ జూడక యెట్టులోర్తువో
యలుగకు మన్న మాన విఁకనైనను నెన్నఁడు వేంకటేశ్వరా!"	champakamaala
"ఆయలమేలుమంగ కమలాననయుం గలుహార నేత్రియుం
బాయక తానయై చెలఁగుబద్మ హితాక్షముఁజంద్ర నేత్రము\న్‌
సోయగలీల మించు నెటుచూచినఁ బొందిక నెద్ది నిద్ర నీ
కేయెడ మేల్కొనంగఁ దఱి యెయ్యది చూడఁగ వేంకటేశ్వరా!"	vutpalamaala
"నెఱి నలమేలుమంగకును నీకును పద్మభవాండభాండమే
మెఱసిన బొమ్మరిల్లు తగుమేడలు మీఁదటిలోకముల్‌ ప్రభల్‌
తెఱలఁగ మించు నయ్యినుఁడె దీపము గుజ్జనఁగూడు చంద్రుడే
తొఱలిన దేవసంఘములె తొత్తులు బంట్లును వేంకటేశ్వరా!"	champakamaala
"వడి నలమేలుమంగ నిడువాలికచూపునివాళి నీపయి\న్‌
సుడిసిన తమ్మిరేకులంబ్రసూనశరంబులు గల్వరేకుల\న్‌
బడిబడి మీఁదమీఁద రసభావనగా దిగఁబోసినట్ల పో
పొడవగు పువ్వుజొంపముల పూజలు నీకును వేంకటేశ్వరా!"	champakamaala
"నిను నలమేలుమంగ ఘననీరజపంక్తులు దాఁక నేసిన\న్‌
జనుఁగవ నొత్తినట్లు కెరజంబుల వాండ్లును నొత్తినట్లు ని
గ్గునఁగనుదోయితామరలఁ గొంకక సారెకు నొత్తినట్లు మైఁ
జెనకి మరుండు బాణములు చిమ్మినయట్లగు వేంకటేశ్వరా!"	champakamaala
"అపు డలమేలుమంగ పొలయల్కలు వద్దని చాఁటి చెప్పిన\న్‌
గపటపుటల్క లల్లితివి గర్వితనంబునఁ గాంత కోరమే
రపమునఁ జూతుగా కలుక రాజసలీలల నింత దీఱునా
విపులవియోగతాపమున వేడుకకూటమి వేంకటేశ్వరా!"	champakamaala
"ఇల నలమేలుమంగ నిను నేమని తిట్టునొ యేకతంబున\న్‌
గలికి మెఱుంగుడాలు తెలికన్నులజంకెన నద్దలింపుచు\న్‌
బలుకులముద్దు లింపొలయ భారపుగుబ్బల దూర నెత్తుచు\న్‌
జలజల కొప్పుసంపెఁగలు జాజులు రాలఁగ వేంకటేశ్వరా!"	champakamaala
"తగు నలమేలుమంగకును దన్మయమందెడునీకు మేనిలో
బగటులు బచ్చిమాటలను బచ్చెనయెచ్చరికల్‌ వివేకముల్‌
మొగముల లేఁతనవ్వులను మోవులనాటులుతమ్మితూటులు\న్‌
జగడపుఁబొందులు\న్‌ రతులసంపదవిందులు వేంకటేశ్వరా!"	champakamaala
"సరి నలమేలుమంగకును జక్కనిమీకును మీకుమీకు లో
నరుదుగ నేకతస్ఫురణ నమ్ముడు వోయితి రొక్కరొక్కరు\న్‌
ఇరువురు నింక నేటితెలి వెక్కడినేరుపు లేటిసైరణల్‌
గిరపులపుచ్చె మేనఁ బులకింతలు వింతలు వేంకటేశ్వరా!"	champakamaala
"ఒకయలమేలుమంగ మహిమోన్నతిఁ జిక్కితి యోగలీలచేఁ
జికురభరంబు జాఱ నలసె\న్‌ నిఖిలోన్నతుఁ డంచు నీకృప\న్‌
బ్రకటములైన కాంత ... ... యింతురు శీతల క్రియ\న్‌
మొకముల నిగ్గు దేఱఁగను ముచ్చటలాడుచు వేంకటేశ్వరా!"	champakamaala
"నగ వలమేలుమంగకును నాటవవల్కలు నీకు మాటల\న్‌
బగ డలమేలుమంగకును బచ్చెనగర్వము నీకుఁ జూపుల\న్‌
జిగి యలమేలుమంగకును శ్రీమల వేడుక నీకు నిట్ల పో
మిగిలిన మోహసంపదలు మీరును మీరును వేంకటేశ్వరా!"	champakamaala
"ఈయలమేలుమంగ మణిహేమకటీరశనాకలాపముల్‌
రాయఁగఁ రాలుఁ బైఁడిపొడి రంతులు మీఱినవజ్రపుంబొడి\న్‌
శ్రీయలరారుకొప్పునఁ బ్రసిద్ధిగ రాలెడు కమ్మపుప్పొడి\న్‌
నీయనుఁగుంగవుంగిటికి నిచ్చె వసంతము వేంకటేశ్వరా!"	vutpalamaala
"ఓయలమేలుమంగ యిది యొక్కటిపో జగదేక భర్తకు\న్‌
బాయనినీకునుం గడమ ప్రాణము ప్రాణము నేకమాయె నీ
కాయము కాయముం గలసెఁ గౌఁగిటకాంక్ష యటంచు నీసతి\న్‌
బ్రాయము నిండుజవ్వనముఁ బల్మఱు మెత్తురు వేంకటేశ్వరా!"	vutpalamaala
"ఇతఁ డలమేలుమంగ విభుఁ డీతఁడెవో కలశాబ్ధికన్యకు\న్‌
సతతముఁ జిత్త మిచ్చిన రసజ్ఞుఁడు ప్రాజ్ఞుఁడు సర్వవైభవో
న్నతుఁడు రమాసతీ ప్రియుఁడు నందకశార్ఙ్గధరుం డటంచు ని
న్నతివలు మెచ్చి మెచ్చి కొనియాడుదు రెప్పుడు వేంకటేశ్వరా!"	champakamaala
"మాయలమేలుమంగ చలమా యలయించెద వెంతసేసిన\న్‌
దోయజగంధి నీకు మతితోడనె తక్కిన దల్క నోపు నా
చేయఁగ నేర్చుచేఁత లివె చేయుదుగాక లతాంతసాయకుం
డీయెడఁ జేయు వేదన లకిన్నియుఁ దోడుగ వేంకటేశ్వరా!"	vutpalamaala
"మతి నలమేలుమంగకును మంతనమాడెడు నీవిలాసముల్‌
తతిఁ దలపోఁతలై సురతతాండవసంభ్రమలీలలై సమం
చిత సరసప్రసంగములు చిమ్మనిదొంతరలై ప్రియంబులై
వితతమనోజవిద్యల నవీనము లైనవి వేంకటేశ్వరా!"	champakamaala
"కసిగలచూపు చిమ్ముదును కంకణహస్తము సాఁచి కుంచెచే
విసరకు రమ్మనంగ వడి వెన్నెలమోమున ముద్దుగుల్కెడి\న్‌
రసికున కంచుఁ జక్కనిపురంధ్రిని నీయలమేలుమంగతో
ముసిముసినవ్వు నవ్వుదురు ముచ్చటలాడుచు వేంకటేశ్వరా!"	champakamaala
"నాఁడలమేలుమంగ జననంబుకై కలశాబ్ధిఁద్రచ్చియీ
మూఁడుజగంబులందును బ్రమోదము నించితి వట్ల నుండుచో
నాఁడుఁదనంపుబృంద ముదయంబును బొందఁగ నిత్యసంపదల్‌
నేఁ డిఁక నేమిటం గడమ నీకృప వారికి వేంకటేశ్వరా!"	vutpalamaala
"ఈతరుణీమణీ విభునియిచ్చకుఁ జాలుతలంప నీయనా
యీతని మోహినీగజము యీవని కాయలమేలుమంగ నేఁ
డీతనువల్లి చక్కఁదనము ... ... ... ... చెలువంబు చాలదా
యీ తెలిమిం చటంచు నుతియింతురు నీసతి వేంకటేశ్వరా!"	vutpalamaala
"మణుల వెలుంగు దీపవనమాలికలై పొగడొందఁ గంకణ
క్వణనము మేఖలావళులఘంటలు శ్రీయలమేలుమంగకు\న్‌
బ్రణయవినోద సంపదకుఁ బాయక నీ కొనరించుపూజకై
ప్రణుతనుతప్రభావముల భాగ్యము లైనవి వేంకటేశ్వరా!"	champakamaala
"కదిసిన సేసము తైముల కంఠసరుల్‌ ఘనరత్న కంకణాం
గదరశనా ... ... నికాయము శ్రీయలమేలుమంగకు\న్‌
బొదివి వివాహవేళ దిగఁ బోసిన ముత్తెపుఁ బ్రాల నందమై
ముదమగు నీకుఁ గన్నుఁగవ ముందఱ నెప్పుడు వేంకటేశ్వరా!"	champakamaala
"నిగిడి పయోధిఁ ద్రచ్చు నెడ నిర్జరసంఘము నిక్కి చూడఁగా
ధగధగ యంచు దిక్కుల నుదగ్రతటిల్లత లుల్లసిల్లఁగాఁ
దగ నుదయించి మించిన సుధాప్రతి మీయలమేలుమంగ నీ
మగువ యటంచు మెత్తురు సమస్తమునీంద్రులు వేంకటేశ్వరా!"	champakamaala
"నడవకుమమ్మ పాదనలినంబులు గందెడి, మాట బెట్టుగా
నొడువకుమమ్మ, చెక్కునును నొక్కులతో నలమేలుమంగ నీ
వెడనగ కీమొగంబునకు వెన్నెలలాయె నటంచు నీసతి\న్‌
బడఁతులు మేలమాడుదురు పల్కుల తేనెల వేంకటేశ్వరా!"	champakamaala
"బూతలబండ్లనే వలపుఁబుక్కిట నించితి వాఁడిగోళ్లనే
ఘాతలు గాఁగఁ జించితివి కాయముపై నలమేలుమంగ నీ
చేతిదె యంచు నీతరుణి చెంతలఁ దట్టపునుంగుఁ గస్తురి\న్‌
జాతుదు రోలి నీదు పరిచారిక కాంతలు వేంకటేశ్వరా!"	vutpalamaala
"పచ్చల సందిదండలును బాహుపురుల్‌ మణినూపురంబులు\న్‌
మచ్చరికంబులుం బసిఁడిమట్టెలమ్రోతలుఁ బెల్లు మ్రోయఁగా
నెచ్చెలు లోలిఁ గొల్వఁ దరుణీమణి శ్రీయలమేలుమంగ నీ
ముచ్చట దీర్చు నొక్కపరి ముందఱ నిల్చిన వేంకటేశ్వరా!"	vutpalamaala
"ఏచిన పాతకంబులకు నిన్నిటికి న్నిరవైనవాఁడ నేఁ
గాచినకష్టవృత్తి కరిగాఁపనె యోయలమేలుమంగ నీ
చూచుకృపానిరీక్షణమె చూచెద నంచును నీప్రియాంగన\న్‌
బూచిన వాక్ప్రసూనములఁ బూజలు సేసెద వేంకటేశ్వరా!"	vutpalamaala
"యోగ్యతలేనికష్టుఁడ నయోగ్యుఁడ నన్నిటఁ జూడ గర్భని
ర్భాగ్యుఁడ నీకృపామతికిఁ బ్రాప్తుఁడ నోయలమేలుమంగ నా
భాగ్యము నీగృపాకరుణఁ బ్రాప్యము కావుమటంచు సారెనీ
భాగ్యవతీ శిరోమణినిఁ బ్రస్తుతిసేసెద వేంకటేశ్వరా!"	vutpalamaala
"తుఱు మఱవీడెఁ బయ్యెదయుఁ దోడనె జాఱె మెఱుంగు ఱెప్పల\న్‌
బరవశభావ మేర్పడియెఁ బాయక నీ వలమేలుమంగ నీ
వరునిఁ దలంచితో యనుచు వాసనమేనుల దేవ కామినుల్‌
సరగున నీలతాంగి కుపచారము సేతురు వేంకటేశ్వరా!"	champakamaala
"రాజసలీల నన్నును గరంబునఁ బట్టకు చూప వేల నీ
తేజము నాకటంచు సుదతీమణి శ్రీయలమేలుమంగ ని
న్నీ జగదేకనాయకుని నింపొలయించుచు సారెసారెకు\న్‌
జాజులకొప్పువీడ సరసంబున వీచును వేంకటేశ్వరా!"	vutpalamaala
"చక్కదనంబు రాశి నునుసానల\న్‌ బట్టినపువ్వుటమ్ములోఁ
జక్కెర నించి చేసిన రసస్థితి శ్రీయలమేలుమంగ నీ
మక్కువఁ జిక్కి మాతలభ్రమం దగులై కలవంత నిట్ల నీ
వక్కుఁనఁ జేర్పఁగా నలరె నన్నువ కౌఁగిట వేంకటేశ్వరా!"	vutpalamaala
"మానవతీశిరోమణికి మంజులవాణికి మోవితేనియల్‌
కానిక లిచ్చినాఁడవట కౌఁగిట నాయలమేలుమంగకు\న్‌
మీనచకోరనేత్రి నిను మెచ్చి మదంబునఁ గౌఁగిలించి నీ
పానుపుమీఁది చేఁత లివి పచ్చితలంపులు వేంకటేశ్వరా!"	vutpalamaala
"ధళధళ మించు కన్నుఁగవ తమ్ముల మిమ్ములఁ జూపు చిమ్మిన\న్‌
గళవళమందకుండుదురె గ్రక్కున శ్రీయలమేలుమంగకు\న్‌
సళువుల నవ్వుఁ గొంత నునుసోనలగర్వముఁ గొంతనవ్వుఁగా
కెలపులఁ గొంతకొంత పులకింతలు వింతలు వేంకటేశ్వరా!"	champakamaala
"దర్పక రాజ్యసంపదలు తన్మయకోటులు రాగిలోకసం
తర్పణముల్‌ లతాధరసుధాపరిధానము లాననవ్రతుల్‌
కర్పురగంధసౌఖ్యములు గ్రక్కున శ్రీయలమేలుమంగకు\న్‌
మార్పడు దేహసంగతుల మర్మిపుఁజేతలు వేంకటేశ్వరా!"	vutpalamaala
"అంబరమెల్లఁ జంద్రమయ మైనటులామదనాంకముల్‌ మెయి\న్‌
బంబిన నేడ వంచు సిరి పల్కిన నయ్యలమేలుమంగ పా
దంబుల యానవెట్టితివి తమ్మియిగుళ్లని నీకు బొంకులే
నెంబళమాయె నెవ్వరికిఁ జెల్లవు రంతులు వేంకటేశ్వరా!"	vutpalamaala
"చెఱఁగులు చూపి క్రొవ్విరులు చిందెడు తేనెలు నాల్గువంకల\న్‌
వఱదలువాఱె ఘర్మములు వాహినులై యలమేలుమంగతోఁ
గఱఁగుచు నీవు కౌఁగిట సుఖస్థితిఁ గూడుచు బంధుసంగతి\న్‌
దెఱ దిగనేసి వేడుకలు తెప్పలఁ దేలఁగ వేంకటేశ్వరా!"	champakamaala
"వాలికనేత్రపద్మములు వంచినయావదనంబు పద్మినీ
పాల జనింపనందుననె పద్మినియై యలమేలుమంగ గో
పాలకచక్రవర్తి నినుఁ బాయనికౌఁగిట భోగలీలఁ బాం
చాలునిఁ జేసె పుష్పశరశాస్త్రవిదగ్ధుని వేంకటేశ్వరా!"	vutpalamaala
"అమ్మకుఁ దాళ్లపాకఘనుఁ డన్నఁడు పద్యశతంబుఁ జెప్పెఁగో
కొమ్మని వాక్ప్రసూనములఁ గూరిమితో నలమేలుమంగకు\న్‌
నెమ్మది నీవు చేకొని యనేకయుగంబులు బ్రహ్మకల్పముల్‌
సమ్మది మంది వర్ధిలను జవ్వన లీలల వేంకటేశ్వరా!"	vutpalamaala
"కౌస్తుభవక్ష శ్రీకరపాదరాజీవ । దీనశరణ్య మహానుభావ
కరిరాజవరద భాస్కరకోటిసంకాశ । పవనభుగ్వరశాయి పరమపురుష
వేదవేద్యానంతవిభవ చతుర్దశ- । భువనశోభనకీర్తి పుణ్యమూర్తి
వైకుంఠపట్టణవాస యోగానంద । విహగరాడ్వాహన విశ్వరూప"	seesamu
"నీలనిభగాత్ర శ్రీరమణీకళత్ర । సద్గుణస్తోమ యదుకులసార్వభౌమ
మదరిపువిఫాల మునిజనహృదయలోల । వేణుగోపాల భక్తసంత్రాణశీల!"	teytageethi
"నిను సదా హృత్కంజమునఁ బాయకుండ నా । ప్రహ్లాదువలెను నేర్పరిని గాను
ఏవేళ నిను ధ్యానించుచుండుటకు నా । దృఢచిత్తుఁ డైనట్టి ధ్రువుఁడ గాను
సతతంబు నిన్ను సంస్తుతి చేయుచుండ నా । వేశిరంబుల సర్పవిభుఁడ గాను
నీ విశ్వరూపంబు సేవించుటకు సహ- । స్రాక్షముల్ గల్గు వాసవుఁడఁ గాను"	seesamu
"ఇట్టివారలఁ గృపజూచు టెచ్చుగాదు । దేవ నా వంటి దీనుని బ్రోవవలయు
మదరిపువిఫాల మునిజనహృదయలోల । వేణుగోపాల భక్తసంత్రాణశీల!"	teytageethi
"శ్రీరుక్మిణీ ముఖసారసమార్తాండ । సత్యభామా మనశ్శశిచకోర
జాంబవతీ కుచశైలకంధర మిత్ర- । విందా సుధాధరబింబకీర
భద్రా వయోవనభద్రేభరాజ క- । శిందాత్మజా చిదానందనిలయ
లక్షణా శృంగారవీక్షణకాసార- । హంస సుధేష్ణా గుణాపహార"	seesamu
"సుందరకపోల విబుధసంస్తుత కృపాల- । వాల ధృతశైల కాంచనవర్ణచేల
మదరిపువిఫాల మునిజనహృదయలోల । వేణుగోపాల భక్తసంత్రాణశీల!"	teytageethi
"భానుకోటి ప్రభాభాసురంబగు వెల్గు । పరులు చూచినఁ గానఁబడని వెల్గు
గురుకృపచేఁ గాక నరయనేరని వెల్గు । నమృతంపు వృష్టిచే నమరు వెల్గు
విద్యుల్లతాపరివేష్టితంబగు వెల్గు । ఘననీలకాంతులఁ గ్రక్కు వెల్గు
దశవిధప్రణవనాదములు గల్గిన వెల్గు । మౌనులెన్నఁగ రమ్యమైన వెల్గు"	seesamu
"ఆదిమధ్యాంతరరహితమైనట్టి వెల్గు । నిట్టి వెల్గును సేవింపనట్టి చెట్ట-
వారికే లభించు కైవల్యపదము
మదరిపువిఫాల మునిజనహృదయలోల । వేణుగోపాల భక్తసంత్రాణశీల!"	teytageethi
"వేదంబులును నీవె వేదాంగములు నీవె । జలధులు నీవె భూజములు నీవె
క్రతువులు నీవె సద్వ్రతములు నీవె కో- । విదుఁ డటంచన నీవె నదులు నీవె
కనకాద్రి నీవె యాకాశంబు నీవె ప- । ద్మాప్తసోములు నీవె యగ్ని నీవె
యణురూపములు నీవె యవనీతలము నీవె । బ్రహ్మము నీవె గోపతియు నీవె"	seesamu
"ఇట్టి నిన్ను సన్నుతింప నేనెంతవాఁడ । గించనుఁడ నన్ను బ్రోవుని కింకరునిగ
మదరిపువిఫాల మునిజనహృదయలోల । వేణుగోపాల భక్తసంత్రాణశీల!"	teytageethi
"వేదాంతమనుచు బ్రహ్మాదులెంచిన వెల్గు । నాదాంతసీమల నడరు వెల్గు
సాధుజనానందసంపూర్ణమౌ వెల్గు । బోధకు నిలయమై పొసగు వెల్గు
ద్విదశాబ్జమధ్యమందుదయమౌ వెల్గు । సుషుమ్ననాళంబునఁ జొచ్చు వెల్గు
చూడఁజూడఁగ మహాశోభితంబగు వెల్గు । నిఖిలజగంబుల నిండు వెల్గు"	seesamu
"శతకోటిసారస హితుల మించిన వెల్గు । మేరువు శిఖరంబుమీఁది వెల్గు
మదరిపువిఫాల మునిజనహృదయలోల । వేణుగోపాల భక్తసంత్రాణశీల!"	teytageethi
"వేదాంతయుక్తులు విని రెండు నేర్చుక । వాగునాతఁడు రాజయోగి గాఁడు
కల్లు లొట్టెడు త్రాగి కైపెక్కి తెలియక । వదరినంతనె శాస్త్రవిదుఁడు గాఁడు
పట్టపురాజు చేపట్టి యుంచంగానె । గుడిసెవాటికి బారి గుణము రాదు
ముండపై వలపున రెండెఱుంగక మోవి । యానఁగానె జొల్లు తేనె గాదు"	seesamu
"కోఁతిపై నున్న సింగపుఁగొదమ కాదు । ఎంత చదివిన గుణహీనుఁ డెచ్చుగాఁడు
మదరిపువిఫాల మునిజనహృదయలోల । వేణుగోపాల భక్తసంత్రాణశీల!"	teytageethi
"దండకమండలుధారులై కాషాయ- । ములు ధరించిన దాన ముక్తి లేదు
భూతి గంపెడు పూసి పులిచర్మమును బూని । ముక్కుమూసిన దాన ముక్తి లేదు
తిరుమణి పట్టెఁడు తీసి పట్టెలు తీర్చి । భుజము గాల్చిన దాన ముక్తి లేదు
వాయువుల్ బంధించి ప్రాణంబు నలయఁగ । మూత వేసిన దాన ముక్తిలేదు"	seesamu
"గురుపదాంబుజముల భక్తి కుదిరి తమ్ముఁ । దా మెఱుంగక ముక్తి లేదవనియందు
మదరిపువిఫాల మునిజనహృదయలోల । వేణుగోపాల భక్తసంత్రాణశీల!"	teytageethi
"దారిద్ర్యమనెడు భూధరచయంబులు గూల్ప । హరి నీదు భక్తి వజ్రాయుధంబు
అజ్ఞానమనెడు గాఢాంధకార మణంప । నీదు సపర్య భానూదయంబు
ఘోరమౌ దుష్కృతాంభోరాశి నింకింపఁ- । గా నీదు సేవ దావానలంబు
చపలం బనెడు రోగసమితిని మాన్ప న- । బ్జాక్ష నీ స్మరణ దివ్యౌషధంబు"	seesamu
"వెన్న గలిగియు నేతికి వెదకినటుల । పరుల దలతురు మీ మహత్తెఱుఁగ లేక
మదరిపువిఫాల మునిజనహృదయలోల । వేణుగోపాల భక్తసంత్రాణశీల!"	teytageethi
"సూక్ష్మస్నానము చేసి సొక్కినవేళ సా- । మితధారణము చేసి మెలఁగువేళ
బడలిక పైనంబు నడచి వచ్చినవేళ । సురతాప్తి ‘హా’ యని సొక్కువేళ
నొంటరిగాఁ జీఁకటింట నుండినవేళ । నలుకతోఁ బవళించునట్టివేళ
దెఱఁగొప్ప మనమున దిగులు చెందినవేళ । భక్తి గన్నట్టి విరక్తివేళ"	seesamu
"లక్ష్యభావంబుఁ జూడ సలక్షణముగ । బండువెన్నెల గతిఁ గానబడును ముక్తి
మదరిపువిఫాల మునిజనహృదయలోల । వేణుగోపాల భక్తసంత్రాణశీల!"	teytageethi
"అగ్రజన్మము తీరమందు వాసంబును । వితరణము ననుభవించు నేర్పు
సంగీతసాహిత్యసంపన్నతయు మఱి । రసికత బంధుసంరక్షణంబు
ననుకూలమైన చక్కని భార్య రాజస- । న్మానంబు ప్రఖ్యాతి మానుషంబు
సౌందర్య మతిదృఢశక్తి విలాసంబు । జ్ఞానంబు నీ పదధ్యాననిష్ఠ"	seesamu
"ఇన్నివిధములు గలిగి వర్తించు నరుఁడు । భూతలస్వర్గపదములు బొందుచుండు
మదరిపువిఫాల మునిజనహృదయలోల । వేణుగోపాల భక్తసంత్రాణశీల!"	teytageethi
"అబ్బ మేలోర్వలేనట్టివాఁడైనను । మోహంబుగల తల్లి మూఁగదైన
ఆలు రక్కసియైన నల్లుఁ డనదయైనఁ । గూతురు పెనుఱంకుఁబోతుదైనఁ
గొడుకు తుందుడుకైనఁ గోడలు దొంగైనఁ । దనకు సాధ్యుఁడుగాని తమ్ముఁడైన
గృహకృత్యములు పొరుగిండ్ల వెంబడిఁ బోయి । చెప్పి యేడ్చెడు చెడ్డచెల్లెలైన"	seesamu
"నరుని ఖేదంబు వర్ణింపఁ దరము గాదు । అంతటను సన్యసింపంగనగును మేలు
మదరిపువిఫాల మునిజనహృదయలోల । వేణుగోపాల భక్తసంత్రాణశీల!"	teytageethi
"విధవ చెవులకేల యరిది వజ్రపుఁ గమ్మ । లురుకు తొత్తుకు విటుఁ డుండనేల
గ్రుడ్డిముండకు మంచి గొప్పయద్దంబేల । సరవి గుడిసెకు బల్ చాందినేల
యూరఁబందులకుఁ బన్నీరుగంధంబేల । బధిరున కల వీణపాటలేల
కుక్కపోతుకు జరీకుచ్చుల జీనేల । పూఁటకూళ్ళమ్మకుఁ బుణ్యమేల"	seesamu
"తనకు గతిలేక యొకఁడిచ్చు తఱిని వారి । మతులు చెరపెడి రండకుఁ గ్రతువులేల
మదరిపువిఫాల మునిజనహృదయలోల । వేణుగోపాల భక్తసంత్రాణశీల!"	teytageethi
"అలకాధిపతి నేస్తమైనప్పటికిని బా- । లేందుమౌళికి బిచ్చమెత్తవలసెఁ
గమలాసనుని కెంత కరుణ రా నడచినఁ । గలహంసలకుఁ దూటి కాడలేదు
క్షీరాబ్ధి లంకలోఁ జేరినప్పటికైనఁ । గొంగతిండికి నత్తగుల్లలేను
పరగ సాహేబు సుబా యెల్ల నేలిన । బేగంబులకుఁ గుట్టుప్రోగులేను"	seesamu
"ఒకరికుండెనటంచు మేలోర్వలేక । నేడ్వఁగరాదు తన ప్రాప్తి నెన్నవలయు
మదరిపువిఫాల మునిజనహృదయలోల । వేణుగోపాల భక్తసంత్రాణశీల!"	teytageethi
"అల్పునిఁ జేర్చిన నధికప్రసంగియౌ । ముద్దు చేసినఁ గుక్క మూతి నాకు
గోళ్ళ సాఁకినఁ బొంతకుండలో విష్ఠించుఁ । గొద్దితొత్తుల పొందు రద్ది కీడ్చు
గూబలు వ్రాలినఁ గొంప నాశముఁ జేయుఁ । జనవీయఁగ నాలు చంక కెక్కుఁ
బలువతో సరసంబు ప్రాణహాని యొనర్చు । దుష్టుడు మంత్రైన దొరను జెఱచుఁ"	seesamu
"కనుక విని దెల్సి జాగ్రత్తగాను ప్రజలఁ । బాలనముఁ జేయు టది రాజపద్ధతి యగు
మదరిపువిఫాల మునిజనహృదయలోల । వేణుగోపాల భక్తసంత్రాణశీల!"	teytageethi
"అవనీశ్వరుఁడు మందుఁడైన నర్థుల కియ్య- । వద్దని వద్ది దివాను చెప్పు
మునిషీ యొకడు చెప్పు మొనసి బక్షీ చెప్పుఁ । దరువాత నా మజుందారు చెప్పుఁ
దల ద్రిప్పుచును శిరస్తా చెప్పు వెంటనే । కేలు మొగిడ్చి వకీలు చెప్పు
దేశపాండ్యా తాను దినవలెనని చెప్పు । ముసరద్ది చెవిలోన మొనసి చెప్పు"	seesamu
"యశము గోరిన దొరకొడుకైనవాఁడు । ఇన్ని చెప్పులు కడఁ ద్రోసి యియ్యవలయు
మదరిపువిఫాల మునిజనహృదయలోల । వేణుగోపాల భక్తసంత్రాణశీల!"	teytageethi
"ఆత్మ తెలియని యోగి కద్వైతములు మెండు । నెఱఱంకులాఁడికి నిష్ఠ మెండు
పాలు పిండని గొడ్డుబఱ్ఱె కదుపు మెండు । కల్లపసిండికిఁ గాంతి మెండు
గెలువని రాజుకు బలుగచ్చులును మెండు । వంధ్యకు విభునిపై వాంఛ మెండు
దబ్బరవాటకుఁ దలద్రిప్పుటలు మెండు । పసిమిరోగపు లొత్తు మిసిమి మెండు
వండలేనక్కకు వగపులు బలుమెండు । లేలేని యన్నకు తిండి మెండు"	seesamu
"కూటికియ్యని విటకాని పోటు మెండు । మాచకమ్మకు మోహంబు మదిని మెండు
మదరిపువిఫాల మునిజనహృదయలోల । వేణుగోపాల భక్తసంత్రాణశీల!"	teytageethi
"ఆలిని వంచుకోఁజాలక తగవర్ల । బ్రతిమాలుకొనువాని బ్రతుకు రోఁత
నర్తనాంగనల వెన్కను జేరి తాళముల్ । వాయించువాని జీవనము రోఁత
వ్యభిచరించెడి వారవనిత గర్భంబునఁ । బురుషత్వము వహించి పుట్ట రోఁత
బంధుకోటికి సరిపడని దుర్వృత్తిని । బడియున్న మనుజుని నడత రోఁత"	seesamu
"యరసికుండైన నరపతి నాశ్రయించి । కృతులొనర్చెడి కవి నెత్తిగీఁత రోఁత
మదరిపువిఫాల మునిజనహృదయలోల । వేణుగోపాల భక్తసంత్రాణశీల!"	teytageethi
"ఆస్థానమందు విద్వాంసుల గని లేచి । మ్రొక్కులేయని వారమోహినులను
దల గొరిగించి మెత్తని సున్నమును బూసి । బొగ్గుగంధమున బొట్టమర్చి
చెప్పులు మెడఁ గట్టి చింపిచేటలఁ గొట్టి । గాడిదపైఁబెట్టి కాల మెట్టి
తటుకునఁ గ్రామప్రదక్షిణం బొనరించి । నిల్చినచోటఁ బేణ్ణీళ్ళు చల్లి"	seesamu
"విప్రదూషకులగువారి వెంట నిచ్చి । సాగ నంపించవలయును శమనపురికి
మదరిపువిఫాల మునిజనహృదయలోల । వేణుగోపాల భక్తసంత్రాణశీల!"	teytageethi
"పెట్టనేరని రండ పెక్కునీతులఁ బెద్ద । గొడ్రాలిముండకు గొంతు పెద్ద
మంకుబుద్ధికిఁ దన మాట సాగుటె పెద్ద । రిక్తుని మదిని కోరికలు పెద్ద
అల్పవిద్వాంసుండు నాక్షేపణకుఁ బెద్ద । మూర్ఖచిత్తుఁడుఁ కోపమునకుఁ బెద్ద
గుడ్డిగుఱ్ఱము తట్టగుగ్గిళ్ళు తినఁ బెద్ద । వెలయ నాఁబోతుకండలను బెద్ద"	seesamu
"మధ్యవైష్ణవునకు నామములు పెద్ద । పెట్టనేరని విభుఁడు కోపించ పెద్ద
మదరిపువిఫాల మునిజనహృదయలోల । వేణుగోపాల భక్తసంత్రాణశీల!"	teytageethi
"ఈడిగె ముత్తికి జోడుశాలువలిస్తి । కురుబ గంగికి జరీకోకలిస్తి
కడియాలు కుమ్మర కనకంకు దీసిస్తి । పోఁగులు గోసంగి పోలికిస్తి
పోచీలు చాకలి పుల్లి చేతుల వేస్తి । దాని తల్లికి నూఱు దారబోస్తి
దాసరచ్చికి దేవతార్చన లమ్మిస్తి । గుఱ్ఱాల యుప్పర కొండికిస్తి"	seesamu
"ననుచుఁ బాత్ర మపాత్రము ననక యిచ్చి । చెప్పుకొందురు మూఢులు సిగ్గులేక
మదరిపువిఫాల మునిజనహృదయలోల । వేణుగోపాల భక్తసంత్రాణశీల!"	teytageethi
"ఈనెగాండ్లంటరో యీండ్లను బగిసార- । సెన్నంగిసుద్దులు సెప్పలేరు
యేదగాండ్లంటరో యీండ్లింట పొగవెల్ల । గొర్లాల బిగ్గెన గొసుగుతారు
కయితగాండ్లంటరో కాల్పంగటించుక । చిన్నచ్చరము సేరు చెప్పలేరు
వాసివేలంట తమాసగా ఱొమ్మున । దప్పెట వేసుక తట్టలేరు"	seesamu
"అనుచు విప్రోత్తములఁ గన్నయట్టివేళ । మోటుమనుజు లనియెడి మాటలిట్లు
మదరిపువిఫాల మునిజనహృదయలోల । వేణుగోపాల భక్తసంత్రాణశీల!"	teytageethi
"ఉండి యియ్యని లోభి రండకొంపను శ్రాద్ధ- । మైననేమి శుభంబులైననేమి
చండాలు వాకిట వండుకొన్నది యంబ- । లైననే మతిరసాలైననేమి
మాచకమ్మ సమర్త మఖపుబ్బహస్తచి- । త్తయిననేమి పునర్వసైననేమి
కులనాశకుండయిన కొడుకు దీర్ఘాయువై । యుండిననేమి లేకున్ననేమి"	seesamu
"బవరమునఁ జొచ్చి పొడువని బంటుచేతి । దాయుధంబైననేమి తెడ్డయిననేమి
మదరిపువిఫాల మునిజనహృదయలోల । వేణుగోపాల భక్తసంత్రాణశీల!"	teytageethi
"ఎనుబోతు వానకు జంకునా యెంతైన । వెలహెచ్చుగల తేజి వెఱచుఁగాక
గుణహీనుఁడెంతైన గులముకు వెఱచునా । గుణవంతుఁ డెప్పుడు వెఱచుఁగాక
గడుసైన పెనుమొద్దు గాలికి వెఱచునా । విరుగఁగాచిన మ్రాను వెఱచుఁగాక
ఱంకుముండ బజారురచ్చకు వెఱచునా । వీరపతివ్రత వెఱచుఁగాక"	seesamu
"ఘనతగల్గిన దొరబిడ్డ గాక సుకవి । నోటితిట్లకు వెఱచునా మోటువాడు
మదరిపువిఫాల మునిజనహృదయలోల । వేణుగోపాల భక్తసంత్రాణశీల!"	teytageethi
"ఏదంబులకు మంగలెంకఁడే దగునేటు । ప్రశ్న సెప్పను మాల పాపిగాఁడు
కయితముల్ సెప్ప బోగము చినెంకఁడె సరి । సంగీత యిద్దెకు సాకలెల్లి
చాత్రపురండాల సాతాననంతమ్మ । సిందులు ద్రొక్క దాసరి పెదక్క
యీణె గొట్టను కోమటీరేశమే సరి । మతి రతాలకు మాఱుమనుము లచ్చి"	seesamu
"అనుచు మూర్ఖాళి యీ రీతి ననుదినంబు । భూతలమునందు వచియింత్రు నీతిలేక
మదరిపువిఫాల మునిజనహృదయలోల । వేణుగోపాల భక్తసంత్రాణశీల!"	teytageethi
"ఒంటిజందెము ద్వాదశోర్ధ్వపుండ్రంబులు । నమరిన పసపు కృష్ణాజినంబు
దండంబు గోచి కమండలు వక్షమా- । లిక పుస్తకంబు పాదుకలు గొడుగు
దర్భ మౌంజీ పవిత్రములు కటి కరాన । చెవిలోనఁ దగు తులసీదళంబు
వేదమంత్రములు వినోదమౌ నపరంజి । పడగకుండలములు పంచశిఖల-"	seesamu
"తో నరుగుదెంచి బలిని భూదాన మడిగి । తెచ్చి సురపతి కిచ్చితి విచ్చతోడ
మదరిపువిఫాల మునిజనహృదయలోల । వేణుగోపాల భక్తసంత్రాణశీల!"	teytageethi
"కనుముక్కుతీరు చక్కనికాంతి పొందిన । శుభలక్షణంబులు సూక్ష్మబుద్ధి
ఘనత వివేకవిక్రమము బాంధవ్యంబు । మర్మవిలాసంబు మానుషంబు
సరసవాచాలత సాహసం బొకవేళ । విద్యావిచక్షణ విప్రపూజ
వితరణగుణము భూపతియందు భయభక్తి । నీతియు సర్వంబు నేర్చునోర్పు
స్నానసంధ్యాద్యనుష్ఠానసంపన్నత । గాంభీర్యము పరోపకారచింత"	seesamu
"గలుగు మంత్రిని జేర్చుకొన్నట్టి దొరకుఁ । గీర్తి సౌఖ్యము సకల దిగ్విజయము సిరి
గలుగుచుండును దోషము ల్దొలగిపోవు
మదరిపువిఫాల మునిజనహృదయలోల । వేణుగోపాల భక్తసంత్రాణశీల!"	teytageethi
"కన్నెనిచ్చినవానిఁ గబ్బమిచ్చినవాని । సొంపుగా నింపుగాఁ జూడవలయు
అన్నమిచ్చినవాని నాదరించినవాని । దాతఁగాఁ దండ్రిఁగా దలపవలయు
విద్యనేర్పినవాని వెఱపుదీర్చినవాని । గురునిగా హరునిగా నెఱుఁగవలయు
కొల్వు గాచినవానిఁ గూర్మి చూపినవాని । సుతునిగా హితునిగాఁ జూడవలయు"	seesamu
"నిట్టివారలపైఁ బ్రేమ పెట్టుకొనక । కసరుబెట్టిన మనుజుండు గనఁడు కీర్తి
మదరిపువిఫాల మునిజనహృదయలోల । వేణుగోపాల భక్తసంత్రాణశీల!"	teytageethi
"కలకొద్దిలోపలఁ కడదెచ్చి మన్నించి । యిచ్చినవారి దీవించవలయు
సిరిచేత మత్తుఁడై పరు నెఱుంగని లోభి । దేబెను పెళ్ళునఁ దిట్టవలయుఁ
దిట్టిన యప్పుడేఁ దెలిసి ఖేదము నొంది । యింద్రుడైనను బిచ్చమెత్తవలయు
దీవించినను యల దీర్ఘాయును బొంది । బీదైన నందలం బెక్కవలయు"	seesamu
"నట్టియాతఁడు సుకవి కానట్టి యతనిఁ । గవియనఁగనేల కవిమాలకాకి గాఁడె
మదరిపువిఫాల మునిజనహృదయలోల । వేణుగోపాల భక్తసంత్రాణశీల!"	teytageethi
"కొండసిగల్ తలగుడ్డలు పాకోళ్ళు । చలువవస్త్రములు బొజ్జలు కఠార్లు
కాసెకోకలు గంపెడేసి జందెములును । దలవార్లు జలతారు డాలువార్లు
సన్నపు తిరుచూర్ణచిన్నెలు కుట్టాలు । జొల్లువీడెమ్ములు వల్లెవాట్లు
దాడీలు వెదురాకు తరహా సొగసుకోర్లు । నంతకు దొరగార్లటంచుఁ బేర్లు"	seesamu
"సమరమున జొచ్చి ఱొమ్ముగాయములకోర్చి । శాత్రవుల ద్రుంచనేరని క్షత్రియులకు
నేల కాల్పనె యీ వట్టి యెమ్మెలెల్ల
మదరిపువిఫాల మునిజనహృదయలోల । వేణుగోపాల భక్తసంత్రాణశీల!"	teytageethi
"కోమటి యత్యంతక్షామము గోరును । ధారుణి క్షితిపతి ధనము గోరు
ధరఁ గరణము గ్రామదండుగ గోరును । జంబుకంబేవేళ శవము గోరు
కుజనుఁడౌ వైద్యుండు ప్రజల రోగము గోరు । సామాన్యవిప్రుండు చావు గోరు
అతిశూరులగువారు ధృతిని గోరుచునుందు । రాఁబోతు వేదల యశము గోరుఁ"	seesamu
"గాఁపువానికి గ్రామాధికారమైన । దేవభూసురవృత్తులు దియ్యఁగోరు
మదరిపువిఫాల మునిజనహృదయలోల । వేణుగోపాల భక్తసంత్రాణశీల!"	teytageethi
"కండచక్కెర పానకముఁ బోసి పెంచిన । ముషిచెట్టుకుఁ దీపి పుట్టబోదు
పాలమున్నీటి లోపల ముంచి కశిగినఁ । గాకిఱెక్కకుఁ దెల్పు గలుగఁబోదు
పన్నీరుగంధంబు పట్టించి విసరినఁ । దేలుకొండి విసంబు తియ్యఁబోదు
వెదురుబద్దలు చుట్టు వేసి బిగించినఁ । గుక్కతోఁకకు వంక కుదురబోదు"	seesamu
"మంచిమాటల నెంత బోధించి చెప్ప । మడియ రండకుని గుణంబు విడువబోదు
మదరిపువిఫాల మునిజనహృదయలోల । వేణుగోపాల భక్తసంత్రాణశీల!"	teytageethi
"ఖేదమోదంబుల భేదంబు తెలియక । గోలనై కడిపితిఁ గొన్నినాళ్ళు
పరకామినుల కాసపడి పాపమెఱుఁగక । కొమరుప్రాయంబునఁ గొన్నినాళ్ళు
ఉదరపోషణమున కుర్వీశులను వేడి । కొదవచేఁ గుందుచుఁ గొన్నినాళ్ళు
ఘోరమైనట్టి సంసారసాగర మీఁదు- । కొనుచుఁ బామరముచేఁ గొన్నినాళ్ళు"	seesamu
"జన్మమెత్తుట మొదలు నీ సరణిఁ గడచె । నెటుల గృపఁ జూచెదో గతం బెంచఁబోకు
మదరిపువిఫాల మునిజనహృదయలోల । వేణుగోపాల భక్తసంత్రాణశీల!"	teytageethi
"గజముపై చౌడోలు గాడిదకెత్తితే । మోయునా పడవేసి కూయుఁ గాక
చిలుక పంజరములోపల గూబ నుంచితే । పలుకునా భయపడి యులుకుఁ గాక
కుక్క నందలములోఁ గూర్చుండఁబెట్టితే । కూర్చుండునా తోళ్ళు కొఱుకుఁ గాక
ధర్మకార్యములలో దరిబేసి నుంచితే । యిచ్చునా తన్నుక చచ్చుఁ గాక"	seesamu
"చెడి బ్రతికినట్టి శుంఠను జేర్చుకొనిన । వాఁడు చెడు నుంచుకొన్నట్టివాఁడు జెడును
మదరిపువిఫాల మునిజనహృదయలోల । వేణుగోపాల భక్తసంత్రాణశీల!"	teytageethi
"గోవుల నఱకంగఁ గోసి వండుక తిను । మాలమాదిగలు భూపాలురయిరి
మానాభిమానముల్ మాని ప్రవర్తించు । మంకుగులాములు మంత్రులైరి
అక్షరం బెఱుగక యాకారపుష్టిచే । వర్ణసంకరులు విద్వాంసులైరి
బాజారిఱంకుకైఁ బంచాయతీ చెప్పు । పాతలంజెలు వీరమాతలైరి"	seesamu
"అహహ! కలియుగధర్మ మేమనఁగ వచ్చు । నన్నిటికి నోర్చి యూరక యుండదగునే
మదరిపువిఫాల మునిజనహృదయలోల । వేణుగోపాల భక్తసంత్రాణశీల!"	teytageethi
"చదువుచుండెడివేళ సభలోనఁ గూర్చుండి । దున్నపోతుల కొడుకెన్నుఁ దప్పు
విద్యాధికుల కిచ్చువేళడ్డుపడి మాల- । ధగిడీల కొడుకు వద్దనుచుఁ జెప్పు
ధనమెక్కుడుగఁ గూర్చి తినలేక యేడ్చెడి । పెనులుబ్ధుఁ డర్థుల గనిన ఱొప్పు
బిరుదుగల్గిన యింటఁ బెరిగినఁ గొణతంబు । విప్పినంతనె కుక్క వెదకుఁ జెప్పు"	seesamu
"రాజసభలందుఁ బండితరత్నములకుఁ । బనులు చెఱచును నొక్కొక్క ప్రల్లదుండు
మదరిపువిఫాల మునిజనహృదయలోల । వేణుగోపాల భక్తసంత్రాణశీల!"	teytageethi
"జన్నిరోగికి బఱ్ఱెజున్ను వేసినయట్లు । పిల్లినెత్తిన వెన్నఁ బెట్టినట్లు
కుక్కపోతుకు నెయ్యికూడు వేసినయట్లు । చెడ్డజాతికి విద్య చెప్పినట్లు
సాతాని నొసట విభూది రాసినయట్లు । గూబదృష్టికి దివ్వె గూడినట్లు
ధనపిశాచికి సుదర్శనము గన్పడినట్లు । చలిచీమలకు మ్రుగ్గు చల్లినట్లు"	seesamu
"సురభిబదనిక పాముకుఁ జూపినట్లు । దుష్టునకు నీతి వెగటుగాఁ దోఁచునయ్య
మదరిపువిఫాల మునిజనహృదయలోల । వేణుగోపాల భక్తసంత్రాణశీల!"	teytageethi
"దొరవద్ద నెంత చౌదరియైన దన మనవి । తాఁ జెప్పఁ గార్యసాధకము లేదు
రంభైన తన కుచకుంభముల్ దన చేత । దా బిగించిన సుఖతరము లేదు
తగవులో నా పురందరుఁడైనఁ దన ప్రజ్ఞ । తాఁ జెప్పుకొనినఁ బెత్తనము లేదు
తనుఁ జేయు పుణ్య మింతని యొరులతోఁ జెప్ప । బ్రహ్మదేవునికైన ఫలము లేదు"	seesamu
"గనుక నివియెల్ల నొరులచేఁ గాని భువిని । తమదు శక్తికి మంత్రతంత్రములు లేవు
మదరిపువిఫాల మునిజనహృదయలోల । వేణుగోపాల భక్తసంత్రాణశీల!"	teytageethi
"దొర సొమ్ము దిని కార్యసరణి వచ్చినవేళఁ । బాఱిపోఁ జూచిన బంటువాని
నగ్నిసాక్షిగను బెండ్లాడిన తన యింతి । నేలక పరకాంత నెనయువానిఁ
గబ్బము ల్సేయు సత్కవిజనాళికిఁ గల్గి- । నంతలో నేమియ్యనట్టివాని
యిచ్చిన దీవెన లియ్యక యత్యాశ- । తో బోవు యాచకుండైనవాని"	seesamu
"గట్టిముచ్చెలతోఁ బడగొట్టి విఱుగ- । గట్టి పంపించవలయునుఁ గాలుపురికి
మదరిపువిఫాల మునిజనహృదయలోల । వేణుగోపాల భక్తసంత్రాణశీల!"	teytageethi
"నత్తు లేకుండిన ముత్తైదు ముక్కందు । మూలలందును ఋతుస్త్రీలయందు
మధ్యపక్వస్థలమందుఁ గిన్నెరమీటు । నతనిచేఁ గుమ్మరి యావమందుఁ
కాటుకపొగయందుఁ గాళ్ళచప్పుడు లందు । దొమ్మరి వాయించు డోలునందు
దీపము లేనట్టి దివ్వెకంబమునందు । మార్జాలముఖమందు మాంసమందు"	seesamu
"ముదముతో సంతతము నీదు వదినెగారు । విడిది చేసియు వీరిని విడువకుండు
మదరిపువిఫాల మునిజనహృదయలోల । వేణుగోపాల భక్తసంత్రాణశీల!"	teytageethi
"పంచాంగములు మోసి బడవాతనముఁ జేసి । పల్లెకూటము చెప్పి పసులఁ గాచి
హీనవృత్తిని బిచ్చమెత్తి గోడలు దాఁటి । ముష్టికూళ్ళకుఁ బోయి మొత్తెలఁ బడి
విస్తళ్ళు గుట్టి కోవెలనంబి వాకిటఁ । గసవూడ్చి లంజెల కాళ్ళు పిసికి
కన్నతొత్తులఁ దమ్మ కళ్ళెత్తి గతి చెడి । యాలుబిడ్డలఁ బరు లంటఁజేయు-"	seesamu
"నట్టి దేబెకు సిరి గల్గెనేని వాఁడు । కవివరుల దూఱు బంధువర్గముల గేరు
మదరిపువిఫాల మునిజనహృదయలోల । వేణుగోపాల భక్తసంత్రాణశీల!"	teytageethi
"పతికి మోహములేని సతి జవ్వనంబేల । పరిమళింపని సుమప్రచయమేల
పండితకవివర్యులుండని సభ యేల । శశి లేని నక్షత్రసమితి యేల
పుత్రసంపద లేని పురుషుని కలిమేల । కలహంసములు లేని కొలనదేల
శుకపికరవ మొకించుక లేని వనమేల । రాజు పాలింపని రాజ్యమేల"	seesamu
"రవివికాసంబు లేనట్టి దివసమేల । ధైర్యమొదవని వస్తాదుతనమదేల
మదరిపువిఫాల మునిజనహృదయలోల । వేణుగోపాల భక్తసంత్రాణశీల!"	teytageethi
"పరకాంతపయి నాసపడెడి మానవులకు । నగుబాటు మనమున తగని దిగులు
నగుడు విరుద్ధంబు నాచారహీనత । చేసొమ్ముపోవుట సిగ్గుచెడుట
యపకీర్తి బంధుజనాళి దూషించుట । నీతియుఁ దొలగుట నిద్రచెడుట
పరలోకహాని లంపటనొంది మూల్గుట । పరువుదప్పుట దేహబలము చెడుట
తన యాలి చేతిపోటునఁ గృశించుట దాని । పరుడు గన్గొనిన జీవంబు విడుట"	seesamu
"ముజ్జగము లేలు నా విరాణ్మూర్తికయినఁ । గాని దుర్వృత్తి దగదెంతవానికైన
మదరిపువిఫాల మునిజనహృదయలోల । వేణుగోపాల భక్తసంత్రాణశీల!"	teytageethi
"పరదళంబులఁ గాంచి భయముచే నురికిన । రాజుగాఁడతడు గోరాజు గాని
ధర్మంబులకు విఘాతముసేయ మంత్రిశే- । ఖరుఁడు గాఁడతఁడు సంకరుఁడు గాని
విద్యాప్రసంగము ల్విన రసజ్ఞత లేని । ప్రాజ్ఞుల సభగాదు రచ్చ గాని
పతితోడ కలహించి పడుకొని యేడ్చెడి । దాలుగా దది యెఱ్ఱతేలు గాని"	seesamu
"శాస్త్రముల మించినట్టి యాచారమైన । నిష్ఠగాదతనికి పెనుచేష్టగాని
మదరిపువిఫాల మునిజనహృదయలోల । వేణుగోపాల భక్తసంత్రాణశీల!"	teytageethi
"పానంబు జూదంబు పరసతిపై బాళి । ధనకాంక్ష మోహంబు తగని యాశ
యనుదినంబును వేఁట యధికనిద్దుర గొంట । పేదఱికంబును బిఱికితనము
నతిలోభమును మందగతి హెచ్చుకోపము । నమితవాచాలత యనృతములును
ఖండితంబాడుట గర్వంబు సంధ్యల । వేళలఁ బయనంబు విప్రనింద"	seesamu
"యాప్తజనముల దూఱుట నసురుతిండి । మానవేంద్రుల పదవికి హానులివియ
మదరిపువిఫాల మునిజనహృదయలోల । వేణుగోపాల భక్తసంత్రాణశీల!"	teytageethi
"పాలనలేని భూపతియైన నతని ద- । గ్గెరనుండు మంత్రి ధగ్డీయునైన
చెవిటి రాయసమైన సేవకుఁడయినను । వారసుగాఁడు దివాను నయిన
వరుస బక్షీ చిత్తవైకల్యుండయినను । గడుదీర నత్తి వకాలతైన
కోశపాలకునకు గుందేటి తెవులైన । నుగ్రాణగాని కత్యుగ్రమైన"	seesamu
"దాతలకు మోస మచటి విద్వాంసులకును । బ్రాణసంకట మా భూమిఁ బ్రజకుఁ గీడు
మదరిపువిఫాల మునిజనహృదయలోల । వేణుగోపాల భక్తసంత్రాణశీల!"	teytageethi
"పీనుగందపుమోము పిల్లిమీసంబులు । కట్టెశరీరంబు కాకినలుపు
ఆర్చుకన్నులు వెన్నునంటిన యుదరంబు । జొళ్ళుకారెడి నోరు ఒళ్ళుకంపు
చేచెయ్యి దిగరాచి చెక్కిళ్ళు రుద్దుట । దవడలు సొట్టపాదములు మిట్ట
యొకరిని జూచి మేలోర్చక యేడ్చుట । దౌర్భాగ్యగుణములు తగని యాశ"	seesamu
"యిట్టి యవలక్షణపు మంత్రి నేర్పరింప । దొరకు నపకీర్తి దెచ్చు నా దుర్జనుండు
మదరిపువిఫాల మునిజనహృదయలోల । వేణుగోపాల భక్తసంత్రాణశీల!"	teytageethi
"పూపొదలో దాఁగి పులి యున్నరీతిని । మొగిలిరేకున ముండ్లు మొలచినట్లు
నందనవనములో నాగుఁబామున్నట్లు । చందురునకు నల్పు చెందినట్లు
సొగసైన లేమకు సెగరోగమున్నట్లు । మృగనాభిలోఁ బిప్పి తగిలినట్లు
జలధిలోన విషంబు సంభవంబైనట్లు । కమలాప్తునకు శని గలిగినట్లు
పద్మరాగమునకుఁ బటలమేర్పడినట్లు । బుగ్గవాకిటి చుట్టు పుట్టినట్లు"	seesamu
"ధర్మవిధులైన రాజసంస్థానములను । జేరు నొక్కొక్క చీవాట్లమారిశుంఠ
మదరిపువిఫాల మునిజనహృదయలోల । వేణుగోపాల భక్తసంత్రాణశీల!"	teytageethi
"పయిమాట లొకలక్ష పలికిననే సరా య । హంకారవర్తన నడఁపవలయు
నడఁపజాలక కానలందుఁబోయిన సరా । యెఱుక దెల్పెడి మూర్తి దొరకవలయు
దొరికినాఁడని వేడ్క నరసిననే సరా । గురుపదంబుల భక్తి కుదరవలయు
కుదిరెనంచని యూరకుండిననే సరా । పాయ కాత్మను బాటి సేయవలయు"	seesamu
"చేసినను కాదు పాచిని ద్రోసి శుద్ధ- । గంగ యెత్తినయటు ముక్తి గాంచవలయు
మదరిపువిఫాల మునిజనహృదయలోల । వేణుగోపాల భక్తసంత్రాణశీల!"	teytageethi
"మంగలకత్తిపై నంగవేసిన యట్లు । క్రోడెత్రాచును ముద్దులాడినట్లు
కొఱవితో నడినెత్తి గోఁకినట్లీనిన । పులితోడ సాముకుఁ బూనినట్లు
పెదసింగమును ఱాల నదలించికొనినట్లు । మినుకువజ్రపురవ మ్రింగినట్లు
కొర్తిమీదను గొంతు కూర్చుండుకొనినట్లు । నూతిపైఁ బసిబిడ్డ నునిచినట్లు"	seesamu
"క్ష్మాతలేంద్రుని సేవ కష్టంబు వార- । లిచ్చిరని గర్వమున నిక్కి మెచ్చరాదు
మదరిపువిఫాల మునిజనహృదయలోల । వేణుగోపాల భక్తసంత్రాణశీల!"	teytageethi
"మకరందపానంబు మధుకరాళికిఁ గాక । జోఱీగఁ చవిగని జుఱ్ఱగలదె
హరిపదాబ్జధ్యాన మమనస్కులకుఁ గాక । చెనఁటి సద్భక్తితోఁ జేయగలడె
కవితారసజ్ఞత సువివేకులకుఁ గాక । యవివేకి చెవియొగ్గి యాఁనగలడె
పద్మినీరతి వేడ్క పాంచాలునకుఁ గాక । దేబైన షండుఁడు తెలియఁగలఁడె"	seesamu
"రాజసభలఁ బరోపకారములు తెలుప । శ్రేష్ఠులే కాక దుష్టులు చెప్పఁగలరె
మదరిపువిఫాల మునిజనహృదయలోల । వేణుగోపాల భక్తసంత్రాణశీల!"	teytageethi
"మద్యపాయీలతో మచ్చిక కారాదు । బడవాల గొప్పగాఁ బట్టరాదు
శాత్రవునింట భోజనము చేయఁగరాదు । సన్యాసులను గేలి సలుపరాదు
దేవభూసురవృత్తి తెరువు పోవఁగరాదు । పరునాలిపై నాస పడగఁరాదు
కంకోష్ఠునకు నధికార మియ్యగరాదు । చెలగి లోభినిఁ జేర బిలువరాదు"	seesamu
"లంచగాండ్లను దగవుల నుంచరాదు । మాతృపితరుల యెడ భక్తి మఱువరాదు
మదరిపువిఫాల మునిజనహృదయలోల । వేణుగోపాల భక్తసంత్రాణశీల!"	teytageethi
"మన్ననలేని భూమండలేంద్రుని కొల్వు । లాలింపనేరని లంజ పొందు
వచ్చిపోవనియట్టివాని చుట్టఱికంబు । బుద్ధితక్కువవాని యొద్ద ఋణము
సరిగానివానితో సరసోక్తులాడుట । బలవంతు నింటను బడుచుఁ గొనుట
సామాన్యజాతితో జగడంబు పూనుట । మూర్ఖుని మైత్రికి మోహపడుట"	seesamu
"అధమమిది భువి నరులకు నజునకైన । మఱచి యప్పని చేసిన మానహాని
మదరిపువిఫాల మునిజనహృదయలోల । వేణుగోపాల భక్తసంత్రాణశీల!"	teytageethi
"మన్నించు నరపతి మమత తప్పిన వెన్క । నుత్తముం డాభూమి నుండరాదు
పైవిటుం డొక్కఁ డేర్పడినట్టి వేశ్యపై । నెంతవాఁడైన నాసింపరాదు
అన్నదమ్ములతో గొట్లాడి మానసము ని- । ర్జింపక తా తామసింపరాదు
పగతుఁడు నెనరుగా భాషించినను వాని । నెయ్యంబుగొని చనువియ్యరాదు"	seesamu
"చెలులతో రాజకార్యముల్ చెప్పరాదు । పలువ మంత్రైన దొరలకుఁ బరువులేదు
మదరిపువిఫాల మునిజనహృదయలోల । వేణుగోపాల భక్తసంత్రాణశీల!"	teytageethi
"రణభేరి తగవైన రాజు శ్వేతచ్ఛత్ర । మేనుఁగు నివి నాలు గేకరాశి
మారుండు కీరంబు మందసమీరుండు । రాకాసుధాకరుం డేకరాశి
వేదము ల్గోవులు విప్రోత్తములు దర్భ । లేర్పరింపఁగ నాలు గేకరాశి
మూఢాత్ముఁ డత్యంతమూర్ఖుఁడు గాడిద । కాకి వీరలు నాలు గేకరాశి"	seesamu
"ద్విపదకావ్యంబు ముదికాంత దిడ్డిగంత । యియ్యనేరని రండ నాల్గేక రాశి
మదరిపువిఫాల మునిజనహృదయలోల । వేణుగోపాల భక్తసంత్రాణశీల!"	teytageethi
"రతికి దార్కొని సిగ్గు రణమున భీతి భో- । జనకాలమందున సంశయంబు
యిచ్చెడిదేఁ జింత నిచ్చినయెడ లేమి । వచ్చినవానిపై హుంకరింపు
తగవున మొగమోటదాన మిచ్చకులకుఁ । దపమొనర్చెడివేళఁ దామసంబు
గూర్మి చేసినచోటఁ గూహకం బద్భుత- । ద్రోహవర్తనులపై యీహదృష్టి"	seesamu
"అవని సత్కీర్తికోసమై యాశనొందు । రాజవరులకు నివియఁ గారాని పనులు
మదరిపువిఫాల మునిజనహృదయలోల । వేణుగోపాల భక్తసంత్రాణశీల!"	teytageethi
"రాజులమంచు బొజ్జలు పెంచగా రాదు । అని మొనలో నఱుకాడవలయు
మంత్రులమని బొంకుమాటలాడిన గాదు । యిప్పింప నేర్చి తామియ్యవలయు
కవులమంచని వింతగా నల్లినను గాదు । చిత్రప్రబంధముల్ సేయవలయు
తపసులమని నిక్కి తలలు పెంచినఁ గాదు । నిర్వికల్పసమాధి నెఱుగవలయు"	seesamu
"యిచ్చినను నేమి వినయోక్తు లెఱుఁగవలయు । గడుసుకూఁతల సత్కీర్తి కలుగబోదు
మదరిపువిఫాల మునిజనహృదయలోల । వేణుగోపాల భక్తసంత్రాణశీల!"	teytageethi
"రామాండకథలెల్ల మేమెఱుంగనియవె । కాటమరాజుకుఁ గర్ణుడోడె
భోగతకథలంత పోల నెఱుంగమే । వేయి గణేశుఁ డర్జుని నిరఁగబొడిచె
భారతకథలలో బాలరాజొక్కఁడు । కుంభకర్ణుని బట్టి కూలదన్నె
కందపురాణాలకథ పిల్లకాటేరి । వీరభద్రుని నలయించి చంపె"	seesamu
"ననుచు మూర్ఖులు పలుకుదు రవనియందుఁ । గవివరులు బోయిన కానికాలమందు
మదరిపువిఫాల మునిజనహృదయలోల । వేణుగోపాల భక్తసంత్రాణశీల!"	teytageethi
"లత్తుకరంగు చల్లడము మిటారంపు । చౌకట్లు తగటుఁ మిర్జాకుళాయి
మగవాల పంచిక మొగమందు జవ్వాది । తిలకము జాతికెంపుల బులాకి
పులిగోరు తాళి పచ్చలబాజుబందు ని- । ద్దా మేల్కడాని జల్తారుపాగ
కుడిపదంబున కుజాగుల్కి ఘంటలు ఘల్ల- । ని మ్రోయుచుండు మానికపుటందె"	seesamu
"నీటుగాఁ బిన్నవై పల్లెకూటమునకు । నరుగుచున్నట్లె ధేనుకాసురుని బట్టి
కొట్టి ధరఁ గూలద్రోయవా గుండెలవియ
మదరిపువిఫాల మునిజనహృదయలోల । వేణుగోపాల భక్తసంత్రాణశీల!"	teytageethi
"వంకరపాగాలు వంపుముచ్చెల జోళ్ళు । చెవిసందుకలములు చేరుమాళ్ళు
మీఁగాళ్ళపైఁ బింజె బాగైన దోవతుల్ । జిగితరంబైన పార్శీమొహర్లు
చేఁపలవలె బుస్తిమీసముల్ కంఠదా। వలములు కడుపెద్ద వస్త్రములును
సొగసుగా దొరయొద్దఁ దగినట్లు కూర్చుండి । రచ్చగాండ్లకు శిఫారసులు చేసి"	seesamu
"కవిభటుల కార్యములకు విఘ్నములు చేయు । రాయసాల్ పిండములు తిను వాయసాలు
మదరిపువిఫాల మునిజనహృదయలోల । వేణుగోపాల భక్తసంత్రాణశీల!"	teytageethi
"వలపు రూపెఱుగదు వసుధ మర్త్యులకు సూ- । కరమైన మనిసిగాఁ గానుపించు
నాకలిలో నాల్క యరుచి యెఱుంగదు । యంబలైనను సుధయనుచుఁ గ్రోలు
గోపం బెదుటి గొప్పకొద్ది యెఱుంగదు । ప్రాణబంధువునైనఁ బగతుఁ జేయు
నిదుర సుఖంబెఱుంగదు వచ్చినప్పుడు । కసవైన విరిశయ్యగా గానుపించు
గామంబు నిర్ణయకాలం బెఱుంగదు । హెచ్చు చెందినవేళ నెనయగోఁరు"	seesamu
"హరునకైనను నివి గెల్వ నలవికాదు । ఇతరులగు మానవులనంగ నెంతవారు
మదరిపువిఫాల మునిజనహృదయలోల । వేణుగోపాల భక్తసంత్రాణశీల!"	teytageethi
"వాగ్భూషణంబు నీ వర్ణన సేయుట । కర్ణభూషణము నీ కథలు వినుట
హస్తభూషణము నీ కర్చన సేయుట । నేత్రభూషణము నీ నీటు గనుట
హృదయభూషణము నిన్మదిఁ బాయకుండుట । మూర్ధభూషణము నిన్ మ్రొక్కుటరయ
అంఘ్రిభూషణము నీ యానందనిలయప్ర । దక్షిణం బేగుట ధర్మచరిత!"	seesamu
"సతముగల భూషణము లెన్నిజన్మములకు । యెట్టివైనను వీని కెచ్చేమిగలదు
మదరిపువిఫాల మునిజనహృదయలోల । వేణుగోపాల భక్తసంత్రాణశీల!"	teytageethi
"వార్ధక్యమున మంచివయసు పెండ్లామైన । దారిద్ర్యమునఁ బెక్కుతనయులైన
ఆత్రుఁడౌ భూపతి కతిభాషి మంత్రైనఁ । బొరుగున నత్తిల్లు పొసగుటైన
సంగీతపరునకు జడదారి తోడైన । నెనుముతో నట్టేట యీదటైన
బెను వానకాలమందున పైనమైనను । జలికాలమున దీక్ష సలుపుటైన"	seesamu
"మరణమిక వేరు లేదు భూమండలమున । లెక్క సేయంగనగునె యీ దుఃఖమహిమ
మదరిపువిఫాల మునిజనహృదయలోల । వేణుగోపాల భక్తసంత్రాణశీల!"	teytageethi
"వితరణశౌర్యప్రతిష్ఠునకే కాక । మీసము పిసినారికోసకేల
సిరిగల ఘనసువాసిని కొప్పునకుఁ గాక । బొండుమల్లెలు బోడిముండకేల
ప్రజ సుఖింపగజేయు పంటచెర్వుకు గాక । గండిగుంటకు ఱాతికట్ట యేల
జాతైన బారాహజారితేజికిఁ గాక । కఱకుల కళ్ళెంబు గాడ్దెకేల"	seesamu
"నతులితంబైన యల పతివ్రతకుఁ గాక । శుద్ధవేశ్యకు మంగళసూత్రమేల
మదరిపువిఫాల మునిజనహృదయలోల । వేణుగోపాల భక్తసంత్రాణశీల!"	teytageethi
"విద్యాధికుల రాజు వివరించి నిలిపెనా । యిందఱేమిటికంచుఁ గుందుచుండు
మోమీను కుగ్రాణమును జెప్ప నొడ్లగిం- । జలకు బరాతముల్ సరవి వ్రాయు
తిండికిఁ జేటుగాఁ బండితులేల తె- । ప్పున సెలవిమ్మని పోరుచుండు
బారిశాల్వలు దెచ్చి బహుమతినిమ్మన్నఁ । తలపక సీమవస్త్రముల నిచ్చు"	seesamu
"నిట్టి యపకీర్తి మంత్రిని బెట్టఁదగదు । మంచిమాటల జరగఁ బోయించవలయు
మదరిపువిఫాల మునిజనహృదయలోల । వేణుగోపాల భక్తసంత్రాణశీల!"	teytageethi
"వండలేనమ్మకు వక్కణంబులు గొప్ప । యారిపొయ్యెడి దివ్వె కధికదీప్తి
కట్టనిల్వని చెర్వు గడియలోపల నిండు । బ్రతుకనేరని బిడ్డ బారెడుండు
వృద్ధినొందని చెట్టు వెఱ్ఱితీగిడు జాడ్య - । మెచ్చు ముందటికన్న నిచ్చు తళుకు
మన్నించుటకు దొరల్ గని చనవిచ్చుట । పొయిసాలకే పాలు పొంగుటెల్ల"	seesamu
"పెరుగుట విరుగుటకనియు నెఱుగలేక । యదరిపడుచుండు నొక్కొక్క యల్పజనుడు
మదరిపువిఫాల మునిజనహృదయలోల । వేణుగోపాల భక్తసంత్రాణశీల!"	teytageethi
"హేమాచలము శృంగమెక్కి ఱెక్కార్చుచుఁ । గాకి యుండిననే పికంబు గాదు
గంగాది నదులలోఁ గలయ ముంచంగనే । చీపురుపుల్లలు వేప గాదు
తెగఁ దిని తలపిక్క లెగసి బలసిన గాని । దున్నపో తేనుగుగున్న గాదు
పొదుగు లావై యెంత పొడుగుగాఁ బెరిగినఁ । గుక్కపో తెన్నఁడు గోవు గాదు"	seesamu
"ఉన్నతస్థానమందు గూర్చుండగానె । భ్రష్టు భ్రష్టగు గాక శిష్టుండు గాడు
మదరిపువిఫాల మునిజనహృదయలోల । వేణుగోపాల భక్తసంత్రాణశీల!"	teytageethi
"పాలన లేని భూపతిని గొల్చుట రోత । యౌదార్యహీనుని నడుగ రోత
కులహీనజనులతోఁ గలహింపగను రోత । గుణహీనజనులతో గూడ రోత
పాషండజనులపై భ్రాంతినొందుట రోత । మధ్యపాయీలతో మైత్రి రోత
తుచ్ఛపు జనులకు నిచ్చనొందుట రోత । చెలఁగి సద్గురు నిందసేయ రోత"	seesamu
"వేదబాహ్యుల విద్యలు వినగ రోత । క్రూరుఁడైయున్న హరిభక్తుఁ గూడ రోత
మదరిపువిఫాల మునిజనహృదయలోల । వేణుగోపాల భక్తసంత్రాణశీల!"	teytageethi
"పసచెడి యత్తింటఁ బడి యుండుటది రోత । పరువు దప్పినయెడ బ్రతుకు రోత
ఋణపడి సౌఖ్యంబు లనుభవించుట రోత । పరుల కల్మికి దుఃఖపడుట రోత
తన కులాచారంబుఁ దప్పి నడచుట రోత । ధరణీశునకు పిర్కితనము రోత
పిలువని పెత్తనంబులకుఁ బోవుట రోత । యల్పుతో సరసంబులాడ రోత"	seesamu
"పరుల సంపద కనుగొని బ్రమయ రోత । బలము లేనట్టి రాజుల బ్రతుకు రోత
మదరిపువిఫాల మునిజనహృదయలోల । వేణుగోపాల భక్తసంత్రాణశీల!"	teytageethi
"నందిగణం బెక్కి నడువీథినే వచ్చు । దైవమో గంగ మోదమ్ము రాజో
ఇసకాప్పసీనఁడో యీరుఁడో యీసుఁడో । యీసుడైతే యెనకఁ దోఁకలేదె
ఆళ్ళరో గణపతో అమ్మ చీతమ్మరో । చీతామ్మరైయుంటె సింగమేది
మంచిది చూతాము మారమ్మ కాబోలు । మారెమ్మయైతేను మాలయేది"	seesamu
"ప్రాకృతజనంబు లీరీతిఁ బలుకుచుంద్రు । తెలివి యించుక లేకను దెలిసికొనక
మదరిపువిఫాల మునిజనహృదయలోల । వేణుగోపాల భక్తసంత్రాణశీల!"	teytageethi
"వేదశాస్త్రములు విన సొంపు లేదాయె । సంగీతవిద్య బల్ చౌకనాయె
కవితారసజ్ఞత కలలోను లేదాయె । బారమార్థికబుద్ధి భస్మమాయె
భూతలేంద్రులకు దుర్బుద్ధులు మెండాయె । నీచమహత్త్వంబు నెగడిపోయె
వర్ణాశ్రమాచారవర్ణన లేదాయె । హీనకులంబులు హెచ్చులాయె"	seesamu
"వావివరుసలు లేవాయె వసుధలోన । నీదు కరుణయు రాదాయె నీరజాక్ష
మదరిపువిఫాల మునిజనహృదయలోల । వేణుగోపాల భక్తసంత్రాణశీల!"	teytageethi
"మౌనంబు దాల్చుట మనసిచ్చగింపమి । గదిసివేయుట లోభకారణంబు
దర్శనంబియ్యమి తప్పుసైపకయున్కి । పెడమోముపెట్టుట ప్రియములేమి
గర్వంబు దెల్పుట కార్యాంతరాసక్తి । సమయంబుగాదంట జరుపునేర్పు
నరయుదమన్న రంధ్రాన్వేషణాసక్తి । యతివినయంబు ధౌర్త్యంబు తెరువు"	seesamu
"లిట్టి ప్రభు దుర్ణయపుఁ జేష్ట లెఱుగలేక । వెంబడించెడివాడెపో వెఱ్ఱివాడు
వాని కొడబడఁ డింగితజ్ఞానశాలి
మదరిపువిఫాల మునిజనహృదయలోల । వేణుగోపాల భక్తసంత్రాణశీల!"	teytageethi
"తన తల్లి చోటనే తప్ప నటించిన । దురితాత్మునకుఁ గురుద్రోహమెంత
కొంకింతయును లేక గురున కెగ్గొనరించు । కఠినాత్మునకుఁ గృతఘ్నత్వమెంత
కృతమెఱుంగని మహాకిల్బిషాయత్తచి- । త్తునకు మిత్రద్రోహ మనఁగనెంత
పరమమిత్రుల బాధపఱుచు దుర్ణయునకుఁ । బ్రజలనందఱ గష్టపఱచుటెంత"	seesamu
"యనుచుఁ దనదు చరిత్రంబు లవనిజనులు । నిందసేయంగ బ్రతుకు దుర్నీతిపరుని
వైభవంబౌర యని మెచ్చువాఁడెవండు
మదరిపువిఫాల మునిజనహృదయలోల । వేణుగోపాల భక్తసంత్రాణశీల!"	teytageethi
"జలధివేష్టిత మహీచక్రమేలెడు రాజు । వెంట జేనెడు భూమి గొంచుబోడు
కొండంత ధనరాశి గూర్చు సంపన్నుండు । వెంట దానొకటైన గొంచుబోడు
అతిధాన్యరాసుల నార్జించునాతండు । వెంట సోలెడు కొల్చు కొంచుబోడు
బహుమాల్యవస్త్ర సంపాదకుండగువాఁడు । వెంట వ్రేలెడు గుడ్డ గొంచుబోడు"	seesamu
"నిన్నియు నెఱింగి దుర్ణయుఁ డెందుకొఱకు । త్యాగభోగంబు లుడిగి లుబ్ధత వహించు
వాని జన్మంబు జన్మమే వసుధలోన
మదరిపువిఫాల మునిజనహృదయలోల । వేణుగోపాల భక్తసంత్రాణశీల!"	teytageethi
"అబ్బినవాని యిల్లాలిఁ గట్టఁగ జూచు । దానియ్యవలసిన దలవ డీగ
నలుసైనవాని యిల్లాక్రమింపఁగ జూచు । దనకుఁ గీడయినఁ బాదములు పట్టు
నణువుగాఁ జూచుఁ గొండంతైనఁ దన తప్పు । గోరంత యొరు తప్పు కొండసేయు
బంధులకిడరంచుఁ బరుల దూషించును । దన యిల్లు చొచ్చినఁ దడకవెట్టు"	seesamu
"దుర్ణయుల దుర్గుణంబులు ద్రోయరాదు । దానికి ఫలంబు యమసన్నిధానమునను
దేటపడు గాక యొరులకు దెలుప వశమె
మదరిపువిఫాల మునిజనహృదయలోల । వేణుగోపాల భక్తసంత్రాణశీల!"	teytageethi
"కందిరీగల పట్టు కడఁగి రేపఁగవచ్చు । మానిపింపఁగరాదు దాని పోటు
చెట్లలో బెబ్బులిఁ జెనకి రావచ్చును । దప్పించుకొనరాదు దాని కాటు
పఱచునశ్వము తోఁకబట్టి యీడ్వఁగవచ్చు । దప్పించుకోరాదు దాని తన్ను
కాఁకచే బొరుగిల్లు గాల్చిరావచ్చును । దన యిల్లు కాపాడఁ దరము గాదు"	seesamu
"దుర్ణయులు మీదెఱుంగల దుండగమున । గార్యతతులెల్లఁ జేసి తత్కార్యఫలము
లనుభవింపుదు రాయాయి యవసరముల
మదరిపువిఫాల మునిజనహృదయలోల । వేణుగోపాల భక్తసంత్రాణశీల!"	teytageethi
"కన్నంబు ద్రవ్వి తస్కరు డింటివానికి । వాడలేదని ముంత వైచి చనునె
తెరవాటుకాడు చింతించునే కట్టిన । బట్ట నూడ్చిన మానభంగమనుచు
వలబడ్డ మెకము చూల్ వహియించెనంచును । విడువంగఁ జూచునే వేఁటకాఁడు
జారుండు పరకాంత శయ్యపై దారిచి । వావి గాదని పల్కి వదలి చనునె"	seesamu
"యాత్మజను గుత్తరూకల కమ్మునాతఁ । డాదరమొసంగఁ జూచునె యల్లునకును
నెఱుగరింతియె గాక పరేంగితంబు
మదరిపువిఫాల మునిజనహృదయలోల । వేణుగోపాల భక్తసంత్రాణశీల!"	teytageethi
"గోముఖవ్యాఘ్రంబు కూరలో నిడు నాభి । కప్పకూఁతలు గూయు కాలభుజగ
మెరచిలోపల గాల మేటిలోపలి యూబి । పైఁ బూరి గ్రమ్మిన పాడునుయ్యి
పైఁబండ్లుగలిగి లోపల బుచ్చు తరుశాఖ । గొంగళిమూల దా గొలువురాయి
చొర నేమరించి ముంచుకొను ప్రవాహంబు । కునుకువట్టినఁ జుట్టుకొను దావాగ్ని"	seesamu
"దుర్జనుఁడు వాని నమ్మిన దొడరకున్నె । హాని యెంతటివానికినైన గాని
తలదడవి బాసజేసిన తగదు నమ్మ
మదరిపువిఫాల మునిజనహృదయలోల । వేణుగోపాల భక్తసంత్రాణశీల!"	teytageethi
"తన తల్లి శిశువుల తల ద్రుంచివైచినఁ । జెడుముండ యనుచు వచింపరాదె
తన తండ్రి యొరుల విత్త మపహరించిన । నన్యాయవర్తనుం డనఁగరాదె
తన దేశికుఁడు పరదారసంగ మొనర్పఁ । బాపకర్ముండని పలుకరాదె
తన రాజు ప్రజలపట్ల నదప జూచినఁ । గ్రూరాత్ముఁడనుచు వాక్రువ్వరాదె"	seesamu
"యిట్టి పలుకులు తప్పుగా నెన్నునట్టి । కుటిలచిత్తుల గర్వంబు కొంచెపఱుప
మీకు గాకన్యులకు శక్యమే తలంప
మదరిపువిఫాల మునిజనహృదయలోల । వేణుగోపాల భక్తసంత్రాణశీల!"	teytageethi
"ఆశకు ముదిమియు నర్థికి సౌఖ్యంబు । ధనపరాయణునకు ధర్మచింత
కఠినమానసునకుఁ గరుణాపరత్వము । వెఱ్ఱిమానిసికి వివేకగరిమ
యల్పవిదునకు నహంకారదూరత । జారకామినికి లజ్జాభరంబు
బహుజనద్వేషికిఁ బరమాయురభివృద్ధి । గ్రామపాచకునకుఁ గౌరవంబు"	seesamu
"తామసగుణాఢ్యునకు సత్త్వగుణయుక్తి । పాపభీరుత సంతానబాహ్యునకును
గలదనెడు వార్త గలదె లోకములయందు
మదరిపువిఫాల మునిజనహృదయలోల । వేణుగోపాల భక్తసంత్రాణశీల!"	teytageethi
"శక్తి చాలనివాఁడు సాధుత్వము వహించు । విత్తహీనుఁడు ధర్మవృత్తిఁ దలచు
వ్యాధిపీడితుఁడు దైవతభక్తి దొరలాడు । ముండ పాతివ్రత్యమునకు జొచ్చు
నాపద ప్రాప్తింప నన్యార్తికి గృశించు । భారంబు పైఁబడ బరువెఱుంగు
రమణి లేకున్న విరక్తి మంచిదియనుఁ । బనిపోవ మౌనివర్తనము దాల్చు"	seesamu
"నీ యభావవిరక్తుల కేమి ఫలము । తినక చవిచూడకయె లోఁతు తెలియబడునె
యెంతవానికినైన మహీస్థలమున
మదరిపువిఫాల మునిజనహృదయలోల । వేణుగోపాల భక్తసంత్రాణశీల!"	teytageethi
"తల్లిని సేవించ దైవతార్చన యేల । తండ్రి గల్గిన పెన్నిధానమేల
దీనరక్షణమున్న దీర్థాటనంబేల । విద్యాధికతయున్న వేషమేల
పరమమిత్రుండున్న బంధువర్గంబేల । పతిభక్తి గల్గిన వ్రతములేల
రసికత్వమున్న సురత్నభూషణమేల । ఘనవాహనంబున్నఁ గవచమేల"	seesamu
"యిష్టసంసిద్ధిగన దంతి నెక్కనేల । కవిత గల్గిన రాజ్యాధికారమేల
తగు వినయమున్న వశ్యౌషంబులేల
మదరిపువిఫాల మునిజనహృదయలోల । వేణుగోపాల భక్తసంత్రాణశీల!"	teytageethi
"అర్థాతురునకు గృత్యాకృత్యములు లేవు । కవిజనంబుల కెఱుంగనివి లేవు
కుక్షింభరుఁడు కాని కూటికి రోయఁడు । కామాతురుం డర్థకాంక్ష వీడఁడు
వెలిచవుల్గొను కాంత వెఱవదు నిందకు । నీతకు మిక్కిలిలోతు లేదు
పాపశీలికి దయాపరత యెందును లేదు । వెఱ్ఱివానికి సాధువృత్తి లేదు"	seesamu
"మద్యపానుల కనరాని మాటలేదు । గ్రామ్యునకు గల్గదెందు నాగరికముద్ర
తప్పెఱుంగక పోవఁ డుత్తమకులజుఁడు
మదరిపువిఫాల మునిజనహృదయలోల । వేణుగోపాల భక్తసంత్రాణశీల!"	teytageethi
"మరణంబు మేలవమాన మొందుటకంటెఁ । గొంచమైనను బంచి కొడుచుటొప్పు
తన విత్తహానియౌనని మది దలపక । హితవున్నచోట నప్పియ్యదగదు
విత్తంబు చాలని విభవంబు కొఱగాదు । కుదువ బెట్టగరాదు కుందనంబు
యాలస్యమొనరింప నమృతంబు విషమగు । డగవు దప్పిన మాట దలఁపరాదు"	seesamu
"వదలవలయును నుపద్రవంపు వృత్తి । విడువవలయును భయద పృథ్వీతలేంద్రు
త్రోయవలయును కపటవృత్తులను భువిని
మదరిపువిఫాల మునిజనహృదయలోల । వేణుగోపాల భక్తసంత్రాణశీల!"	teytageethi
"పాపాత్మునకు బారుపత్య మియ్యగరాదు । చాలని పనికిఁ గాల్సాచరాదు
పలుగాకివానితో భాషింపగా రాదు । చెడ్డవానికి మేలు సేయరాదు
యాదాయమెఱుఁగక యప్పు తీయగరాదు । పలువురితో ద్వేషపడగరాదు
తప్పు సేయనివాని దండింపబోరాదు । చేసిన కృత్యంబు చెప్పరాదు"	seesamu
"పరుల ధనసంపదల కసూయ పడగరాదు । తనదు లేమికి ఖేదమొందంగరాదు
సాధువర్తనలివి గాదు చర్చసేయ
మదరిపువిఫాల మునిజనహృదయలోల । వేణుగోపాల భక్తసంత్రాణశీల!"	teytageethi
"ఎరువు నిత్యంబౌనె యిల్లౌనె పందిలి । యిల నెండమావులు జలములౌనె
వరవు డిల్లాలౌనె పాపు బంటౌనె । గులటతనూజుండు గొమరుఁడౌనె
మెఱపు దీపంబౌనె మేఘంబు గొడుగౌనె । స్వాంగవాద్యంబులు తూర్యంబులౌనె
కంతి తలగడౌనె కల యథార్థంబౌనె । పెనుదిబ్బ ముక్కాలిపీఁటయౌనె"	seesamu
"గాని వస్తువుఁ బెట్టుకోఁ గాంక్షచేత । బెనఁగుమాత్రంబె కాని లభింపదేమి
దాని కొడఁబడఁ డింగితజ్ఞానశాలి
మదరిపువిఫాల మునిజనహృదయలోల । వేణుగోపాల భక్తసంత్రాణశీల!"	teytageethi
"పొరుగూరి కేగినఁ బోవునే దుర్దశ । గాదె పెండిలి సన్నికల్లు దాఁచ
డొంకల డాఁగ బిడుగుపాటు దప్పునె । కాలడ్డ నిలుచునే గాంగఝురము
కుమతిచేఁ జెడునె యెక్కుడు మంత్రి యత్నంబు । లింకిపోవునె యనావృష్టి జలధి
ధవుడు పిన్నైన వైధవ్యంబు దప్పునే । మనదె దీర్ఘాయువు మందు లేక"	seesamu
"యర్కుఁ డుదయింపఁ జెడునె గుహాతిమిరము । తాళ మెత్తుకపోవ మందసములోని
విత్త మలవడకుండునే వెచ్చమునకు
మదరిపువిఫాల మునిజనహృదయలోల । వేణుగోపాల భక్తసంత్రాణశీల!"	teytageethi
"ఆరగించంగ యోగ్యముగాక యుండునే । పైతోలు బిరుసైన బనసఫలము
మాధుర్య మెడలునే మామిడిపండుకుఁ । దొడిమపట్టున జీడి తొరలియున్న
గేదంగి నెఱిమౌళిఁ గీలింపకుందురే । యగ్రభాగమున ముళ్ళలమికొన్న
నఖిలాంగసీమ యొయ్యారంబు గల్గిన । యతివకు వాల్‍కన్నులైననేమి"	seesamu
"గుణము బహుళంబు దోషంబు గొంచమైనఁ । గొదవఁ జెందక యుండు నెక్కుడు గుణంబు
తాఱుమాఱైన నిదియె పద్ధతి తలంప
మదరిపువిఫాల మునిజనహృదయలోల । వేణుగోపాల భక్తసంత్రాణశీల!"	teytageethi
"గోవధ గావించి గోరోజనమ్ము రో- । గార్తుల కొసఁగఁ బుణ్యాత్ముఁడగునె
ఫలశాఖిఁ బడ మొత్తి ఫలము లేఱించి భూ- । సురుల కర్పించిన సుకృతియగునె
నిండుతటాకంబు ఖండించి చేఁపల । మత్స్యభుక్కులఁ దన్ప మాన్యుడగునె
గుడి కొట్టి యిటికలు గూరిచి తులసితి- । న్నెలు రచించిన ధర్మనిరతుఁడగునె"	seesamu
"ప్రబలపాతకపూర్ణుఁ డల్పంపు సుకృత- । మునను శుద్ధుండు గాకుండుననుట నిక్క-
మాడు గాకేమి యిచ్చకం బనృతవాది
మదరిపువిఫాల మునిజనహృదయలోల । వేణుగోపాల భక్తసంత్రాణశీల!"	teytageethi
"మందుమాకిడి గండమాల మాన్పఁగలేఁడు । చక్కఁజేయగలండె నక్కనోరు
వ్రేలివంకర మీఁద వీద నొత్తఁగలేఁడు । కుదురుసేయగలండె గూనివీఁపు
త్రోయఁజాలఁడు కుక్కతోక వంకరైన । నేటివంకలు దీర్ప నెట్టులోపు
తనవారి యొచ్చెంబు తాను దీర్పఁగఁజాలఁ । డొరుల యొచ్చెము దీర్ప నోపునెట్లు"	seesamu
"దైవకృతమైన వంకర దలఁగద్రోయ । వశము గాకుండు గద యెంతవానికైన
బొరలు దాని నెఱుంగడు బుద్ధి జడుఁడు
మదరిపువిఫాల మునిజనహృదయలోల । వేణుగోపాల భక్తసంత్రాణశీల!"	teytageethi
"ఋణశేషమున్నను రిపుశేషమున్నను । వహ్నిశేషంబున్న వచ్చుఁ గీడు
భుక్తి వధూజనరక్తి నిద్రాసక్తి । యగ్గలంబైనఁ గీ డావహిల్లు
గుత్సితాత్మునితోడఁ గోవధజనముతో । గొండికవానితో గోష్ఠి తగదు
అర్భక పశు మందిరాంగరక్షల యందు । నేమఱుపాటొంద నెగ్గుఁ జెందు"	seesamu
"నిట్టి నయమార్గ మెఱుఁగక యిచ్చవచ్చి- । నట్లు చరియించువారికి హాని వచ్చు
మదరిపువిఫాల మునిజనహృదయలోల । వేణుగోపాల భక్తసంత్రాణశీల!"	teytageethi
"నంబి కవిత్వంబు తంబళ జోస్యంబు । వలనొప్ప కోమటి వైష్ణవంబు
వరుసనె యుప్పరివాని సన్యాసంబు । తరువాత శూద్ర సంతర్పణంబు
రజకుని గానంబు రండా ప్రభుత్వంబు । వెలయఁగా వెలమల వితరణంబు
సాని పండితశాస్త్రవాదము వేశ్య- । తనయుఁ డబ్బకుఁ బెట్టు తద్దినంబు"	seesamu
"నుభయభ్రష్టత్వములు గాన నుర్విలోన । రాజసభలందు నెన్నగా రాదు గదర
మదరిపువిఫాల మునిజనహృదయలోల । వేణుగోపాల భక్తసంత్రాణశీల!"	teytageethi
"భట్టరాచార్యుల బట్టలు కాగానె । మడి గట్టుకొను పట్టుమడతలౌనె
అల రాచకూతురు నధరంబు కాగానె । తేనెఁ జిల్కునె యనుపానమునకు
అల్ల యేలేశ్వరోపాధ్యాయు బుఱ్ఱయు । రాచూరి పెద్దఫిరంగియౌనె
అల తాళ్ళపాక చిన్నన్న రోమములైన । దంబుఱ దండెకు దంతులౌనె"	seesamu
"హుంకరించిన నెటువంటి మంకునైనఁ । దిట్టవలయును గవులకు దిట్టమదియె
మదరిపువిఫాల మునిజనహృదయలోల । వేణుగోపాల భక్తసంత్రాణశీల!"	teytageethi
"వెల్లుల్లి వనములో వెలయంగ జోఱీఁగ । పికము పాడూరను బెస్త రాజు
సాలె జేండ్రులలోన సాతాని పండితుం । డంధులలోన నేకాక్షి శ్రేష్ఠుఁ
డతిలోభి రాజన కర్థంబు నడుగని- । వాఁడె పో పండితవర్యుఁ డరయఁ
గాఁపు మంత్రులలోనఁ గాటేరి దైవంబు । కొక్కెరాయలలోనఁ గొంగ ఘనము"	seesamu
"గుడిసెవేటుల నిల్లాలు గుత్తులంజె । గనుక నీ రీతిఁ బెక్కులు గలవు తలప
మదరిపువిఫాల మునిజనహృదయలోల । వేణుగోపాల భక్తసంత్రాణశీల!"	teytageethi
"పెట్టి పోసిననాఁడె చుట్టాల రాకడ । కలిమివేళనె వారకాంత వలపు
సేవ చేసిననాఁడె క్షితినాథు మన్నన । వయసు గల్గిననాఁడె వనిత రక్తి
విభవంబు గలనాఁడె వెనువెంట దిరుగుట । పని యున్ననాఁడె మావారలనుట
పోడిమి గలనాడె పొరుగింటి పోరచి । మగుడింపఁగలనాఁడె తగవు సూటి"	seesamu
"యాత్మశక్తి తొలగిన యవసరమునఁ । దనకు నెవ్వరు గానిది తథ్యమరయ
బలిమిచే నవయవములు పనికిరావు
మదరిపువిఫాల మునిజనహృదయలోల । వేణుగోపాల భక్తసంత్రాణశీల!"	teytageethi
"చెఱువులో నీరు నిల్చిన బానయోగ్యమౌ- । నది యబ్ధి జేర బానార్హమగునె
యుదక మల్పంబైన నుచ్చులో బడు చేప । చెఱువు నిండినవేళ చిక్కదట్లు
చరణాయుధాండంబు చట్టెడౌనోర్చిన । నవయగ జేసిన నల్పభుక్తి
వహ్ని యల్పంబైన వలన నేనునగూడ । దరియు ధాడింప మేడంత గాల్చు"	seesamu
"నాక్రమింపగ దగినచో నరి వధింప । దగు ఫలాపేక్ష కొద్దియే రర్మమునకు
వసుధ తత్త్వంబు పరికింపవలయు జూడ
మదరిపువిఫాల మునిజనహృదయలోల । వేణుగోపాల భక్తసంత్రాణశీల!"	teytageethi
"చేరువ పగయును దూరపు మైత్రియు । గావించెనేనియుఁ గార్యహాని
స్వనృపుతో వైర మన్యనృపాలమైత్రి । యొనరించెనేనిఁ గీడొదవకున్నె
త్యాగంబునకు నాత్మభోగంబునకు గాని । విత్తార్జనంబుఁ గావింపనేల
బాసకు లోనైనఁ బ్రతిబాషలాడినఁ । బొలఁతితో భాషింపఁ బోవఁదగదు"	seesamu
"యిట్టి నయమార్గ మెఱుగక యిచ్చ వచ్చి- । నట్లు చరియించువారికి హాని జెందు
నాడికలు గల్గు నిది నిక్క మరసిచూడ
మదరిపువిఫాల మునిజనహృదయలోల । వేణుగోపాల భక్తసంత్రాణశీల!"	teytageethi
"సూర్యుఁడు దశశతాంశువులఁ బో దఱిమినఁ । గలుగవే గుహల చీకటులుఁ డాగ
ఝుంఝూనిలము దాడి సలుప దీపమునకుఁ । గలుగదే వసియింపఁ గలశమొకటి
వని సాళువంబు గువ్వను బాఱఁ దఱిమినఁ । దరుకోటరము లేదె దానిఁ బ్రోవ
గరుడుండు వెనుదాక గాకోదరము డాఁగ । గలుగదే వాల్మీకబిల మొకండు"	seesamu
"బలము గలవాడు దుర్బలు బాఱఁ దఱుమ । దైవమొక ప్రాపు గల్పింపఁ దలఁపకున్నె
పొరలునే ప్రొద్దహంకారమున నరుండు
మదరిపువిఫాల మునిజనహృదయలోల । వేణుగోపాల భక్తసంత్రాణశీల!"	teytageethi
"తండ్రి మధ్వాచారి తనయు డారాధ్యుండు । తల్లి రామాన్జ మతస్థురాలు
తనది కూచిమతంబు తమ్ముఁడు బౌద్ధుండు । సర్వేశ్వరమతంబు సడ్డకునిది
ఆలు కోమటిజాతి దక్క జంగమురాలు । బావగారిది లింగబలిజకులము
ఆఁడుబిడ్డ సుకారి యల్లుఁడు పింజారి । మఱదలు కోడలు మారువాడి"	seesamu
"గలియుగమ్మున వర్ణసంకరము ప్రబలి । యుత్తమకులంబు లొకమూల నొత్తిగిల్లె
మదరిపువిఫాల మునిజనహృదయలోల । వేణుగోపాల భక్తసంత్రాణశీల!"	teytageethi
"తల్లి ఱంకునఁ దండ్రి ధనము పోయినయట్లు । మూలనిక్షేపంబు మునిఁగినట్లు
కూఁతురి ముడుపెల్లఁ గొల్లవోయినయట్లు । కాణాచివల్లెలు కాలినట్లు
తన యాలి గడనెల్ల దండుగ కైనట్లు । దండ్రి తద్దినమేమొ తప్పినట్లు
చెల్లెపైఁ బడి దొంగ చెఱచిపోయినయట్లు । కొడుకు నప్పుడు తలగొట్టినట్లు"	seesamu
"దిగులుపడి చూచి మూర్ఛిల్లి తెప్పరిల్లి । కవుల కియ్యంగవద్దని కన్ను మీటు
మదరిపువిఫాల మునిజనహృదయలోల । వేణుగోపాల భక్తసంత్రాణశీల!"	teytageethi
"దూదేకుల హుస్సేను దొమ్మరి గోపాలు । పట్ర మంగఁడు గాండ్ల బాలిగాడు
బయశేని నాగఁడు పటసాలె నారాయఁ । డగముడి లచ్చిగాఁ డా ముకుందు
చాకలి మల్లఁడు సాతాని తిరుమల । గొల్ల కాటడు బెస్త గుర్విగాడు
కోమటి శంభుడు కుమ్మరి చెంగడు । మంగ లెల్లడు బోయ సింగడొకడు"	seesamu
"కన్నవారెల్లఁ బండితుల్ కవులుఁ గాగ । వేదశాస్త్రంబు లేడను విప్రులేడ
మదరిపువిఫాల మునిజనహృదయలోల । వేణుగోపాల భక్తసంత్రాణశీల!"	teytageethi
"బడవాకుఁ బ్రతి యెన్న బహుమతు లేనూరు । దళవాయి కొక్క యూర ధర్మచేట
పడుపుతొత్తుకు మేలుపౌజు కమ్మలు । తాటాకు దుద్దులు తల్లిచెవుల
దండెదాసర్లకుఁ దాజీతవాజము । కవివరులకుఁ గన్నగాని మన్ను
బైనీని సుద్దికి బారిశాలువజోడు । విద్వాంసులకు బేడ వెలితిగుడ్డ"	seesamu
"ఘనము నీచం బెఱుంగక కలియుగమున । నవని నడుతురు మూఢులైనట్టి దొరలు
మదరిపువిఫాల మునిజనహృదయలోల । వేణుగోపాల భక్తసంత్రాణశీల!"	teytageethi
"వసుధాధిపతికి విశ్వాసగుణంబు జా- । రునకు సత్యంబు చోరునకు భయము
లంజెకు మోమోట పంజకు ధైర్య మెం- । గిలి కెగ్గు మద్యపాయులకు సిగ్గు
ద్రవ్యాధికులకును దానధర్మములపై । దృష్టియు జారిణిస్త్రీకి వావి
పలుగాకులకు మేలు పందగొడ్డుకుఁ బాలు । మానికిఁ గఱవు కోమటికి బరువు"	seesamu
"మేకమెడచన్నులకుఁ బాలు మేడి పూలు । లేవు త్రిభువనములను గాలించి చూడ
మదరిపువిఫాల మునిజనహృదయలోల । వేణుగోపాల భక్తసంత్రాణశీల!"	teytageethi
"వ్యాసాదులగు మౌనివర్యులు తపసెల్లఁ । బోగొట్టుకొనుట సంభోగమునకె
జలజాతభవ శివాదులు గూడఁ భ్రమగొని । మురియుట యీ పాడు భోగమునకె
నేర్తుమంచని నెఱ్ఱనీల్గుచు విద్యలు । కోటి నేర్చుట పొట్టకూటి కొరకె
ఏకచక్రమ్ముగ నేలిన రాజైన । గడ కేడుజేనల కాటి కొరకె"	seesamu
"కీర్తి యపకీర్తి దక్కఁ దక్కినవి నిల్వఁ- । బోవు శాశ్వతమౌనట్లు పుడమిమీద
మదరిపువిఫాల మునిజనహృదయలోల । వేణుగోపాల భక్తసంత్రాణశీల!"	teytageethi
"సుంకరులకు వర్ణసంకరులకుఁ దన । పొత్తొసంగెడి తొత్తుముండలకును
సారాయినీళ్ళకు జాతరగాండ్లకు । బంగుభాయీలకు బందెనకును
బడవాలకును లేని భడవాలకును ఱంకు- । రాట్నాలకును శుంఠరండలకును
కలిమిదండుగులకు గారడీవిద్యకుఁ । దోడఁబోతుల కాటదొమ్మరులకు"	seesamu
"లోభితనమున నేడ్చె నిద్రాభవాని । గడన వీండ్లకె కాక సత్కవులకౌనె
మదరిపువిఫాల మునిజనహృదయలోల । వేణుగోపాల భక్తసంత్రాణశీల!"	teytageethi
"శ్రీగురులింగమూర్తి! సువిశేష మహోజ్జ్వలకీర్తి! సత్క్రియో
ద్యోగ కళాప్రపూర్తి! యవధూత పునర్భవజార్తి! పాలితా
భ్యాగత సంశ్రితార్ధి కవిపండితగాయక చక్రవర్తి! దే
వా! గతి నీవె మాకు బసవా! బసవా! బసవా! వృషాధిపా!"	vutpalamaala
"ప్రమథవిలోల! భక్తపరిపాల ధురంధరశీల! సంతతా
స్తమిత సమస్తదేహ గుణజాల! సుఖప్రదలీల! లింగ జం
గమ మహిమానుపాల! గతకాల సమంచిత నాదమూల! దే
వ మము భరింపుమయ్య బసవా! బసవా! బసవా! వృషాధిపా!"	champakamaala
"అప్రతిమప్రతాప! సముదంచిత నాదకళాకలాప! దీ
ప్త ప్రమథస్వరూప! శివభక్తగణాత్మ గతప్రదీప! ధూ
త ప్రబలేక్షుచాప! విగతప్రకటాఖిలపాప లింగ త
త్త్వప్రద! నీవె దిక్కు బసవా! బసవా! బసవా! వృషాధిపా!"	vutpalamaala
"భక్తిరసాభిషిక్త! భవపాశవితాన విముక్త! జంగమా
సక్త! దయాభిషిక్త! తనుసంగతసౌఖ్యవిరక్త! సంతతో
ద్యుక్త గుణానురక్త! పరితోషితభక్త! శివైక్యయుక్త! ప్ర
వ్యక్తమ నీవె దిక్కు బసవా! బసవా! బసవా! వృషాధిపా!"	vutpalamaala
"శత్రు లతాలవిత్ర! గుణజైత్ర! భవాబ్ధివహిత్ర! జంగమ
క్షేత్రవిచిత్ర! సూత్ర బుధగీత చరిత్ర! శిలాదపుత్ర! స
త్పాత్ర! విశుద్ధగాత్ర! శివభక్తి కళత్ర! శరణ్యమయ్య! భా
స్వత్త్రిజగత్పవిత్ర బసవా! బసవా! బసవా! వృషాధిపా!"	vutpalamaala
"త్ర్యక్షసదృక్ష! సంచితదయాక్ష! శివాత్మక దీక్ష! సత్ప్రసా
దాక్ష! ప్రతాప శిక్షిత మహాప్రతిపక్ష! మహోక్ష! భూరి క
ర్మక్షయదక్ష! జంగమ సమక్షమ భక్తిపరోక్ష! లింగ త
త్త్వక్షమ! నీవె దిక్కు బసవా! బసవా! బసవా! వృషాధిపా!"	vutpalamaala
"అక్షయభక్తిపక్ష! బసవాక్షర పాఠక కల్పవృక్ష! రు
ద్రాక్ష విభూతిపక్ష! ఫలితార్థ ముముక్ష! శివప్రయుక్త ఫా
లాక్ష! కృపాసమంచిత కటాక్ష! శుభాశుభ పాశమోక్ష! త
త్త్వక్షమ! నీవె దిక్కు బసవా! బసవా! బసవా! వృషాధిపా!"	vutpalamaala
"ఆర్య వితానవర్య! భువనాదిక శౌర్య! యుదాత్త సత్పదా
చార్య! యవార్యవీర్య! బుధసన్నుతచర్య! విశేష భక్తి తా
త్పర్య! వివేకధుర్య! పరిపాలితతుర్య! శరణ్యమయ్య! దు
ర్వార్య యనూన ధైర్య! బసవా! బసవా! బసవా! వృషాధిపా!"	vutpalamaala
"తజ్ఞ! జితప్రతిజ్ఞ! యుచిత ప్రమథానుగతజ్ఞ! నమ్ర దై
వజ్ఞ! కళావిధిజ్ఞ! బలవచ్ఛివభక్తి మనోజ్ఞ! ధూతశా
స్త్రజ్ఞ! సువాదపూరిత రసజ్ఞ! తృణీకృత పంచయజ్ఞ! స
ర్వజ్ఞ! శరణ్యమయ్య బసవా! బసవా! బసవా! వృషాధిపా!"	vutpalamaala
"క్షీణజనప్రమాణ! యసికృత్త కుయంత్రక ఘోణ! జంగమ
ప్రాణ! వినిర్జిత ప్రసవబాణ! సమంచిత భక్తియోగ సం
త్రాణ! కళాప్రవీణ! శివధర్మ రహస్యధురీణ! దత్తని
ర్వాణ! శరణ్యమయ్య బసవా! బసవా! బసవా! వృషాధిపా!"	vutpalamaala
"గానరసప్రవీణ! గతకాల వితాన! సమస్త భక్తస
న్మాన! మహాకులీన! యసమాన చరాచర రూపభేద సం
ధాన! జితాభిమాన! తనుధర్మవిహీన! మహాప్రదాన! దే
వా ననుఁ గావుమయ్య బసవా! బసవా! బసవా! వృషాధిపా!"	vutpalamaala
"లింగమయాంతరంగ! గురులింగ పదాంబుజ భృంగ! సత్ప్రసా
దాంగ! కృపాపరిస్ఫురదపాంగ! విముక్త భుజంగ! జంగమో
త్తుంగ! జితాభిషంగ! గతదుష్కృత భంగ! మదీయలింగ! నీ
వంగడ మేఁ జుమయ్య బసవా! బసవా! బసవా! వృషాధిపా!"	vutpalamaala
"ఉత్తమ భక్తివృత్త! భజనోత్సుకచిత్త! యుదాత్త చిత్సుఖా
యత్త! క్రియాప్రమత్త! నిఖిలాగమవేత్త! గుణోపయుక్త స
ద్వృత్త! ప్రసాద భోగ సముదీర్ణ విశేషసుఖప్రమత్త! భా
స్వత్తమ! నీవె దిక్కు బసవా! బసవా! బసవా! వృషాధిపా!"	vutpalamaala
"దేహజవైరివాహ! శివదీపితదేహ! సుఖప్రవాహ! ని
ర్మోహ! వినమ్ర సంయమిసమూహ! లసద్గుణగేహ! సంతతో
త్సాహ! నిరీహ! జంగమ వితానదయావిహితావగాహ! ని
ర్వాహమ నీవె దిక్కు బసవా! బసవా! బసవా! వృషాధిపా!"	vutpalamaala
"న్యాసఫలానివాస! దరహాస ముఖప్రతిభాస! దత్తకై
లాస! విశేష జంగమవిలాస! శివైక్య సమాస! నిర్జితా
యాస! సమస్త భక్తహృదయాంబుజ నిత్యనివాస! ధిక్కృత
వ్యాస! శరణ్యమయ్య బసవా! బసవా! బసవా! వృషాధిపా!"	vutpalamaala
"రాగపరోపభోగ! గతరాగ! విధూతభవాదిరోగ! ని
ర్యాగ! మహానురాగ! బహిరంతర నిష్ఠితయోగ! సత్క్రియో
ద్యోగ! యకర్మయోగ! శివయోగ సమగ్ర సుఖాతిభోగ! దే
వా గతి నీవె మాకు బసవా! బసవా! బసవా! వృషాధిపా!"	vutpalamaala
"శీలలతాలవాల! యవశిష్ట భవప్రతికూల! లాలితో
త్తాల గుణానుకూల! శివధర్మ మతప్రతిపాల! నిత్య స
ల్లీల యశోవిశాల! చరలింగ సుఖోదయకాల! జియ్య! దే
వా లలిఁ బ్రోవుమయ్య బసవా! బసవా! బసవా! వృషాధిపా!"	vutpalamaala
"కామితభక్తిభామ! గతకామ! మహాగణ సార్వభౌమ! ని
స్సీమ యశోభిరామ! సవిశేష విముక్తిలలామ! సద్గుణ
స్తోమ! శివైక్యదామ! సుఖదుఃఖ విరామ! ప్రమోదసీమ! దే
వా మముఁ గావుమయ్య బసవా! బసవా! బసవా! వృషాధిపా!"	vutpalamaala
"సాధిత జన్మబాధ! గతసర్వనిషేధ! హతాపరాధ దు
ర్బోధ కళావిరోధ! పరిపోషిత శాంభవవేధ! వర్జిత
క్రోధ! నిరాకృతాఖిల విరోధ! శివైక్య సుబోధ! యీ భవ
వ్యాధికి నీవె మందు బసవా! బసవా! బసవా! వృషాధిపా!"	vutpalamaala
"శ్రీవిలసత్ప్రభావ! ప్రవిశిష్ట పరాజిత యన్యదైవ! స
ద్భావ! యుత స్వభావ! శివతత్త్వ విశిష్ట మహానుభావ! యం
హోవనదావ! పాలిత మహోద్ధతశైవ! విభుండవీవ దే
వా వరదానశీల బసవా! బసవా! బసవా! వృషాధిపా!"	vutpalamaala
"ఆద్య! సమర్పితాఖిల పురాతనభక్తగణానువేద్య! సం
పాద్య! గుణానవద్య! యనుభావశివాంకిత గద్యపద్య! ని
ర్భేద్య! గణైకవేద్య యురరీకృతవాద్య! భవాదిరోగ స
ద్వైద్య! శరణ్యమయ్య బసవా! బసవా! బసవా! వృషాధిపా!"	vutpalamaala
"నాద కళావినోద! యభినందిత వేదహృతాపవాద! సం
పాదితభక్తిమోద! బుధవందితపాద! చిరప్రమోదనా
స్వాదిత సుప్రసాద! యవిషాదశిలాద సుతావిభేద! దే
వా దయఁ జూడుమయ్య బసవా! బసవా! బసవా! వృషాధిపా!"	vutpalamaala
"కాయ గుణావిధేయ! జితకాయ! వినమ్ర జగన్నికాయ! యా
మ్నాయవచోప్రమేయ! యసమాన సమంచితగేయ! భక్తి ధౌ
రేయ! సదానపాయ! సుచరిత్రసహాయ! జితాంతకాయ! దే
వా యొడయండ వీవ బసవా! బసవా! బసవా! వృషాధిపా!"	vutpalamaala
"స్వీకృత భక్తలోక! యవశీకృత కర్కశవావదూక! యూ
రీకృత సద్వివేక! యురరీకృత జంగమభక్తి శూక! దూ
రీకృత దుష్టపాక! యధరీకృత వేద విరుద్ధబౌద్ధ చా
ర్వాక! శరణ్యమయ్య బసవా! బసవా! బసవా! వృషాధిపా!"	vutpalamaala
"నిత్య యుదాత్తసత్య! యతినిశ్చల జంగమ భృత్య! సజ్జన
స్తుత్య! కృపాకటాక్ష పరిశోభితచైత్య! మహిష్ఠ భక్తి సం
గత్యభిరామ సత్య! గురుకార్య పరాయణకృత్య! వర్జిత
వ్రాత్య! శరణ్యమయ్య బసవా! బసవా! బసవా! వృషాధిపా!"	vutpalamaala
"ధన్య మహావదాన్య! గతదైన్య! విధూత జఘన్య! భక్తిచై
తన్య! గుణైక్యమాన్య! హతదర్పక సైన్య! నిరస్త మాతృకా
స్తన్య! జితారిఘోరభవజన్య! శరణ్యము చిత్సుఖాత్మ భా
వన్య! శరణ్యమయ్య బసవా! బసవా! బసవా! వృషాధిపా!"	vutpalamaala
"చర్వితశృంగిగర్వ! గుణసంపద ఖర్వ! యపూర్వగీతగాం
ధర్వ! దిగంతపూర్ణ సముదాత్త యశః కృతకర్ణపర్వ! యం
తర్వినివిష్టశర్వ! విదితస్ఫురణాంచిత దర్వ! కావుమో
పర్వఘనప్రసాద బసవా! బసవా! బసవా! వృషాధిపా!"	vutpalamaala
"ఖ్యాత దయాభిజాత! విపదంబుధిపోత! యజాతతత్త్వ ని
ర్ణేత! వినేత భక్తిపరిణేత! మనోరథదాత! జంగమ
స్తోత! ముముక్షుగీత పరిశోభిత నీతిసమేత! సద్గుణ
వ్రాత శరణ్యమయ్య బసవా! బసవా! బసవా! వృషాధిపా!"	vutpalamaala
"మారమదాపహార! సుకుమార శరీర! గణప్రసాద వి
స్తార! వృషావతార సముదార విహార! సమద్దయాపరి
ష్కార! శుభప్రకార! యవికార! మహా జగదేకవీర! దు
ర్వార శరణ్యమయ్య బసవా! బసవా! బసవా! వృషాధిపా!"	vutpalamaala
"దేశిక జన్మదేశ! యవిదేశ యనావృతపాశ! సంహృత
క్లేశ! మహాప్రకాశ! కృత కిల్బిషనాశ! దయానివేశ! నం
దీశనికాశ! జంగమ సమీహితకారి గుణావకాశ! దే
వా శరణీయవయ్య బసవా! బసవా! బసవా! వృషాధిపా!"	vutpalamaala
"ఉద్ధతభక్తవృద్ధ! వినుతోత్తమ సిద్ధపరీత జంగమ
శ్రద్ధ! సదాత్మశుద్ధ! గుణరాజిసమృద్ధ! విముక్తపాశస
న్నద్ధ! మహాప్రసిద్ధ యగుణ త్రయబద్ధ! శరణ్యమయ్య! భా
స్వద్ధత చిత్ప్రబుద్ధ! బసవా! బసవా! బసవా! వృషాధిపా!"	vutpalamaala
"నందితభక్తబృంద! యవినాశిరదాంశు ముఖారవింద! సా
నంద వినీతికంద! కరుణామకరంద! రసోపలాలిత
స్కంద! యుదాత్త భక్తి తరుకంద! యశోజితకుంద! నాకరా
డ్వందిత! నీవె దిక్కు బసవా! బసవా! బసవా! వృషాధిపా!"	vutpalamaala
"లౌల్యపరాయణాత్మ గుణలౌల్య! యమూల్య సదోపయుక్త ని
ర్మాల్య! వినీతికల్య! యసమానదయా రసకుల్య! నిత్యనై
ర్మల్య! యమూల్య! దుష్టజనమానసశల్య! పదాబ్జలబ్ధ కై
వల్య! శరణ్యమయ్య బసవా! బసవా! బసవా! వృషాధిపా!"	vutpalamaala
"గురుపద సద్మ సద్మ! యవికుంఠిత జంగమశీలఖేల! సు
స్థిర మృదుపాదమోద! సముదీర్ణ విశేషమహత్వ తత్త్వ! ని
ర్భర భుజశౌర్య ధుర్య! పరిరంభితభక్తి కళత్ర గోత్ర! మ
ద్వరద శరణ్యమయ్య బసవా! బసవా! బసవా! వృషాధిపా!"	champakamaala
"భువన హితార్థ తీర్థ! భవభూరుహ శాతకుఠారధార! గౌ
రవ సముదాత్తవృత్త! యనురాగ రసామృతసారపూర! శాం
భవమయ వేదబోధ! శివభక్తహృదబ్జ వికాసభాస! దే
వ వరద కావుమయ్య బసవా! బసవా! బసవా! వృషాధిపా!"	champakamaala
"వినుత నవీనగాన గుణవిశ్రుత భక్తవిధేయకాయ! య
త్యనుపమగణ్యపుణ్య నయనాంచలదూర భవోపతాప! స
ద్వినయ వికాసభాస సముదీర్ణ శివైక సుఖైకపాక! దే
వ నను భరింపుమయ్య బసవా! బసవా! బసవా! వృషాధిపా!"	champakamaala
"అంచిత భక్తియుక్త! యసహాయ విశృంఖల వీరపూర! ని
శ్చంచలశైవభావ! శ్రిత జంగమపాదకిరీట కూట! హృ
త్సంచిత సత్త్వ తత్త్వ! దురితవ్రజశైలకదంబశంబ! ని
ర్వంచక నీవె దిక్కు బసవా! బసవా! బసవా! వృషాధిపా!"	vutpalamaala
"నిర్గతధర్మ కర్మ! యవినీత పునర్చవ యంత్ర తంత్ర! దు
ర్మార్గ విహీనయాన! గుణమాన్య మహావృషసామ్య! సౌమష
డ్వర్గ విరక్త శక్త! మదడంబర వర్జిత వేషభూష! నీ
వర్గమునేఁ జుమయ్య బసవా! బసవా! బసవా! వృషాధిపా!"	vutpalamaala
"సరసవచస్క! నిర్మలయశస్క! శివైక్యమనస్క! భక్తహృ
త్సరసిజగేహ! క్లుప్తభవదాహ! దయాపరివాహ! చిత్సుఖో
త్తర నిజశిల్ప! భక్తపరతల్ప! మహావృషకల్ప! మన్మనో
వరద! శరణ్యమయ్య బసవా! బసవా! బసవా! వృషాధిపా!"	champakamaala
"హర సమసౌఖ్య! యాదివృషభాఖ్య! పురాతనముఖ్య తత్త్వవి
త్పరిషదుపాస్య! వీతగుణదాస్య! త్రిలోకసమస్య! తార్కికో
త్కర జయశౌండ! దీర్ఘభుజదండ! మహాగుణషండ! మన్మనో
వరద! శరణ్యమయ్య బసవా! బసవా! బసవా! వృషాధిపా!"	champakamaala
"వరగుణదీప్ర! భక్తజనవప్ర! తృణీకృతవిప్ర! తాత్త్వికాం
కుర పదపద్మ భక్తిరసగుంభ! నిరాకృతదంభ! సద్గుణ
స్ఫురిత విశిష్ట! శాంతగుణపుష్ట! నిరస్త నికృష్ట! మన్మనో
వరద! శరణ్యమయ్య బసవా! బసవా! బసవా! వృషాధిపా!"	champakamaala
"లింగనిరూఢ! సంచితవిలీఢ! పరాక్రమగూఢ! మానసా
సంగి వృషాంక! నిర్గళితశంక! నిరస్తకళంక! సంతతా
భంగురపుణ్య! శీలముఖమణ్య త్రిలోకవరేణ్య! దేవ నీ
వంగడమేఁ జుమయ్య బసవా! బసవా! బసవా! వృషాధిపా!"	vutpalamaala
"ఉరుతరభాగ్య! మన్మహితయోగ్య! జగత్త్రయమృగ్య! పాపసం
హరణసమర్థ! నమ్రచరితార్థ! లసద్గుణసార్థ! భావ భా
స్వర నయసాంద్ర! కీర్తిజితచంద్ర! వివర్జితతంద్ర! మన్మనో
వరద! శరణ్యమయ్య బసవా! బసవా! బసవా! వృషాధిపా!"	champakamaala
"అసమవదాన్య మాన్య! ప్రణుతార్యయవార్య! రసజ్ఞతజ్ఞ! దు
ర్వ్యసన విదూర! శూరగణవంద్య! యనింద్య! యమాఢ్య యాఢ్య! భ
క్తిసుఖసమృద్ధ వృద్ధ! చిరదీప్తి పవిత్రచరిత్రపాత్ర! నా
వసి గని ప్రోవుమయ్య బసవా! బసవా! బసవా! వృషాధిపా!"	champakamaala
"అసమశిలీముఖ స్ఫురదహంకృతికర్తన! కర్మకర్మఠా
భ్యసన ధురీణ విభ్రమ! గణాధిప పాదసరోజ సంతత
ప్రసృమరసౌర భోరుమకరంద కసిక్త వన క్రియాకళా
వ్యసన! శరణ్యమయ్య బసవా! బసవా! బసవా! వృషాధిపా!"	champakamaala
"సురవరమల్ల! మల్లవిత సూత్రసుధాంబుధిఖేల! ఖేలసం
గర కలకంఠ! కంఠమణినాయకభీమభుజంగ! జంగమ
స్థిరతరనాథ! నాథక నిధీకృతరూప! విరూప సమ్మతా
వర! కరుణాబ్ధి! ప్రోవు బసవా! బసవా! బసవా! వృషాధిపా!"	champakamaala
"సురవర పూజ్య! పూజ్యగుణశోభిత! శోభితరూప! రూప వి
స్ఫురతరశీల! శీలగుణపుంగవ! పుంగవ సత్త్వ! సత్త్వసం
వర పరవాద! వాద భయవర్జిత పాపవిచారచార! ఈ
శ్వర సమ! నీవె దిక్కు బసవా! బసవా! బసవా! వృషాధిపా!"	champakamaala
"ఇహపరసిద్ధ! సిద్ధ వృషభేశ్వర! ఈశ్వర భక్త! భక్త హృ
ద్గహన విలోక! లోకహిత కారణ! కారణజన్మ! జన్మదో
షహరణ దక్ష! దక్షరిపుసన్నిభ! సన్నిభరూప! రూప ని
ర్వహణ! శరణ్యమయ్య బసవా! బసవా! బసవా! వృషాధిపా!"	champakamaala
"రుద్ర గణాదిరుద్ర! వినిరూపిత లింగసుఖాదిసంద్ర య
చ్ఛిద్ర! దయాసముద్ర! సవిశేష పరాక్రమ వీరభద్ర! య
క్షుద్ర జనావళీభవ నిషూదన రౌద్ర! సమస్త భక్త దే
వ ద్రుమ! నీవె దిక్కు బసవా! బసవా! బసవా! వృషాధిపా!"	vutpalamaala
"విరచిత శుద్ధసాళగ నవీన మృదుస్వర మంద్ర మధ్య తా
ర రుచిర దేశిమార్గ మధురస్వర గీతసుధాతరంగిణీ
తరళ తరంగజాల సముదంచిత కేళివిలోల సంగమే
శ్వర శరణయ్య నీకు బసవా! బసవా! బసవా! వృషాధిపా!"	champakamaala
"అసదృశ విస్ఫురద్గుణ దృగంచల కల్పిత సృష్టిపాలన
గ్రసనకళాకలాప ఘనకౌశల ఖేలన లింగమూర్తి మా
నసకలనా వశీకరణ నైపుణతత్పరశీల జంగమ
శ్వసన శరణ్యమయ్య బసవా! బసవా! బసవా! వృషాధిపా!"	champakamaala
"ప్రమథగణాధినాథ సముపాసన భాసుర పార్వతీమనో
రమ రమణీయ హృత్కమలరాజిత నవ్యపతంగ సౌరభ
భ్రమరవిలోలతా మధుకరాయిత దివ్యశరీర! సత్ప్రభా
వమహిత! నీవె దిక్కు బసవా! బసవా! బసవా! వృషాధిపా!"	champakamaala
"కందళితాత్మయంత్రిక వికర్తనశీల మరీచిమన్మనో
మందవిహార విస్ఫురిత మధ్యమయాన చిదంబరేందు ని
ష్యంద సుధారసానుభావ సంతతదివ్యశరీర యోగిరా
డ్వందిత నీవె దిక్కు బసవా! బసవా! బసవా! వృషాధిపా!"	vutpalamaala
"ఖ్యాతయశఃప్రపూరిత జగత్త్రియాయ నమోనమో, మహా
పాతక సూతకఘ్న పదపద్మ యుగాయ నమోనమో, సము
ద్ద్యోత వృషాయతే"" యనుచు నుత్సుకతన్‌ బ్రణుతింతు సంయమి
వ్రాత శరణ్యమయ్య బసవా! బసవా! బసవా! వృషాధిపా!"	vutpalamaala
"అస్తగణ ప్రవిష్ట సకలార్తి హరాయ నమోనమో, సుఖా
వాప్తి కరస్మితాంచిత కటాక్ష దయాయ నమోనమో, సము
ద్దీప్త గుణాయతే"" యనుచు దీనగతిన్‌ బ్రణుతింతు నిన్ను ని
ర్వ్యాప్త జగత్ప్రపంచ బసవా! బసవా! బసవా! వృషాధిపా!"	vutpalamaala
"కల్పితలింగ జంగమసుఖ స్ఫురణాయ నమోనమో, యసం
కల్ప వికల్ప మార్గకథిత ప్రథితాయ నమోనమో, గుణా
కల్ప వరాయతే"" యనుచు గౌరవలీల నుతింతు నిన్ను న
స్వల్పతర ప్రభావ బసవా! బసవా! బసవా! వృషాధిపా!"	vutpalamaala
"తర్జిత దుష్కృతాయ! భవతాపనికృంతన కల్మషాయ! భ
క్త్యూర్జిత మానసాయ! సుగుణోత్తమరత్న కరండకాయ! తే
యార్జిత సత్క్రియాయ! సదయాయ నమో"" యని సన్నుతింతు నా
వర్జిత భక్తలోక! బసవా! బసవా! బసవా! వృషాధిపా!"	vutpalamaala
"చూర్ణిత మన్మథాయ! పరిశోభితభస్మవిలేపనాయ! సం
పూర్ణమనోరథాయ! గతపూర్వ భవాశ్రిత వర్తనాయ! తే
వర్ణ నిరాసకాయ! సశివాయ నమో"" యని సంతతంబు ని
న్వర్ణన సేయువాడ బసవా! బసవా! బసవా! వృషాధిపా!"	vutpalamaala
"హృన్నళినే స్మరామి భవదీయ పదద్వితయం భవాటన
స్విన్న తను శ్రమాపహ మశేష జగత్ప్రణుతం మదీశ ని
ష్పన్న దయానిధే"" యనుచు 'సంస్కృతభాష' నుతింతు నిన్ను వి
ద్వన్నుత నామధేయ బసవా! బసవా! బసవా! వృషాధిపా!"	vutpalamaala
"పరమనె యన్నె యాండవనె పన్నగతానె యనాథ నాధనే
పెరియనెపే నివుందనవె పేరు డయాననె పేరు జెప్పనే
తరి మురియాయనే"" యనుచు 'ద్రావిడభాష' నుతింతు మన్మనో
వరకరుణా విధేయ! బసవా! బసవా! బసవా! వృషాధిపా!"	champakamaala
"""హసుళెయరన్న రక్షిసు వుహారయ లెన్న వనీవనెందు మ
న్నిసువుడు నిమ్మడింగెరగ నిమ్మ ప్రసాదిత నిమ్మదాత్మ వే
కసిగతి"" యంచు భక్తి నినుఁ 'గన్నడభాష' నుతింతు షడ్గుణ
శ్వసన పురాతనాత్మ! బసవా! బసవా! బసవా! వృషాధిపా!"	champakamaala
"""దేవ పరీ తుహేచి గురుదేవ మణూను తరీ తుమ్హీచ గో
సావి తరీ తుహేచి తుమచాచ ప్రసాదయమీ కృపా కరా
హే వరదా"" యటంచు నుతియించెద నిన్నును 'నారెభాష' దే
వా వినుతార్య లీల బసవా! బసవా! బసవా! వృషాధిపా!"	champakamaala
"""అనయముఁ జేతులందు భవదంఘ్రి సరోజయుగం నమామి నె
మ్మనమున సంస్మరామి యను మాటల నిన్‌ వరివస్క రోమ్య హ""
మ్మనుచు 'మణిప్రవాళము'న నంకన సేయుదు భక్తలోక హృ
ద్వనజ విహారలోల బసవా! బసవా! బసవా! వృషాధిపా!"	champakamaala
"""అరశుగిరి ప్రసాముదయానె భవద్గుణ వర్ణసల్పి నా
కొరువని నేస్మరామి సురయేశ్వరురే గణవర్య"" యంచు ని
'ట్లరుదు మణిప్రవాళము'న నంకన సేయుదు నిన్ను మన్మనో
వర కరుణావిధేయ బసవా! బసవా! బసవా! వృషాధిపా!"	champakamaala
"""వాయువు వొందు యీవిగతవావ అమా పరహంబ భౌ
న్యాయ విధేయమీశతరి యన్యన బాణు కళాభి"" దంచు 'వా
గ్దేయ మణిప్రవాళము'నఁ దెల్లము నిన్ను నలంకరింతు దే
వా యమిబృంద వంద్య బసవా! బసవా! బసవా! వృషాధిపా!"	vutpalamaala
"హాడువె దామహార సదినంఘ్రియుగ భ్రమగొండు సద్గుణా
మాడు వదర్చనంబిడె సమగ్రనుతిత్వయి సత్క్రియన్‌ దగన్‌
'గూఢమణిప్రవాళము'నఁ గోరి నుతింతును సంచితార్థముల్‌
పాడిగ నివ్వటిల్ల బసవా! బసవా! బసవా! వృషాధిపా!"	vutpalamaala
"బలుపొడ తోలు చీరయును పాపసరుల్‌ గిలుపాడు కన్ను వె
న్నెల తలఁ జేఁదు కుత్తుకయు నిండినవేలుపుటేఱు పల్గు పూ
సలు గలఱేని లెంకవని 'జానుఁదెనుంగు'న విన్నవించెదన్‌
వలపు మదిన్‌ దలిర్ప బసవా! బసవా! బసవా! వృషాధిపా!"	champakamaala
"తిరువడి నెమ్మనంబునను నే హృదయేశ్వర కింపరీయ తాం
బరి కరితంబు రాణి నిను బాహిరిఁ బోలుట శాసితాహ తా
వరద నెగిల్లె యంచు నిను బ్రస్తుతిసేయుదుఁ బెక్కుభాషలన్‌
వరద వివేకశీల బసవా! బసవా! బసవా! వృషాధిపా!"	champakamaala
"సన్నుత జంగమాగమము స్వాతిజలంబులు భక్తనిమ్నగం
జెన్నుగ నీదు చూడ్కులను చిప్పల జొన్నలు ముత్తియంబులై
యున్న నొకయ్య మ్రుగ్గు నియమోన్నతి నిల్పిన ధన్యు నిన్ను శ
శ్వన్నుతులన్‌ భజింతు బసవా! బసవా! బసవా! వృషాధిపా!"	vutpalamaala
"బల్లహు నొద్దనున్న నినుఁ బట్టణవీధులఁ జల్లలమ్ము చో
గొల్లతఁ జీరువాఱి కడుఁ గూర్మిమెయిన్‌ బసవా యనన్‌ భువిన్‌
ద్రెళ్ళఁగనీక పట్టిన యతిస్థిర సర్వగతైక భావ! మ
ద్వల్లభ! నీవె దిక్కు బసవా! బసవా! బసవా! వృషాధిపా!"	vutpalamaala
"వేఁడిన మిండ జంగమము వెక్కసమందగఁ దత్సభాస్థలి
న్నాఁడట నారి వల్వొలువ నైజపుమానము దూలకుండఁగాఁ
బోఁడిమిఁ బట్టుపుట్టములు ప్రోవులు పెట్టిన పుణ్యమూర్తి నీ
వాఁడఁ జుమయ్య జియ్య బసవా! బసవా! బసవా! వృషాధిపా!"	vutpalamaala
"అరయఁగ సిద్ధరాము రజతాద్రిపయిన్‌ బసవాఖ్యు నిన్నుఁ బే
రరులున జంగమాజ్ఞ మెయినారయ నప్పుడు భక్తిపెంపు సొం
పరుదుగఁ బార్వతీశు హృదయాంబుజ కర్ణిక నత్తమిల్లు భా
స్వరుఁడగు నీవె దిక్కు బసవా! బసవా! బసవా! వృషాధిపా!"	champakamaala
"వర్ణవిహీనుఁడంచు ద్విజవర్గము దా గళమెత్తి పల్కుడున్‌
వర్ణములెల్లఁజూడ శివనాగయగారి కరంబులందు స
ద్వర్ణుఁడితండనా నమృతధారలు చూపిన భక్తిరూఢ! నీ
వర్ణము నేఁజుమయ్య బసవా! బసవా! బసవా! వృషాధిపా!"	vutpalamaala
"బిజ్జలు నర్థమంతయు బ్రీతిగ జంగమకోటికిచ్చె నా
నజ్జగతీశ్వరుండడుగ, నక్షయ బండరువా క్షణంబులో
నిజ్జగమెల్లఁ జోద్యపడ నిచ్చిన, లింగ సదర్థ నమ్ర వి
ద్వజ్జన నీవె దిక్కు బసవా! బసవా! బసవా! వృషాధిపా!"	vutpalamaala
"ఉరు శివయోగనిద్ర మెయినున్న తఱిన్‌ ఫణిహారి యేఁగుడున్‌
మరచి చనంగ జంగమసమన్వితమై మును బ్రాణమేగి యు
ద్ధుర గతివారు వచ్చుటయుఁ దోడనె వచ్చిన జంగమాత్మ! నీ
వరవుఁడ నేఁజుమయ్య బసవా! బసవా! బసవా! వృషాధిపా!"	champakamaala
"సంగయదేవుఁడర్థి నొక జంగమమై చనుదెంచి వేఁడ ను
ప్పొంగి లలాటలోచనము భోరున నద్దము వట్టి చూపుడున్‌
జెంగి యదృశ్యుఁడైన శివుఁ జేకొని యార్చిన యప్రతర్క్య! నీ
వంగడ మేఁజుమయ్య బసవా! బసవా! బసవా! వృషాధిపా!"	vutpalamaala
"కర్ణవతంసమీక పెనఁగన్‌ సతిచెక్కిలి వ్రేయుడున్‌ మహా
తూర్ణతఁజెంది జంగమము దో స్థలమెత్తి పసిండియాకు సం
పూర్ణ నికృష్టభక్తి మెయిఁబొల్పుగ నిచ్చిన నిష్ప్రపంచ! నీ
వర్ణము నేఁజుమయ్య బసవా! బసవా! బసవా! వృషాధిపా!"	vutpalamaala
"శృంగి పురోగమాఖిల విశేషవిషంబులు గూర్చి మండుచున్‌
బొంగి భుగిల్లు భుగ్గురను భూరివిషాగ్ని నిషాదులార్తులై
చెంగి చనన్‌ శివార్పితము చేసి భుజించిన సుప్రసాద! నీ
వంగడమేఁ జుమయ్య బసవా! బసవా! బసవా! వృషాధిపా!	7"	vutpalamaala
"చిత్తజవైరి విక్రమముఁ జెప్పకు చెప్పకు త్రావనోడి తాఁ
గుత్తుక నిల్పెనంచుఁ గడు గ్రూరతరంబగు కాలకూటమున్‌
గుత్తుక బంటి గ్రోలిన యకుంఠితవిక్రమ చక్రవర్తి! భా
స్వత్తమ! నీవె దిక్కు బసవా! బసవా! బసవా! వృషాధిపా!"	vutpalamaala
"తంగెటిజున్ను, ముంగటి నిధానము, పండిన కల్పవల్లి, ముం
గొంగున ముత్తియంబనఁగ, గూర్మి మనంబునఁ దొంగలింపగా
జంగమకోటికర్చనలు సల్పుచునున్న యగణ్యపుణ్య! నీ
వంగడమేఁ జుమయ్య బసవా! బసవా! బసవా! వృషాధిపా!"	vutpalamaala
"భీమగజంబు డీకొనిన బిట్టరఁజంపుడు బిజ్జలేంద్రుఁడు
ద్దామతఁ దక్కి మ్రొక్కుటయుఁ దత్కరినెత్తిన విక్రమోద్ధతుం
డా మడివాలు మాచయకు నగ్గలమైన మహానుభావ! నా
స్వామివి నీవె దిక్కు బసవా! బసవా! బసవా! వృషాధిపా!"	vutpalamaala
"శంకదలిర్చ నెంతయు వెసన్‌ బరదైవ పతంగ కోట్లకున్‌
బింకముతోడ ఫాలతట భీమవిలోచన వహ్ని నేర్చు నా
శంకరదాసి దేవునకు సద్భటుఁడంచు నుతించు నన్ను నీ
వంకను ద్రిప్పుమయ్య బసవా! బసవా! బసవా! వృషాధిపా!"	vutpalamaala
"ఏఁడులు నూఱటంచు శ్రుతులెన్నఁగ శ్రీగిరిమీఁద నాఱునూ
ఱేఁడులు సంచరించు సకలేశ్వర దేవర మాదిరాజు నా
నేఁడులు నూఱుమన్న భువి నిష్ఠురకాలమహోగ్రదృష్టి క్రొ
వ్వాఁడులణంపుమయ్య బసవా! బసవా! బసవా! వృషాధిపా!"	vutpalamaala
"సూత్రము దప్పి గొఱ్ఱె గుడిఁ జొచ్చిన మిండనిఁ జంపి సాక్షిగా
నో త్రిపురాంతకా! యనుచు నో యని పిల్చిన యల్ల సద్యశః
పాత్రుఁడు కిన్నరయ్యకును బ్రాణసఖుండగు నిన్నుఁ గొల్తు దే
వా త్రిజగత్పవిత్ర! బసవా! బసవా! బసవా! వృషాధిపా!"	vutpalamaala
"ఒక్కఁడె రుద్రుఁడన్న శ్రుతులొల్లక ప్రేలు పురాణభట్టులన్‌
వ్రక్కలుసేసి తత్తనువు వారిలు బ్రువ్వులుగాఁగఁ జూచు నా
కక్కయగారి బిడ్డఁడనగా నుతికెక్కిన నిన్నుఁ బూన్తు మ
ద్వాక్కలికాసమూహి బసవా! బసవా! బసవా! వృషాధిపా!"	vutpalamaala
"డంభమయాన్య దర్శన విడంబనుఁ డష్టమదాపహారి యా
శుంభ దుదాత్తకీర్తి యగు చోడలదేవర బాచిరాజు వి
స్రంభసఖుండ వీవని ప్రశంస యొనర్తు జగత్ప్రపూత వి
శ్వంభర శంభుమూర్తి! బసవా! బసవా! బసవా! వృషాధిపా!"	vutpalamaala
"దీవ్రము నీ మహామహిమ దివ్యము నీ మహనీయ విక్రమం
బప్రతిమంబు నీ చరిత మాద్యము నీ నిజరూపమంచు న
ల్ల ప్రభుఁడర్జితోడ నుపలాలన సేయఁగ నొప్పుచున్న దే
వా ప్రణుతింతు నిన్ను బసవా! బసవా! బసవా! వృషాధిపా!"	vutpalamaala
"మేదురభక్తి నీశ్వరుఁడు మెచ్చగ జిహ్వయె పళ్ళెరంబు గా
నాదటఁబ్రాచి యంబలి సమర్పణ చేసి పొగడ్తకెక్కు నా
మాదర చెన్నలింగము కుమారుఁడ! నిన్ను భజింతు సంతతా
స్వాదిత సుప్రసాద! బసవా! బసవా! బసవా! వృషాధిపా!"	vutpalamaala
"బల్లిదుఁడై గణాధిపుల పాదజలంబులు కట్టెమోపుపైఁ
జల్లికడాని గావుడును జంగమకోటికిఁ బంచి యిచ్చుచున్‌
మొల్లపు భక్తిఁ బేర్కొనిన మోళిగ మారయ కూర్మిబంట! మ
ద్వల్లభ! నీవె దిక్కు బసవా! బసవా! బసవా! వృషాధిపా!"	vutpalamaala
"భీకర రుద్రనేత్ర శిఖిఁ బెద్దఁగఁ జేయఁగ వీరభద్రు ను
ద్రేక గజంబునా నితర దేవతలన్‌ బడఁదాఁకు నుద్ధతుం
డా కలికేత బ్రహ్మయకు నర్మిలి భృత్యుఁడ! నిన్నుగొల్తు దే
వా కరుణింపుమయ్య బసవా! బసవా! బసవా! వృషాధిపా!"	vutpalamaala
"పసిగ మెయిన్‌ వృషాధిపుని ప్రాణము జంగమకోటి ప్రాణముల్‌
మసలక యెత్తుచున్‌ భువన మాన్యచరిత్రతఁ దేజరిల్లు న
మ్ముసిఁడిగ చౌడరాయనికి మున్నిటి భృత్యుఁడ! నిన్భజింతు న
న్వసిగొని ప్రోవుమయ్య బసవా! బసవా! బసవా! వృషాధిపా!"	champakamaala
"ఎన్నఁగ జంగమంబుఁ దన యింటికి నెప్పుడు వచ్చునప్డు దాఁ
గన్నము వెట్టితెచ్చి యధికంబగు నర్థము వానికిచ్చు నా
కన్నడబ్రహ్మ సంయమికి గాదిలిభృత్యుఁడవైన నిన్ను శ
శ్వన్నుతులన్‌ భజింతు బసవా! బసవా! బసవా! వృషాధిపా!"	vutpalamaala
"అసురవృత్తిఁ జూపఱు భయంపడి మ్రొక్కఁ బ్రసాద వహ్నిచే
భూసురులిండు లన్నియును బొగ్గుల ప్రోఁకలుఁ సేయు ధూత సం
త్రాసుల బిబ్బబాచయల దాసియనన్‌ విలసిల్లు సద్గుణా
వాస! శరణ్యమయ్య బసవా! బసవా! బసవా! వృషాధిపా!"	vutpalamaala
"సుంకపుఁ బైఁడి భక్తులకుఁ జూరలు విడ్వఁ బసిండి క్రాగులన్‌
శంకరుఁ బూటవెట్టి నరనాయకుచేతను మ్రొక్కుగొన్న యా
సుంకర బంకిదేవునకు సూనుడవైన ప్రసాది! దేవ! నీ
వంకకుఁ ద్రిప్పుమయ్య బసవా! బసవా! బసవా! వృషాధిపా!"	vutpalamaala
"దివ్యవిమానపంక్తి దివిఁ దేజరిలన్‌ రజతాద్రికిన్‌ జగ
త్సేవ్యముగాఁగ మున్ను దనచే మృతిబొందు మృగాళిఁ బుచ్చు సం
భావ్యుఁడు తెన్గు జొమ్మయకుఁ బ్రాణసఖుండగు నిన్నుఁ గొల్తు దే
వా వ్యసనాది దూర బసవా! బసవా! బసవా! వృషాధిపా!"	vutpalamaala
"చెన్నగు ప్రాణ లింగరతిచేగ ప్రసాదము పుట్టినిల్లు న
త్యున్నత భక్తిసీమ శివయోగ సమగ్రత కల్మియైన మా
యన్నకు నాది చెన్నబసవన్నకు సద్గురుఁడైన నిన్ను శ
శ్వన్నుతులన్‌ భజింతు బసవా! బసవా! బసవా! వృషాధిపా!"	vutpalamaala
"అడరఁగఁ గళ్ళుచేసి రుచిరాన్నము లాదటనంది యిచ్చుచోఁ
గడిఁగడి నందుకొంచు నతికాంక్షమెయి\న్‌ శివుఁడారగింపఁగా
సడినను భక్తుఁడా సురియ చౌడయగారి ప్రసాది దేవ నీ
వడుగఁ జుమయ్య జియ్య! బసవా! బసవా! బసవా! వృషాధిపా!"	champakamaala
"జంగమమారగింపక విషంబును మీకు ననర్హమంచుఁ దా
ముంగల నారగించిన సముద్ధతభక్తియుతుండు సత్ప్రసా
దాంగుఁడు శృంగిబొప్పయకు నగ్గలమైన మహానుభావ నీ
వంగడమేఁ జుమయ్య బసవా! బసవా! బసవా! వృషాధిపా!"	vutpalamaala
"కొఱటను లేఁత పత్తిరియ గొడ్డునఁ బాలును రేయి జంగమం
బఱిముఱివేఁడినన్‌ బడసి యా క్షణమాత్రన యిచ్చినట్టి యా
మొఱటదవంక దేవునకు ముద్దుతనూజుఁడవైన నిన్ను నే
వఱలఁగఁ బ్రస్తుతింతు బసవా! బసవా! బసవా! వృషాధిపా!"	champakamaala
"అనయము భక్తులీడ్యకులులంచును వేదములా ద్విజోత్తముల్‌
విన నుతియింపఁ గుక్కఁ జదివించిన హావినహళ్ళికళ్ళి దే
వునకు ననుంగువాడవని యుత్సుకతన్‌ నుతియింతు భక్తహృ
ద్వనజవిహారలోల బసవా! బసవా! బసవా! వృషాధిపా!"	champakamaala
"భక్తుని మ్రింగఁ జంప మును భర్గునకున్‌ జిఱుతొండనంబికి\న్‌
యుక్తమెయంచు వారిపయి నొక్కట నుద్ధత ఘంట వ్రేసి యు
ద్రిక్తత నొప్పఁగా నలరు దిట్ట హలాయుధు కట్టనుంగ! ప్ర
వ్యక్తమ! నీవె దిక్కు బసవా! బసవా! బసవా! వృషాధిపా!"	vutpalamaala
"ధర నురులింగమూర్తి ధ్వజదండముగా మలమచ్చతోక శ్రీ
కరముగ భక్తికిం బడగఁగా శివుగర్భముఁ జొచ్చి పొల్చు మా
యరి యమరాజుగారి పరమాప్తుఁడవైన మహానుభావ! నీ
వరవుఁడనేఁ జుమయ్య బసవా! బసవా! బసవా! వృషాధిపా!"	champakamaala
"దండితవాదియై శివుఁడ దైవముగా కని కన్నులిచ్చి తా
నిండు మనంబుతో నిలువు నిద్దపుఁగన్నులు దాల్చి పొల్చు మా
పండిత మల్లికార్జునుఁడు ప్రస్తుతి సేయఁగ నేర్చు నిన్ను నె
వ్వండు నుతింప నేర్చు బసవా! బసవా! బసవా! వృషాధిపా!"	vutpalamaala
"వసుమతిఁ బేరుకొన్న నరువత్తురు మువ్వురి కూర్మిబంట! షో
డసుల సుతుండ! తేరసుల దక్కిన భృత్యుఁడ! వీరలాది గా
నెసగు మహానుభావులకు నెల్ల ననర్గళమైన భక్తినన్‌
వసిగొని ప్రోవుమయ్య బసవా! బసవా! బసవా! వృషాధిపా!"	champakamaala
"బసవ నిధానమా! బసవ భవ్యనిధీ! బసవామృతాంబుధీ!
బసవ మహానిధీ! బసవ భర్మగిరీ! బసవామరద్రుమా!
బసవ మహాబలీ! బసవ బండరువా! బసవోల్లసన్మణీ!
వసిగని ప్రోవుమయ్య బసవా! బసవా! బసవా! వృషాధిపా!"	champakamaala
"నా యొడయండ! నా విభుఁడ! నా హృదయేశ్వర! నా మనోరమా!
నా యిలవేల్ప! నా వరుఁడ! నా గురులింగమ! నాదు జంగమా!
నా యదినాథ! నా వరద! నన్నుఁ గృపామతిఁ బ్రోవుమయ్య దే
వా యమిబృందవంద్య! బసవా! బసవా! బసవా! వృషాధిపా!"	vutpalamaala
"నోరికి వచ్చినట్టు నిను నూఱువిధంబులఁ బ్రస్తుతింతు నే
నేరుతు నేరఁ బొమ్మనక నీపయి నొచ్చెములేని మచ్చికన్‌
గారవమంద మత్ప్రణుతిఁ గైకొనఁగాఁ దగు గౌరవంబునన్‌
వారని కూర్మి పేర్మి బసవా! బసవా! బసవా! వృషాధిపా!"	vutpalamaala
"బసవఁడు ప్రీతిఁ గైకొనియె భక్తిమెయిన్‌ రచియించినాఁడ నే
బసవపురాణమంచు మునుఁ బ్రస్తుతి సేయుదురట్లుగాన నీ
యసమదయాధురీణతకు నంకిలిపాటు ఘటిల్లకుండ నన్‌
వసిఁగొని బ్రోవుమయ్య బసవా! బసవా! బసవా! వృషాధిపా!"	champakamaala
"అకుటిల లింగ జంగమ సమగ్రదయాకలిత ప్రసాది పా
లకురికి సోమనాథుఁడతి లౌల్యమునన్‌ బసవన్న దండ నా
యకునకు నొప్ప నీ శతక మర్పణచేసె నలిన్‌ బఠించు వా
రికి వినువారికిన్‌ గలుగు శ్రీయును నాయువు భుక్తిముక్తియున్‌"	champakamaala
